INSERT INTO IMP_TABLE_LIST VALUES ('TW_PERS_LAB_BASIC_FEATURE_M','TW_PERS_LAB_BASIC_FEATURE_M');
INSERT INTO IMP_TABLE_LIST VALUES ('TW_PERS_LAB_PERSONAL_TAILOR_M','TW_PERS_LAB_PERSONAL_TAILOR_M');
INSERT INTO IMP_TABLE_LIST VALUES ('TW_PERS_LAB_LIVING_CIRCLE_M','TW_PERS_LAB_LIVING_CIRCLE_M');
INSERT INTO IMP_TABLE_LIST VALUES ('TW_PERS_LAB_BEHAVIOR_HABIT_M','TW_PERS_LAB_BEHAVIOR_HABIT_M');
INSERT INTO IMP_TABLE_LIST VALUES ('TW_PERS_LAB_SPENDING_POWER_M','TW_PERS_LAB_SPENDING_POWER_M');
INSERT INTO IMP_TABLE_LIST VALUES ('TW_PERS_LAB_USER_FILE_M','TW_PERS_LAB_USER_FILE_M');
INSERT INTO IMP_TABLE_LIST VALUES ('TW_PERS_LAB_4GLIFE_M','TW_PERS_LAB_4GLIFE_M');

insert into tablefile (xmlid, dbname, dataname, datacnname, state, cycletype, topiccode, extend_cfg, rightlevel, creater, curdutyer, eff_date, state_date, team_code, open_state, remark) values ('TW_PERS_LAB_BASIC_FEATURE_M','DAY','TW_PERS_LAB_BASIC_FEATURE_M','EDS_用户基本特征标签库最新数据表','NEW','day','LAYERH_HPERS_HPERS12','{"EXTERNAL":"y","LOCATION":"/tenant/BIGDATA/JCFW/BZMX/DAY/EDS/TW_PERS_LAB_BASIC_FEATURE_M","FILEFORMAT":"PARQUET","DELIMITER":"\001"}','二级','谢英俊','谢英俊', TIMESTAMP '0006-04-17 12:00:00', TIMESTAMP '0006-04-17 12:00:00','5875519a-8ee1-4eb7-825b-ef1135513f02','','汇总层-用户-移动个人用户');
insert into column_val (xmlid, col_xmlid, dataname, col_seq, colname, colcnname, datatype, length, precision_val, party_seq, isprimarykey, isnullable, remark, filed_type_child, sensitive_level, policyid) values ('TW_PERS_LAB_BASIC_FEATURE_M','TW_PERS_LAB_BASIC_FEATURE_M_2017081','TW_PERS_LAB_BASIC_FEATURE_M','1','STAT_MO','统计月份','INT','','','','1','N','','C1-1','1','');
insert into column_val (xmlid, col_xmlid, dataname, col_seq, colname, colcnname, datatype, length, precision_val, party_seq, isprimarykey, isnullable, remark, filed_type_child, sensitive_level, policyid) values ('TW_PERS_LAB_BASIC_FEATURE_M','TW_PERS_LAB_BASIC_FEATURE_M_2017082','TW_PERS_LAB_BASIC_FEATURE_M','2','USR_NBR','用户号码','STRING','','','','1','N','','A1-2','3','PID_all');
insert into column_val (xmlid, col_xmlid, dataname, col_seq, colname, colcnname, datatype, length, precision_val, party_seq, isprimarykey, isnullable, remark, filed_type_child, sensitive_level, policyid) values ('TW_PERS_LAB_BASIC_FEATURE_M','TW_PERS_LAB_BASIC_FEATURE_M_2017083','TW_PERS_LAB_BASIC_FEATURE_M','3','LAB_CD','标签编码','STRING','','','','1','N','','C1-1','1','');
insert into column_val (xmlid, col_xmlid, dataname, col_seq, colname, colcnname, datatype, length, precision_val, party_seq, isprimarykey, isnullable, remark, filed_type_child, sensitive_level, policyid) values ('TW_PERS_LAB_BASIC_FEATURE_M','TW_PERS_LAB_BASIC_FEATURE_M_2017084','TW_PERS_LAB_BASIC_FEATURE_M','4','CMCC_BRANCH_CD','移动分公司编码','STRING','','','','','N','','C1-1','1','');
insert into column_val (xmlid, col_xmlid, dataname, col_seq, colname, colcnname, datatype, length, precision_val, party_seq, isprimarykey, isnullable, remark, filed_type_child, sensitive_level, policyid) values ('TW_PERS_LAB_BASIC_FEATURE_M','TW_PERS_LAB_BASIC_FEATURE_M_2017085','TW_PERS_LAB_BASIC_FEATURE_M','5','LAB_SRC_CD','标签来源编码','STRING','','','','','N','集市，该字段值为：1
数据挖掘，该字段值为：2
BI，该字段值为：4
收集类，该字段值为：5
','C1-1','1','');
insert into column_val (xmlid, col_xmlid, dataname, col_seq, colname, colcnname, datatype, length, precision_val, party_seq, isprimarykey, isnullable, remark, filed_type_child, sensitive_level, policyid) values ('TW_PERS_LAB_BASIC_FEATURE_M','TW_PERS_LAB_BASIC_FEATURE_M_2017086','TW_PERS_LAB_BASIC_FEATURE_M','6','BRND_CD','品牌编码','SMALLINT','','','','','N','1、 全球通
2、 神州行
3、 动感地带','C1-1','1','');
insert into column_val (xmlid, col_xmlid, dataname, col_seq, colname, colcnname, datatype, length, precision_val, party_seq, isprimarykey, isnullable, remark, filed_type_child, sensitive_level, policyid) values ('TW_PERS_LAB_BASIC_FEATURE_M','TW_PERS_LAB_BASIC_FEATURE_M_2017087','TW_PERS_LAB_BASIC_FEATURE_M','7','UPDT_TYP_CD','更新方式编码','STRING','','','','','N','','C1-1','1','');
insert into column_val (xmlid, col_xmlid, dataname, col_seq, colname, colcnname, datatype, length, precision_val, party_seq, isprimarykey, isnullable, remark, filed_type_child, sensitive_level, policyid) values ('TW_PERS_LAB_BASIC_FEATURE_M','TW_PERS_LAB_BASIC_FEATURE_M_2017088','TW_PERS_LAB_BASIC_FEATURE_M','8','UPDT_DT','更新日期','INT','','','','','N','','C1-1','1','');
insert into column_val (xmlid, col_xmlid, dataname, col_seq, colname, colcnname, datatype, length, precision_val, party_seq, isprimarykey, isnullable, remark, filed_type_child, sensitive_level, policyid) values ('TW_PERS_LAB_BASIC_FEATURE_M','TW_PERS_LAB_BASIC_FEATURE_M_2017089','TW_PERS_LAB_BASIC_FEATURE_M','9','RESERVED_FIELD_1','预留字段一','STRING','','','','','N','','C1-1','1','');
insert into column_val (xmlid, col_xmlid, dataname, col_seq, colname, colcnname, datatype, length, precision_val, party_seq, isprimarykey, isnullable, remark, filed_type_child, sensitive_level, policyid) values ('TW_PERS_LAB_BASIC_FEATURE_M','TW_PERS_LAB_BASIC_FEATURE_M_20170810','TW_PERS_LAB_BASIC_FEATURE_M','10','RESERVED_FIELD_2','预留字段二','STRING','','','','','N','','C1-1','1','');
insert into column_val (xmlid, col_xmlid, dataname, col_seq, colname, colcnname, datatype, length, precision_val, party_seq, isprimarykey, isnullable, remark, filed_type_child, sensitive_level, policyid) values ('TW_PERS_LAB_BASIC_FEATURE_M','TW_PERS_LAB_BASIC_FEATURE_M_20170811','TW_PERS_LAB_BASIC_FEATURE_M','11','RESERVED_FIELD_3','预留字段三','STRING','','','','','N','','C1-1','1','');
insert into column_val (xmlid, col_xmlid, dataname, col_seq, colname, colcnname, datatype, length, precision_val, party_seq, isprimarykey, isnullable, remark, filed_type_child, sensitive_level, policyid) values ('TW_PERS_LAB_BASIC_FEATURE_M','TW_PERS_LAB_BASIC_FEATURE_M_20170812','TW_PERS_LAB_BASIC_FEATURE_M','12','RESERVED_FIELD_4','预留字段四','STRING','','','','','N','','C1-1','1','');
insert into column_val (xmlid, col_xmlid, dataname, col_seq, colname, colcnname, datatype, length, precision_val, party_seq, isprimarykey, isnullable, remark, filed_type_child, sensitive_level, policyid) values ('TW_PERS_LAB_BASIC_FEATURE_M','TW_PERS_LAB_BASIC_FEATURE_M_20161013','TW_PERS_LAB_BASIC_FEATURE_M','13','branch','地市','STRING','','','1','','N','','','','');

insert into tablefile (xmlid, dbname, dataname, datacnname, state, cycletype, topiccode, extend_cfg, rightlevel, creater, curdutyer, eff_date, state_date, team_code, open_state, remark) values ('TW_PERS_LAB_PERSONAL_TAILOR_M','DAY','TW_PERS_LAB_PERSONAL_TAILOR_M','EDS_用户私人定制标签库最新数据表','NEW','day','LAYERH_HPERS_HPERS12','{"EXTERNAL":"y","LOCATION":"/tenant/BIGDATA/JCFW/BZMX/DAY/EDS/TW_PERS_LAB_PERSONAL_TAILOR_M","FILEFORMAT":"PARQUET","DELIMITER":"\001"}','二级','谢英俊','谢英俊', TIMESTAMP '0006-04-17 12:00:00', TIMESTAMP '0006-04-17 12:00:00','5875519a-8ee1-4eb7-825b-ef1135513f02','','汇总层-用户-移动个人用户');
insert into column_val (xmlid, col_xmlid, dataname, col_seq, colname, colcnname, datatype, length, precision_val, party_seq, isprimarykey, isnullable, remark, filed_type_child, sensitive_level, policyid) values ('TW_PERS_LAB_PERSONAL_TAILOR_M','TW_PERS_LAB_PERSONAL_TAILOR_M_2017081','TW_PERS_LAB_PERSONAL_TAILOR_M','1','STAT_MO','统计月份','INT','','','','1','N','','C1-1','1','');
insert into column_val (xmlid, col_xmlid, dataname, col_seq, colname, colcnname, datatype, length, precision_val, party_seq, isprimarykey, isnullable, remark, filed_type_child, sensitive_level, policyid) values ('TW_PERS_LAB_PERSONAL_TAILOR_M','TW_PERS_LAB_PERSONAL_TAILOR_M_2017082','TW_PERS_LAB_PERSONAL_TAILOR_M','2','USR_NBR','用户号码','STRING','','','','1','N','','A1-2','3','PID_all');
insert into column_val (xmlid, col_xmlid, dataname, col_seq, colname, colcnname, datatype, length, precision_val, party_seq, isprimarykey, isnullable, remark, filed_type_child, sensitive_level, policyid) values ('TW_PERS_LAB_PERSONAL_TAILOR_M','TW_PERS_LAB_PERSONAL_TAILOR_M_2017083','TW_PERS_LAB_PERSONAL_TAILOR_M','3','LAB_CD','标签编码','STRING','','','','1','N','','C1-1','1','');
insert into column_val (xmlid, col_xmlid, dataname, col_seq, colname, colcnname, datatype, length, precision_val, party_seq, isprimarykey, isnullable, remark, filed_type_child, sensitive_level, policyid) values ('TW_PERS_LAB_PERSONAL_TAILOR_M','TW_PERS_LAB_PERSONAL_TAILOR_M_2017084','TW_PERS_LAB_PERSONAL_TAILOR_M','4','CMCC_BRANCH_CD','移动分公司编码','STRING','','','','','N','','C1-1','1','');
insert into column_val (xmlid, col_xmlid, dataname, col_seq, colname, colcnname, datatype, length, precision_val, party_seq, isprimarykey, isnullable, remark, filed_type_child, sensitive_level, policyid) values ('TW_PERS_LAB_PERSONAL_TAILOR_M','TW_PERS_LAB_PERSONAL_TAILOR_M_2017085','TW_PERS_LAB_PERSONAL_TAILOR_M','5','LAB_SRC_CD','标签来源编码','STRING','','','','','N','集市，该字段值为：1
数据挖掘，该字段值为：2
BI，该字段值为：4
收集类，该字段值为：5
','C1-1','1','');
insert into column_val (xmlid, col_xmlid, dataname, col_seq, colname, colcnname, datatype, length, precision_val, party_seq, isprimarykey, isnullable, remark, filed_type_child, sensitive_level, policyid) values ('TW_PERS_LAB_PERSONAL_TAILOR_M','TW_PERS_LAB_PERSONAL_TAILOR_M_2017086','TW_PERS_LAB_PERSONAL_TAILOR_M','6','BRND_CD','品牌编码','SMALLINT','','','','','N','1、 全球通
2、 神州行
3、 动感地带','C1-1','1','');
insert into column_val (xmlid, col_xmlid, dataname, col_seq, colname, colcnname, datatype, length, precision_val, party_seq, isprimarykey, isnullable, remark, filed_type_child, sensitive_level, policyid) values ('TW_PERS_LAB_PERSONAL_TAILOR_M','TW_PERS_LAB_PERSONAL_TAILOR_M_2017087','TW_PERS_LAB_PERSONAL_TAILOR_M','7','UPDT_TYP_CD','更新方式编码','STRING','','','','','N','','C1-1','1','');
insert into column_val (xmlid, col_xmlid, dataname, col_seq, colname, colcnname, datatype, length, precision_val, party_seq, isprimarykey, isnullable, remark, filed_type_child, sensitive_level, policyid) values ('TW_PERS_LAB_PERSONAL_TAILOR_M','TW_PERS_LAB_PERSONAL_TAILOR_M_2017088','TW_PERS_LAB_PERSONAL_TAILOR_M','8','UPDT_DT','更新日期','INT','','','','','N','','C1-1','1','');
insert into column_val (xmlid, col_xmlid, dataname, col_seq, colname, colcnname, datatype, length, precision_val, party_seq, isprimarykey, isnullable, remark, filed_type_child, sensitive_level, policyid) values ('TW_PERS_LAB_PERSONAL_TAILOR_M','TW_PERS_LAB_PERSONAL_TAILOR_M_2017089','TW_PERS_LAB_PERSONAL_TAILOR_M','9','RESERVED_FIELD_1','预留字段一','STRING','','','','','N','','C1-1','1','');
insert into column_val (xmlid, col_xmlid, dataname, col_seq, colname, colcnname, datatype, length, precision_val, party_seq, isprimarykey, isnullable, remark, filed_type_child, sensitive_level, policyid) values ('TW_PERS_LAB_PERSONAL_TAILOR_M','TW_PERS_LAB_PERSONAL_TAILOR_M_20170810','TW_PERS_LAB_PERSONAL_TAILOR_M','10','RESERVED_FIELD_2','预留字段二','STRING','','','','','N','','C1-1','1','');
insert into column_val (xmlid, col_xmlid, dataname, col_seq, colname, colcnname, datatype, length, precision_val, party_seq, isprimarykey, isnullable, remark, filed_type_child, sensitive_level, policyid) values ('TW_PERS_LAB_PERSONAL_TAILOR_M','TW_PERS_LAB_PERSONAL_TAILOR_M_20170811','TW_PERS_LAB_PERSONAL_TAILOR_M','11','RESERVED_FIELD_3','预留字段三','STRING','','','','','N','','C1-1','1','');
insert into column_val (xmlid, col_xmlid, dataname, col_seq, colname, colcnname, datatype, length, precision_val, party_seq, isprimarykey, isnullable, remark, filed_type_child, sensitive_level, policyid) values ('TW_PERS_LAB_PERSONAL_TAILOR_M','TW_PERS_LAB_PERSONAL_TAILOR_M_20170812','TW_PERS_LAB_PERSONAL_TAILOR_M','12','RESERVED_FIELD_4','预留字段四','STRING','','','','','N','','C1-1','1','');
insert into column_val (xmlid, col_xmlid, dataname, col_seq, colname, colcnname, datatype, length, precision_val, party_seq, isprimarykey, isnullable, remark, filed_type_child, sensitive_level, policyid) values ('TW_PERS_LAB_PERSONAL_TAILOR_M','TW_PERS_LAB_PERSONAL_TAILOR_M_20161013','TW_PERS_LAB_PERSONAL_TAILOR_M','13','branch','地市','STRING','','','1','','N','','','','');

insert into tablefile (xmlid, dbname, dataname, datacnname, state, cycletype, topiccode, extend_cfg, rightlevel, creater, curdutyer, eff_date, state_date, team_code, open_state, remark) values ('TW_PERS_LAB_LIVING_CIRCLE_M','DAY','TW_PERS_LAB_LIVING_CIRCLE_M','EDS_用户我的生活圈标签库最新数据表','NEW','day','LAYERH_HPERS_HPERS12','{"EXTERNAL":"y","LOCATION":"/tenant/BIGDATA/JCFW/BZMX/DAY/EDS/TW_PERS_LAB_LIVING_CIRCLE_M","FILEFORMAT":"PARQUET","DELIMITER":"\001"}','二级','谢英俊','谢英俊', TIMESTAMP '0006-04-17 12:00:00', TIMESTAMP '0006-04-17 12:00:00','5875519a-8ee1-4eb7-825b-ef1135513f02','','汇总层-用户-移动个人用户');
insert into column_val (xmlid, col_xmlid, dataname, col_seq, colname, colcnname, datatype, length, precision_val, party_seq, isprimarykey, isnullable, remark, filed_type_child, sensitive_level, policyid) values ('TW_PERS_LAB_LIVING_CIRCLE_M','TW_PERS_LAB_LIVING_CIRCLE_M_2017081','TW_PERS_LAB_LIVING_CIRCLE_M','1','STAT_MO','统计月份','INT','','','','1','N','','C1-1','1','');
insert into column_val (xmlid, col_xmlid, dataname, col_seq, colname, colcnname, datatype, length, precision_val, party_seq, isprimarykey, isnullable, remark, filed_type_child, sensitive_level, policyid) values ('TW_PERS_LAB_LIVING_CIRCLE_M','TW_PERS_LAB_LIVING_CIRCLE_M_2017082','TW_PERS_LAB_LIVING_CIRCLE_M','2','USR_NBR','用户号码','STRING','','','','1','N','','A1-2','3','PID_all');
insert into column_val (xmlid, col_xmlid, dataname, col_seq, colname, colcnname, datatype, length, precision_val, party_seq, isprimarykey, isnullable, remark, filed_type_child, sensitive_level, policyid) values ('TW_PERS_LAB_LIVING_CIRCLE_M','TW_PERS_LAB_LIVING_CIRCLE_M_2017083','TW_PERS_LAB_LIVING_CIRCLE_M','3','LAB_CD','标签编码','STRING','','','','1','N','','C1-1','1','');
insert into column_val (xmlid, col_xmlid, dataname, col_seq, colname, colcnname, datatype, length, precision_val, party_seq, isprimarykey, isnullable, remark, filed_type_child, sensitive_level, policyid) values ('TW_PERS_LAB_LIVING_CIRCLE_M','TW_PERS_LAB_LIVING_CIRCLE_M_2017084','TW_PERS_LAB_LIVING_CIRCLE_M','4','CMCC_BRANCH_CD','移动分公司编码','STRING','','','','','N','','C1-1','1','');
insert into column_val (xmlid, col_xmlid, dataname, col_seq, colname, colcnname, datatype, length, precision_val, party_seq, isprimarykey, isnullable, remark, filed_type_child, sensitive_level, policyid) values ('TW_PERS_LAB_LIVING_CIRCLE_M','TW_PERS_LAB_LIVING_CIRCLE_M_2017085','TW_PERS_LAB_LIVING_CIRCLE_M','5','LAB_SRC_CD','标签来源编码','STRING','','','','','N','集市，该字段值为：1
数据挖掘，该字段值为：2
BI，该字段值为：4
收集类，该字段值为：5
','C1-1','1','');
insert into column_val (xmlid, col_xmlid, dataname, col_seq, colname, colcnname, datatype, length, precision_val, party_seq, isprimarykey, isnullable, remark, filed_type_child, sensitive_level, policyid) values ('TW_PERS_LAB_LIVING_CIRCLE_M','TW_PERS_LAB_LIVING_CIRCLE_M_2017086','TW_PERS_LAB_LIVING_CIRCLE_M','6','BRND_CD','品牌编码','SMALLINT','','','','','N','1、 全球通
2、 神州行
3、 动感地带','C1-1','1','');
insert into column_val (xmlid, col_xmlid, dataname, col_seq, colname, colcnname, datatype, length, precision_val, party_seq, isprimarykey, isnullable, remark, filed_type_child, sensitive_level, policyid) values ('TW_PERS_LAB_LIVING_CIRCLE_M','TW_PERS_LAB_LIVING_CIRCLE_M_2017087','TW_PERS_LAB_LIVING_CIRCLE_M','7','UPDT_TYP_CD','更新方式编码','STRING','','','','','N','','C1-1','1','');
insert into column_val (xmlid, col_xmlid, dataname, col_seq, colname, colcnname, datatype, length, precision_val, party_seq, isprimarykey, isnullable, remark, filed_type_child, sensitive_level, policyid) values ('TW_PERS_LAB_LIVING_CIRCLE_M','TW_PERS_LAB_LIVING_CIRCLE_M_2017088','TW_PERS_LAB_LIVING_CIRCLE_M','8','UPDT_DT','更新日期','INT','','','','','N','','C1-1','1','');
insert into column_val (xmlid, col_xmlid, dataname, col_seq, colname, colcnname, datatype, length, precision_val, party_seq, isprimarykey, isnullable, remark, filed_type_child, sensitive_level, policyid) values ('TW_PERS_LAB_LIVING_CIRCLE_M','TW_PERS_LAB_LIVING_CIRCLE_M_2017089','TW_PERS_LAB_LIVING_CIRCLE_M','9','RESERVED_FIELD_1','预留字段一','STRING','','','','','N','','C1-1','1','');
insert into column_val (xmlid, col_xmlid, dataname, col_seq, colname, colcnname, datatype, length, precision_val, party_seq, isprimarykey, isnullable, remark, filed_type_child, sensitive_level, policyid) values ('TW_PERS_LAB_LIVING_CIRCLE_M','TW_PERS_LAB_LIVING_CIRCLE_M_20170810','TW_PERS_LAB_LIVING_CIRCLE_M','10','RESERVED_FIELD_2','预留字段二','STRING','','','','','N','','C1-1','1','');
insert into column_val (xmlid, col_xmlid, dataname, col_seq, colname, colcnname, datatype, length, precision_val, party_seq, isprimarykey, isnullable, remark, filed_type_child, sensitive_level, policyid) values ('TW_PERS_LAB_LIVING_CIRCLE_M','TW_PERS_LAB_LIVING_CIRCLE_M_20170811','TW_PERS_LAB_LIVING_CIRCLE_M','11','RESERVED_FIELD_3','预留字段三','STRING','','','','','N','','C1-1','1','');
insert into column_val (xmlid, col_xmlid, dataname, col_seq, colname, colcnname, datatype, length, precision_val, party_seq, isprimarykey, isnullable, remark, filed_type_child, sensitive_level, policyid) values ('TW_PERS_LAB_LIVING_CIRCLE_M','TW_PERS_LAB_LIVING_CIRCLE_M_20170812','TW_PERS_LAB_LIVING_CIRCLE_M','12','RESERVED_FIELD_4','预留字段四','STRING','','','','','N','','C1-1','1','');
insert into column_val (xmlid, col_xmlid, dataname, col_seq, colname, colcnname, datatype, length, precision_val, party_seq, isprimarykey, isnullable, remark, filed_type_child, sensitive_level, policyid) values ('TW_PERS_LAB_LIVING_CIRCLE_M','TW_PERS_LAB_LIVING_CIRCLE_M_20161013','TW_PERS_LAB_LIVING_CIRCLE_M','13','branch','地市','STRING','','','1','','N','','','','');

insert into tablefile (xmlid, dbname, dataname, datacnname, state, cycletype, topiccode, extend_cfg, rightlevel, creater, curdutyer, eff_date, state_date, team_code, open_state, remark) values ('TW_PERS_LAB_BEHAVIOR_HABIT_M','DAY','TW_PERS_LAB_BEHAVIOR_HABIT_M','EDS_用户行为习惯标签库最新数据表','NEW','day','LAYERH_HPERS_HPERS12','{"EXTERNAL":"y","LOCATION":"/tenant/BIGDATA/JCFW/BZMX/DAY/EDS/TW_PERS_LAB_BEHAVIOR_HABIT_M","FILEFORMAT":"PARQUET","DELIMITER":"\001"}','二级','谢英俊','谢英俊', TIMESTAMP '0006-04-17 12:00:00', TIMESTAMP '0006-04-17 12:00:00','5875519a-8ee1-4eb7-825b-ef1135513f02','','汇总层-用户-移动个人用户');
insert into column_val (xmlid, col_xmlid, dataname, col_seq, colname, colcnname, datatype, length, precision_val, party_seq, isprimarykey, isnullable, remark, filed_type_child, sensitive_level, policyid) values ('TW_PERS_LAB_BEHAVIOR_HABIT_M','TW_PERS_LAB_BEHAVIOR_HABIT_M_2017081','TW_PERS_LAB_BEHAVIOR_HABIT_M','1','STAT_MO','统计月份','INT','','','','1','N','','C1-1','1','');
insert into column_val (xmlid, col_xmlid, dataname, col_seq, colname, colcnname, datatype, length, precision_val, party_seq, isprimarykey, isnullable, remark, filed_type_child, sensitive_level, policyid) values ('TW_PERS_LAB_BEHAVIOR_HABIT_M','TW_PERS_LAB_BEHAVIOR_HABIT_M_2017082','TW_PERS_LAB_BEHAVIOR_HABIT_M','2','USR_NBR','用户号码','STRING','','','','1','N','','A1-2','3','PID_all');
insert into column_val (xmlid, col_xmlid, dataname, col_seq, colname, colcnname, datatype, length, precision_val, party_seq, isprimarykey, isnullable, remark, filed_type_child, sensitive_level, policyid) values ('TW_PERS_LAB_BEHAVIOR_HABIT_M','TW_PERS_LAB_BEHAVIOR_HABIT_M_2017083','TW_PERS_LAB_BEHAVIOR_HABIT_M','3','LAB_CD','标签编码','STRING','','','','1','N','','C1-1','1','');
insert into column_val (xmlid, col_xmlid, dataname, col_seq, colname, colcnname, datatype, length, precision_val, party_seq, isprimarykey, isnullable, remark, filed_type_child, sensitive_level, policyid) values ('TW_PERS_LAB_BEHAVIOR_HABIT_M','TW_PERS_LAB_BEHAVIOR_HABIT_M_2017084','TW_PERS_LAB_BEHAVIOR_HABIT_M','4','CMCC_BRANCH_CD','移动分公司编码','STRING','','','','','N','','C1-1','1','');
insert into column_val (xmlid, col_xmlid, dataname, col_seq, colname, colcnname, datatype, length, precision_val, party_seq, isprimarykey, isnullable, remark, filed_type_child, sensitive_level, policyid) values ('TW_PERS_LAB_BEHAVIOR_HABIT_M','TW_PERS_LAB_BEHAVIOR_HABIT_M_2017085','TW_PERS_LAB_BEHAVIOR_HABIT_M','5','LAB_SRC_CD','标签来源编码','STRING','','','','','N','集市，该字段值为：1
数据挖掘，该字段值为：2
BI，该字段值为：4
收集类，该字段值为：5
','C1-1','1','');
insert into column_val (xmlid, col_xmlid, dataname, col_seq, colname, colcnname, datatype, length, precision_val, party_seq, isprimarykey, isnullable, remark, filed_type_child, sensitive_level, policyid) values ('TW_PERS_LAB_BEHAVIOR_HABIT_M','TW_PERS_LAB_BEHAVIOR_HABIT_M_2017086','TW_PERS_LAB_BEHAVIOR_HABIT_M','6','BRND_CD','品牌编码','SMALLINT','','','','','N','1、 全球通
2、 神州行
3、 动感地带','C1-1','1','');
insert into column_val (xmlid, col_xmlid, dataname, col_seq, colname, colcnname, datatype, length, precision_val, party_seq, isprimarykey, isnullable, remark, filed_type_child, sensitive_level, policyid) values ('TW_PERS_LAB_BEHAVIOR_HABIT_M','TW_PERS_LAB_BEHAVIOR_HABIT_M_2017087','TW_PERS_LAB_BEHAVIOR_HABIT_M','7','UPDT_TYP_CD','更新方式编码','STRING','','','','','N','','C1-1','1','');
insert into column_val (xmlid, col_xmlid, dataname, col_seq, colname, colcnname, datatype, length, precision_val, party_seq, isprimarykey, isnullable, remark, filed_type_child, sensitive_level, policyid) values ('TW_PERS_LAB_BEHAVIOR_HABIT_M','TW_PERS_LAB_BEHAVIOR_HABIT_M_2017088','TW_PERS_LAB_BEHAVIOR_HABIT_M','8','UPDT_DT','更新日期','INT','','','','','N','','C1-1','1','');
insert into column_val (xmlid, col_xmlid, dataname, col_seq, colname, colcnname, datatype, length, precision_val, party_seq, isprimarykey, isnullable, remark, filed_type_child, sensitive_level, policyid) values ('TW_PERS_LAB_BEHAVIOR_HABIT_M','TW_PERS_LAB_BEHAVIOR_HABIT_M_2017089','TW_PERS_LAB_BEHAVIOR_HABIT_M','9','RESERVED_FIELD_1','预留字段一','STRING','','','','','N','','C1-1','1','');
insert into column_val (xmlid, col_xmlid, dataname, col_seq, colname, colcnname, datatype, length, precision_val, party_seq, isprimarykey, isnullable, remark, filed_type_child, sensitive_level, policyid) values ('TW_PERS_LAB_BEHAVIOR_HABIT_M','TW_PERS_LAB_BEHAVIOR_HABIT_M_20170810','TW_PERS_LAB_BEHAVIOR_HABIT_M','10','RESERVED_FIELD_2','预留字段二','STRING','','','','','N','','C1-1','1','');
insert into column_val (xmlid, col_xmlid, dataname, col_seq, colname, colcnname, datatype, length, precision_val, party_seq, isprimarykey, isnullable, remark, filed_type_child, sensitive_level, policyid) values ('TW_PERS_LAB_BEHAVIOR_HABIT_M','TW_PERS_LAB_BEHAVIOR_HABIT_M_20170811','TW_PERS_LAB_BEHAVIOR_HABIT_M','11','RESERVED_FIELD_3','预留字段三','STRING','','','','','N','','C1-1','1','');
insert into column_val (xmlid, col_xmlid, dataname, col_seq, colname, colcnname, datatype, length, precision_val, party_seq, isprimarykey, isnullable, remark, filed_type_child, sensitive_level, policyid) values ('TW_PERS_LAB_BEHAVIOR_HABIT_M','TW_PERS_LAB_BEHAVIOR_HABIT_M_20170812','TW_PERS_LAB_BEHAVIOR_HABIT_M','12','RESERVED_FIELD_4','预留字段四','STRING','','','','','N','','C1-1','1','');
insert into column_val (xmlid, col_xmlid, dataname, col_seq, colname, colcnname, datatype, length, precision_val, party_seq, isprimarykey, isnullable, remark, filed_type_child, sensitive_level, policyid) values ('TW_PERS_LAB_BEHAVIOR_HABIT_M','TW_PERS_LAB_BEHAVIOR_HABIT_M_20161013','TW_PERS_LAB_BEHAVIOR_HABIT_M','13','branch','地市','STRING','','','1','','N','','','','');

insert into tablefile (xmlid, dbname, dataname, datacnname, state, cycletype, topiccode, extend_cfg, rightlevel, creater, curdutyer, eff_date, state_date, team_code, open_state, remark) values ('TW_PERS_LAB_SPENDING_POWER_M','DAY','TW_PERS_LAB_SPENDING_POWER_M','EDS_用消费能力标签库最新数据表','NEW','day','LAYERH_HPERS_HPERS12','{"EXTERNAL":"y","LOCATION":"/tenant/BIGDATA/JCFW/BZMX/DAY/EDS/TW_PERS_LAB_SPENDING_POWER_M","FILEFORMAT":"PARQUET","DELIMITER":"\001"}','二级','谢英俊','谢英俊', TIMESTAMP '0006-04-17 12:00:00', TIMESTAMP '0006-04-17 12:00:00','5875519a-8ee1-4eb7-825b-ef1135513f02','','汇总层-用户-移动个人用户');
insert into column_val (xmlid, col_xmlid, dataname, col_seq, colname, colcnname, datatype, length, precision_val, party_seq, isprimarykey, isnullable, remark, filed_type_child, sensitive_level, policyid) values ('TW_PERS_LAB_SPENDING_POWER_M','TW_PERS_LAB_SPENDING_POWER_M_2017081','TW_PERS_LAB_SPENDING_POWER_M','1','STAT_MO','统计月份','INT','','','','1','N','','C1-1','1','');
insert into column_val (xmlid, col_xmlid, dataname, col_seq, colname, colcnname, datatype, length, precision_val, party_seq, isprimarykey, isnullable, remark, filed_type_child, sensitive_level, policyid) values ('TW_PERS_LAB_SPENDING_POWER_M','TW_PERS_LAB_SPENDING_POWER_M_2017082','TW_PERS_LAB_SPENDING_POWER_M','2','USR_NBR','用户号码','STRING','','','','1','N','','A1-2','3','PID_all');
insert into column_val (xmlid, col_xmlid, dataname, col_seq, colname, colcnname, datatype, length, precision_val, party_seq, isprimarykey, isnullable, remark, filed_type_child, sensitive_level, policyid) values ('TW_PERS_LAB_SPENDING_POWER_M','TW_PERS_LAB_SPENDING_POWER_M_2017083','TW_PERS_LAB_SPENDING_POWER_M','3','LAB_CD','标签编码','STRING','','','','1','N','','C1-1','1','');
insert into column_val (xmlid, col_xmlid, dataname, col_seq, colname, colcnname, datatype, length, precision_val, party_seq, isprimarykey, isnullable, remark, filed_type_child, sensitive_level, policyid) values ('TW_PERS_LAB_SPENDING_POWER_M','TW_PERS_LAB_SPENDING_POWER_M_2017084','TW_PERS_LAB_SPENDING_POWER_M','4','CMCC_BRANCH_CD','移动分公司编码','STRING','','','','','N','','C1-1','1','');
insert into column_val (xmlid, col_xmlid, dataname, col_seq, colname, colcnname, datatype, length, precision_val, party_seq, isprimarykey, isnullable, remark, filed_type_child, sensitive_level, policyid) values ('TW_PERS_LAB_SPENDING_POWER_M','TW_PERS_LAB_SPENDING_POWER_M_2017085','TW_PERS_LAB_SPENDING_POWER_M','5','LAB_SRC_CD','标签来源编码','STRING','','','','','N','集市，该字段值为：1
数据挖掘，该字段值为：2
BI，该字段值为：4
收集类，该字段值为：5
','C1-1','1','');
insert into column_val (xmlid, col_xmlid, dataname, col_seq, colname, colcnname, datatype, length, precision_val, party_seq, isprimarykey, isnullable, remark, filed_type_child, sensitive_level, policyid) values ('TW_PERS_LAB_SPENDING_POWER_M','TW_PERS_LAB_SPENDING_POWER_M_2017086','TW_PERS_LAB_SPENDING_POWER_M','6','BRND_CD','品牌编码','SMALLINT','','','','','N','1、 全球通
2、 神州行
3、 动感地带','C1-1','1','');
insert into column_val (xmlid, col_xmlid, dataname, col_seq, colname, colcnname, datatype, length, precision_val, party_seq, isprimarykey, isnullable, remark, filed_type_child, sensitive_level, policyid) values ('TW_PERS_LAB_SPENDING_POWER_M','TW_PERS_LAB_SPENDING_POWER_M_2017087','TW_PERS_LAB_SPENDING_POWER_M','7','UPDT_TYP_CD','更新方式编码','STRING','','','','','N','','C1-1','1','');
insert into column_val (xmlid, col_xmlid, dataname, col_seq, colname, colcnname, datatype, length, precision_val, party_seq, isprimarykey, isnullable, remark, filed_type_child, sensitive_level, policyid) values ('TW_PERS_LAB_SPENDING_POWER_M','TW_PERS_LAB_SPENDING_POWER_M_2017088','TW_PERS_LAB_SPENDING_POWER_M','8','UPDT_DT','更新日期','INT','','','','','N','','C1-1','1','');
insert into column_val (xmlid, col_xmlid, dataname, col_seq, colname, colcnname, datatype, length, precision_val, party_seq, isprimarykey, isnullable, remark, filed_type_child, sensitive_level, policyid) values ('TW_PERS_LAB_SPENDING_POWER_M','TW_PERS_LAB_SPENDING_POWER_M_2017089','TW_PERS_LAB_SPENDING_POWER_M','9','RESERVED_FIELD_1','预留字段一','STRING','','','','','N','','C1-1','1','');
insert into column_val (xmlid, col_xmlid, dataname, col_seq, colname, colcnname, datatype, length, precision_val, party_seq, isprimarykey, isnullable, remark, filed_type_child, sensitive_level, policyid) values ('TW_PERS_LAB_SPENDING_POWER_M','TW_PERS_LAB_SPENDING_POWER_M_20170810','TW_PERS_LAB_SPENDING_POWER_M','10','RESERVED_FIELD_2','预留字段二','STRING','','','','','N','','C1-1','1','');
insert into column_val (xmlid, col_xmlid, dataname, col_seq, colname, colcnname, datatype, length, precision_val, party_seq, isprimarykey, isnullable, remark, filed_type_child, sensitive_level, policyid) values ('TW_PERS_LAB_SPENDING_POWER_M','TW_PERS_LAB_SPENDING_POWER_M_20170811','TW_PERS_LAB_SPENDING_POWER_M','11','RESERVED_FIELD_3','预留字段三','STRING','','','','','N','','C1-1','1','');
insert into column_val (xmlid, col_xmlid, dataname, col_seq, colname, colcnname, datatype, length, precision_val, party_seq, isprimarykey, isnullable, remark, filed_type_child, sensitive_level, policyid) values ('TW_PERS_LAB_SPENDING_POWER_M','TW_PERS_LAB_SPENDING_POWER_M_20170812','TW_PERS_LAB_SPENDING_POWER_M','12','RESERVED_FIELD_4','预留字段四','STRING','','','','','N','','C1-1','1','');
insert into column_val (xmlid, col_xmlid, dataname, col_seq, colname, colcnname, datatype, length, precision_val, party_seq, isprimarykey, isnullable, remark, filed_type_child, sensitive_level, policyid) values ('TW_PERS_LAB_SPENDING_POWER_M','TW_PERS_LAB_SPENDING_POWER_M_20161013','TW_PERS_LAB_SPENDING_POWER_M','13','branch','地市','STRING','','','1','','N','','','','');

insert into tablefile (xmlid, dbname, dataname, datacnname, state, cycletype, topiccode, extend_cfg, rightlevel, creater, curdutyer, eff_date, state_date, team_code, open_state, remark) values ('TW_PERS_LAB_USER_FILE_M','DAY','TW_PERS_LAB_USER_FILE_M','EDS_用户用户档案标签库最新数据表','NEW','day','LAYERH_HPERS_HPERS12','{"EXTERNAL":"y","LOCATION":"/tenant/BIGDATA/JCFW/BZMX/DAY/EDS/TW_PERS_LAB_USER_FILE_M","FILEFORMAT":"PARQUET","DELIMITER":"\001"}','二级','谢英俊','谢英俊', TIMESTAMP '0006-04-17 12:00:00', TIMESTAMP '0006-04-17 12:00:00','5875519a-8ee1-4eb7-825b-ef1135513f02','','汇总层-用户-移动个人用户');
insert into column_val (xmlid, col_xmlid, dataname, col_seq, colname, colcnname, datatype, length, precision_val, party_seq, isprimarykey, isnullable, remark, filed_type_child, sensitive_level, policyid) values ('TW_PERS_LAB_USER_FILE_M','TW_PERS_LAB_USER_FILE_M_2017081','TW_PERS_LAB_USER_FILE_M','1','STAT_MO','统计月份','INT','','','','1','N','','C1-1','1','');
insert into column_val (xmlid, col_xmlid, dataname, col_seq, colname, colcnname, datatype, length, precision_val, party_seq, isprimarykey, isnullable, remark, filed_type_child, sensitive_level, policyid) values ('TW_PERS_LAB_USER_FILE_M','TW_PERS_LAB_USER_FILE_M_2017082','TW_PERS_LAB_USER_FILE_M','2','USR_NBR','用户号码','STRING','','','','1','N','','A1-2','3','PID_all');
insert into column_val (xmlid, col_xmlid, dataname, col_seq, colname, colcnname, datatype, length, precision_val, party_seq, isprimarykey, isnullable, remark, filed_type_child, sensitive_level, policyid) values ('TW_PERS_LAB_USER_FILE_M','TW_PERS_LAB_USER_FILE_M_2017083','TW_PERS_LAB_USER_FILE_M','3','LAB_CD','标签编码','STRING','','','','1','N','','C1-1','1','');
insert into column_val (xmlid, col_xmlid, dataname, col_seq, colname, colcnname, datatype, length, precision_val, party_seq, isprimarykey, isnullable, remark, filed_type_child, sensitive_level, policyid) values ('TW_PERS_LAB_USER_FILE_M','TW_PERS_LAB_USER_FILE_M_2017084','TW_PERS_LAB_USER_FILE_M','4','CMCC_BRANCH_CD','移动分公司编码','STRING','','','','','N','','C1-1','1','');
insert into column_val (xmlid, col_xmlid, dataname, col_seq, colname, colcnname, datatype, length, precision_val, party_seq, isprimarykey, isnullable, remark, filed_type_child, sensitive_level, policyid) values ('TW_PERS_LAB_USER_FILE_M','TW_PERS_LAB_USER_FILE_M_2017085','TW_PERS_LAB_USER_FILE_M','5','LAB_SRC_CD','标签来源编码','STRING','','','','','N','集市，该字段值为：1
数据挖掘，该字段值为：2
BI，该字段值为：4
收集类，该字段值为：5
','C1-1','1','');
insert into column_val (xmlid, col_xmlid, dataname, col_seq, colname, colcnname, datatype, length, precision_val, party_seq, isprimarykey, isnullable, remark, filed_type_child, sensitive_level, policyid) values ('TW_PERS_LAB_USER_FILE_M','TW_PERS_LAB_USER_FILE_M_2017086','TW_PERS_LAB_USER_FILE_M','6','BRND_CD','品牌编码','SMALLINT','','','','','N','1、 全球通
2、 神州行
3、 动感地带','C1-1','1','');
insert into column_val (xmlid, col_xmlid, dataname, col_seq, colname, colcnname, datatype, length, precision_val, party_seq, isprimarykey, isnullable, remark, filed_type_child, sensitive_level, policyid) values ('TW_PERS_LAB_USER_FILE_M','TW_PERS_LAB_USER_FILE_M_2017087','TW_PERS_LAB_USER_FILE_M','7','UPDT_TYP_CD','更新方式编码','STRING','','','','','N','','C1-1','1','');
insert into column_val (xmlid, col_xmlid, dataname, col_seq, colname, colcnname, datatype, length, precision_val, party_seq, isprimarykey, isnullable, remark, filed_type_child, sensitive_level, policyid) values ('TW_PERS_LAB_USER_FILE_M','TW_PERS_LAB_USER_FILE_M_2017088','TW_PERS_LAB_USER_FILE_M','8','UPDT_DT','更新日期','INT','','','','','N','','C1-1','1','');
insert into column_val (xmlid, col_xmlid, dataname, col_seq, colname, colcnname, datatype, length, precision_val, party_seq, isprimarykey, isnullable, remark, filed_type_child, sensitive_level, policyid) values ('TW_PERS_LAB_USER_FILE_M','TW_PERS_LAB_USER_FILE_M_2017089','TW_PERS_LAB_USER_FILE_M','9','RESERVED_FIELD_1','预留字段一','STRING','','','','','N','','C1-1','1','');
insert into column_val (xmlid, col_xmlid, dataname, col_seq, colname, colcnname, datatype, length, precision_val, party_seq, isprimarykey, isnullable, remark, filed_type_child, sensitive_level, policyid) values ('TW_PERS_LAB_USER_FILE_M','TW_PERS_LAB_USER_FILE_M_20170810','TW_PERS_LAB_USER_FILE_M','10','RESERVED_FIELD_2','预留字段二','STRING','','','','','N','','C1-1','1','');
insert into column_val (xmlid, col_xmlid, dataname, col_seq, colname, colcnname, datatype, length, precision_val, party_seq, isprimarykey, isnullable, remark, filed_type_child, sensitive_level, policyid) values ('TW_PERS_LAB_USER_FILE_M','TW_PERS_LAB_USER_FILE_M_20170811','TW_PERS_LAB_USER_FILE_M','11','RESERVED_FIELD_3','预留字段三','STRING','','','','','N','','C1-1','1','');
insert into column_val (xmlid, col_xmlid, dataname, col_seq, colname, colcnname, datatype, length, precision_val, party_seq, isprimarykey, isnullable, remark, filed_type_child, sensitive_level, policyid) values ('TW_PERS_LAB_USER_FILE_M','TW_PERS_LAB_USER_FILE_M_20170812','TW_PERS_LAB_USER_FILE_M','12','RESERVED_FIELD_4','预留字段四','STRING','','','','','N','','C1-1','1','');
insert into column_val (xmlid, col_xmlid, dataname, col_seq, colname, colcnname, datatype, length, precision_val, party_seq, isprimarykey, isnullable, remark, filed_type_child, sensitive_level, policyid) values ('TW_PERS_LAB_USER_FILE_M','TW_PERS_LAB_USER_FILE_M_20161013','TW_PERS_LAB_USER_FILE_M','13','branch','地市','STRING','','','1','','N','','','','');

insert into tablefile (xmlid, dbname, dataname, datacnname, state, cycletype, topiccode, extend_cfg, rightlevel, creater, curdutyer, eff_date, state_date, team_code, open_state, remark) values ('TW_PERS_LAB_4GLIFE_M','DAY','TW_PERS_LAB_4GLIFE_M','EDS_用户4G生活标签库最新数据表','NEW','day','LAYERH_HPERS_HPERS12','{"EXTERNAL":"y","LOCATION":"/tenant/BIGDATA/JCFW/BZMX/DAY/EDS/TW_PERS_LAB_4GLIFE_M","FILEFORMAT":"PARQUET","DELIMITER":"\001"}','二级','谢英俊','谢英俊', TIMESTAMP '0006-04-17 12:00:00', TIMESTAMP '0006-04-17 12:00:00','5875519a-8ee1-4eb7-825b-ef1135513f02','','汇总层-用户-移动个人用户');
insert into column_val (xmlid, col_xmlid, dataname, col_seq, colname, colcnname, datatype, length, precision_val, party_seq, isprimarykey, isnullable, remark, filed_type_child, sensitive_level, policyid) values ('TW_PERS_LAB_4GLIFE_M','TW_PERS_LAB_4GLIFE_M_2017081','TW_PERS_LAB_4GLIFE_M','1','STAT_MO','统计月份','INT','','','','1','N','','C1-1','1','');
insert into column_val (xmlid, col_xmlid, dataname, col_seq, colname, colcnname, datatype, length, precision_val, party_seq, isprimarykey, isnullable, remark, filed_type_child, sensitive_level, policyid) values ('TW_PERS_LAB_4GLIFE_M','TW_PERS_LAB_4GLIFE_M_2017082','TW_PERS_LAB_4GLIFE_M','2','USR_NBR','用户号码','STRING','','','','1','N','','A1-2','3','PID_all');
insert into column_val (xmlid, col_xmlid, dataname, col_seq, colname, colcnname, datatype, length, precision_val, party_seq, isprimarykey, isnullable, remark, filed_type_child, sensitive_level, policyid) values ('TW_PERS_LAB_4GLIFE_M','TW_PERS_LAB_4GLIFE_M_2017083','TW_PERS_LAB_4GLIFE_M','3','LAB_CD','标签编码','STRING','','','','1','N','','C1-1','1','');
insert into column_val (xmlid, col_xmlid, dataname, col_seq, colname, colcnname, datatype, length, precision_val, party_seq, isprimarykey, isnullable, remark, filed_type_child, sensitive_level, policyid) values ('TW_PERS_LAB_4GLIFE_M','TW_PERS_LAB_4GLIFE_M_2017084','TW_PERS_LAB_4GLIFE_M','4','CMCC_BRANCH_CD','移动分公司编码','STRING','','','','','N','','C1-1','1','');
insert into column_val (xmlid, col_xmlid, dataname, col_seq, colname, colcnname, datatype, length, precision_val, party_seq, isprimarykey, isnullable, remark, filed_type_child, sensitive_level, policyid) values ('TW_PERS_LAB_4GLIFE_M','TW_PERS_LAB_4GLIFE_M_2017085','TW_PERS_LAB_4GLIFE_M','5','LAB_SRC_CD','标签来源编码','STRING','','','','','N','集市，该字段值为：1
数据挖掘，该字段值为：2
BI，该字段值为：4
收集类，该字段值为：5
','C1-1','1','');
insert into column_val (xmlid, col_xmlid, dataname, col_seq, colname, colcnname, datatype, length, precision_val, party_seq, isprimarykey, isnullable, remark, filed_type_child, sensitive_level, policyid) values ('TW_PERS_LAB_4GLIFE_M','TW_PERS_LAB_4GLIFE_M_2017086','TW_PERS_LAB_4GLIFE_M','6','BRND_CD','品牌编码','SMALLINT','','','','','N','1、 全球通
2、 神州行
3、 动感地带','C1-1','1','');
insert into column_val (xmlid, col_xmlid, dataname, col_seq, colname, colcnname, datatype, length, precision_val, party_seq, isprimarykey, isnullable, remark, filed_type_child, sensitive_level, policyid) values ('TW_PERS_LAB_4GLIFE_M','TW_PERS_LAB_4GLIFE_M_2017087','TW_PERS_LAB_4GLIFE_M','7','UPDT_TYP_CD','更新方式编码','STRING','','','','','N','','C1-1','1','');
insert into column_val (xmlid, col_xmlid, dataname, col_seq, colname, colcnname, datatype, length, precision_val, party_seq, isprimarykey, isnullable, remark, filed_type_child, sensitive_level, policyid) values ('TW_PERS_LAB_4GLIFE_M','TW_PERS_LAB_4GLIFE_M_2017088','TW_PERS_LAB_4GLIFE_M','8','UPDT_DT','更新日期','INT','','','','','N','','C1-1','1','');
insert into column_val (xmlid, col_xmlid, dataname, col_seq, colname, colcnname, datatype, length, precision_val, party_seq, isprimarykey, isnullable, remark, filed_type_child, sensitive_level, policyid) values ('TW_PERS_LAB_4GLIFE_M','TW_PERS_LAB_4GLIFE_M_2017089','TW_PERS_LAB_4GLIFE_M','9','RESERVED_FIELD_1','预留字段一','STRING','','','','','N','','C1-1','1','');
insert into column_val (xmlid, col_xmlid, dataname, col_seq, colname, colcnname, datatype, length, precision_val, party_seq, isprimarykey, isnullable, remark, filed_type_child, sensitive_level, policyid) values ('TW_PERS_LAB_4GLIFE_M','TW_PERS_LAB_4GLIFE_M_20170810','TW_PERS_LAB_4GLIFE_M','10','RESERVED_FIELD_2','预留字段二','STRING','','','','','N','','C1-1','1','');
insert into column_val (xmlid, col_xmlid, dataname, col_seq, colname, colcnname, datatype, length, precision_val, party_seq, isprimarykey, isnullable, remark, filed_type_child, sensitive_level, policyid) values ('TW_PERS_LAB_4GLIFE_M','TW_PERS_LAB_4GLIFE_M_20170811','TW_PERS_LAB_4GLIFE_M','11','RESERVED_FIELD_3','预留字段三','STRING','','','','','N','','C1-1','1','');
insert into column_val (xmlid, col_xmlid, dataname, col_seq, colname, colcnname, datatype, length, precision_val, party_seq, isprimarykey, isnullable, remark, filed_type_child, sensitive_level, policyid) values ('TW_PERS_LAB_4GLIFE_M','TW_PERS_LAB_4GLIFE_M_20170812','TW_PERS_LAB_4GLIFE_M','12','RESERVED_FIELD_4','预留字段四','STRING','','','','','N','','C1-1','1','');
insert into column_val (xmlid, col_xmlid, dataname, col_seq, colname, colcnname, datatype, length, precision_val, party_seq, isprimarykey, isnullable, remark, filed_type_child, sensitive_level, policyid) values ('TW_PERS_LAB_4GLIFE_M','TW_PERS_LAB_4GLIFE_M_20161013','TW_PERS_LAB_4GLIFE_M','13','branch','地市','STRING','','','1','','N','','','','');



