INSERT INTO IMP_TABLE_LIST VALUES ('TR_DORMITORY_AREA','TR_DORMITORY_AREA');
INSERT INTO IMP_TABLE_LIST VALUES ('TS_E_GRP_BBOSS_ARCHIVE_TASKHIS_M','TS_E_GRP_BBOSS_ARCHIVE_TASKHIS_M');
INSERT INTO IMP_TABLE_LIST VALUES ('TM_PRDCT_BUSI_HANDLE_D','TM_PRDCT_BUSI_HANDLE_D');
INSERT INTO IMP_TABLE_LIST VALUES ('TO_R_ADDR_INF_D','TO_R_ADDR_INF_D');
INSERT INTO IMP_TABLE_LIST VALUES ('TO_R_CRM_ELCTR_RECORD_DATA_M','TO_R_CRM_ELCTR_RECORD_DATA_M');
INSERT INTO IMP_TABLE_LIST VALUES ('TR_NB_GPRS_PRDCT','TR_NB_GPRS_PRDCT_20161017');
INSERT INTO IMP_TABLE_LIST VALUES ('TO_R_BLANKSIM_IN_STORE_D','TO_R_BLANKSIM_IN_STORE_D_20161017');
INSERT INTO IMP_TABLE_LIST VALUES ('TR_HSH_ASSIGNED_CHNL','TR_HSH_ASSIGNED_CHNL');
INSERT INTO IMP_TABLE_LIST VALUES ('TS_LOAD_QY_INCOME_RPT','TS_LOAD_QY_INCOME_RPT_20161017');
INSERT INTO IMP_TABLE_LIST VALUES ('TW_CORP_ECPN_WOFF_M','TW_CORP_ECPN_WOFF_M');
INSERT INTO IMP_TABLE_LIST VALUES ('TW_CORP_ECPN_CHRG_M','TW_CORP_ECPN_CHRG_M');
INSERT INTO IMP_TABLE_LIST VALUES ('TO_R_CORP_XXT_CODEBI_D','TO_R_CORP_XXT_CODEBI_D_20161017');
INSERT INTO IMP_TABLE_LIST VALUES ('TR_APP_TYP','TR_APP_TYP');
INSERT INTO IMP_TABLE_LIST VALUES ('TR_PC_BBOSS_PRODUCT','TR_PC_BBOSS_PRODUCT');
INSERT INTO IMP_TABLE_LIST VALUES ('TO_E_ESOP_LOG_MAIN_D','TO_E_ESOP_LOG_MAIN_D');
INSERT INTO IMP_TABLE_LIST VALUES ('TO_P_CHNL_BBOSSWAY_D','TO_P_CHNL_BBOSSWAY_D');
INSERT INTO IMP_TABLE_LIST VALUES ('TR_GRP_BBOSS_POINFO','TR_GRP_BBOSS_POINFO');
INSERT INTO IMP_TABLE_LIST VALUES ('TW_TERMPAY_PROV_ACTVCALL_M','TW_TERMPAY_PROV_ACTVCALL_M_20161017');
INSERT INTO IMP_TABLE_LIST VALUES ('TR_INDUSTRIAL_PARK','TR_INDUSTRIAL_PARK');
INSERT INTO IMP_TABLE_LIST VALUES ('TS_LOAD_QY_INCOME_RPT_MO','TS_LOAD_QY_INCOME_RPT_MO_20161017');
INSERT INTO IMP_TABLE_LIST VALUES ('TR_BUSINESS_ZONE','TR_BUSINESS_ZONE');
INSERT INTO IMP_TABLE_LIST VALUES ('TW_CORP_ECPN_BAL_M','TW_CORP_ECPN_BAL_M');
INSERT INTO IMP_TABLE_LIST VALUES ('TR_R_ZH_TERM_PRDCT','TR_R_ZH_TERM_PRDCT_20161017');
INSERT INTO IMP_TABLE_LIST VALUES ('TO_E_ESOP_LOG_VISITAIM_M','TO_E_ESOP_LOG_VISITAIM_M');
INSERT INTO IMP_TABLE_LIST VALUES ('TR_HSH_ASSIGNED_PRDCT','TR_HSH_ASSIGNED_PRDCT');
INSERT INTO IMP_TABLE_LIST VALUES ('TR_HOT_AREA_CELL','TR_HOT_AREA_CELL');
INSERT INTO IMP_TABLE_LIST VALUES ('TM_PRDCT_BUSI_HANDLE_D_GZ','TM_PRDCT_BUSI_HANDLE_D_GZ');
INSERT INTO IMP_TABLE_LIST VALUES ('TM_PRDCT_BUSI_HANDLE_D_SZ','TM_PRDCT_BUSI_HANDLE_D_SZ');
INSERT INTO IMP_TABLE_LIST VALUES ('TM_PRDCT_BUSI_HANDLE_D_DG','TM_PRDCT_BUSI_HANDLE_D_DG');
INSERT INTO IMP_TABLE_LIST VALUES ('TM_PRDCT_BUSI_HANDLE_D_FS','TM_PRDCT_BUSI_HANDLE_D_FS');
INSERT INTO IMP_TABLE_LIST VALUES ('TM_PRDCT_BUSI_HANDLE_D_ST','TM_PRDCT_BUSI_HANDLE_D_ST');
INSERT INTO IMP_TABLE_LIST VALUES ('TM_PRDCT_BUSI_HANDLE_D_ZH','TM_PRDCT_BUSI_HANDLE_D_ZH');
INSERT INTO IMP_TABLE_LIST VALUES ('TM_PRDCT_BUSI_HANDLE_D_HZ','TM_PRDCT_BUSI_HANDLE_D_HZ');
INSERT INTO IMP_TABLE_LIST VALUES ('TM_PRDCT_BUSI_HANDLE_D_ZS','TM_PRDCT_BUSI_HANDLE_D_ZS');
INSERT INTO IMP_TABLE_LIST VALUES ('TM_PRDCT_BUSI_HANDLE_D_JM','TM_PRDCT_BUSI_HANDLE_D_JM');
INSERT INTO IMP_TABLE_LIST VALUES ('TM_PRDCT_BUSI_HANDLE_D_ZJ','TM_PRDCT_BUSI_HANDLE_D_ZJ');
INSERT INTO IMP_TABLE_LIST VALUES ('TM_PRDCT_BUSI_HANDLE_D_SG','TM_PRDCT_BUSI_HANDLE_D_SG');
INSERT INTO IMP_TABLE_LIST VALUES ('TM_PRDCT_BUSI_HANDLE_D_HY','TM_PRDCT_BUSI_HANDLE_D_HY');
INSERT INTO IMP_TABLE_LIST VALUES ('TM_PRDCT_BUSI_HANDLE_D_MZ','TM_PRDCT_BUSI_HANDLE_D_MZ');
INSERT INTO IMP_TABLE_LIST VALUES ('TM_PRDCT_BUSI_HANDLE_D_SW','TM_PRDCT_BUSI_HANDLE_D_SW');
INSERT INTO IMP_TABLE_LIST VALUES ('TM_PRDCT_BUSI_HANDLE_D_YJ','TM_PRDCT_BUSI_HANDLE_D_YJ');
INSERT INTO IMP_TABLE_LIST VALUES ('TM_PRDCT_BUSI_HANDLE_D_MM','TM_PRDCT_BUSI_HANDLE_D_MM');
INSERT INTO IMP_TABLE_LIST VALUES ('TM_PRDCT_BUSI_HANDLE_D_ZQ','TM_PRDCT_BUSI_HANDLE_D_ZQ');
INSERT INTO IMP_TABLE_LIST VALUES ('TM_PRDCT_BUSI_HANDLE_D_QY','TM_PRDCT_BUSI_HANDLE_D_QY');
INSERT INTO IMP_TABLE_LIST VALUES ('TM_PRDCT_BUSI_HANDLE_D_CZ','TM_PRDCT_BUSI_HANDLE_D_CZ');
INSERT INTO IMP_TABLE_LIST VALUES ('TM_PRDCT_BUSI_HANDLE_D_JY','TM_PRDCT_BUSI_HANDLE_D_JY');
INSERT INTO IMP_TABLE_LIST VALUES ('TM_PRDCT_BUSI_HANDLE_D_YF','TM_PRDCT_BUSI_HANDLE_D_YF');
INSERT INTO IMP_TABLE_LIST VALUES ('TO_R_ADDR_INF_D_GZ','TO_R_ADDR_INF_D_GZ');
INSERT INTO IMP_TABLE_LIST VALUES ('TO_R_ADDR_INF_D_SZ','TO_R_ADDR_INF_D_SZ');
INSERT INTO IMP_TABLE_LIST VALUES ('TO_R_ADDR_INF_D_DG','TO_R_ADDR_INF_D_DG');
INSERT INTO IMP_TABLE_LIST VALUES ('TO_R_ADDR_INF_D_FS','TO_R_ADDR_INF_D_FS');
INSERT INTO IMP_TABLE_LIST VALUES ('TO_R_ADDR_INF_D_ST','TO_R_ADDR_INF_D_ST');
INSERT INTO IMP_TABLE_LIST VALUES ('TO_R_ADDR_INF_D_ZH','TO_R_ADDR_INF_D_ZH');
INSERT INTO IMP_TABLE_LIST VALUES ('TO_R_ADDR_INF_D_HZ','TO_R_ADDR_INF_D_HZ');
INSERT INTO IMP_TABLE_LIST VALUES ('TO_R_ADDR_INF_D_ZS','TO_R_ADDR_INF_D_ZS');
INSERT INTO IMP_TABLE_LIST VALUES ('TO_R_ADDR_INF_D_JM','TO_R_ADDR_INF_D_JM');
INSERT INTO IMP_TABLE_LIST VALUES ('TO_R_ADDR_INF_D_ZJ','TO_R_ADDR_INF_D_ZJ');
INSERT INTO IMP_TABLE_LIST VALUES ('TO_R_ADDR_INF_D_SG','TO_R_ADDR_INF_D_SG');
INSERT INTO IMP_TABLE_LIST VALUES ('TO_R_ADDR_INF_D_HY','TO_R_ADDR_INF_D_HY');
INSERT INTO IMP_TABLE_LIST VALUES ('TO_R_ADDR_INF_D_MZ','TO_R_ADDR_INF_D_MZ');
INSERT INTO IMP_TABLE_LIST VALUES ('TO_R_ADDR_INF_D_SW','TO_R_ADDR_INF_D_SW');
INSERT INTO IMP_TABLE_LIST VALUES ('TO_R_ADDR_INF_D_YJ','TO_R_ADDR_INF_D_YJ');
INSERT INTO IMP_TABLE_LIST VALUES ('TO_R_ADDR_INF_D_MM','TO_R_ADDR_INF_D_MM');
INSERT INTO IMP_TABLE_LIST VALUES ('TO_R_ADDR_INF_D_ZQ','TO_R_ADDR_INF_D_ZQ');
INSERT INTO IMP_TABLE_LIST VALUES ('TO_R_ADDR_INF_D_QY','TO_R_ADDR_INF_D_QY');
INSERT INTO IMP_TABLE_LIST VALUES ('TO_R_ADDR_INF_D_CZ','TO_R_ADDR_INF_D_CZ');
INSERT INTO IMP_TABLE_LIST VALUES ('TO_R_ADDR_INF_D_JY','TO_R_ADDR_INF_D_JY');
INSERT INTO IMP_TABLE_LIST VALUES ('TO_R_ADDR_INF_D_YF','TO_R_ADDR_INF_D_YF');
INSERT INTO IMP_TABLE_LIST VALUES ('TO_R_CRM_ELCTR_RECORD_DATA_M_GZ','TO_R_CRM_ELCTR_RECORD_DATA_M_GZ');
INSERT INTO IMP_TABLE_LIST VALUES ('TO_R_CRM_ELCTR_RECORD_DATA_M_SZ','TO_R_CRM_ELCTR_RECORD_DATA_M_SZ');
INSERT INTO IMP_TABLE_LIST VALUES ('TO_R_CRM_ELCTR_RECORD_DATA_M_DG','TO_R_CRM_ELCTR_RECORD_DATA_M_DG');
INSERT INTO IMP_TABLE_LIST VALUES ('TO_R_CRM_ELCTR_RECORD_DATA_M_FS','TO_R_CRM_ELCTR_RECORD_DATA_M_FS');
INSERT INTO IMP_TABLE_LIST VALUES ('TO_R_CRM_ELCTR_RECORD_DATA_M_ST','TO_R_CRM_ELCTR_RECORD_DATA_M_ST');
INSERT INTO IMP_TABLE_LIST VALUES ('TO_R_CRM_ELCTR_RECORD_DATA_M_ZH','TO_R_CRM_ELCTR_RECORD_DATA_M_ZH');
INSERT INTO IMP_TABLE_LIST VALUES ('TO_R_CRM_ELCTR_RECORD_DATA_M_HZ','TO_R_CRM_ELCTR_RECORD_DATA_M_HZ');
INSERT INTO IMP_TABLE_LIST VALUES ('TO_R_CRM_ELCTR_RECORD_DATA_M_ZS','TO_R_CRM_ELCTR_RECORD_DATA_M_ZS');
INSERT INTO IMP_TABLE_LIST VALUES ('TO_R_CRM_ELCTR_RECORD_DATA_M_JM','TO_R_CRM_ELCTR_RECORD_DATA_M_JM');
INSERT INTO IMP_TABLE_LIST VALUES ('TO_R_CRM_ELCTR_RECORD_DATA_M_ZJ','TO_R_CRM_ELCTR_RECORD_DATA_M_ZJ');
INSERT INTO IMP_TABLE_LIST VALUES ('TO_R_CRM_ELCTR_RECORD_DATA_M_SG','TO_R_CRM_ELCTR_RECORD_DATA_M_SG');
INSERT INTO IMP_TABLE_LIST VALUES ('TO_R_CRM_ELCTR_RECORD_DATA_M_HY','TO_R_CRM_ELCTR_RECORD_DATA_M_HY');
INSERT INTO IMP_TABLE_LIST VALUES ('TO_R_CRM_ELCTR_RECORD_DATA_M_MZ','TO_R_CRM_ELCTR_RECORD_DATA_M_MZ');
INSERT INTO IMP_TABLE_LIST VALUES ('TO_R_CRM_ELCTR_RECORD_DATA_M_SW','TO_R_CRM_ELCTR_RECORD_DATA_M_SW');
INSERT INTO IMP_TABLE_LIST VALUES ('TO_R_CRM_ELCTR_RECORD_DATA_M_YJ','TO_R_CRM_ELCTR_RECORD_DATA_M_YJ');
INSERT INTO IMP_TABLE_LIST VALUES ('TO_R_CRM_ELCTR_RECORD_DATA_M_MM','TO_R_CRM_ELCTR_RECORD_DATA_M_MM');
INSERT INTO IMP_TABLE_LIST VALUES ('TO_R_CRM_ELCTR_RECORD_DATA_M_ZQ','TO_R_CRM_ELCTR_RECORD_DATA_M_ZQ');
INSERT INTO IMP_TABLE_LIST VALUES ('TO_R_CRM_ELCTR_RECORD_DATA_M_QY','TO_R_CRM_ELCTR_RECORD_DATA_M_QY');
INSERT INTO IMP_TABLE_LIST VALUES ('TO_R_CRM_ELCTR_RECORD_DATA_M_CZ','TO_R_CRM_ELCTR_RECORD_DATA_M_CZ');
INSERT INTO IMP_TABLE_LIST VALUES ('TO_R_CRM_ELCTR_RECORD_DATA_M_JY','TO_R_CRM_ELCTR_RECORD_DATA_M_JY');
INSERT INTO IMP_TABLE_LIST VALUES ('TO_R_CRM_ELCTR_RECORD_DATA_M_YF','TO_R_CRM_ELCTR_RECORD_DATA_M_YF');
INSERT INTO IMP_TABLE_LIST VALUES ('TO_R_BLANKSIM_IN_STORE_D_GZ','TO_R_BLANKSIM_IN_STORE_D_GZ_20161128');
INSERT INTO IMP_TABLE_LIST VALUES ('TO_R_BLANKSIM_IN_STORE_D_SZ','TO_R_BLANKSIM_IN_STORE_D_SZ_20161128');
INSERT INTO IMP_TABLE_LIST VALUES ('TO_R_BLANKSIM_IN_STORE_D_DG','TO_R_BLANKSIM_IN_STORE_D_DG_20161128');
INSERT INTO IMP_TABLE_LIST VALUES ('TO_R_BLANKSIM_IN_STORE_D_FS','TO_R_BLANKSIM_IN_STORE_D_FS_20161128');
INSERT INTO IMP_TABLE_LIST VALUES ('TO_R_BLANKSIM_IN_STORE_D_ST','TO_R_BLANKSIM_IN_STORE_D_ST_20161128');
INSERT INTO IMP_TABLE_LIST VALUES ('TO_R_BLANKSIM_IN_STORE_D_ZH','TO_R_BLANKSIM_IN_STORE_D_ZH_20161128');
INSERT INTO IMP_TABLE_LIST VALUES ('TO_R_BLANKSIM_IN_STORE_D_HZ','TO_R_BLANKSIM_IN_STORE_D_HZ_20161128');
INSERT INTO IMP_TABLE_LIST VALUES ('TO_R_BLANKSIM_IN_STORE_D_ZS','TO_R_BLANKSIM_IN_STORE_D_ZS_20161128');
INSERT INTO IMP_TABLE_LIST VALUES ('TO_R_BLANKSIM_IN_STORE_D_JM','TO_R_BLANKSIM_IN_STORE_D_JM_20161128');
INSERT INTO IMP_TABLE_LIST VALUES ('TO_R_BLANKSIM_IN_STORE_D_ZJ','TO_R_BLANKSIM_IN_STORE_D_ZJ_20161128');
INSERT INTO IMP_TABLE_LIST VALUES ('TO_R_BLANKSIM_IN_STORE_D_SG','TO_R_BLANKSIM_IN_STORE_D_SG_20161128');
INSERT INTO IMP_TABLE_LIST VALUES ('TO_R_BLANKSIM_IN_STORE_D_HY','TO_R_BLANKSIM_IN_STORE_D_HY_20161128');
INSERT INTO IMP_TABLE_LIST VALUES ('TO_R_BLANKSIM_IN_STORE_D_MZ','TO_R_BLANKSIM_IN_STORE_D_MZ_20161128');
INSERT INTO IMP_TABLE_LIST VALUES ('TO_R_BLANKSIM_IN_STORE_D_SW','TO_R_BLANKSIM_IN_STORE_D_SW_20161128');
INSERT INTO IMP_TABLE_LIST VALUES ('TO_R_BLANKSIM_IN_STORE_D_YJ','TO_R_BLANKSIM_IN_STORE_D_YJ_20161128');
INSERT INTO IMP_TABLE_LIST VALUES ('TO_R_BLANKSIM_IN_STORE_D_MM','TO_R_BLANKSIM_IN_STORE_D_MM_20161128');
INSERT INTO IMP_TABLE_LIST VALUES ('TO_R_BLANKSIM_IN_STORE_D_ZQ','TO_R_BLANKSIM_IN_STORE_D_ZQ_20161128');
INSERT INTO IMP_TABLE_LIST VALUES ('TO_R_BLANKSIM_IN_STORE_D_QY','TO_R_BLANKSIM_IN_STORE_D_QY_20161128');
INSERT INTO IMP_TABLE_LIST VALUES ('TO_R_BLANKSIM_IN_STORE_D_CZ','TO_R_BLANKSIM_IN_STORE_D_CZ_20161128');
INSERT INTO IMP_TABLE_LIST VALUES ('TO_R_BLANKSIM_IN_STORE_D_JY','TO_R_BLANKSIM_IN_STORE_D_JY_20161128');
INSERT INTO IMP_TABLE_LIST VALUES ('TO_R_BLANKSIM_IN_STORE_D_YF','TO_R_BLANKSIM_IN_STORE_D_YF_20161128');
INSERT INTO IMP_TABLE_LIST VALUES ('TO_R_CORP_XXT_CODEBI_D_GZ','TO_R_CORP_XXT_CODEBI_D_GZ');
INSERT INTO IMP_TABLE_LIST VALUES ('TO_R_CORP_XXT_CODEBI_D_SZ','TO_R_CORP_XXT_CODEBI_D_SZ');
INSERT INTO IMP_TABLE_LIST VALUES ('TO_R_CORP_XXT_CODEBI_D_DG','TO_R_CORP_XXT_CODEBI_D_DG');
INSERT INTO IMP_TABLE_LIST VALUES ('TO_R_CORP_XXT_CODEBI_D_FS','TO_R_CORP_XXT_CODEBI_D_FS');
INSERT INTO IMP_TABLE_LIST VALUES ('TO_R_CORP_XXT_CODEBI_D_ST','TO_R_CORP_XXT_CODEBI_D_ST');
INSERT INTO IMP_TABLE_LIST VALUES ('TO_R_CORP_XXT_CODEBI_D_ZH','TO_R_CORP_XXT_CODEBI_D_ZH');
INSERT INTO IMP_TABLE_LIST VALUES ('TO_R_CORP_XXT_CODEBI_D_HZ','TO_R_CORP_XXT_CODEBI_D_HZ');
INSERT INTO IMP_TABLE_LIST VALUES ('TO_R_CORP_XXT_CODEBI_D_ZS','TO_R_CORP_XXT_CODEBI_D_ZS');
INSERT INTO IMP_TABLE_LIST VALUES ('TO_R_CORP_XXT_CODEBI_D_JM','TO_R_CORP_XXT_CODEBI_D_JM');
INSERT INTO IMP_TABLE_LIST VALUES ('TO_R_CORP_XXT_CODEBI_D_ZJ','TO_R_CORP_XXT_CODEBI_D_ZJ');
INSERT INTO IMP_TABLE_LIST VALUES ('TO_R_CORP_XXT_CODEBI_D_SG','TO_R_CORP_XXT_CODEBI_D_SG');
INSERT INTO IMP_TABLE_LIST VALUES ('TO_R_CORP_XXT_CODEBI_D_HY','TO_R_CORP_XXT_CODEBI_D_HY');
INSERT INTO IMP_TABLE_LIST VALUES ('TO_R_CORP_XXT_CODEBI_D_MZ','TO_R_CORP_XXT_CODEBI_D_MZ');
INSERT INTO IMP_TABLE_LIST VALUES ('TO_R_CORP_XXT_CODEBI_D_SW','TO_R_CORP_XXT_CODEBI_D_SW');
INSERT INTO IMP_TABLE_LIST VALUES ('TO_R_CORP_XXT_CODEBI_D_YJ','TO_R_CORP_XXT_CODEBI_D_YJ');
INSERT INTO IMP_TABLE_LIST VALUES ('TO_R_CORP_XXT_CODEBI_D_MM','TO_R_CORP_XXT_CODEBI_D_MM');
INSERT INTO IMP_TABLE_LIST VALUES ('TO_R_CORP_XXT_CODEBI_D_ZQ','TO_R_CORP_XXT_CODEBI_D_ZQ');
INSERT INTO IMP_TABLE_LIST VALUES ('TO_R_CORP_XXT_CODEBI_D_QY','TO_R_CORP_XXT_CODEBI_D_QY');
INSERT INTO IMP_TABLE_LIST VALUES ('TO_R_CORP_XXT_CODEBI_D_CZ','TO_R_CORP_XXT_CODEBI_D_CZ');
INSERT INTO IMP_TABLE_LIST VALUES ('TO_R_CORP_XXT_CODEBI_D_JY','TO_R_CORP_XXT_CODEBI_D_JY');
INSERT INTO IMP_TABLE_LIST VALUES ('TO_R_CORP_XXT_CODEBI_D_YF','TO_R_CORP_XXT_CODEBI_D_YF');
INSERT INTO IMP_TABLE_LIST VALUES ('TO_E_ESOP_LOG_MAIN_D_GZ','TO_E_ESOP_LOG_MAIN_D_GZ');
INSERT INTO IMP_TABLE_LIST VALUES ('TO_E_ESOP_LOG_MAIN_D_SZ','TO_E_ESOP_LOG_MAIN_D_SZ');
INSERT INTO IMP_TABLE_LIST VALUES ('TO_E_ESOP_LOG_MAIN_D_DG','TO_E_ESOP_LOG_MAIN_D_DG');
INSERT INTO IMP_TABLE_LIST VALUES ('TO_E_ESOP_LOG_MAIN_D_FS','TO_E_ESOP_LOG_MAIN_D_FS');
INSERT INTO IMP_TABLE_LIST VALUES ('TO_E_ESOP_LOG_MAIN_D_ST','TO_E_ESOP_LOG_MAIN_D_ST');
INSERT INTO IMP_TABLE_LIST VALUES ('TO_E_ESOP_LOG_MAIN_D_ZH','TO_E_ESOP_LOG_MAIN_D_ZH');
INSERT INTO IMP_TABLE_LIST VALUES ('TO_E_ESOP_LOG_MAIN_D_HZ','TO_E_ESOP_LOG_MAIN_D_HZ');
INSERT INTO IMP_TABLE_LIST VALUES ('TO_E_ESOP_LOG_MAIN_D_ZS','TO_E_ESOP_LOG_MAIN_D_ZS');
INSERT INTO IMP_TABLE_LIST VALUES ('TO_E_ESOP_LOG_MAIN_D_JM','TO_E_ESOP_LOG_MAIN_D_JM');
INSERT INTO IMP_TABLE_LIST VALUES ('TO_E_ESOP_LOG_MAIN_D_ZJ','TO_E_ESOP_LOG_MAIN_D_ZJ');
INSERT INTO IMP_TABLE_LIST VALUES ('TO_E_ESOP_LOG_MAIN_D_SG','TO_E_ESOP_LOG_MAIN_D_SG');
INSERT INTO IMP_TABLE_LIST VALUES ('TO_E_ESOP_LOG_MAIN_D_HY','TO_E_ESOP_LOG_MAIN_D_HY');
INSERT INTO IMP_TABLE_LIST VALUES ('TO_E_ESOP_LOG_MAIN_D_MZ','TO_E_ESOP_LOG_MAIN_D_MZ');
INSERT INTO IMP_TABLE_LIST VALUES ('TO_E_ESOP_LOG_MAIN_D_SW','TO_E_ESOP_LOG_MAIN_D_SW');
INSERT INTO IMP_TABLE_LIST VALUES ('TO_E_ESOP_LOG_MAIN_D_YJ','TO_E_ESOP_LOG_MAIN_D_YJ');
INSERT INTO IMP_TABLE_LIST VALUES ('TO_E_ESOP_LOG_MAIN_D_MM','TO_E_ESOP_LOG_MAIN_D_MM');
INSERT INTO IMP_TABLE_LIST VALUES ('TO_E_ESOP_LOG_MAIN_D_ZQ','TO_E_ESOP_LOG_MAIN_D_ZQ');
INSERT INTO IMP_TABLE_LIST VALUES ('TO_E_ESOP_LOG_MAIN_D_QY','TO_E_ESOP_LOG_MAIN_D_QY');
INSERT INTO IMP_TABLE_LIST VALUES ('TO_E_ESOP_LOG_MAIN_D_CZ','TO_E_ESOP_LOG_MAIN_D_CZ');
INSERT INTO IMP_TABLE_LIST VALUES ('TO_E_ESOP_LOG_MAIN_D_JY','TO_E_ESOP_LOG_MAIN_D_JY');
INSERT INTO IMP_TABLE_LIST VALUES ('TO_E_ESOP_LOG_MAIN_D_YF','TO_E_ESOP_LOG_MAIN_D_YF');
INSERT INTO IMP_TABLE_LIST VALUES ('TO_P_CHNL_BBOSSWAY_D_GZ','TO_P_CHNL_BBOSSWAY_D_GZ');
INSERT INTO IMP_TABLE_LIST VALUES ('TO_P_CHNL_BBOSSWAY_D_SZ','TO_P_CHNL_BBOSSWAY_D_SZ');
INSERT INTO IMP_TABLE_LIST VALUES ('TO_P_CHNL_BBOSSWAY_D_DG','TO_P_CHNL_BBOSSWAY_D_DG');
INSERT INTO IMP_TABLE_LIST VALUES ('TO_P_CHNL_BBOSSWAY_D_FS','TO_P_CHNL_BBOSSWAY_D_FS');
INSERT INTO IMP_TABLE_LIST VALUES ('TO_P_CHNL_BBOSSWAY_D_ST','TO_P_CHNL_BBOSSWAY_D_ST');
INSERT INTO IMP_TABLE_LIST VALUES ('TO_P_CHNL_BBOSSWAY_D_ZH','TO_P_CHNL_BBOSSWAY_D_ZH');
INSERT INTO IMP_TABLE_LIST VALUES ('TO_P_CHNL_BBOSSWAY_D_HZ','TO_P_CHNL_BBOSSWAY_D_HZ');
INSERT INTO IMP_TABLE_LIST VALUES ('TO_P_CHNL_BBOSSWAY_D_ZS','TO_P_CHNL_BBOSSWAY_D_ZS');
INSERT INTO IMP_TABLE_LIST VALUES ('TO_P_CHNL_BBOSSWAY_D_JM','TO_P_CHNL_BBOSSWAY_D_JM');
INSERT INTO IMP_TABLE_LIST VALUES ('TO_P_CHNL_BBOSSWAY_D_ZJ','TO_P_CHNL_BBOSSWAY_D_ZJ');
INSERT INTO IMP_TABLE_LIST VALUES ('TO_P_CHNL_BBOSSWAY_D_SG','TO_P_CHNL_BBOSSWAY_D_SG');
INSERT INTO IMP_TABLE_LIST VALUES ('TO_P_CHNL_BBOSSWAY_D_HY','TO_P_CHNL_BBOSSWAY_D_HY');
INSERT INTO IMP_TABLE_LIST VALUES ('TO_P_CHNL_BBOSSWAY_D_MZ','TO_P_CHNL_BBOSSWAY_D_MZ');
INSERT INTO IMP_TABLE_LIST VALUES ('TO_P_CHNL_BBOSSWAY_D_SW','TO_P_CHNL_BBOSSWAY_D_SW');
INSERT INTO IMP_TABLE_LIST VALUES ('TO_P_CHNL_BBOSSWAY_D_YJ','TO_P_CHNL_BBOSSWAY_D_YJ');
INSERT INTO IMP_TABLE_LIST VALUES ('TO_P_CHNL_BBOSSWAY_D_MM','TO_P_CHNL_BBOSSWAY_D_MM');
INSERT INTO IMP_TABLE_LIST VALUES ('TO_P_CHNL_BBOSSWAY_D_ZQ','TO_P_CHNL_BBOSSWAY_D_ZQ');
INSERT INTO IMP_TABLE_LIST VALUES ('TO_P_CHNL_BBOSSWAY_D_QY','TO_P_CHNL_BBOSSWAY_D_QY');
INSERT INTO IMP_TABLE_LIST VALUES ('TO_P_CHNL_BBOSSWAY_D_CZ','TO_P_CHNL_BBOSSWAY_D_CZ');
INSERT INTO IMP_TABLE_LIST VALUES ('TO_P_CHNL_BBOSSWAY_D_JY','TO_P_CHNL_BBOSSWAY_D_JY');
INSERT INTO IMP_TABLE_LIST VALUES ('TO_P_CHNL_BBOSSWAY_D_YF','TO_P_CHNL_BBOSSWAY_D_YF');
INSERT INTO IMP_TABLE_LIST VALUES ('TS_LOAD_QY_INCOME_RPT_MO_GZ','TS_LOAD_QY_INCOME_RPT_MO_GZ_20161128');
INSERT INTO IMP_TABLE_LIST VALUES ('TS_LOAD_QY_INCOME_RPT_MO_SZ','TS_LOAD_QY_INCOME_RPT_MO_SZ_20161128');
INSERT INTO IMP_TABLE_LIST VALUES ('TS_LOAD_QY_INCOME_RPT_MO_DG','TS_LOAD_QY_INCOME_RPT_MO_DG_20161128');
INSERT INTO IMP_TABLE_LIST VALUES ('TS_LOAD_QY_INCOME_RPT_MO_FS','TS_LOAD_QY_INCOME_RPT_MO_FS_20161128');
INSERT INTO IMP_TABLE_LIST VALUES ('TS_LOAD_QY_INCOME_RPT_MO_ST','TS_LOAD_QY_INCOME_RPT_MO_ST_20161128');
INSERT INTO IMP_TABLE_LIST VALUES ('TS_LOAD_QY_INCOME_RPT_MO_ZH','TS_LOAD_QY_INCOME_RPT_MO_ZH_20161128');
INSERT INTO IMP_TABLE_LIST VALUES ('TS_LOAD_QY_INCOME_RPT_MO_HZ','TS_LOAD_QY_INCOME_RPT_MO_HZ_20161128');
INSERT INTO IMP_TABLE_LIST VALUES ('TS_LOAD_QY_INCOME_RPT_MO_ZS','TS_LOAD_QY_INCOME_RPT_MO_ZS_20161128');
INSERT INTO IMP_TABLE_LIST VALUES ('TS_LOAD_QY_INCOME_RPT_MO_JM','TS_LOAD_QY_INCOME_RPT_MO_JM_20161128');
INSERT INTO IMP_TABLE_LIST VALUES ('TS_LOAD_QY_INCOME_RPT_MO_ZJ','TS_LOAD_QY_INCOME_RPT_MO_ZJ_20161128');
INSERT INTO IMP_TABLE_LIST VALUES ('TS_LOAD_QY_INCOME_RPT_MO_SG','TS_LOAD_QY_INCOME_RPT_MO_SG_20161128');
INSERT INTO IMP_TABLE_LIST VALUES ('TS_LOAD_QY_INCOME_RPT_MO_HY','TS_LOAD_QY_INCOME_RPT_MO_HY_20161128');
INSERT INTO IMP_TABLE_LIST VALUES ('TS_LOAD_QY_INCOME_RPT_MO_MZ','TS_LOAD_QY_INCOME_RPT_MO_MZ_20161128');
INSERT INTO IMP_TABLE_LIST VALUES ('TS_LOAD_QY_INCOME_RPT_MO_SW','TS_LOAD_QY_INCOME_RPT_MO_SW_20161128');
INSERT INTO IMP_TABLE_LIST VALUES ('TS_LOAD_QY_INCOME_RPT_MO_YJ','TS_LOAD_QY_INCOME_RPT_MO_YJ_20161128');
INSERT INTO IMP_TABLE_LIST VALUES ('TS_LOAD_QY_INCOME_RPT_MO_MM','TS_LOAD_QY_INCOME_RPT_MO_MM_20161128');
INSERT INTO IMP_TABLE_LIST VALUES ('TS_LOAD_QY_INCOME_RPT_MO_ZQ','TS_LOAD_QY_INCOME_RPT_MO_ZQ_20161128');
INSERT INTO IMP_TABLE_LIST VALUES ('TS_LOAD_QY_INCOME_RPT_MO_QY','TS_LOAD_QY_INCOME_RPT_MO_QY_20161128');
INSERT INTO IMP_TABLE_LIST VALUES ('TS_LOAD_QY_INCOME_RPT_MO_CZ','TS_LOAD_QY_INCOME_RPT_MO_CZ_20161128');
INSERT INTO IMP_TABLE_LIST VALUES ('TS_LOAD_QY_INCOME_RPT_MO_JY','TS_LOAD_QY_INCOME_RPT_MO_JY_20161128');
INSERT INTO IMP_TABLE_LIST VALUES ('TS_LOAD_QY_INCOME_RPT_MO_YF','TS_LOAD_QY_INCOME_RPT_MO_YF_20161128');
INSERT INTO IMP_TABLE_LIST VALUES ('TO_E_ESOP_LOG_VISITAIM_M_GZ','TO_E_ESOP_LOG_VISITAIM_M_GZ');
INSERT INTO IMP_TABLE_LIST VALUES ('TO_E_ESOP_LOG_VISITAIM_M_SZ','TO_E_ESOP_LOG_VISITAIM_M_SZ');
INSERT INTO IMP_TABLE_LIST VALUES ('TO_E_ESOP_LOG_VISITAIM_M_DG','TO_E_ESOP_LOG_VISITAIM_M_DG');
INSERT INTO IMP_TABLE_LIST VALUES ('TO_E_ESOP_LOG_VISITAIM_M_FS','TO_E_ESOP_LOG_VISITAIM_M_FS');
INSERT INTO IMP_TABLE_LIST VALUES ('TO_E_ESOP_LOG_VISITAIM_M_ST','TO_E_ESOP_LOG_VISITAIM_M_ST');
INSERT INTO IMP_TABLE_LIST VALUES ('TO_E_ESOP_LOG_VISITAIM_M_ZH','TO_E_ESOP_LOG_VISITAIM_M_ZH');
INSERT INTO IMP_TABLE_LIST VALUES ('TO_E_ESOP_LOG_VISITAIM_M_HZ','TO_E_ESOP_LOG_VISITAIM_M_HZ');
INSERT INTO IMP_TABLE_LIST VALUES ('TO_E_ESOP_LOG_VISITAIM_M_ZS','TO_E_ESOP_LOG_VISITAIM_M_ZS');
INSERT INTO IMP_TABLE_LIST VALUES ('TO_E_ESOP_LOG_VISITAIM_M_JM','TO_E_ESOP_LOG_VISITAIM_M_JM');
INSERT INTO IMP_TABLE_LIST VALUES ('TO_E_ESOP_LOG_VISITAIM_M_ZJ','TO_E_ESOP_LOG_VISITAIM_M_ZJ');
INSERT INTO IMP_TABLE_LIST VALUES ('TO_E_ESOP_LOG_VISITAIM_M_SG','TO_E_ESOP_LOG_VISITAIM_M_SG');
INSERT INTO IMP_TABLE_LIST VALUES ('TO_E_ESOP_LOG_VISITAIM_M_HY','TO_E_ESOP_LOG_VISITAIM_M_HY');
INSERT INTO IMP_TABLE_LIST VALUES ('TO_E_ESOP_LOG_VISITAIM_M_MZ','TO_E_ESOP_LOG_VISITAIM_M_MZ');
INSERT INTO IMP_TABLE_LIST VALUES ('TO_E_ESOP_LOG_VISITAIM_M_SW','TO_E_ESOP_LOG_VISITAIM_M_SW');
INSERT INTO IMP_TABLE_LIST VALUES ('TO_E_ESOP_LOG_VISITAIM_M_YJ','TO_E_ESOP_LOG_VISITAIM_M_YJ');
INSERT INTO IMP_TABLE_LIST VALUES ('TO_E_ESOP_LOG_VISITAIM_M_MM','TO_E_ESOP_LOG_VISITAIM_M_MM');
INSERT INTO IMP_TABLE_LIST VALUES ('TO_E_ESOP_LOG_VISITAIM_M_ZQ','TO_E_ESOP_LOG_VISITAIM_M_ZQ');
INSERT INTO IMP_TABLE_LIST VALUES ('TO_E_ESOP_LOG_VISITAIM_M_QY','TO_E_ESOP_LOG_VISITAIM_M_QY');
INSERT INTO IMP_TABLE_LIST VALUES ('TO_E_ESOP_LOG_VISITAIM_M_CZ','TO_E_ESOP_LOG_VISITAIM_M_CZ');
INSERT INTO IMP_TABLE_LIST VALUES ('TO_E_ESOP_LOG_VISITAIM_M_JY','TO_E_ESOP_LOG_VISITAIM_M_JY');
INSERT INTO IMP_TABLE_LIST VALUES ('TO_E_ESOP_LOG_VISITAIM_M_YF','TO_E_ESOP_LOG_VISITAIM_M_YF');

insert into tablefile (xmlid, dbname, dataname, datacnname, state, cycletype, topiccode, extend_cfg, rightlevel, creater, curdutyer, eff_date, state_date, team_code, open_state, remark) values ('TR_DORMITORY_AREA','BD_O','TR_DORMITORY_AREA','REF_住宅区信息维表','NEW','other','LAYERW','{"EXTERNAL":"y","LOCATION":"/tenant/BIGDATA/JCFW/JRCL/BD_O/REF/TR_DORMITORY_AREA","FILEFORMAT":"TEXTFILE","DELIMITER":"@#$"}','其他','谢英俊','谢英俊', TIMESTAMP '0009-05-17 12:00:00', TIMESTAMP '0009-05-17 12:00:00','f2999fd5-c34e-402e-9b28-fec9fca13044','','维表层');
insert into column_val (xmlid, col_xmlid, dataname, col_seq, colname, colcnname, datatype, length, precision_val, party_seq, isprimarykey, isnullable, remark, filed_type_child, sensitive_level, policyid) values ('TR_DORMITORY_AREA','TR_DORMITORY_AREA_2017091','TR_DORMITORY_AREA','1','STD_AREA_ID','住宅区ID','STRING','','','','1','N','样例440106014000001','C1-4','3','');
insert into column_val (xmlid, col_xmlid, dataname, col_seq, colname, colcnname, datatype, length, precision_val, party_seq, isprimarykey, isnullable, remark, filed_type_child, sensitive_level, policyid) values ('TR_DORMITORY_AREA','TR_DORMITORY_AREA_2017092','TR_DORMITORY_AREA','2','AREA_NAM','住宅区名称','STRING','','','','','N','如保利香槟花园','C1-4','3','');
insert into column_val (xmlid, col_xmlid, dataname, col_seq, colname, colcnname, datatype, length, precision_val, party_seq, isprimarykey, isnullable, remark, filed_type_child, sensitive_level, policyid) values ('TR_DORMITORY_AREA','TR_DORMITORY_AREA_2017093','TR_DORMITORY_AREA','3','COORDINATE_POINTS','坐标点序列','STRING','','','','','N',' 如38.037627,114.529748;38.034415,114.52982;
38.034415,114.534815;
38.036092,114.534995;
38.036063,114.539666;38.037683,114.539486;
38.041605,114.539414;38.041634,114.534743;
38.038792,114.534779;38.038877,114.5323;
38.037712,114.531797','C1-4','3','PID_all');
insert into column_val (xmlid, col_xmlid, dataname, col_seq, colname, colcnname, datatype, length, precision_val, party_seq, isprimarykey, isnullable, remark, filed_type_child, sensitive_level, policyid) values ('TR_DORMITORY_AREA','TR_DORMITORY_AREA_2017094','TR_DORMITORY_AREA','4','DESCRIPTION','住宅区简介','STRING','','','','','Y','','C1-4','3','');
insert into column_val (xmlid, col_xmlid, dataname, col_seq, colname, colcnname, datatype, length, precision_val, party_seq, isprimarykey, isnullable, remark, filed_type_child, sensitive_level, policyid) values ('TR_DORMITORY_AREA','TR_DORMITORY_AREA_2017095','TR_DORMITORY_AREA','5','COORDINATE_SYSTEM','GPS信息的所属坐标系','STRING','','','','','Y','1 [百度坐标系] 
2 [Google地球坐标系]
3 [墨卡托坐标系]
4 [高德坐标系]。
如果"坐标点序列"字段已经填写坐标点，则该字段为必填，说明pionts的坐标系。','C1-4','3','');
insert into column_val (xmlid, col_xmlid, dataname, col_seq, colname, colcnname, datatype, length, precision_val, party_seq, isprimarykey, isnullable, remark, filed_type_child, sensitive_level, policyid) values ('TR_DORMITORY_AREA','TR_DORMITORY_AREA_2016106','TR_DORMITORY_AREA','6','branch','地市','STRING','','','1','','N','','','','');

insert into tablefile (xmlid, dbname, dataname, datacnname, state, cycletype, topiccode, extend_cfg, rightlevel, creater, curdutyer, eff_date, state_date, team_code, open_state, remark) values ('TS_E_GRP_BBOSS_ARCHIVE_TASKHIS_M','BD_B','TS_E_GRP_BBOSS_ARCHIVE_TASKHIS_M','STAGE_主办市订单订购关系同步日志表','NEW','month','LAYERI_IEVENT','{"EXTERNAL":"y","LOCATION":"/tenant/BIGDATA/JCFW/JRCL/BD_B/STAGE/TS_E_GRP_BBOSS_ARCHIVE_TASKHIS_M","FILEFORMAT":"PARQUET","DELIMITER":"&&"}','其他','谢英俊','谢英俊', TIMESTAMP '0009-09-17 12:00:00', TIMESTAMP '0009-09-17 12:00:00','f2999fd5-c34e-402e-9b28-fec9fca13044','','基础层-事件主题域');
insert into column_val (xmlid, col_xmlid, dataname, col_seq, colname, colcnname, datatype, length, precision_val, party_seq, isprimarykey, isnullable, remark, filed_type_child, sensitive_level, policyid) values ('TS_E_GRP_BBOSS_ARCHIVE_TASKHIS_M','TS_E_GRP_BBOSS_ARCHIVE_TASKHIS_M_2017091','TS_E_GRP_BBOSS_ARCHIVE_TASKHIS_M','1','STAT_MO','统计月份','INT','','','','1','N','','C1-2','3','');
insert into column_val (xmlid, col_xmlid, dataname, col_seq, colname, colcnname, datatype, length, precision_val, party_seq, isprimarykey, isnullable, remark, filed_type_child, sensitive_level, policyid) values ('TS_E_GRP_BBOSS_ARCHIVE_TASKHIS_M','TS_E_GRP_BBOSS_ARCHIVE_TASKHIS_M_2017092','TS_E_GRP_BBOSS_ARCHIVE_TASKHIS_M','2','BBOSS_ORDER_ID','外部订单号','STRING','','','','1','N','外部订单号  来自BBOSS','C1-2','3','');
insert into column_val (xmlid, col_xmlid, dataname, col_seq, colname, colcnname, datatype, length, precision_val, party_seq, isprimarykey, isnullable, remark, filed_type_child, sensitive_level, policyid) values ('TS_E_GRP_BBOSS_ARCHIVE_TASKHIS_M','TS_E_GRP_BBOSS_ARCHIVE_TASKHIS_M_2017093','TS_E_GRP_BBOSS_ARCHIVE_TASKHIS_M','3','SOURCE','来源','STRING','','','','','Y','状态 1 标识已处理成功、0标识未处理、99标识处理失败','C1-2','3','');
insert into column_val (xmlid, col_xmlid, dataname, col_seq, colname, colcnname, datatype, length, precision_val, party_seq, isprimarykey, isnullable, remark, filed_type_child, sensitive_level, policyid) values ('TS_E_GRP_BBOSS_ARCHIVE_TASKHIS_M','TS_E_GRP_BBOSS_ARCHIVE_TASKHIS_M_2017094','TS_E_GRP_BBOSS_ARCHIVE_TASKHIS_M','4','AREA_CD','订单受理的地区','STRING','','','','','Y','999-全省
200-广州
660-汕尾
662-阳江
663-揭阳
668-茂名
750-江门
751-韶关
752-惠州
753-梅州
754-汕头
755-深圳
756-珠海
757-佛山
758-肇庆
759-湛江
760-中山
762-河源
763-清远
766-云浮
768-潮州
769-东莞','C1-2','3','');
insert into column_val (xmlid, col_xmlid, dataname, col_seq, colname, colcnname, datatype, length, precision_val, party_seq, isprimarykey, isnullable, remark, filed_type_child, sensitive_level, policyid) values ('TS_E_GRP_BBOSS_ARCHIVE_TASKHIS_M','TS_E_GRP_BBOSS_ARCHIVE_TASKHIS_M_2017095','TS_E_GRP_BBOSS_ARCHIVE_TASKHIS_M','5','GROUP_ID','集团客户编码','STRING','','','','','Y','集团客户编码','C1-2','3','');
insert into column_val (xmlid, col_xmlid, dataname, col_seq, colname, colcnname, datatype, length, precision_val, party_seq, isprimarykey, isnullable, remark, filed_type_child, sensitive_level, policyid) values ('TS_E_GRP_BBOSS_ARCHIVE_TASKHIS_M','TS_E_GRP_BBOSS_ARCHIVE_TASKHIS_M_2017096','TS_E_GRP_BBOSS_ARCHIVE_TASKHIS_M','6','PRDCT_SPEC_CD','BBOSS商品规格','STRING','','','','','Y','BBOSS商品规格','C1-2','3','');
insert into column_val (xmlid, col_xmlid, dataname, col_seq, colname, colcnname, datatype, length, precision_val, party_seq, isprimarykey, isnullable, remark, filed_type_child, sensitive_level, policyid) values ('TS_E_GRP_BBOSS_ARCHIVE_TASKHIS_M','TS_E_GRP_BBOSS_ARCHIVE_TASKHIS_M_2017097','TS_E_GRP_BBOSS_ARCHIVE_TASKHIS_M','7','HOST_PROVINCE','主办省编码','STRING','','','','','Y','主办省编码','C1-2','3','');
insert into column_val (xmlid, col_xmlid, dataname, col_seq, colname, colcnname, datatype, length, precision_val, party_seq, isprimarykey, isnullable, remark, filed_type_child, sensitive_level, policyid) values ('TS_E_GRP_BBOSS_ARCHIVE_TASKHIS_M','TS_E_GRP_BBOSS_ARCHIVE_TASKHIS_M_2017098','TS_E_GRP_BBOSS_ARCHIVE_TASKHIS_M','8','ORDER_TYPE','操作类型','STRING','','','','','Y','操作类型','C1-2','3','');
insert into column_val (xmlid, col_xmlid, dataname, col_seq, colname, colcnname, datatype, length, precision_val, party_seq, isprimarykey, isnullable, remark, filed_type_child, sensitive_level, policyid) values ('TS_E_GRP_BBOSS_ARCHIVE_TASKHIS_M','TS_E_GRP_BBOSS_ARCHIVE_TASKHIS_M_2017099','TS_E_GRP_BBOSS_ARCHIVE_TASKHIS_M','9','BUSI_NESS_MODE','业务开展模式','STRING','','','','','Y','业务开展模式','C1-2','3','');
insert into column_val (xmlid, col_xmlid, dataname, col_seq, colname, colcnname, datatype, length, precision_val, party_seq, isprimarykey, isnullable, remark, filed_type_child, sensitive_level, policyid) values ('TS_E_GRP_BBOSS_ARCHIVE_TASKHIS_M','TS_E_GRP_BBOSS_ARCHIVE_TASKHIS_M_20170910','TS_E_GRP_BBOSS_ARCHIVE_TASKHIS_M','10','STS_CD','状态','STRING','','','','','Y','状态 1 标识已处理成功、0标识未处理、99标识处理失败、2标识表示处理中、3 表示处理失败','C1-2','3','');
insert into column_val (xmlid, col_xmlid, dataname, col_seq, colname, colcnname, datatype, length, precision_val, party_seq, isprimarykey, isnullable, remark, filed_type_child, sensitive_level, policyid) values ('TS_E_GRP_BBOSS_ARCHIVE_TASKHIS_M','TS_E_GRP_BBOSS_ARCHIVE_TASKHIS_M_20170911','TS_E_GRP_BBOSS_ARCHIVE_TASKHIS_M','11','STS_DT','状态日期','INT','','','','','Y','状态时间','C1-2','3','');
insert into column_val (xmlid, col_xmlid, dataname, col_seq, colname, colcnname, datatype, length, precision_val, party_seq, isprimarykey, isnullable, remark, filed_type_child, sensitive_level, policyid) values ('TS_E_GRP_BBOSS_ARCHIVE_TASKHIS_M','TS_E_GRP_BBOSS_ARCHIVE_TASKHIS_M_20170912','TS_E_GRP_BBOSS_ARCHIVE_TASKHIS_M','12','STS_TIM','状态时间','STRING','','','','','Y','','C1-2','3','');
insert into column_val (xmlid, col_xmlid, dataname, col_seq, colname, colcnname, datatype, length, precision_val, party_seq, isprimarykey, isnullable, remark, filed_type_child, sensitive_level, policyid) values ('TS_E_GRP_BBOSS_ARCHIVE_TASKHIS_M','TS_E_GRP_BBOSS_ARCHIVE_TASKHIS_M_20170913','TS_E_GRP_BBOSS_ARCHIVE_TASKHIS_M','13','ERR_MSG','异常信息','STRING','','','','','Y','异常信息(各个子受理单的处理信息)','C1-2','3','');
insert into column_val (xmlid, col_xmlid, dataname, col_seq, colname, colcnname, datatype, length, precision_val, party_seq, isprimarykey, isnullable, remark, filed_type_child, sensitive_level, policyid) values ('TS_E_GRP_BBOSS_ARCHIVE_TASKHIS_M','TS_E_GRP_BBOSS_ARCHIVE_TASKHIS_M_20170914','TS_E_GRP_BBOSS_ARCHIVE_TASKHIS_M','14','TASK_TYP','任务类型','STRING','','','','','Y','任务类型','C1-2','3','');
insert into column_val (xmlid, col_xmlid, dataname, col_seq, colname, colcnname, datatype, length, precision_val, party_seq, isprimarykey, isnullable, remark, filed_type_child, sensitive_level, policyid) values ('TS_E_GRP_BBOSS_ARCHIVE_TASKHIS_M','TS_E_GRP_BBOSS_ARCHIVE_TASKHIS_M_20170915','TS_E_GRP_BBOSS_ARCHIVE_TASKHIS_M','15','TRANSIDO','发起方交易流水号','STRING','','','','','Y','用于记录BBOSS发起业务信息','C1-2','3','');
insert into column_val (xmlid, col_xmlid, dataname, col_seq, colname, colcnname, datatype, length, precision_val, party_seq, isprimarykey, isnullable, remark, filed_type_child, sensitive_level, policyid) values ('TS_E_GRP_BBOSS_ARCHIVE_TASKHIS_M','TS_E_GRP_BBOSS_ARCHIVE_TASKHIS_M_20170916','TS_E_GRP_BBOSS_ARCHIVE_TASKHIS_M','16','TRANSIDH','归属方交易流水号','STRING','','','','','Y','用于记录BBOSS发起业务信息','C1-2','3','');
insert into column_val (xmlid, col_xmlid, dataname, col_seq, colname, colcnname, datatype, length, precision_val, party_seq, isprimarykey, isnullable, remark, filed_type_child, sensitive_level, policyid) values ('TS_E_GRP_BBOSS_ARCHIVE_TASKHIS_M','TS_E_GRP_BBOSS_ARCHIVE_TASKHIS_M_20170917','TS_E_GRP_BBOSS_ARCHIVE_TASKHIS_M','17','RSPN_CD','应答码','STRING','','','','','Y','用于记录BBOSS发起业务信息','C1-2','3','');
insert into column_val (xmlid, col_xmlid, dataname, col_seq, colname, colcnname, datatype, length, precision_val, party_seq, isprimarykey, isnullable, remark, filed_type_child, sensitive_level, policyid) values ('TS_E_GRP_BBOSS_ARCHIVE_TASKHIS_M','TS_E_GRP_BBOSS_ARCHIVE_TASKHIS_M_20170918','TS_E_GRP_BBOSS_ARCHIVE_TASKHIS_M','18','RSPN_DESC','应答描述','STRING','','','','','Y','用于记录BBOSS发起业务信息','C1-2','3','');
insert into column_val (xmlid, col_xmlid, dataname, col_seq, colname, colcnname, datatype, length, precision_val, party_seq, isprimarykey, isnullable, remark, filed_type_child, sensitive_level, policyid) values ('TS_E_GRP_BBOSS_ARCHIVE_TASKHIS_M','TS_E_GRP_BBOSS_ARCHIVE_TASKHIS_M_20161019','TS_E_GRP_BBOSS_ARCHIVE_TASKHIS_M','19','branch','地市','STRING','','','1','','N','','','','');
insert into column_val (xmlid, col_xmlid, dataname, col_seq, colname, colcnname, datatype, length, precision_val, party_seq, isprimarykey, isnullable, remark, filed_type_child, sensitive_level, policyid) values ('TS_E_GRP_BBOSS_ARCHIVE_TASKHIS_M','TS_E_GRP_BBOSS_ARCHIVE_TASKHIS_M_20161020','TS_E_GRP_BBOSS_ARCHIVE_TASKHIS_M','20','month','月份','INT','','','2','','N','','','','');

insert into tablefile (xmlid, dbname, dataname, datacnname, state, cycletype, topiccode, extend_cfg, rightlevel, creater, curdutyer, eff_date, state_date, team_code, open_state, remark) values ('TM_PRDCT_BUSI_HANDLE_D','DAY','TM_PRDCT_BUSI_HANDLE_D','DM_产品业务办理宽表','NEW','day','LAYERY_YMRKT','{"EXTERNAL":"y","LOCATION":"/tenant/BIGDATA/JCFW/BZMX/DAY/DM/TM_PRDCT_BUSI_HANDLE_D","FILEFORMAT":"PARQUET","DELIMITER":"\001"}','其他','谢英俊','谢英俊', TIMESTAMP '0008-02-17 12:00:00', TIMESTAMP '0008-02-17 12:00:00','5875519a-8ee1-4eb7-825b-ef1135513f02','','应用层-市场业务');
insert into column_val (xmlid, col_xmlid, dataname, col_seq, colname, colcnname, datatype, length, precision_val, party_seq, isprimarykey, isnullable, remark, filed_type_child, sensitive_level, policyid) values ('TM_PRDCT_BUSI_HANDLE_D','TM_PRDCT_BUSI_HANDLE_D_2017091','TM_PRDCT_BUSI_HANDLE_D','1','STAT_DT','日期','INT','','','','','N','','D2-2','2','');
insert into column_val (xmlid, col_xmlid, dataname, col_seq, colname, colcnname, datatype, length, precision_val, party_seq, isprimarykey, isnullable, remark, filed_type_child, sensitive_level, policyid) values ('TM_PRDCT_BUSI_HANDLE_D','TM_PRDCT_BUSI_HANDLE_D_2017092','TM_PRDCT_BUSI_HANDLE_D','2','CMCC_BRANCH_CD','地市编码','STRING','','','','','N','','D2-2','2','');
insert into column_val (xmlid, col_xmlid, dataname, col_seq, colname, colcnname, datatype, length, precision_val, party_seq, isprimarykey, isnullable, remark, filed_type_child, sensitive_level, policyid) values ('TM_PRDCT_BUSI_HANDLE_D','TM_PRDCT_BUSI_HANDLE_D_2017093','TM_PRDCT_BUSI_HANDLE_D','3','DIST_ID','区块编码','STRING','','','','','Y','匹配不到记“-”','D2-2','2','');
insert into column_val (xmlid, col_xmlid, dataname, col_seq, colname, colcnname, datatype, length, precision_val, party_seq, isprimarykey, isnullable, remark, filed_type_child, sensitive_level, policyid) values ('TM_PRDCT_BUSI_HANDLE_D','TM_PRDCT_BUSI_HANDLE_D_2017094','TM_PRDCT_BUSI_HANDLE_D','4','MICRODIST_ID','微区块编码','STRING','','','','','Y','匹配不到记“-”','D2-2','2','');
insert into column_val (xmlid, col_xmlid, dataname, col_seq, colname, colcnname, datatype, length, precision_val, party_seq, isprimarykey, isnullable, remark, filed_type_child, sensitive_level, policyid) values ('TM_PRDCT_BUSI_HANDLE_D','TM_PRDCT_BUSI_HANDLE_D_2017095','TM_PRDCT_BUSI_HANDLE_D','5','BUSI_USR_NBR','渠道经理','STRING','','','','','Y','目前只有社会渠道有，取业务手机号码。社会渠道匹配不到记“-”，其他非社会渠道记999999','D2-2','2','');
insert into column_val (xmlid, col_xmlid, dataname, col_seq, colname, colcnname, datatype, length, precision_val, party_seq, isprimarykey, isnullable, remark, filed_type_child, sensitive_level, policyid) values ('TM_PRDCT_BUSI_HANDLE_D','TM_PRDCT_BUSI_HANDLE_D_2017096','TM_PRDCT_BUSI_HANDLE_D','6','CHNL_STAR_LVL3_IND','是否三星级及以上渠道','STRING','','','','','Y','取值含义：0 否 1 是 999999 非CMOP有的渠道
（包括三星级及以上星级社会渠道、商圈社会渠道、自有渠道、引入合作商、带店加盟。）','D2-2','2','');
insert into column_val (xmlid, col_xmlid, dataname, col_seq, colname, colcnname, datatype, length, precision_val, party_seq, isprimarykey, isnullable, remark, filed_type_child, sensitive_level, policyid) values ('TM_PRDCT_BUSI_HANDLE_D','TM_PRDCT_BUSI_HANDLE_D_2017097','TM_PRDCT_BUSI_HANDLE_D','7','CHNL_CD','渠道编码','STRING','','','','','Y','匹配不到记“-”','D2-2','2','');
insert into column_val (xmlid, col_xmlid, dataname, col_seq, colname, colcnname, datatype, length, precision_val, party_seq, isprimarykey, isnullable, remark, filed_type_child, sensitive_level, policyid) values ('TM_PRDCT_BUSI_HANDLE_D','TM_PRDCT_BUSI_HANDLE_D_2017098','TM_PRDCT_BUSI_HANDLE_D','8','CHNL_STS_CD','渠道状态','STRING','','','','','Y','按CMOP的渠道状态，如非CMOP有的渠道记999999。','D2-2','2','');
insert into column_val (xmlid, col_xmlid, dataname, col_seq, colname, colcnname, datatype, length, precision_val, party_seq, isprimarykey, isnullable, remark, filed_type_child, sensitive_level, policyid) values ('TM_PRDCT_BUSI_HANDLE_D','TM_PRDCT_BUSI_HANDLE_D_2017099','TM_PRDCT_BUSI_HANDLE_D','9','ACCEPT_OPR_ID','工号编码','STRING','','','','','Y','','D2-2','2','');
insert into column_val (xmlid, col_xmlid, dataname, col_seq, colname, colcnname, datatype, length, precision_val, party_seq, isprimarykey, isnullable, remark, filed_type_child, sensitive_level, policyid) values ('TM_PRDCT_BUSI_HANDLE_D','TM_PRDCT_BUSI_HANDLE_D_20170910','TM_PRDCT_BUSI_HANDLE_D','10','BUSI_ACCEPT_NBR','受理号码','STRING','','','','','Y','','D2-2','2','PID_all');
insert into column_val (xmlid, col_xmlid, dataname, col_seq, colname, colcnname, datatype, length, precision_val, party_seq, isprimarykey, isnullable, remark, filed_type_child, sensitive_level, policyid) values ('TM_PRDCT_BUSI_HANDLE_D','TM_PRDCT_BUSI_HANDLE_D_20170911','TM_PRDCT_BUSI_HANDLE_D','11','ACCEPT_DT','受理日期','INT','','','','','Y','','D2-2','2','');
insert into column_val (xmlid, col_xmlid, dataname, col_seq, colname, colcnname, datatype, length, precision_val, party_seq, isprimarykey, isnullable, remark, filed_type_child, sensitive_level, policyid) values ('TM_PRDCT_BUSI_HANDLE_D','TM_PRDCT_BUSI_HANDLE_D_20170912','TM_PRDCT_BUSI_HANDLE_D','12','ACCEPT_TIM','受理时间','STRING','','','','','Y','','D2-2','2','');
insert into column_val (xmlid, col_xmlid, dataname, col_seq, colname, colcnname, datatype, length, precision_val, party_seq, isprimarykey, isnullable, remark, filed_type_child, sensitive_level, policyid) values ('TM_PRDCT_BUSI_HANDLE_D','TM_PRDCT_BUSI_HANDLE_D_20170913','TM_PRDCT_BUSI_HANDLE_D','13','BASS_PRDCT_CD','产品ID','STRING','','','','','Y','','D2-2','2','');
insert into column_val (xmlid, col_xmlid, dataname, col_seq, colname, colcnname, datatype, length, precision_val, party_seq, isprimarykey, isnullable, remark, filed_type_child, sensitive_level, policyid) values ('TM_PRDCT_BUSI_HANDLE_D','TM_PRDCT_BUSI_HANDLE_D_20170914','TM_PRDCT_BUSI_HANDLE_D','14','BASS_PRDCT_NAM','产品名称','STRING','','','','','Y','','D2-2','2','');
insert into column_val (xmlid, col_xmlid, dataname, col_seq, colname, colcnname, datatype, length, precision_val, party_seq, isprimarykey, isnullable, remark, filed_type_child, sensitive_level, policyid) values ('TM_PRDCT_BUSI_HANDLE_D','TM_PRDCT_BUSI_HANDLE_D_20170915','TM_PRDCT_BUSI_HANDLE_D','15','OPR_TYP','产品操作类型','STRING','','','','','Y','取值含义：
N 开通
M 变更','D2-2','2','');
insert into column_val (xmlid, col_xmlid, dataname, col_seq, colname, colcnname, datatype, length, precision_val, party_seq, isprimarykey, isnullable, remark, filed_type_child, sensitive_level, policyid) values ('TM_PRDCT_BUSI_HANDLE_D','TM_PRDCT_BUSI_HANDLE_D_20170916','TM_PRDCT_BUSI_HANDLE_D','16','WORKF_TYP_CD','工单业务类型编码','STRING','','','','','Y','','D2-2','2','');
insert into column_val (xmlid, col_xmlid, dataname, col_seq, colname, colcnname, datatype, length, precision_val, party_seq, isprimarykey, isnullable, remark, filed_type_child, sensitive_level, policyid) values ('TM_PRDCT_BUSI_HANDLE_D','TM_PRDCT_BUSI_HANDLE_D_20170917','TM_PRDCT_BUSI_HANDLE_D','17','MENU_ID','菜单ID','STRING','','','','','Y','','D2-2','2','');
insert into column_val (xmlid, col_xmlid, dataname, col_seq, colname, colcnname, datatype, length, precision_val, party_seq, isprimarykey, isnullable, remark, filed_type_child, sensitive_level, policyid) values ('TM_PRDCT_BUSI_HANDLE_D','TM_PRDCT_BUSI_HANDLE_D_20170918','TM_PRDCT_BUSI_HANDLE_D','18','IN_SYSTEM','接入系统','STRING','','','','','Y','','D2-2','2','');
insert into column_val (xmlid, col_xmlid, dataname, col_seq, colname, colcnname, datatype, length, precision_val, party_seq, isprimarykey, isnullable, remark, filed_type_child, sensitive_level, policyid) values ('TM_PRDCT_BUSI_HANDLE_D','TM_PRDCT_BUSI_HANDLE_D_20170919','TM_PRDCT_BUSI_HANDLE_D','19','ORDER_ID','订单编号','STRING','','','','','Y','','D2-2','2','');
insert into column_val (xmlid, col_xmlid, dataname, col_seq, colname, colcnname, datatype, length, precision_val, party_seq, isprimarykey, isnullable, remark, filed_type_child, sensitive_level, policyid) values ('TM_PRDCT_BUSI_HANDLE_D','TM_PRDCT_BUSI_HANDLE_D_20161020','TM_PRDCT_BUSI_HANDLE_D','20','branch','地市','STRING','','','1','','N','','','','');
insert into column_val (xmlid, col_xmlid, dataname, col_seq, colname, colcnname, datatype, length, precision_val, party_seq, isprimarykey, isnullable, remark, filed_type_child, sensitive_level, policyid) values ('TM_PRDCT_BUSI_HANDLE_D','TM_PRDCT_BUSI_HANDLE_D_20161021','TM_PRDCT_BUSI_HANDLE_D','21','month','月份','INT','','','2','','N','','','','');
insert into column_val (xmlid, col_xmlid, dataname, col_seq, colname, colcnname, datatype, length, precision_val, party_seq, isprimarykey, isnullable, remark, filed_type_child, sensitive_level, policyid) values ('TM_PRDCT_BUSI_HANDLE_D','TM_PRDCT_BUSI_HANDLE_D_20161022','TM_PRDCT_BUSI_HANDLE_D','22','day','日期','INT','','','3','','N','','','','');

insert into tablefile (xmlid, dbname, dataname, datacnname, state, cycletype, topiccode, extend_cfg, rightlevel, creater, curdutyer, eff_date, state_date, team_code, open_state, remark) values ('TO_R_ADDR_INF_D','BD_B','TO_R_ADDR_INF_D','ODS_标准地址日全量','NEW','day','LAYERI_IRES','{"EXTERNAL":"y","LOCATION":"/tenant/BIGDATA/JCFW/JRCL/BD_B/ODS/TO_R_ADDR_INF_D","FILEFORMAT":"PARQUET","DELIMITER":"&"}','其他','谢英俊','谢英俊', TIMESTAMP '0006-10-17 12:00:00', TIMESTAMP '0006-10-17 12:00:00','f2999fd5-c34e-402e-9b28-fec9fca13044','','基础层-资源主题域');
insert into column_val (xmlid, col_xmlid, dataname, col_seq, colname, colcnname, datatype, length, precision_val, party_seq, isprimarykey, isnullable, remark, filed_type_child, sensitive_level, policyid) values ('TO_R_ADDR_INF_D','TO_R_ADDR_INF_D_2017091','TO_R_ADDR_INF_D','1','ADDR_ID','地址ID','INT','','','','1','N','32596718','C1-4','3','');
insert into column_val (xmlid, col_xmlid, dataname, col_seq, colname, colcnname, datatype, length, precision_val, party_seq, isprimarykey, isnullable, remark, filed_type_child, sensitive_level, policyid) values ('TO_R_ADDR_INF_D','TO_R_ADDR_INF_D_2017092','TO_R_ADDR_INF_D','2','ADDR_NAM','本级地址名称','STRING','','','','','Y','197号','C1-4','3','');
insert into column_val (xmlid, col_xmlid, dataname, col_seq, colname, colcnname, datatype, length, precision_val, party_seq, isprimarykey, isnullable, remark, filed_type_child, sensitive_level, policyid) values ('TO_R_ADDR_INF_D','TO_R_ADDR_INF_D_2017093','TO_R_ADDR_INF_D','3','GRADE','地址级别','INT','','','','','Y','4','C1-4','3','');
insert into column_val (xmlid, col_xmlid, dataname, col_seq, colname, colcnname, datatype, length, precision_val, party_seq, isprimarykey, isnullable, remark, filed_type_child, sensitive_level, policyid) values ('TO_R_ADDR_INF_D','TO_R_ADDR_INF_D_2017094','TO_R_ADDR_INF_D','4','JP','　JP','STRING','','','','','Y','','C1-4','3','');
insert into column_val (xmlid, col_xmlid, dataname, col_seq, colname, colcnname, datatype, length, precision_val, party_seq, isprimarykey, isnullable, remark, filed_type_child, sensitive_level, policyid) values ('TO_R_ADDR_INF_D','TO_R_ADDR_INF_D_2017095','TO_R_ADDR_INF_D','5','WB','　WB','STRING','','','','','Y','','C1-4','3','');
insert into column_val (xmlid, col_xmlid, dataname, col_seq, colname, colcnname, datatype, length, precision_val, party_seq, isprimarykey, isnullable, remark, filed_type_child, sensitive_level, policyid) values ('TO_R_ADDR_INF_D','TO_R_ADDR_INF_D_2017096','TO_R_ADDR_INF_D','6','SUPER_ID','父级地址ID','INT','','','','','Y','1255656','C1-4','3','');
insert into column_val (xmlid, col_xmlid, dataname, col_seq, colname, colcnname, datatype, length, precision_val, party_seq, isprimarykey, isnullable, remark, filed_type_child, sensitive_level, policyid) values ('TO_R_ADDR_INF_D','TO_R_ADDR_INF_D_2017097','TO_R_ADDR_INF_D','7','ALIAS_ADDR','地址别名','STRING','','','','','Y','','C1-4','3','');
insert into column_val (xmlid, col_xmlid, dataname, col_seq, colname, colcnname, datatype, length, precision_val, party_seq, isprimarykey, isnullable, remark, filed_type_child, sensitive_level, policyid) values ('TO_R_ADDR_INF_D','TO_R_ADDR_INF_D_2017098','TO_R_ADDR_INF_D','8','OLD_ADDR','旧地址','INT','','','','','Y','','C1-4','3','');
insert into column_val (xmlid, col_xmlid, dataname, col_seq, colname, colcnname, datatype, length, precision_val, party_seq, isprimarykey, isnullable, remark, filed_type_child, sensitive_level, policyid) values ('TO_R_ADDR_INF_D','TO_R_ADDR_INF_D_2017099','TO_R_ADDR_INF_D','9','IS_CONFIRM','是否有效','INT','','','','','Y','1','C1-4','3','');
insert into column_val (xmlid, col_xmlid, dataname, col_seq, colname, colcnname, datatype, length, precision_val, party_seq, isprimarykey, isnullable, remark, filed_type_child, sensitive_level, policyid) values ('TO_R_ADDR_INF_D','TO_R_ADDR_INF_D_20170910','TO_R_ADDR_INF_D','10','ADDR','地址全称','STRING','','','','','Y','广州市越秀区站前路197号','C1-4','3','');
insert into column_val (xmlid, col_xmlid, dataname, col_seq, colname, colcnname, datatype, length, precision_val, party_seq, isprimarykey, isnullable, remark, filed_type_child, sensitive_level, policyid) values ('TO_R_ADDR_INF_D','TO_R_ADDR_INF_D_20170911','TO_R_ADDR_INF_D','11','ADDR_PY','ADDR_PY','STRING','','','','','Y','','C1-4','3','');
insert into column_val (xmlid, col_xmlid, dataname, col_seq, colname, colcnname, datatype, length, precision_val, party_seq, isprimarykey, isnullable, remark, filed_type_child, sensitive_level, policyid) values ('TO_R_ADDR_INF_D','TO_R_ADDR_INF_D_20170912','TO_R_ADDR_INF_D','12','ALIAS_ADDR_PY','ALIAS_ADDR_PY','STRING','','','','','Y','','C1-4','3','');
insert into column_val (xmlid, col_xmlid, dataname, col_seq, colname, colcnname, datatype, length, precision_val, party_seq, isprimarykey, isnullable, remark, filed_type_child, sensitive_level, policyid) values ('TO_R_ADDR_INF_D','TO_R_ADDR_INF_D_20170913','TO_R_ADDR_INF_D','13','CONFIRM_DATE','有效日期','STRING','','','','','Y','','C1-4','3','');
insert into column_val (xmlid, col_xmlid, dataname, col_seq, colname, colcnname, datatype, length, precision_val, party_seq, isprimarykey, isnullable, remark, filed_type_child, sensitive_level, policyid) values ('TO_R_ADDR_INF_D','TO_R_ADDR_INF_D_20170914','TO_R_ADDR_INF_D','14','CONFIRM_DATE2','有效日期2','STRING','','','','','Y','','C1-4','3','');
insert into column_val (xmlid, col_xmlid, dataname, col_seq, colname, colcnname, datatype, length, precision_val, party_seq, isprimarykey, isnullable, remark, filed_type_child, sensitive_level, policyid) values ('TO_R_ADDR_INF_D','TO_R_ADDR_INF_D_20170915','TO_R_ADDR_INF_D','15','AMEND','整理状态','SMALLINT','','','','','Y','(0,未整理;1,已整理)','C1-4','3','');
insert into column_val (xmlid, col_xmlid, dataname, col_seq, colname, colcnname, datatype, length, precision_val, party_seq, isprimarykey, isnullable, remark, filed_type_child, sensitive_level, policyid) values ('TO_R_ADDR_INF_D','TO_R_ADDR_INF_D_20170916','TO_R_ADDR_INF_D','16','RECDATE','受理时间','STRING','','','','','Y','','C1-4','3','');
insert into column_val (xmlid, col_xmlid, dataname, col_seq, colname, colcnname, datatype, length, precision_val, party_seq, isprimarykey, isnullable, remark, filed_type_child, sensitive_level, policyid) values ('TO_R_ADDR_INF_D','TO_R_ADDR_INF_D_20170917','TO_R_ADDR_INF_D','17','SUBDEP_NAME','SUBDEPNAME','STRING','','','','','Y','','C1-4','3','');
insert into column_val (xmlid, col_xmlid, dataname, col_seq, colname, colcnname, datatype, length, precision_val, party_seq, isprimarykey, isnullable, remark, filed_type_child, sensitive_level, policyid) values ('TO_R_ADDR_INF_D','TO_R_ADDR_INF_D_20170918','TO_R_ADDR_INF_D','18','SYSFLAG','SYSFLAG','SMALLINT','','','','','Y','','C1-4','3','');
insert into column_val (xmlid, col_xmlid, dataname, col_seq, colname, colcnname, datatype, length, precision_val, party_seq, isprimarykey, isnullable, remark, filed_type_child, sensitive_level, policyid) values ('TO_R_ADDR_INF_D','TO_R_ADDR_INF_D_20170919','TO_R_ADDR_INF_D','19','POSTNUMBER','邮政编码','STRING','','','','','Y','','C1-4','3','');
insert into column_val (xmlid, col_xmlid, dataname, col_seq, colname, colcnname, datatype, length, precision_val, party_seq, isprimarykey, isnullable, remark, filed_type_child, sensitive_level, policyid) values ('TO_R_ADDR_INF_D','TO_R_ADDR_INF_D_20170920','TO_R_ADDR_INF_D','20','STYPE','STYPE','STRING','','','','','Y','','C1-4','3','');
insert into column_val (xmlid, col_xmlid, dataname, col_seq, colname, colcnname, datatype, length, precision_val, party_seq, isprimarykey, isnullable, remark, filed_type_child, sensitive_level, policyid) values ('TO_R_ADDR_INF_D','TO_R_ADDR_INF_D_20170921','TO_R_ADDR_INF_D','21','NUM','NUM','STRING','','','','','Y','','C1-4','3','');
insert into column_val (xmlid, col_xmlid, dataname, col_seq, colname, colcnname, datatype, length, precision_val, party_seq, isprimarykey, isnullable, remark, filed_type_child, sensitive_level, policyid) values ('TO_R_ADDR_INF_D','TO_R_ADDR_INF_D_20170922','TO_R_ADDR_INF_D','22','TAG','TAG','INT','','','','','Y','','C1-4','3','');
insert into column_val (xmlid, col_xmlid, dataname, col_seq, colname, colcnname, datatype, length, precision_val, party_seq, isprimarykey, isnullable, remark, filed_type_child, sensitive_level, policyid) values ('TO_R_ADDR_INF_D','TO_R_ADDR_INF_D_20170923','TO_R_ADDR_INF_D','23','IBSS_ADDR_ID','IBSSADDRID','INT','','','','','Y','','C1-4','3','');
insert into column_val (xmlid, col_xmlid, dataname, col_seq, colname, colcnname, datatype, length, precision_val, party_seq, isprimarykey, isnullable, remark, filed_type_child, sensitive_level, policyid) values ('TO_R_ADDR_INF_D','TO_R_ADDR_INF_D_20170924','TO_R_ADDR_INF_D','24','IBSEND','IBSEND','INT','','','','','Y','','C1-4','3','');
insert into column_val (xmlid, col_xmlid, dataname, col_seq, colname, colcnname, datatype, length, precision_val, party_seq, isprimarykey, isnullable, remark, filed_type_child, sensitive_level, policyid) values ('TO_R_ADDR_INF_D','TO_R_ADDR_INF_D_20170925','TO_R_ADDR_INF_D','25','OLD_PARENTID','OLD_PARENTID','INT','','','','','Y','','C1-4','3','');
insert into column_val (xmlid, col_xmlid, dataname, col_seq, colname, colcnname, datatype, length, precision_val, party_seq, isprimarykey, isnullable, remark, filed_type_child, sensitive_level, policyid) values ('TO_R_ADDR_INF_D','TO_R_ADDR_INF_D_20170926','TO_R_ADDR_INF_D','26','SPLIT_FLAGC','SPLIT_FLAGC','INT','','','','','Y','','C1-4','3','');
insert into column_val (xmlid, col_xmlid, dataname, col_seq, colname, colcnname, datatype, length, precision_val, party_seq, isprimarykey, isnullable, remark, filed_type_child, sensitive_level, policyid) values ('TO_R_ADDR_INF_D','TO_R_ADDR_INF_D_20170927','TO_R_ADDR_INF_D','27','SPLIT_FLAG','SPLIT_FLAG','INT','','','','','Y','','C1-4','3','');
insert into column_val (xmlid, col_xmlid, dataname, col_seq, colname, colcnname, datatype, length, precision_val, party_seq, isprimarykey, isnullable, remark, filed_type_child, sensitive_level, policyid) values ('TO_R_ADDR_INF_D','TO_R_ADDR_INF_D_20170928','TO_R_ADDR_INF_D','28','ADDRTYPE','ADDRTYPE','INT','','','','','Y','','C1-4','3','');
insert into column_val (xmlid, col_xmlid, dataname, col_seq, colname, colcnname, datatype, length, precision_val, party_seq, isprimarykey, isnullable, remark, filed_type_child, sensitive_level, policyid) values ('TO_R_ADDR_INF_D','TO_R_ADDR_INF_D_20170929','TO_R_ADDR_INF_D','29','REGIONID','地市ID','INT','','','','','Y','200','C1-4','3','');
insert into column_val (xmlid, col_xmlid, dataname, col_seq, colname, colcnname, datatype, length, precision_val, party_seq, isprimarykey, isnullable, remark, filed_type_child, sensitive_level, policyid) values ('TO_R_ADDR_INF_D','TO_R_ADDR_INF_D_20170930','TO_R_ADDR_INF_D','30','IMPORTFLAG','导入批次','STRING','','','','','Y','2.01303E+13','C1-4','3','');
insert into column_val (xmlid, col_xmlid, dataname, col_seq, colname, colcnname, datatype, length, precision_val, party_seq, isprimarykey, isnullable, remark, filed_type_child, sensitive_level, policyid) values ('TO_R_ADDR_INF_D','TO_R_ADDR_INF_D_20170931','TO_R_ADDR_INF_D','31','INTSID1','第一级','STRING','','','','','Y','广州市','C1-4','3','');
insert into column_val (xmlid, col_xmlid, dataname, col_seq, colname, colcnname, datatype, length, precision_val, party_seq, isprimarykey, isnullable, remark, filed_type_child, sensitive_level, policyid) values ('TO_R_ADDR_INF_D','TO_R_ADDR_INF_D_20170932','TO_R_ADDR_INF_D','32','INTSID2','第二级','STRING','','','','','Y','越秀区','C1-4','3','');
insert into column_val (xmlid, col_xmlid, dataname, col_seq, colname, colcnname, datatype, length, precision_val, party_seq, isprimarykey, isnullable, remark, filed_type_child, sensitive_level, policyid) values ('TO_R_ADDR_INF_D','TO_R_ADDR_INF_D_20170933','TO_R_ADDR_INF_D','33','INTSID3','第三级','STRING','','','','','Y','站前路','C1-4','3','');
insert into column_val (xmlid, col_xmlid, dataname, col_seq, colname, colcnname, datatype, length, precision_val, party_seq, isprimarykey, isnullable, remark, filed_type_child, sensitive_level, policyid) values ('TO_R_ADDR_INF_D','TO_R_ADDR_INF_D_20170934','TO_R_ADDR_INF_D','34','INTSID4','第四级','STRING','','','','','Y','197号','C1-4','3','');
insert into column_val (xmlid, col_xmlid, dataname, col_seq, colname, colcnname, datatype, length, precision_val, party_seq, isprimarykey, isnullable, remark, filed_type_child, sensitive_level, policyid) values ('TO_R_ADDR_INF_D','TO_R_ADDR_INF_D_20170935','TO_R_ADDR_INF_D','35','INTSID5','第五级','STRING','','','','','Y','','C1-4','3','');
insert into column_val (xmlid, col_xmlid, dataname, col_seq, colname, colcnname, datatype, length, precision_val, party_seq, isprimarykey, isnullable, remark, filed_type_child, sensitive_level, policyid) values ('TO_R_ADDR_INF_D','TO_R_ADDR_INF_D_20170936','TO_R_ADDR_INF_D','36','INTSID6','第六级','STRING','','','','','Y','','C1-4','3','');
insert into column_val (xmlid, col_xmlid, dataname, col_seq, colname, colcnname, datatype, length, precision_val, party_seq, isprimarykey, isnullable, remark, filed_type_child, sensitive_level, policyid) values ('TO_R_ADDR_INF_D','TO_R_ADDR_INF_D_20170937','TO_R_ADDR_INF_D','37','INTSID7','第七级','STRING','','','','','Y','','C1-4','3','');
insert into column_val (xmlid, col_xmlid, dataname, col_seq, colname, colcnname, datatype, length, precision_val, party_seq, isprimarykey, isnullable, remark, filed_type_child, sensitive_level, policyid) values ('TO_R_ADDR_INF_D','TO_R_ADDR_INF_D_20170938','TO_R_ADDR_INF_D','38','ADDR_TYPE_EX','ADDRTYPEEX','INT','','','','','Y','','C1-4','3','');
insert into column_val (xmlid, col_xmlid, dataname, col_seq, colname, colcnname, datatype, length, precision_val, party_seq, isprimarykey, isnullable, remark, filed_type_child, sensitive_level, policyid) values ('TO_R_ADDR_INF_D','TO_R_ADDR_INF_D_20170939','TO_R_ADDR_INF_D','39','ADDR_TYPE_EX_2','ADDRTYPEEX_2','INT','','','','','Y','','C1-4','3','');
insert into column_val (xmlid, col_xmlid, dataname, col_seq, colname, colcnname, datatype, length, precision_val, party_seq, isprimarykey, isnullable, remark, filed_type_child, sensitive_level, policyid) values ('TO_R_ADDR_INF_D','TO_R_ADDR_INF_D_20170940','TO_R_ADDR_INF_D','40','GREEN_LABEL','GREEN_LABEL','INT','','','','','Y','','C1-4','3','');
insert into column_val (xmlid, col_xmlid, dataname, col_seq, colname, colcnname, datatype, length, precision_val, party_seq, isprimarykey, isnullable, remark, filed_type_child, sensitive_level, policyid) values ('TO_R_ADDR_INF_D','TO_R_ADDR_INF_D_20170941','TO_R_ADDR_INF_D','41','GRADE3ID','GRADE3ID','INT','','','','','Y','','C1-4','3','');
insert into column_val (xmlid, col_xmlid, dataname, col_seq, colname, colcnname, datatype, length, precision_val, party_seq, isprimarykey, isnullable, remark, filed_type_child, sensitive_level, policyid) values ('TO_R_ADDR_INF_D','TO_R_ADDR_INF_D_20170942','TO_R_ADDR_INF_D','42','LONGITUDE','经度','STRING','','','','','Y','113.253285','C1-4','3','PID_all');
insert into column_val (xmlid, col_xmlid, dataname, col_seq, colname, colcnname, datatype, length, precision_val, party_seq, isprimarykey, isnullable, remark, filed_type_child, sensitive_level, policyid) values ('TO_R_ADDR_INF_D','TO_R_ADDR_INF_D_20170943','TO_R_ADDR_INF_D','43','LATITUDE','纬度','STRING','','','','','Y','23.145451','C1-4','3','PID_all');
insert into column_val (xmlid, col_xmlid, dataname, col_seq, colname, colcnname, datatype, length, precision_val, party_seq, isprimarykey, isnullable, remark, filed_type_child, sensitive_level, policyid) values ('TO_R_ADDR_INF_D','TO_R_ADDR_INF_D_20170944','TO_R_ADDR_INF_D','44','BELONG_CELL_ID','所属小区','STRING','','','','','Y','','C1-4','3','');
insert into column_val (xmlid, col_xmlid, dataname, col_seq, colname, colcnname, datatype, length, precision_val, party_seq, isprimarykey, isnullable, remark, filed_type_child, sensitive_level, policyid) values ('TO_R_ADDR_INF_D','TO_R_ADDR_INF_D_20170945','TO_R_ADDR_INF_D','45','RES_TYP_CD','资源类型','SMALLINT','','','','','Y','　(1:自建宽带、2:广电宽带 （局端合作）、3:广电宽带 （末端合作）、5:第三方合作、6:第三方合作（客服服务）、9:铁通ADSL改造)','C1-4','3','');
insert into column_val (xmlid, col_xmlid, dataname, col_seq, colname, colcnname, datatype, length, precision_val, party_seq, isprimarykey, isnullable, remark, filed_type_child, sensitive_level, policyid) values ('TO_R_ADDR_INF_D','TO_R_ADDR_INF_D_20170946','TO_R_ADDR_INF_D','46','BS_TYP','楼宇类型','SMALLINT','','','','','Y','　(1、家庭楼宇 2、商业楼宇)','C1-4','3','');
insert into column_val (xmlid, col_xmlid, dataname, col_seq, colname, colcnname, datatype, length, precision_val, party_seq, isprimarykey, isnullable, remark, filed_type_child, sensitive_level, policyid) values ('TO_R_ADDR_INF_D','TO_R_ADDR_INF_D_20170947','TO_R_ADDR_INF_D','47','THRD_NAM','第三方名称','STRING','','','','','Y','','C1-4','3','');
insert into column_val (xmlid, col_xmlid, dataname, col_seq, colname, colcnname, datatype, length, precision_val, party_seq, isprimarykey, isnullable, remark, filed_type_child, sensitive_level, policyid) values ('TO_R_ADDR_INF_D','TO_R_ADDR_INF_D_20170948','TO_R_ADDR_INF_D','48','THIRD_NBR','第三方联系方式','STRING','','','','','Y','','C1-4','3','');
insert into column_val (xmlid, col_xmlid, dataname, col_seq, colname, colcnname, datatype, length, precision_val, party_seq, isprimarykey, isnullable, remark, filed_type_child, sensitive_level, policyid) values ('TO_R_ADDR_INF_D','TO_R_ADDR_INF_D_20170949','TO_R_ADDR_INF_D','49','PICTURE_LINK','图片链接','STRING','','','','','Y','','C1-4','3','');
insert into column_val (xmlid, col_xmlid, dataname, col_seq, colname, colcnname, datatype, length, precision_val, party_seq, isprimarykey, isnullable, remark, filed_type_child, sensitive_level, policyid) values ('TO_R_ADDR_INF_D','TO_R_ADDR_INF_D_20170950','TO_R_ADDR_INF_D','50','ADDR_SOURCE','地址来源','INT','','','','','Y','　集客预覆盖流程（3）、家客预覆盖流程（4）、集客开通流程（2，esop变更为该枚举值）、资源呈现系统（1，可视化变更为该枚举值）','C1-4','3','');
insert into column_val (xmlid, col_xmlid, dataname, col_seq, colname, colcnname, datatype, length, precision_val, party_seq, isprimarykey, isnullable, remark, filed_type_child, sensitive_level, policyid) values ('TO_R_ADDR_INF_D','TO_R_ADDR_INF_D_20170951','TO_R_ADDR_INF_D','51','STATUS','状态','INT','','','','','Y','　(1,资源录入;2,已建设楼宇;3,已开业务)','C1-4','3','');
insert into column_val (xmlid, col_xmlid, dataname, col_seq, colname, colcnname, datatype, length, precision_val, party_seq, isprimarykey, isnullable, remark, filed_type_child, sensitive_level, policyid) values ('TO_R_ADDR_INF_D','TO_R_ADDR_INF_D_20170952','TO_R_ADDR_INF_D','52','HCOVERMODE','覆盖场景','INT','','','','','Y','　商务楼宇（1、 高价值写字楼，2、 普通写字楼，3、 专业市场，4、 机关单位、大企业、星级酒店，5、 学校、厂区、医院、政府办公区，6、 工业园厂区）家庭楼宇（7、住宅小区，8、城中村，9、独栋楼宇，10、沿街商铺，11、农村）','C1-4','3','');
insert into column_val (xmlid, col_xmlid, dataname, col_seq, colname, colcnname, datatype, length, precision_val, party_seq, isprimarykey, isnullable, remark, filed_type_child, sensitive_level, policyid) values ('TO_R_ADDR_INF_D','TO_R_ADDR_INF_D_20170953','TO_R_ADDR_INF_D','53','REMARKS','备注','STRING','','','','','Y','','C1-4','3','');
insert into column_val (xmlid, col_xmlid, dataname, col_seq, colname, colcnname, datatype, length, precision_val, party_seq, isprimarykey, isnullable, remark, filed_type_child, sensitive_level, policyid) values ('TO_R_ADDR_INF_D','TO_R_ADDR_INF_D_20170954','TO_R_ADDR_INF_D','54','SHIELD_OPEN_SERVICE','屏蔽开通业务','STRING','','','','','Y','（是/否，默认为否）','C1-4','3','');
insert into column_val (xmlid, col_xmlid, dataname, col_seq, colname, colcnname, datatype, length, precision_val, party_seq, isprimarykey, isnullable, remark, filed_type_child, sensitive_level, policyid) values ('TO_R_ADDR_INF_D','TO_R_ADDR_INF_D_20170955','TO_R_ADDR_INF_D','55','CN_WAY','接入方式','STRING','','','','','Y','FTTH、FTTB','C1-4','3','');
insert into column_val (xmlid, col_xmlid, dataname, col_seq, colname, colcnname, datatype, length, precision_val, party_seq, isprimarykey, isnullable, remark, filed_type_child, sensitive_level, policyid) values ('TO_R_ADDR_INF_D','TO_R_ADDR_INF_D_20170956','TO_R_ADDR_INF_D','56','REGION_ATTRI','地域属性','INT','','','','','Y','','C1-4','3','');
insert into column_val (xmlid, col_xmlid, dataname, col_seq, colname, colcnname, datatype, length, precision_val, party_seq, isprimarykey, isnullable, remark, filed_type_child, sensitive_level, policyid) values ('TO_R_ADDR_INF_D','TO_R_ADDR_INF_D_20170957','TO_R_ADDR_INF_D','57','CMCC_BRANCH_CD','地市编码','STRING','','','','','Y','示例：GZ','C1-4','3','');
insert into column_val (xmlid, col_xmlid, dataname, col_seq, colname, colcnname, datatype, length, precision_val, party_seq, isprimarykey, isnullable, remark, filed_type_child, sensitive_level, policyid) values ('TO_R_ADDR_INF_D','TO_R_ADDR_INF_D_20161058','TO_R_ADDR_INF_D','58','branch','地市','STRING','','','1','','N','','','','');

insert into tablefile (xmlid, dbname, dataname, datacnname, state, cycletype, topiccode, extend_cfg, rightlevel, creater, curdutyer, eff_date, state_date, team_code, open_state, remark) values ('TO_R_CRM_ELCTR_RECORD_DATA_M','BD_B','TO_R_CRM_ELCTR_RECORD_DATA_M','ODS_和包电子券发放记录','NEW','month','LAYERI_IRES','{"EXTERNAL":"y","LOCATION":"/tenant/BIGDATA/JCFW/JRCL/BD_B/ODS/TO_R_CRM_ELCTR_RECORD_DATA_M","FILEFORMAT":"PARQUET","DELIMITER":"@#$"}','其他','谢英俊','谢英俊', TIMESTAMP '0008-05-17 12:00:00', TIMESTAMP '0008-05-17 12:00:00','f2999fd5-c34e-402e-9b28-fec9fca13044','','基础层-资源主题域');
insert into column_val (xmlid, col_xmlid, dataname, col_seq, colname, colcnname, datatype, length, precision_val, party_seq, isprimarykey, isnullable, remark, filed_type_child, sensitive_level, policyid) values ('TO_R_CRM_ELCTR_RECORD_DATA_M','TO_R_CRM_ELCTR_RECORD_DATA_M_2017091','TO_R_CRM_ELCTR_RECORD_DATA_M','1','STAT_MO','统计月份','INT','','','','','N','','D2-2','2','');
insert into column_val (xmlid, col_xmlid, dataname, col_seq, colname, colcnname, datatype, length, precision_val, party_seq, isprimarykey, isnullable, remark, filed_type_child, sensitive_level, policyid) values ('TO_R_CRM_ELCTR_RECORD_DATA_M','TO_R_CRM_ELCTR_RECORD_DATA_M_2017092','TO_R_CRM_ELCTR_RECORD_DATA_M','2','ORDR_SEQ','和包订单号','STRING','','','','','N','交易流水号','D2-2','2','');
insert into column_val (xmlid, col_xmlid, dataname, col_seq, colname, colcnname, datatype, length, precision_val, party_seq, isprimarykey, isnullable, remark, filed_type_child, sensitive_level, policyid) values ('TO_R_CRM_ELCTR_RECORD_DATA_M','TO_R_CRM_ELCTR_RECORD_DATA_M_2017094','TO_R_CRM_ELCTR_RECORD_DATA_M','4','TRADE_OPR_TYP','交易类型','STRING','','','','','N','发放,下单,支付','D2-2','2','');
insert into column_val (xmlid, col_xmlid, dataname, col_seq, colname, colcnname, datatype, length, precision_val, party_seq, isprimarykey, isnullable, remark, filed_type_child, sensitive_level, policyid) values ('TO_R_CRM_ELCTR_RECORD_DATA_M','TO_R_CRM_ELCTR_RECORD_DATA_M_2017095','TO_R_CRM_ELCTR_RECORD_DATA_M','5','OPR_DT','操作日期','INT','','','','','N','','D2-2','2','');
insert into column_val (xmlid, col_xmlid, dataname, col_seq, colname, colcnname, datatype, length, precision_val, party_seq, isprimarykey, isnullable, remark, filed_type_child, sensitive_level, policyid) values ('TO_R_CRM_ELCTR_RECORD_DATA_M','TO_R_CRM_ELCTR_RECORD_DATA_M_2017096','TO_R_CRM_ELCTR_RECORD_DATA_M','6','OPR_TIM','操作时间','STRING','','','','','N','','D2-2','2','');
insert into column_val (xmlid, col_xmlid, dataname, col_seq, colname, colcnname, datatype, length, precision_val, party_seq, isprimarykey, isnullable, remark, filed_type_child, sensitive_level, policyid) values ('TO_R_CRM_ELCTR_RECORD_DATA_M','TO_R_CRM_ELCTR_RECORD_DATA_M_20170915','TO_R_CRM_ELCTR_RECORD_DATA_M','15','ORDER_STS_CD','订单状态','STRING','','','','','N','回退,成功','D2-2','2','');
insert into column_val (xmlid, col_xmlid, dataname, col_seq, colname, colcnname, datatype, length, precision_val, party_seq, isprimarykey, isnullable, remark, filed_type_child, sensitive_level, policyid) values ('TO_R_CRM_ELCTR_RECORD_DATA_M','TO_R_CRM_ELCTR_RECORD_DATA_M_2017093','TO_R_CRM_ELCTR_RECORD_DATA_M','3','BATCH_NO','批次号','STRING','','','','','Y','电子券活动批次','D2-2','2','');
insert into column_val (xmlid, col_xmlid, dataname, col_seq, colname, colcnname, datatype, length, precision_val, party_seq, isprimarykey, isnullable, remark, filed_type_child, sensitive_level, policyid) values ('TO_R_CRM_ELCTR_RECORD_DATA_M','TO_R_CRM_ELCTR_RECORD_DATA_M_2017097','TO_R_CRM_ELCTR_RECORD_DATA_M','7','OPR_FEE','操作金额','DECIMAL','20','2','','','Y','','D2-2','2','');
insert into column_val (xmlid, col_xmlid, dataname, col_seq, colname, colcnname, datatype, length, precision_val, party_seq, isprimarykey, isnullable, remark, filed_type_child, sensitive_level, policyid) values ('TO_R_CRM_ELCTR_RECORD_DATA_M','TO_R_CRM_ELCTR_RECORD_DATA_M_2017098','TO_R_CRM_ELCTR_RECORD_DATA_M','8','USR_NBR','服务号码','STRING','','','','','Y','','A1-2','3','PID_all');
insert into column_val (xmlid, col_xmlid, dataname, col_seq, colname, colcnname, datatype, length, precision_val, party_seq, isprimarykey, isnullable, remark, filed_type_child, sensitive_level, policyid) values ('TO_R_CRM_ELCTR_RECORD_DATA_M','TO_R_CRM_ELCTR_RECORD_DATA_M_2017099','TO_R_CRM_ELCTR_RECORD_DATA_M','9','IMEI','IMEI','STRING','','','','','Y','电子券归属IMEI','D2-2','2','PID_9star');
insert into column_val (xmlid, col_xmlid, dataname, col_seq, colname, colcnname, datatype, length, precision_val, party_seq, isprimarykey, isnullable, remark, filed_type_child, sensitive_level, policyid) values ('TO_R_CRM_ELCTR_RECORD_DATA_M','TO_R_CRM_ELCTR_RECORD_DATA_M_20170910','TO_R_CRM_ELCTR_RECORD_DATA_M','10','OPR_CHNL_ID','接入方式','STRING','','','','','Y','操作渠道标识','D2-2','2','');
insert into column_val (xmlid, col_xmlid, dataname, col_seq, colname, colcnname, datatype, length, precision_val, party_seq, isprimarykey, isnullable, remark, filed_type_child, sensitive_level, policyid) values ('TO_R_CRM_ELCTR_RECORD_DATA_M','TO_R_CRM_ELCTR_RECORD_DATA_M_20170911','TO_R_CRM_ELCTR_RECORD_DATA_M','11','CMCC_BRANCH_NAM','操作地市','STRING','','','','','Y',' 如：广州、深圳','D2-2','2','');
insert into column_val (xmlid, col_xmlid, dataname, col_seq, colname, colcnname, datatype, length, precision_val, party_seq, isprimarykey, isnullable, remark, filed_type_child, sensitive_level, policyid) values ('TO_R_CRM_ELCTR_RECORD_DATA_M','TO_R_CRM_ELCTR_RECORD_DATA_M_20170912','TO_R_CRM_ELCTR_RECORD_DATA_M','12','MARK_PLAN_CD','产品编码','STRING','','','','','Y','营销案编码','D2-2','2','');
insert into column_val (xmlid, col_xmlid, dataname, col_seq, colname, colcnname, datatype, length, precision_val, party_seq, isprimarykey, isnullable, remark, filed_type_child, sensitive_level, policyid) values ('TO_R_CRM_ELCTR_RECORD_DATA_M','TO_R_CRM_ELCTR_RECORD_DATA_M_20170913','TO_R_CRM_ELCTR_RECORD_DATA_M','13','MARK_PLAN_NAM','产品名称','STRING','','','','','Y','营销案名称','D2-2','2','');
insert into column_val (xmlid, col_xmlid, dataname, col_seq, colname, colcnname, datatype, length, precision_val, party_seq, isprimarykey, isnullable, remark, filed_type_child, sensitive_level, policyid) values ('TO_R_CRM_ELCTR_RECORD_DATA_M','TO_R_CRM_ELCTR_RECORD_DATA_M_20170914','TO_R_CRM_ELCTR_RECORD_DATA_M','14','OPR_CODE','操作员工号','STRING','','','','','Y','操作员工标识','D2-2','2','');
insert into column_val (xmlid, col_xmlid, dataname, col_seq, colname, colcnname, datatype, length, precision_val, party_seq, isprimarykey, isnullable, remark, filed_type_child, sensitive_level, policyid) values ('TO_R_CRM_ELCTR_RECORD_DATA_M','TO_R_CRM_ELCTR_RECORD_DATA_M_20170916','TO_R_CRM_ELCTR_RECORD_DATA_M','16','CMCC_BRANCH_CD','地市编码','STRING','','','','','Y','','D2-2','2','');
insert into column_val (xmlid, col_xmlid, dataname, col_seq, colname, colcnname, datatype, length, precision_val, party_seq, isprimarykey, isnullable, remark, filed_type_child, sensitive_level, policyid) values ('TO_R_CRM_ELCTR_RECORD_DATA_M','TO_R_CRM_ELCTR_RECORD_DATA_M_20170917','TO_R_CRM_ELCTR_RECORD_DATA_M','17','ELCTR_OBT_TYP','电子券获取方式','STRING','','','','','Y','0：和包购机:1：积分兑换和包,2：赠送和包','D1-4','4','');
insert into column_val (xmlid, col_xmlid, dataname, col_seq, colname, colcnname, datatype, length, precision_val, party_seq, isprimarykey, isnullable, remark, filed_type_child, sensitive_level, policyid) values ('TO_R_CRM_ELCTR_RECORD_DATA_M','TO_R_CRM_ELCTR_RECORD_DATA_M_20161018','TO_R_CRM_ELCTR_RECORD_DATA_M','18','branch','地市','STRING','','','1','','N','','','','');
insert into column_val (xmlid, col_xmlid, dataname, col_seq, colname, colcnname, datatype, length, precision_val, party_seq, isprimarykey, isnullable, remark, filed_type_child, sensitive_level, policyid) values ('TO_R_CRM_ELCTR_RECORD_DATA_M','TO_R_CRM_ELCTR_RECORD_DATA_M_20161019','TO_R_CRM_ELCTR_RECORD_DATA_M','19','month','月份','INT','','','2','','N','','','','');

insert into tablefile (xmlid, dbname, dataname, datacnname, state, cycletype, topiccode, extend_cfg, rightlevel, creater, curdutyer, eff_date, state_date, team_code, open_state, remark) values ('TR_NB_GPRS_PRDCT_20161017','GD_OTH','TR_NB_GPRS_PRDCT','REF_M_GPRS产品信息维表','NEW','other','LAYERW','{"EXTERNAL":"y","LOCATION":"/tenant/BIGDATA/JCFW/GDXQ/GD_OTH/REF/TR_NB_GPRS_PRDCT","FILEFORMAT":"TEXTFILE","DELIMITER":","}','其他','谢英俊','谢英俊', TIMESTAMP '2016-07-11 12:00:00', TIMESTAMP '2016-07-11 12:00:00','4269a239-4b22-4357-8f0a-28aa39ae0c67','','维表层');
insert into column_val (xmlid, col_xmlid, dataname, col_seq, colname, colcnname, datatype, length, precision_val, party_seq, isprimarykey, isnullable, remark, filed_type_child, sensitive_level, policyid) values ('TR_NB_GPRS_PRDCT_20161017','TR_NB_GPRS_PRDCT_2017091','TR_NB_GPRS_PRDCT','1','BASS_PRDCT_CD','产品编码','STRING','','','','1','N','填NG的产品编码自定义的套餐（如日套餐）填自定义产品编码','D2-3','1','');
insert into column_val (xmlid, col_xmlid, dataname, col_seq, colname, colcnname, datatype, length, precision_val, party_seq, isprimarykey, isnullable, remark, filed_type_child, sensitive_level, policyid) values ('TR_NB_GPRS_PRDCT_20161017','TR_NB_GPRS_PRDCT_2017092','TR_NB_GPRS_PRDCT','2','BASS_PRDCT_NAM','产品名称','STRING','','','','','Y','','D2-3','1','');
insert into column_val (xmlid, col_xmlid, dataname, col_seq, colname, colcnname, datatype, length, precision_val, party_seq, isprimarykey, isnullable, remark, filed_type_child, sensitive_level, policyid) values ('TR_NB_GPRS_PRDCT_20161017','TR_NB_GPRS_PRDCT_2017093','TR_NB_GPRS_PRDCT','3','PKG_KIND_CD','流量套餐分类编码','SMALLINT','','','','','Y','10:融合套餐11:流量套卡12:标准套餐13:叠加包---14:全球通流量品牌套餐,SR201503240007001删除归入1015:4G无线宽带16:其他流量品牌套餐17:流量共享套餐18:流量转赠套餐19:流量充值卡20:流量红包21:其它流量套餐22:集团流量套餐23流量保障服务产品24:4G上网卡25:0元体验包26.加量不加价优惠方案27.家庭宽带--V16.3版本从极光宽带改为家庭宽带 28:差价升档优惠方案
29:大流量优惠包
注意：分类编码12+分类编码29 = 全量标准套餐','D2-3','1','');
insert into column_val (xmlid, col_xmlid, dataname, col_seq, colname, colcnname, datatype, length, precision_val, party_seq, isprimarykey, isnullable, remark, filed_type_child, sensitive_level, policyid) values ('TR_NB_GPRS_PRDCT_20161017','TR_NB_GPRS_PRDCT_2017094','TR_NB_GPRS_PRDCT','4','GPRS_PKG_TYP_CD','GPRS套餐分类编码','SMALLINT','','','','','Y','10:2G/3G标准套餐
11:2G/3G融合套餐
12:旧套餐
13:闲时套餐
13:10元闲时套餐
13:25元闲时套餐
14:TD单模套餐
15:2G/3G叠加包
16:日租套餐
17:其他GPRS套餐
18:GPRS无套餐
19:2G/3G/4G融合套餐
20:2G/3G/4G标准套餐
21:2G/3G/4G叠加包
22:2G/3G流量套卡
23:非省统标套餐
24:全球通流量品牌套餐
25:非省统叠加包
26:4G无线宽带
27:2G/3G/4G流量共享包
29:4G融合自选套餐
30:旧2/3/4G标准套餐
31:流量充值卡
32:通用版流量保障服务产品
33:4G流量套卡
34:20元及以上预付费手机流量套餐
35:流量转赠套餐
36:流量红包
38:集团4G流量包
39:20元以下预付费手机流量套餐
40:2G/3G/4G流量套卡
41:4G无门槛流量保障服务产品
42:4G随心王流量保障服务产品
42:8元飞享日租卡流量保证服务产品
43:4G上网卡
44:0元体验包
45:加量不加价优惠方案
46:极光宽带
48:宽带电视
49:差价升档优惠方案
50:大流量优惠包','D2-3','1','');
insert into column_val (xmlid, col_xmlid, dataname, col_seq, colname, colcnname, datatype, length, precision_val, party_seq, isprimarykey, isnullable, remark, filed_type_child, sensitive_level, policyid) values ('TR_NB_GPRS_PRDCT_20161017','TR_NB_GPRS_PRDCT_2017095','TR_NB_GPRS_PRDCT','5','GPRS_PKG_TYP_DTL_CD','GPRS套餐分类明细编码','INT','','','','','Y','共5位：（从左到右，高位到地位）1.GPRS套餐分类编码(两位)2：三位自定义编码：（一般是序号形式，如001,002）','D2-3','1','');
insert into column_val (xmlid, col_xmlid, dataname, col_seq, colname, colcnname, datatype, length, precision_val, party_seq, isprimarykey, isnullable, remark, filed_type_child, sensitive_level, policyid) values ('TR_NB_GPRS_PRDCT_20161017','TR_NB_GPRS_PRDCT_2017096','TR_NB_GPRS_PRDCT','6','GPRS_PKG_TM_TYP_CD','GPRS套餐时间段编码','SMALLINT','','','','','Y','1：按日2：包月（默认）3：季度包4：半年包5：全年包','D2-3','1','');
insert into column_val (xmlid, col_xmlid, dataname, col_seq, colname, colcnname, datatype, length, precision_val, party_seq, isprimarykey, isnullable, remark, filed_type_child, sensitive_level, policyid) values ('TR_NB_GPRS_PRDCT_20161017','TR_NB_GPRS_PRDCT_2017097','TR_NB_GPRS_PRDCT','7','GPRS_PKG_TYP_NAM','GPRS套餐分类名称','STRING','','','','','Y','10:2G/3G标准套餐20:2G/3G/4G标准套餐30:4G:旧2/3/4G标准套餐34:20元及以上预付费手机流量套餐39:20元以下预付费手机流量套餐11:2G/3G融合套餐19:2G/3G/4G融合套餐29:4G融合自选套餐33:4G流量套卡15:2G/3G叠加包21:2G/3G/4G叠加包32:通用版流量保障服务产品22:2G/3G流量套卡12:非标套餐---改名为旧套餐13:闲时套餐14:TD单模套餐16:日租套餐17:其他GPRS套餐18:GPRS无套餐23:非省统标套餐(原来多出的标准套餐)24:全球通流量品牌套餐(原来多出的的品牌套餐)25:非省统叠加包(原来多出的的叠加套餐)26:4G无线宽带(原来多出的的TDLTE主套餐)27:流量共享套餐28:其他流量品牌套餐31:流量充值卡35:流量转赠套餐36:流量红包37:集团国内数据流量套餐38:集团4G流量包40:2G/3G/4G流量套卡41:4G无门槛流量保障服务产品42:4G随心王流量保障服务产品43:4G上网卡44:0元体验包45.加量不加价优惠方案46.极光宽带 47.8元飞享日租卡流量保证服务产品--SR201608230019001备注：1.需与PKG_KIND_CD组合区分各类流量套餐2.主套餐、标准套餐通过字段“FLUX_MAIN_PKG_IND”区分48.宽带电视','D2-3','1','');
insert into column_val (xmlid, col_xmlid, dataname, col_seq, colname, colcnname, datatype, length, precision_val, party_seq, isprimarykey, isnullable, remark, filed_type_child, sensitive_level, policyid) values ('TR_NB_GPRS_PRDCT_20161017','TR_NB_GPRS_PRDCT_2017098','TR_NB_GPRS_PRDCT','8','GPRS_PKG_TYP_DTL_NAM','GPRS套餐分类明细名称','STRING','','','','','Y','','D2-3','1','');
insert into column_val (xmlid, col_xmlid, dataname, col_seq, colname, colcnname, datatype, length, precision_val, party_seq, isprimarykey, isnullable, remark, filed_type_child, sensitive_level, policyid) values ('TR_NB_GPRS_PRDCT_20161017','TR_NB_GPRS_PRDCT_2017099','TR_NB_GPRS_PRDCT','9','GPRS_PKG_COMMON_FLUX','GPRS套餐包含通用流量','BIGINT','','','','','Y','单位:KB不包括TDLTE专用流量,TD专用流量和闲时流量；TDLTE专用套餐,TD专用套餐和闲时套餐填0','D2-3','1','');
insert into column_val (xmlid, col_xmlid, dataname, col_seq, colname, colcnname, datatype, length, precision_val, party_seq, isprimarykey, isnullable, remark, filed_type_child, sensitive_level, policyid) values ('TR_NB_GPRS_PRDCT_20161017','TR_NB_GPRS_PRDCT_20170910','TR_NB_GPRS_PRDCT','10','GPRS_PKG_TD_FLUX','GPRS套餐包含TD流量','BIGINT','','','','','Y','单位:KBTD网络专用','D2-3','1','');
insert into column_val (xmlid, col_xmlid, dataname, col_seq, colname, colcnname, datatype, length, precision_val, party_seq, isprimarykey, isnullable, remark, filed_type_child, sensitive_level, policyid) values ('TR_NB_GPRS_PRDCT_20161017','TR_NB_GPRS_PRDCT_20170911','TR_NB_GPRS_PRDCT','11','GPRS_PKG_TDLTE_FLUX','GPRS套餐包含TDLTE流量','BIGINT','','','','','Y','单位:KBTDLTE网络专用','D2-3','1','');
insert into column_val (xmlid, col_xmlid, dataname, col_seq, colname, colcnname, datatype, length, precision_val, party_seq, isprimarykey, isnullable, remark, filed_type_child, sensitive_level, policyid) values ('TR_NB_GPRS_PRDCT_20161017','TR_NB_GPRS_PRDCT_20170912','TR_NB_GPRS_PRDCT','12','GPRS_PKG_IDLE_FLUX','GPRS套餐包含闲时流量','BIGINT','','','','','Y','单位:KB','D2-3','1','');
insert into column_val (xmlid, col_xmlid, dataname, col_seq, colname, colcnname, datatype, length, precision_val, party_seq, isprimarykey, isnullable, remark, filed_type_child, sensitive_level, policyid) values ('TR_NB_GPRS_PRDCT_20161017','TR_NB_GPRS_PRDCT_20170913','TR_NB_GPRS_PRDCT','13','GPRS_PKG_FEE','GPRS套餐费用','DECIMAL','12','2','','','Y','单位:元','D2-3','1','');
insert into column_val (xmlid, col_xmlid, dataname, col_seq, colname, colcnname, datatype, length, precision_val, party_seq, isprimarykey, isnullable, remark, filed_type_child, sensitive_level, policyid) values ('TR_NB_GPRS_PRDCT_20161017','TR_NB_GPRS_PRDCT_20170914','TR_NB_GPRS_PRDCT','14','PRDCT_FEE','产品费用','DECIMAL','16','2','','','Y','单位：元','D2-3','1','');
insert into column_val (xmlid, col_xmlid, dataname, col_seq, colname, colcnname, datatype, length, precision_val, party_seq, isprimarykey, isnullable, remark, filed_type_child, sensitive_level, policyid) values ('TR_NB_GPRS_PRDCT_20161017','TR_NB_GPRS_PRDCT_20170915','TR_NB_GPRS_PRDCT','15','FLUX_MAIN_PKG_IND','流量主套餐标识','SMALLINT','','','','','Y','1:2G/3G流量品牌套餐（主套餐）2:2G/3G/4G流量品牌套餐（主套餐）3:2G/3G流量套餐4:2G/3G/4G流量套餐5.主套餐附带套餐','D2-3','1','');
insert into column_val (xmlid, col_xmlid, dataname, col_seq, colname, colcnname, datatype, length, precision_val, party_seq, isprimarykey, isnullable, remark, filed_type_child, sensitive_level, policyid) values ('TR_NB_GPRS_PRDCT_20161017','TR_NB_GPRS_PRDCT_20170916','TR_NB_GPRS_PRDCT','16','PKG_SUPL_TYP_CD','流量套餐补充类别编码','SMALLINT','','','','','Y','10001:全球通商旅套餐10002:全球通上网套餐10003:神州行上网套餐10004:4G上网套餐10005:4G商旅套餐10006:旧4G飞享套餐10007:语音短信不限量套餐--2016071811001:动感2G网聊卡11002:动感地带3G网聊卡11003:新3G网聊卡11004:3G流量卡11007:动感地带上网套餐--2016031712001:2G/3G标准套餐12002:旧2G/3G/4G标准套餐12004:20元以下预付费手机流量套餐12003:2G/3G/4G标准套餐13001:2/3G叠加包13002:2/3/4G叠加包17001:流量共享16001:其他流量品牌套餐21006:旧套餐19001:流量充值卡10007:新4G飞享套餐10008:4G自选套餐11005:4G大众卡--2015041511006:4G流量王--2015041512005:20元及以上预付费手机流量套餐18001:流量转赠20001:流量红包21004:非省统标准套餐21001:闲时套餐21007:其他流量套餐21005:非省统叠加包21003:TD单模套餐10012:全球通八大套餐(上网版)--2015041510013:全球通全网统一资费新商旅套餐VIP--2015041510014:全球通全网统一资费本地套餐--2015041510015:全球通全网统一资费上网套餐VIP--2015041521002:日租套餐21008:其他GPRS套餐21009:GPRS无套餐15001:4G无线宽带22001:国内数据流量套餐22002:集团4G流量季度包和半年包10011:4G随心王23001:通用版流量保障服务产品23002:4G无门槛流量保障服务产品23003:4G随心王流量保障服务产品24001:4G上网卡25001:0元体验包26001:加量不加价优惠方案（针对4G上网和4G商旅套餐）','D2-3','1','');
insert into column_val (xmlid, col_xmlid, dataname, col_seq, colname, colcnname, datatype, length, precision_val, party_seq, isprimarykey, isnullable, remark, filed_type_child, sensitive_level, policyid) values ('TR_NB_GPRS_PRDCT_20161017','TR_NB_GPRS_PRDCT_20170917','TR_NB_GPRS_PRDCT','17','PKG_SUPL_TYP_NAM','流量套餐补充类别名称','STRING','','','','','Y','10001:全球通商旅套餐10002:全球通上网套餐10003:神州行上网套餐10004:4G上网套餐10005:4G商旅套餐10006:旧4G飞享套餐10007:语音短信不限量套餐--2016071811001:动感2G网聊卡11002:动感地带3G网聊卡11003:新3G网聊卡11004:3G流量卡11007:动感地带上网套餐--2016031712001:2G/3G标准套餐12002:旧2G/3G/4G标准套餐12004:20元以下预付费手机流量套餐12003:2G/3G/4G标准套餐13001:2/3G叠加包13002:2/3/4G叠加包17001:流量共享16001:其他流量品牌套餐21006:旧套餐19001:流量充值卡10007:新4G飞享套餐10008:4G自选套餐11005:4G大众卡--2015041511006:4G流量王--2015041512005:20元及以上预付费手机流量套餐18001:流量转赠20001:流量红包21004:非省统标准套餐21001:闲时套餐21007:其他流量套餐21005:非省统叠加包21003:TD单模套餐10012:全球通八大套餐(上网版)--2015041510013:全球通全网统一资费新商旅套餐VIP--2015041510014:全球通全网统一资费本地套餐--2015041510015:全球通全网统一资费上网套餐VIP--2015041521002:日租套餐21008:其他GPRS套餐21009:GPRS无套餐15001:4G无线宽带22001:国内数据流量套餐22002:集团4G流量季度包和半年包10011:4G随心王23001:通用版流量保障服务产品23002:4G无门槛流量保障服务产品23003:4G随心王流量保障服务产品24001:4G上网卡25001:0元体验包26001:加量不加价优惠方案（针对4G上网和4G商旅套餐）对应的中文名称','D2-3','1','');
insert into column_val (xmlid, col_xmlid, dataname, col_seq, colname, colcnname, datatype, length, precision_val, party_seq, isprimarykey, isnullable, remark, filed_type_child, sensitive_level, policyid) values ('TR_NB_GPRS_PRDCT_20161017','TR_NB_GPRS_PRDCT_20170918','TR_NB_GPRS_PRDCT','18','V_TYP_CD_1','展现分类1','SMALLINT','','','','','Y','只用于展现','D2-3','1','');
insert into column_val (xmlid, col_xmlid, dataname, col_seq, colname, colcnname, datatype, length, precision_val, party_seq, isprimarykey, isnullable, remark, filed_type_child, sensitive_level, policyid) values ('TR_NB_GPRS_PRDCT_20161017','TR_NB_GPRS_PRDCT_20170919','TR_NB_GPRS_PRDCT','19','V_TYP_NAM_1','展现分类名称1','STRING','','','','','Y','','D2-3','1','');
insert into column_val (xmlid, col_xmlid, dataname, col_seq, colname, colcnname, datatype, length, precision_val, party_seq, isprimarykey, isnullable, remark, filed_type_child, sensitive_level, policyid) values ('TR_NB_GPRS_PRDCT_20161017','TR_NB_GPRS_PRDCT_20170920','TR_NB_GPRS_PRDCT','20','MIX_PKG_IND','省级融合套餐标识','STRING','','','','','Y','0：否1：是即：58元以上融合套餐:(全球通全网统一资费新商旅套餐，全球通全网统一资费上网套餐、神州行上网套餐、4G上网套餐、4G商旅套餐、4G飞享套餐、4G自选套餐、4G随心王,4G任我用）中月租>=58元','D2-3','1','');
insert into column_val (xmlid, col_xmlid, dataname, col_seq, colname, colcnname, datatype, length, precision_val, party_seq, isprimarykey, isnullable, remark, filed_type_child, sensitive_level, policyid) values ('TR_NB_GPRS_PRDCT_20161017','TR_NB_GPRS_PRDCT_20170921','TR_NB_GPRS_PRDCT','21','A4G_PKG_IND','4G套餐标识','STRING','','','','','Y','0：否1：是4G套餐标识:4G融合套餐（4G上网套餐+4G商旅套餐+4G飞享套餐+4G自选套餐+4G随心王+4G任我用）、4G流量套卡（4G流量王+4G大众卡）、20元及以上标套升4G套餐','D2-3','1','');
insert into column_val (xmlid, col_xmlid, dataname, col_seq, colname, colcnname, datatype, length, precision_val, party_seq, isprimarykey, isnullable, remark, filed_type_child, sensitive_level, policyid) values ('TR_NB_GPRS_PRDCT_20161017','TR_NB_GPRS_PRDCT_20170922','TR_NB_GPRS_PRDCT','22','A4G_MIX_PKG_IND','4G融合套餐标识','STRING','','','','','Y','0:否1：是4G融合套餐（4G上网套餐+4G商旅套餐+4G飞享套餐+4G自选套餐+4G随心王+4G任我用）','D2-3','1','');
insert into column_val (xmlid, col_xmlid, dataname, col_seq, colname, colcnname, datatype, length, precision_val, party_seq, isprimarykey, isnullable, remark, filed_type_child, sensitive_level, policyid) values ('TR_NB_GPRS_PRDCT_20161017','TR_NB_GPRS_PRDCT_20170923','TR_NB_GPRS_PRDCT','23','A4G_FLUX_PKG_IND','含4G流量套餐标识','STRING','','','','','Y','0:否1：是含4G流量套餐：（4G上网套餐、4G商旅套餐、飞享套餐、4G自选套餐、4G随心王、4G大众卡、4G流量王、20元及以上预付费手机流量套餐、4G无线宽带、4G任我用），比"4G套餐"多了4G无线宽带，','D2-3','1','');
insert into column_val (xmlid, col_xmlid, dataname, col_seq, colname, colcnname, datatype, length, precision_val, party_seq, isprimarykey, isnullable, remark, filed_type_child, sensitive_level, policyid) values ('TR_NB_GPRS_PRDCT_20161017','TR_NB_GPRS_PRDCT_20170924','TR_NB_GPRS_PRDCT','24','C_FLUX_PKG_IND','省级纯流量套餐标识','STRING','','','','','Y','0:否1：是即月20元及以上纯流量套餐：20元以上的标准套餐','D2-3','1','');
insert into column_val (xmlid, col_xmlid, dataname, col_seq, colname, colcnname, datatype, length, precision_val, party_seq, isprimarykey, isnullable, remark, filed_type_child, sensitive_level, policyid) values ('TR_NB_GPRS_PRDCT_20161017','TR_NB_GPRS_PRDCT_20170925','TR_NB_GPRS_PRDCT','25','V_TYP_CD_2','展现分类2','SMALLINT','','','','','Y','只用于展现','D2-3','1','');
insert into column_val (xmlid, col_xmlid, dataname, col_seq, colname, colcnname, datatype, length, precision_val, party_seq, isprimarykey, isnullable, remark, filed_type_child, sensitive_level, policyid) values ('TR_NB_GPRS_PRDCT_20161017','TR_NB_GPRS_PRDCT_20170926','TR_NB_GPRS_PRDCT','26','V_TYP_NAM_2','展现分类名称2','STRING','','','','','Y','','D2-3','1','');
insert into column_val (xmlid, col_xmlid, dataname, col_seq, colname, colcnname, datatype, length, precision_val, party_seq, isprimarykey, isnullable, remark, filed_type_child, sensitive_level, policyid) values ('TR_NB_GPRS_PRDCT_20161017','TR_NB_GPRS_PRDCT_20170927','TR_NB_GPRS_PRDCT','27','LC_FLUX_PKG_IND','领导短信纯流量套餐标识','STRING','','','','','Y','0:否1：是维表里面是归到PKG_KIND_CD=12ANDGPRS_PKG_TYP_CD=34，再通过GPRS_PKG_TYP_DTL_CD按套餐费用20元以上且只取开通4G功能的，共29个套餐','D2-3','1','');
insert into column_val (xmlid, col_xmlid, dataname, col_seq, colname, colcnname, datatype, length, precision_val, party_seq, isprimarykey, isnullable, remark, filed_type_child, sensitive_level, policyid) values ('TR_NB_GPRS_PRDCT_20161017','TR_NB_GPRS_PRDCT_20170928','TR_NB_GPRS_PRDCT','28','PM_PKG_IND','精确营销套餐标识','STRING','','','','','Y','只包含BR201506110008流量套餐低饱和度客户CMP流量提醒需求的套餐为1，其他为0','D2-3','1','');
insert into column_val (xmlid, col_xmlid, dataname, col_seq, colname, colcnname, datatype, length, precision_val, party_seq, isprimarykey, isnullable, remark, filed_type_child, sensitive_level, policyid) values ('TR_NB_GPRS_PRDCT_20161017','TR_NB_GPRS_PRDCT_20170929','TR_NB_GPRS_PRDCT','29','SWYH_PRDCT_CD','加量不加价产品编码','STRING','','','','','Y','对于BASS_PRDCT_CD是主套餐的有可能有值，其他为空目前只有加量不加价优惠方案（针对4G上网和4G商旅套餐）','D2-3','1','');
insert into column_val (xmlid, col_xmlid, dataname, col_seq, colname, colcnname, datatype, length, precision_val, party_seq, isprimarykey, isnullable, remark, filed_type_child, sensitive_level, policyid) values ('TR_NB_GPRS_PRDCT_20161017','TR_NB_GPRS_PRDCT_20170930','TR_NB_GPRS_PRDCT','30','CORP_PKG_IND','领导短信集团统一套餐标识','STRING','','','','','Y','0:否1：是SR201606270008001-新领导短信需求变更6月列举的198个套餐编码','D2-3','1','');
insert into column_val (xmlid, col_xmlid, dataname, col_seq, colname, colcnname, datatype, length, precision_val, party_seq, isprimarykey, isnullable, remark, filed_type_child, sensitive_level, policyid) values ('TR_NB_GPRS_PRDCT_20161017','TR_NB_GPRS_PRDCT_20170931','TR_NB_GPRS_PRDCT','31','YEAR_PKG_IND','领导短信年包标识','STRING','','','','','Y','0:否1：是','D2-3','1','');
insert into column_val (xmlid, col_xmlid, dataname, col_seq, colname, colcnname, datatype, length, precision_val, party_seq, isprimarykey, isnullable, remark, filed_type_child, sensitive_level, policyid) values ('TR_NB_GPRS_PRDCT_20161017','TR_NB_GPRS_PRDCT_20170932','TR_NB_GPRS_PRDCT','32','YEAR_PKG_NAM','领导短信年包名称','STRING','','','','','Y','YEAR_PKG_IND=1的时候填写','D2-3','1','');
insert into column_val (xmlid, col_xmlid, dataname, col_seq, colname, colcnname, datatype, length, precision_val, party_seq, isprimarykey, isnullable, remark, filed_type_child, sensitive_level, policyid) values ('TR_NB_GPRS_PRDCT_20161017','TR_NB_GPRS_PRDCT_20170933','TR_NB_GPRS_PRDCT','33','WHPKG_CD','全网统一套餐标识','STRING','','','','','N','0否1是根据SR201607050008001,SR201607050006001','D2-3','1','');
insert into column_val (xmlid, col_xmlid, dataname, col_seq, colname, colcnname, datatype, length, precision_val, party_seq, isprimarykey, isnullable, remark, filed_type_child, sensitive_level, policyid) values ('TR_NB_GPRS_PRDCT_20161017','TR_NB_GPRS_PRDCT_20170934','TR_NB_GPRS_PRDCT','34','V_TYP_CD_3','展现分类3','SMALLINT','','','','','N','根据SR201607050008001,SR201607050006001','D2-3','1','');
insert into column_val (xmlid, col_xmlid, dataname, col_seq, colname, colcnname, datatype, length, precision_val, party_seq, isprimarykey, isnullable, remark, filed_type_child, sensitive_level, policyid) values ('TR_NB_GPRS_PRDCT_20161017','TR_NB_GPRS_PRDCT_20170935','TR_NB_GPRS_PRDCT','35','V_TYP_NAM_3','展现分类名称3','STRING','','','','','N','根据SR201607050008001,SR201607050006001','D2-3','1','');
insert into column_val (xmlid, col_xmlid, dataname, col_seq, colname, colcnname, datatype, length, precision_val, party_seq, isprimarykey, isnullable, remark, filed_type_child, sensitive_level, policyid) values ('TR_NB_GPRS_PRDCT_20161017','TR_NB_GPRS_PRDCT_20170936','TR_NB_GPRS_PRDCT','36','GIF_PRDCT_CD','一经编码','STRING','','','','','N','','D2-3','1','');
insert into column_val (xmlid, col_xmlid, dataname, col_seq, colname, colcnname, datatype, length, precision_val, party_seq, isprimarykey, isnullable, remark, filed_type_child, sensitive_level, policyid) values ('TR_NB_GPRS_PRDCT_20161017','TR_NB_GPRS_PRDCT_20170937','TR_NB_GPRS_PRDCT','37','GIF_PRDCT_NAM','一经套餐名称','STRING','','','','','N','','D2-3','1','');
insert into column_val (xmlid, col_xmlid, dataname, col_seq, colname, colcnname, datatype, length, precision_val, party_seq, isprimarykey, isnullable, remark, filed_type_child, sensitive_level, policyid) values ('TR_NB_GPRS_PRDCT_20161017','TR_NB_GPRS_PRDCT_20170938','TR_NB_GPRS_PRDCT','38','GIF2_PRDCT_CD','一经编码2','STRING','','','','','N','','D2-3','1','');
insert into column_val (xmlid, col_xmlid, dataname, col_seq, colname, colcnname, datatype, length, precision_val, party_seq, isprimarykey, isnullable, remark, filed_type_child, sensitive_level, policyid) values ('TR_NB_GPRS_PRDCT_20161017','TR_NB_GPRS_PRDCT_20170939','TR_NB_GPRS_PRDCT','39','V_TYP_CD_4','展现分类4','SMALLINT','','','','','N','根据SR201611070004001','D2-3','1','');
insert into column_val (xmlid, col_xmlid, dataname, col_seq, colname, colcnname, datatype, length, precision_val, party_seq, isprimarykey, isnullable, remark, filed_type_child, sensitive_level, policyid) values ('TR_NB_GPRS_PRDCT_20161017','TR_NB_GPRS_PRDCT_20170940','TR_NB_GPRS_PRDCT','40','V_TYP_NAM_4','展现分类名称4','STRING','','','','','N','根据SR201611070004001','D2-3','1','');
insert into column_val (xmlid, col_xmlid, dataname, col_seq, colname, colcnname, datatype, length, precision_val, party_seq, isprimarykey, isnullable, remark, filed_type_child, sensitive_level, policyid) values ('TR_NB_GPRS_PRDCT_20161017','TR_NB_GPRS_PRDCT_20170941','TR_NB_GPRS_PRDCT','41','SNACK_PKG_IND','领导短信快餐包标识','STRING','','','','','Y','0:否1：是 根据SR201705110001001-每日领导短信添加指标增加','D2-3','1','');
insert into column_val (xmlid, col_xmlid, dataname, col_seq, colname, colcnname, datatype, length, precision_val, party_seq, isprimarykey, isnullable, remark, filed_type_child, sensitive_level, policyid) values ('TR_NB_GPRS_PRDCT_20161017','TR_NB_GPRS_PRDCT_20170942','TR_NB_GPRS_PRDCT','42','EQUITY_PKG_IND','领导短信权益包标识','STRING','','','','','Y','0:否1：是 根据SR201705110001001-每日领导短信添加指标增加','D2-3','1','');
insert into column_val (xmlid, col_xmlid, dataname, col_seq, colname, colcnname, datatype, length, precision_val, party_seq, isprimarykey, isnullable, remark, filed_type_child, sensitive_level, policyid) values ('TR_NB_GPRS_PRDCT_20161017','TR_NB_GPRS_PRDCT_20170943','TR_NB_GPRS_PRDCT','43','A4G_TK_PKG_IND','是否4G套卡','STRING','','','','','Y','0:否1：是
4G套卡范围：主套餐为4G流量套卡或以下4个随心王套餐（19元4G随心王prod.10086000002190、39元4G随心王prod.10086000002191、19元4G随心王（新）prod.10086000003010、39元4G随心王（新）prod.10086000003011）或以下5个飞享套餐（8元4G飞享日租套餐prod.10086000005064、8元4G飞享套餐prod.10086000004596、18元4G飞享套餐畅聊版prod.10086000004593、18元4G飞享套青春版prod.10086000004473、38元4G飞享套青春版prod.10086000004477）','D2-3','1','');
insert into column_val (xmlid, col_xmlid, dataname, col_seq, colname, colcnname, datatype, length, precision_val, party_seq, isprimarykey, isnullable, remark, filed_type_child, sensitive_level, policyid) values ('TR_NB_GPRS_PRDCT_20161017','TR_NB_GPRS_PRDCT_20170944','TR_NB_GPRS_PRDCT','44','CHNL_MNTR_FLUX_PKG_IND','是否渠道监控流量套餐','STRING','','','','','Y','0:否1：是
范围：统计当日市场IDV版本中“2_标准套餐”表产品（大流量优惠包，后续版本如从标准套餐表调出列到单独表格，也需获取）+“3_叠加包”表产品+“10_闲时套餐”表产品+“11_特惠包”表产品+“12_快餐包”表产品+“13_节假日包”表产品+“14_全年流量包”表产品','D2-3','1','');
insert into column_val (xmlid, col_xmlid, dataname, col_seq, colname, colcnname, datatype, length, precision_val, party_seq, isprimarykey, isnullable, remark, filed_type_child, sensitive_level, policyid) values ('TR_NB_GPRS_PRDCT_20161017','TR_NB_GPRS_PRDCT_20170945','TR_NB_GPRS_PRDCT','45','MON_FLUX_PKG_IND','是否流量月包','STRING','','','','','Y','0:否1：是
范围：统计当日市场IDV版本中“2_标准套餐”表产品（剔除产品名称含“季度包”或“年包”的产品；另大流量优惠包，后续版本如从标准套餐表调出列到单独表格，也需获取）+“9_其他流量套餐”表中“非省统标准套餐”、“旧套餐”、“其他流量套餐”产品+“10_闲时套餐”表中“手机流量闲时套餐”产品','D2-3','1','');
insert into column_val (xmlid, col_xmlid, dataname, col_seq, colname, colcnname, datatype, length, precision_val, party_seq, isprimarykey, isnullable, remark, filed_type_child, sensitive_level, policyid) values ('TR_NB_GPRS_PRDCT_20161017','TR_NB_GPRS_PRDCT_20170946','TR_NB_GPRS_PRDCT','46','TIM_LIMIT_PKG_IND','是否限时流量包','STRING','','','','','Y','0:否1：是
范围：统计当日市场IDV版本中“11_特惠包”表产品+“12_快餐包”表产品+“13_节假日包”表产品','D2-3','1','');
insert into column_val (xmlid, col_xmlid, dataname, col_seq, colname, colcnname, datatype, length, precision_val, party_seq, isprimarykey, isnullable, remark, filed_type_child, sensitive_level, policyid) values ('TR_NB_GPRS_PRDCT_20161017','TR_NB_GPRS_PRDCT_20161047','TR_NB_GPRS_PRDCT','47','branch','地市','STRING','','','1','','N','','','','');

insert into tablefile (xmlid, dbname, dataname, datacnname, state, cycletype, topiccode, extend_cfg, rightlevel, creater, curdutyer, eff_date, state_date, team_code, open_state, remark) values ('TO_R_BLANKSIM_IN_STORE_D_20161017','BD_B','TO_R_BLANKSIM_IN_STORE_D','ODS_空白SIM卡入库数据日增量(HWCRM)','NEW','day','LAYERI_IEVENT','{"EXTERNAL":"y","LOCATION":"/tenant/BIGDATA/JCFW/JRCL/BD_B/ODS/TO_R_BLANKSIM_IN_STORE_D","FILEFORMAT":"TEXTFILE","DELIMITER":"|"}','其他','谢英俊','谢英俊', TIMESTAMP '2016-09-08 12:00:00', TIMESTAMP '2016-09-08 12:00:00','f2999fd5-c34e-402e-9b28-fec9fca13044','','接口层-事件主题域');
insert into column_val (xmlid, col_xmlid, dataname, col_seq, colname, colcnname, datatype, length, precision_val, party_seq, isprimarykey, isnullable, remark, filed_type_child, sensitive_level, policyid) values ('TO_R_BLANKSIM_IN_STORE_D_20161017','TO_R_BLANKSIM_IN_STORE_D_2017091','TO_R_BLANKSIM_IN_STORE_D','1','IN_CITY_TIME','入库时间','STRING','','','','','N','格式:YYYYMMDDHH24MISS','D2-2','2','');
insert into column_val (xmlid, col_xmlid, dataname, col_seq, colname, colcnname, datatype, length, precision_val, party_seq, isprimarykey, isnullable, remark, filed_type_child, sensitive_level, policyid) values ('TO_R_BLANKSIM_IN_STORE_D_20161017','TO_R_BLANKSIM_IN_STORE_D_2017092','TO_R_BLANKSIM_IN_STORE_D','2','CHANNEL','渠道','STRING','','','','','N','例如：GZA001','D2-2','2','');
insert into column_val (xmlid, col_xmlid, dataname, col_seq, colname, colcnname, datatype, length, precision_val, party_seq, isprimarykey, isnullable, remark, filed_type_child, sensitive_level, policyid) values ('TO_R_BLANKSIM_IN_STORE_D_20161017','TO_R_BLANKSIM_IN_STORE_D_2017093','TO_R_BLANKSIM_IN_STORE_D','3','CARD_ID','卡标识','STRING','','','','','N','空白卡取序列号','D2-2','2','');
insert into column_val (xmlid, col_xmlid, dataname, col_seq, colname, colcnname, datatype, length, precision_val, party_seq, isprimarykey, isnullable, remark, filed_type_child, sensitive_level, policyid) values ('TO_R_BLANKSIM_IN_STORE_D_20161017','TO_R_BLANKSIM_IN_STORE_D_2017094','TO_R_BLANKSIM_IN_STORE_D','4','CITY','地市标识','STRING','','','','','N','例如：GZ','D2-2','2','');
insert into column_val (xmlid, col_xmlid, dataname, col_seq, colname, colcnname, datatype, length, precision_val, party_seq, isprimarykey, isnullable, remark, filed_type_child, sensitive_level, policyid) values ('TO_R_BLANKSIM_IN_STORE_D_20161017','TO_R_BLANKSIM_IN_STORE_D_2017095','TO_R_BLANKSIM_IN_STORE_D','5','PRODUCT_ID','商品标识','BIGINT','','','','','N','例如：10000003','D2-2','2','');
insert into column_val (xmlid, col_xmlid, dataname, col_seq, colname, colcnname, datatype, length, precision_val, party_seq, isprimarykey, isnullable, remark, filed_type_child, sensitive_level, policyid) values ('TO_R_BLANKSIM_IN_STORE_D_20161017','TO_R_BLANKSIM_IN_STORE_D_2016106','TO_R_BLANKSIM_IN_STORE_D','6','branch','地市','STRING','','','1','','N','','','','');
insert into column_val (xmlid, col_xmlid, dataname, col_seq, colname, colcnname, datatype, length, precision_val, party_seq, isprimarykey, isnullable, remark, filed_type_child, sensitive_level, policyid) values ('TO_R_BLANKSIM_IN_STORE_D_20161017','TO_R_BLANKSIM_IN_STORE_D_2016107','TO_R_BLANKSIM_IN_STORE_D','7','month','月份','INT','','','2','','N','','','','');
insert into column_val (xmlid, col_xmlid, dataname, col_seq, colname, colcnname, datatype, length, precision_val, party_seq, isprimarykey, isnullable, remark, filed_type_child, sensitive_level, policyid) values ('TO_R_BLANKSIM_IN_STORE_D_20161017','TO_R_BLANKSIM_IN_STORE_D_2016108','TO_R_BLANKSIM_IN_STORE_D','8','day','日期','INT','','','3','','N','','','','');

insert into tablefile (xmlid, dbname, dataname, datacnname, state, cycletype, topiccode, extend_cfg, rightlevel, creater, curdutyer, eff_date, state_date, team_code, open_state, remark) values ('TR_HSH_ASSIGNED_CHNL','BD_B','TR_HSH_ASSIGNED_CHNL','REF_和商会指定渠道维表','NEW','other','LAYERW','{"EXTERNAL":"y","LOCATION":"/tenant/BIGDATA/JCFW/JRCL/BD_B/REF/TR_HSH_ASSIGNED_CHNL","FILEFORMAT":"TEXTFILE","DELIMITER":","}','其他','谢英俊','谢英俊', TIMESTAMP '0010-06-17 12:00:00', TIMESTAMP '0010-06-17 12:00:00','f2999fd5-c34e-402e-9b28-fec9fca13044','','和商汇专项');
insert into column_val (xmlid, col_xmlid, dataname, col_seq, colname, colcnname, datatype, length, precision_val, party_seq, isprimarykey, isnullable, remark, filed_type_child, sensitive_level, policyid) values ('TR_HSH_ASSIGNED_CHNL','TR_HSH_ASSIGNED_CHNL_2017091','TR_HSH_ASSIGNED_CHNL','1','CMCC_BRANCH_CD','移动分公司编码','STRING','','','','','N','','D4-1','3','');
insert into column_val (xmlid, col_xmlid, dataname, col_seq, colname, colcnname, datatype, length, precision_val, party_seq, isprimarykey, isnullable, remark, filed_type_child, sensitive_level, policyid) values ('TR_HSH_ASSIGNED_CHNL','TR_HSH_ASSIGNED_CHNL_2017092','TR_HSH_ASSIGNED_CHNL','2','CHNL_CD','渠道编码','STRING','','','','','N','','D4-1','3','');
insert into column_val (xmlid, col_xmlid, dataname, col_seq, colname, colcnname, datatype, length, precision_val, party_seq, isprimarykey, isnullable, remark, filed_type_child, sensitive_level, policyid) values ('TR_HSH_ASSIGNED_CHNL','TR_HSH_ASSIGNED_CHNL_2016103','TR_HSH_ASSIGNED_CHNL','3','branch','地市','STRING','','','1','','N','','','','');

insert into tablefile (xmlid, dbname, dataname, datacnname, state, cycletype, topiccode, extend_cfg, rightlevel, creater, curdutyer, eff_date, state_date, team_code, open_state, remark) values ('TS_LOAD_QY_INCOME_RPT_20161017','BD_B','TS_LOAD_QY_INCOME_RPT','STAGE_营收款汇总接口报表','NEW','day','LAYERI_IFINAC','{"EXTERNAL":"y","LOCATION":"/tenant/BIGDATA/JCFW/JRCL/BD_B/STAGE/TS_LOAD_QY_INCOME_RPT","FILEFORMAT":"TEXTFILE","DELIMITER":"@#$"}','其他','谢英俊','谢英俊', TIMESTAMP '2016-08-24 12:00:00', TIMESTAMP '2016-08-24 12:00:00','f2999fd5-c34e-402e-9b28-fec9fca13044','','接口层-财务主题域');
insert into column_val (xmlid, col_xmlid, dataname, col_seq, colname, colcnname, datatype, length, precision_val, party_seq, isprimarykey, isnullable, remark, filed_type_child, sensitive_level, policyid) values ('TS_LOAD_QY_INCOME_RPT_20161017','TS_LOAD_QY_INCOME_RPT_2017091','TS_LOAD_QY_INCOME_RPT','1','TM_INTRVL_CD','日期','INT','','','','','N','','D1-6','2','');
insert into column_val (xmlid, col_xmlid, dataname, col_seq, colname, colcnname, datatype, length, precision_val, party_seq, isprimarykey, isnullable, remark, filed_type_child, sensitive_level, policyid) values ('TS_LOAD_QY_INCOME_RPT_20161017','TS_LOAD_QY_INCOME_RPT_2017092','TS_LOAD_QY_INCOME_RPT','2','CMCC_BRANCH_CD','市公司标识','STRING','','','','','N','','D1-6','2','');
insert into column_val (xmlid, col_xmlid, dataname, col_seq, colname, colcnname, datatype, length, precision_val, party_seq, isprimarykey, isnullable, remark, filed_type_child, sensitive_level, policyid) values ('TS_LOAD_QY_INCOME_RPT_20161017','TS_LOAD_QY_INCOME_RPT_2017093','TS_LOAD_QY_INCOME_RPT','3','CHRG_CRD_AMT','充值卡销售金额','DECIMAL','16','2','','','Y','','D1-6','2','PID_all');
insert into column_val (xmlid, col_xmlid, dataname, col_seq, colname, colcnname, datatype, length, precision_val, party_seq, isprimarykey, isnullable, remark, filed_type_child, sensitive_level, policyid) values ('TS_LOAD_QY_INCOME_RPT_20161017','TS_LOAD_QY_INCOME_RPT_2017094','TS_LOAD_QY_INCOME_RPT','4','PKG_CRD_AMT','BOSS套卡销售金额','DECIMAL','16','2','','','Y','','D1-6','2','PID_all');
insert into column_val (xmlid, col_xmlid, dataname, col_seq, colname, colcnname, datatype, length, precision_val, party_seq, isprimarykey, isnullable, remark, filed_type_child, sensitive_level, policyid) values ('TS_LOAD_QY_INCOME_RPT_20161017','TS_LOAD_QY_INCOME_RPT_2017095','TS_LOAD_QY_INCOME_RPT','5','GOTONE_PRECHRG_AMT','全球通+TD预存款','DECIMAL','16','2','','','Y','','D1-6','2','PID_all');
insert into column_val (xmlid, col_xmlid, dataname, col_seq, colname, colcnname, datatype, length, precision_val, party_seq, isprimarykey, isnullable, remark, filed_type_child, sensitive_level, policyid) values ('TS_LOAD_QY_INCOME_RPT_20161017','TS_LOAD_QY_INCOME_RPT_2017096','TS_LOAD_QY_INCOME_RPT','6','IUSR_PRECHRG_AMT','智能网前台现金充值','DECIMAL','16','2','','','Y','','D1-6','2','');
insert into column_val (xmlid, col_xmlid, dataname, col_seq, colname, colcnname, datatype, length, precision_val, party_seq, isprimarykey, isnullable, remark, filed_type_child, sensitive_level, policyid) values ('TS_LOAD_QY_INCOME_RPT_20161017','TS_LOAD_QY_INCOME_RPT_2017097','TS_LOAD_QY_INCOME_RPT','7','OTH_AMT','杂费','DECIMAL','16','2','','','Y','','D1-6','2','');
insert into column_val (xmlid, col_xmlid, dataname, col_seq, colname, colcnname, datatype, length, precision_val, party_seq, isprimarykey, isnullable, remark, filed_type_child, sensitive_level, policyid) values ('TS_LOAD_QY_INCOME_RPT_20161017','TS_LOAD_QY_INCOME_RPT_2017098','TS_LOAD_QY_INCOME_RPT','8','SELL_AMT','实物销售','DECIMAL','16','2','','','Y','','D1-6','2','');
insert into column_val (xmlid, col_xmlid, dataname, col_seq, colname, colcnname, datatype, length, precision_val, party_seq, isprimarykey, isnullable, remark, filed_type_child, sensitive_level, policyid) values ('TS_LOAD_QY_INCOME_RPT_20161017','TS_LOAD_QY_INCOME_RPT_2017099','TS_LOAD_QY_INCOME_RPT','9','NEW_AMT','新增其他','DECIMAL','16','2','','','Y','','D1-6','2','');
insert into column_val (xmlid, col_xmlid, dataname, col_seq, colname, colcnname, datatype, length, precision_val, party_seq, isprimarykey, isnullable, remark, filed_type_child, sensitive_level, policyid) values ('TS_LOAD_QY_INCOME_RPT_20161017','TS_LOAD_QY_INCOME_RPT_20170910','TS_LOAD_QY_INCOME_RPT','10','TOT_AMT','营业日报营收款总额','DECIMAL','16','2','','','Y','','D1-6','2','');
insert into column_val (xmlid, col_xmlid, dataname, col_seq, colname, colcnname, datatype, length, precision_val, party_seq, isprimarykey, isnullable, remark, filed_type_child, sensitive_level, policyid) values ('TS_LOAD_QY_INCOME_RPT_20161017','TS_LOAD_QY_INCOME_RPT_20170911','TS_LOAD_QY_INCOME_RPT','11','IUSR_CHRG_AMT','智能网前台预存款','DECIMAL','16','2','','','Y','','D1-6','2','PID_all');
insert into column_val (xmlid, col_xmlid, dataname, col_seq, colname, colcnname, datatype, length, precision_val, party_seq, isprimarykey, isnullable, remark, filed_type_child, sensitive_level, policyid) values ('TS_LOAD_QY_INCOME_RPT_20161017','TS_LOAD_QY_INCOME_RPT_20170912','TS_LOAD_QY_INCOME_RPT','12','IBOSS_CHRG_AMT','IBOSS前台预存','DECIMAL','16','2','','','Y','','D1-6','2','');
insert into column_val (xmlid, col_xmlid, dataname, col_seq, colname, colcnname, datatype, length, precision_val, party_seq, isprimarykey, isnullable, remark, filed_type_child, sensitive_level, policyid) values ('TS_LOAD_QY_INCOME_RPT_20161017','TS_LOAD_QY_INCOME_RPT_20170913','TS_LOAD_QY_INCOME_RPT','13','BOSS_DG_PRECHRG','BOSS动感地带预存','DECIMAL','16','2','','','Y','','D1-6','2','');
insert into column_val (xmlid, col_xmlid, dataname, col_seq, colname, colcnname, datatype, length, precision_val, party_seq, isprimarykey, isnullable, remark, filed_type_child, sensitive_level, policyid) values ('TS_LOAD_QY_INCOME_RPT_20161017','TS_LOAD_QY_INCOME_RPT_20170914','TS_LOAD_QY_INCOME_RPT','14','BOSS_SZX_PRECHRG','BOSS神州行预存','DECIMAL','16','2','','','Y','','D1-6','2','');
insert into column_val (xmlid, col_xmlid, dataname, col_seq, colname, colcnname, datatype, length, precision_val, party_seq, isprimarykey, isnullable, remark, filed_type_child, sensitive_level, policyid) values ('TS_LOAD_QY_INCOME_RPT_20161017','TS_LOAD_QY_INCOME_RPT_20170915','TS_LOAD_QY_INCOME_RPT','15','OCS_DG_PRECHRG','OCS动感地带预存','DECIMAL','16','2','','','Y','','D1-6','2','');
insert into column_val (xmlid, col_xmlid, dataname, col_seq, colname, colcnname, datatype, length, precision_val, party_seq, isprimarykey, isnullable, remark, filed_type_child, sensitive_level, policyid) values ('TS_LOAD_QY_INCOME_RPT_20161017','TS_LOAD_QY_INCOME_RPT_20170916','TS_LOAD_QY_INCOME_RPT','16','OCS_SZX_PRECHRG','OCS神州行预存','DECIMAL','16','2','','','Y','','D1-6','2','');
insert into column_val (xmlid, col_xmlid, dataname, col_seq, colname, colcnname, datatype, length, precision_val, party_seq, isprimarykey, isnullable, remark, filed_type_child, sensitive_level, policyid) values ('TS_LOAD_QY_INCOME_RPT_20161017','TS_LOAD_QY_INCOME_RPT_20170917','TS_LOAD_QY_INCOME_RPT','17','SCP_DG_PRECHRG','SCP动感地带预存','DECIMAL','16','2','','','Y','','D1-6','2','');
insert into column_val (xmlid, col_xmlid, dataname, col_seq, colname, colcnname, datatype, length, precision_val, party_seq, isprimarykey, isnullable, remark, filed_type_child, sensitive_level, policyid) values ('TS_LOAD_QY_INCOME_RPT_20161017','TS_LOAD_QY_INCOME_RPT_20170918','TS_LOAD_QY_INCOME_RPT','18','SCP_SZX_PRECHRG','SCP神州行预存','DECIMAL','16','2','','','Y','','D1-6','2','');
insert into column_val (xmlid, col_xmlid, dataname, col_seq, colname, colcnname, datatype, length, precision_val, party_seq, isprimarykey, isnullable, remark, filed_type_child, sensitive_level, policyid) values ('TS_LOAD_QY_INCOME_RPT_20161017','TS_LOAD_QY_INCOME_RPT_20170919','TS_LOAD_QY_INCOME_RPT','19','AIR_CHRG_AMT','空中充值','DECIMAL','16','2','','','Y','','D1-6','2','');
insert into column_val (xmlid, col_xmlid, dataname, col_seq, colname, colcnname, datatype, length, precision_val, party_seq, isprimarykey, isnullable, remark, filed_type_child, sensitive_level, policyid) values ('TS_LOAD_QY_INCOME_RPT_20161017','TS_LOAD_QY_INCOME_RPT_20170920','TS_LOAD_QY_INCOME_RPT','20','SIM_CRD_AMT','SIM卡','DECIMAL','16','2','','','Y','','D1-6','2','PID_14star');
insert into column_val (xmlid, col_xmlid, dataname, col_seq, colname, colcnname, datatype, length, precision_val, party_seq, isprimarykey, isnullable, remark, filed_type_child, sensitive_level, policyid) values ('TS_LOAD_QY_INCOME_RPT_20161017','TS_LOAD_QY_INCOME_RPT_20170921','TS_LOAD_QY_INCOME_RPT','21','BAD_BILL_AMT','坏账回收','DECIMAL','16','2','','','Y','','D1-6','2','');
insert into column_val (xmlid, col_xmlid, dataname, col_seq, colname, colcnname, datatype, length, precision_val, party_seq, isprimarykey, isnullable, remark, filed_type_child, sensitive_level, policyid) values ('TS_LOAD_QY_INCOME_RPT_20161017','TS_LOAD_QY_INCOME_RPT_20170922','TS_LOAD_QY_INCOME_RPT','22','CHNL_AMT','渠道酬金','DECIMAL','16','2','','','Y','','D1-6','2','');
insert into column_val (xmlid, col_xmlid, dataname, col_seq, colname, colcnname, datatype, length, precision_val, party_seq, isprimarykey, isnullable, remark, filed_type_child, sensitive_level, policyid) values ('TS_LOAD_QY_INCOME_RPT_20161017','TS_LOAD_QY_INCOME_RPT_20170923','TS_LOAD_QY_INCOME_RPT','23','TAX_AMT','代扣税','DECIMAL','16','2','','','Y','','D1-6','2','');
insert into column_val (xmlid, col_xmlid, dataname, col_seq, colname, colcnname, datatype, length, precision_val, party_seq, isprimarykey, isnullable, remark, filed_type_child, sensitive_level, policyid) values ('TS_LOAD_QY_INCOME_RPT_20161017','TS_LOAD_QY_INCOME_RPT_20170924','TS_LOAD_QY_INCOME_RPT','24','AREA_BUSI_AMT','跨区业务收费','DECIMAL','16','2','','','Y','','D1-6','2','');
insert into column_val (xmlid, col_xmlid, dataname, col_seq, colname, colcnname, datatype, length, precision_val, party_seq, isprimarykey, isnullable, remark, filed_type_child, sensitive_level, policyid) values ('TS_LOAD_QY_INCOME_RPT_20161017','TS_LOAD_QY_INCOME_RPT_20170925','TS_LOAD_QY_INCOME_RPT','25','SZX_PKGCRD_AMT','SCP套卡销售金额','DECIMAL','16','2','','','Y','','D1-6','2','PID_all');
insert into column_val (xmlid, col_xmlid, dataname, col_seq, colname, colcnname, datatype, length, precision_val, party_seq, isprimarykey, isnullable, remark, filed_type_child, sensitive_level, policyid) values ('TS_LOAD_QY_INCOME_RPT_20161017','TS_LOAD_QY_INCOME_RPT_20170926','TS_LOAD_QY_INCOME_RPT','26','DG_PKGCRD_AMT','OCS套卡销售金额','DECIMAL','16','2','','','Y','','D1-6','2','PID_all');
insert into column_val (xmlid, col_xmlid, dataname, col_seq, colname, colcnname, datatype, length, precision_val, party_seq, isprimarykey, isnullable, remark, filed_type_child, sensitive_level, policyid) values ('TS_LOAD_QY_INCOME_RPT_20161017','TS_LOAD_QY_INCOME_RPT_20170927','TS_LOAD_QY_INCOME_RPT','27','DATA_SOURCE','数据来源','STRING','','','','','Y','','D1-6','2','');
insert into column_val (xmlid, col_xmlid, dataname, col_seq, colname, colcnname, datatype, length, precision_val, party_seq, isprimarykey, isnullable, remark, filed_type_child, sensitive_level, policyid) values ('TS_LOAD_QY_INCOME_RPT_20161017','TS_LOAD_QY_INCOME_RPT_20161028','TS_LOAD_QY_INCOME_RPT','28','branch','地市','STRING','','','1','','N','','','','');
insert into column_val (xmlid, col_xmlid, dataname, col_seq, colname, colcnname, datatype, length, precision_val, party_seq, isprimarykey, isnullable, remark, filed_type_child, sensitive_level, policyid) values ('TS_LOAD_QY_INCOME_RPT_20161017','TS_LOAD_QY_INCOME_RPT_20161029','TS_LOAD_QY_INCOME_RPT','29','month','月份','INT','','','2','','N','','','','');
insert into column_val (xmlid, col_xmlid, dataname, col_seq, colname, colcnname, datatype, length, precision_val, party_seq, isprimarykey, isnullable, remark, filed_type_child, sensitive_level, policyid) values ('TS_LOAD_QY_INCOME_RPT_20161017','TS_LOAD_QY_INCOME_RPT_20161030','TS_LOAD_QY_INCOME_RPT','30','day','日期','INT','','','3','','N','','','','');

insert into tablefile (xmlid, dbname, dataname, datacnname, state, cycletype, topiccode, extend_cfg, rightlevel, creater, curdutyer, eff_date, state_date, team_code, open_state, remark) values ('TW_CORP_ECPN_WOFF_M','MON','TW_CORP_ECPN_WOFF_M','EDS_集团电子券销帐月表','NEW','month','LAYERH_HPROD_HPROD11','{"EXTERNAL":"y","LOCATION":"/tenant/BIGDATA/JCFW/BZMX/MON/EDS/TW_CORP_ECPN_WOFF_M","FILEFORMAT":"TEXTFILE","DELIMITER":"@#$"}','其他','谢英俊','谢英俊', TIMESTAMP '2017-08-25 12:00:00', TIMESTAMP '2017-08-25 12:00:00','5875519a-8ee1-4eb7-825b-ef1135513f02','','汇总层-产品-集团产品');
insert into column_val (xmlid, col_xmlid, dataname, col_seq, colname, colcnname, datatype, length, precision_val, party_seq, isprimarykey, isnullable, remark, filed_type_child, sensitive_level, policyid) values ('TW_CORP_ECPN_WOFF_M','TW_CORP_ECPN_WOFF_M_2017091','TW_CORP_ECPN_WOFF_M','1','EBOX_CHG_LOG_ID','帐本变更日志标识','STRING','','','','1','N','','C1-2','3','');
insert into column_val (xmlid, col_xmlid, dataname, col_seq, colname, colcnname, datatype, length, precision_val, party_seq, isprimarykey, isnullable, remark, filed_type_child, sensitive_level, policyid) values ('TW_CORP_ECPN_WOFF_M','TW_CORP_ECPN_WOFF_M_2017092','TW_CORP_ECPN_WOFF_M','2','CMCC_BRANCH_CD','移动分公司编码','STRING','','','','1','N','','C1-4','3','');
insert into column_val (xmlid, col_xmlid, dataname, col_seq, colname, colcnname, datatype, length, precision_val, party_seq, isprimarykey, isnullable, remark, filed_type_child, sensitive_level, policyid) values ('TW_CORP_ECPN_WOFF_M','TW_CORP_ECPN_WOFF_M_2017093','TW_CORP_ECPN_WOFF_M','3','EBOX_ID','帐户编码','STRING','','','','','Y','','A1-2','3','PID_all');
insert into column_val (xmlid, col_xmlid, dataname, col_seq, colname, colcnname, datatype, length, precision_val, party_seq, isprimarykey, isnullable, remark, filed_type_child, sensitive_level, policyid) values ('TW_CORP_ECPN_WOFF_M','TW_CORP_ECPN_WOFF_M_2017094','TW_CORP_ECPN_WOFF_M','4','EBOX_UNIT_CD','帐目编码','STRING','','','','','Y','AA_5006：普票账本；AA_5008：专票账本','A1-2','3','');
insert into column_val (xmlid, col_xmlid, dataname, col_seq, colname, colcnname, datatype, length, precision_val, party_seq, isprimarykey, isnullable, remark, filed_type_child, sensitive_level, policyid) values ('TW_CORP_ECPN_WOFF_M','TW_CORP_ECPN_WOFF_M_2017095','TW_CORP_ECPN_WOFF_M','5','ECPN_TYP_CD','电子券类型编码','STRING','','','','','Y','NS09：对应5006；NS08：对应5008','A1-2','3','');
insert into column_val (xmlid, col_xmlid, dataname, col_seq, colname, colcnname, datatype, length, precision_val, party_seq, isprimarykey, isnullable, remark, filed_type_child, sensitive_level, policyid) values ('TW_CORP_ECPN_WOFF_M','TW_CORP_ECPN_WOFF_M_2017096','TW_CORP_ECPN_WOFF_M','6','USR_NBR','手机号码','STRING','','','','','Y','','A1-2','3','PID_all');
insert into column_val (xmlid, col_xmlid, dataname, col_seq, colname, colcnname, datatype, length, precision_val, party_seq, isprimarykey, isnullable, remark, filed_type_child, sensitive_level, policyid) values ('TW_CORP_ECPN_WOFF_M','TW_CORP_ECPN_WOFF_M_2017097','TW_CORP_ECPN_WOFF_M','7','GROUP_ID','集团编码','STRING','','','','','Y','','A1-2','3','PID_all');
insert into column_val (xmlid, col_xmlid, dataname, col_seq, colname, colcnname, datatype, length, precision_val, party_seq, isprimarykey, isnullable, remark, filed_type_child, sensitive_level, policyid) values ('TW_CORP_ECPN_WOFF_M','TW_CORP_ECPN_WOFF_M_2017098','TW_CORP_ECPN_WOFF_M','8','CORP_PRDCT_NBR','集团产品号码','STRING','','','','','Y','','A1-2','3','PID_all');
insert into column_val (xmlid, col_xmlid, dataname, col_seq, colname, colcnname, datatype, length, precision_val, party_seq, isprimarykey, isnullable, remark, filed_type_child, sensitive_level, policyid) values ('TW_CORP_ECPN_WOFF_M','TW_CORP_ECPN_WOFF_M_2017099','TW_CORP_ECPN_WOFF_M','9','WOFF_AMT','销帐金额','DECIMAL','14','2','','','Y','','C1-3','2','');
insert into column_val (xmlid, col_xmlid, dataname, col_seq, colname, colcnname, datatype, length, precision_val, party_seq, isprimarykey, isnullable, remark, filed_type_child, sensitive_level, policyid) values ('TW_CORP_ECPN_WOFF_M','TW_CORP_ECPN_WOFF_M_20170910','TW_CORP_ECPN_WOFF_M','10','EBOX_CHG_RSN_CD','帐户变更原因编码','STRING','','','','','Y','只统计KCZWWZQ 空中充值','A1-2','3','');
insert into column_val (xmlid, col_xmlid, dataname, col_seq, colname, colcnname, datatype, length, precision_val, party_seq, isprimarykey, isnullable, remark, filed_type_child, sensitive_level, policyid) values ('TW_CORP_ECPN_WOFF_M','TW_CORP_ECPN_WOFF_M_20170911','TW_CORP_ECPN_WOFF_M','11','LVL2_CHG_RSN','二级变更原因','STRING','','','','','Y','','A1-2','3','');
insert into column_val (xmlid, col_xmlid, dataname, col_seq, colname, colcnname, datatype, length, precision_val, party_seq, isprimarykey, isnullable, remark, filed_type_child, sensitive_level, policyid) values ('TW_CORP_ECPN_WOFF_M','TW_CORP_ECPN_WOFF_M_20170912','TW_CORP_ECPN_WOFF_M','12','CHG_DT','变更日期','INT','','','','','Y','','A1-2','3','');
insert into column_val (xmlid, col_xmlid, dataname, col_seq, colname, colcnname, datatype, length, precision_val, party_seq, isprimarykey, isnullable, remark, filed_type_child, sensitive_level, policyid) values ('TW_CORP_ECPN_WOFF_M','TW_CORP_ECPN_WOFF_M_20170913','TW_CORP_ECPN_WOFF_M','13','CHG_TIM','变更时间','STRING','','','','','Y','','A1-2','3','');
insert into column_val (xmlid, col_xmlid, dataname, col_seq, colname, colcnname, datatype, length, precision_val, party_seq, isprimarykey, isnullable, remark, filed_type_child, sensitive_level, policyid) values ('TW_CORP_ECPN_WOFF_M','TW_CORP_ECPN_WOFF_M_20161014','TW_CORP_ECPN_WOFF_M','14','branch','地市','STRING','','','1','','N','','','','');
insert into column_val (xmlid, col_xmlid, dataname, col_seq, colname, colcnname, datatype, length, precision_val, party_seq, isprimarykey, isnullable, remark, filed_type_child, sensitive_level, policyid) values ('TW_CORP_ECPN_WOFF_M','TW_CORP_ECPN_WOFF_M_20161015','TW_CORP_ECPN_WOFF_M','15','month','月份','INT','','','2','','N','','','','');

insert into tablefile (xmlid, dbname, dataname, datacnname, state, cycletype, topiccode, extend_cfg, rightlevel, creater, curdutyer, eff_date, state_date, team_code, open_state, remark) values ('TW_CORP_ECPN_CHRG_M','MON','TW_CORP_ECPN_CHRG_M','EDS_集团电子券充值月表','NEW','month','LAYERH_HPROD_HPROD11','{"EXTERNAL":"y","LOCATION":"/tenant/BIGDATA/JCFW/BZMX/MON/EDS/TW_CORP_ECPN_CHRG_M","FILEFORMAT":"TEXTFILE","DELIMITER":"@#$"}','其他','谢英俊','谢英俊', TIMESTAMP '2017-08-25 12:00:00', TIMESTAMP '2017-08-25 12:00:00','5875519a-8ee1-4eb7-825b-ef1135513f02','','汇总层-产品-集团产品');
insert into column_val (xmlid, col_xmlid, dataname, col_seq, colname, colcnname, datatype, length, precision_val, party_seq, isprimarykey, isnullable, remark, filed_type_child, sensitive_level, policyid) values ('TW_CORP_ECPN_CHRG_M','TW_CORP_ECPN_CHRG_M_2017091','TW_CORP_ECPN_CHRG_M','1','EBOX_CHG_LOG_ID','帐本变更日志标识','STRING','','','','1','N','','C1-2','3','');
insert into column_val (xmlid, col_xmlid, dataname, col_seq, colname, colcnname, datatype, length, precision_val, party_seq, isprimarykey, isnullable, remark, filed_type_child, sensitive_level, policyid) values ('TW_CORP_ECPN_CHRG_M','TW_CORP_ECPN_CHRG_M_2017092','TW_CORP_ECPN_CHRG_M','2','CMCC_BRANCH_CD','移动分公司编码','STRING','','','','1','N','','C1-4','3','');
insert into column_val (xmlid, col_xmlid, dataname, col_seq, colname, colcnname, datatype, length, precision_val, party_seq, isprimarykey, isnullable, remark, filed_type_child, sensitive_level, policyid) values ('TW_CORP_ECPN_CHRG_M','TW_CORP_ECPN_CHRG_M_2017093','TW_CORP_ECPN_CHRG_M','3','EBOX_ID','帐户编码','STRING','','','','','Y','','A1-2','3','PID_all');
insert into column_val (xmlid, col_xmlid, dataname, col_seq, colname, colcnname, datatype, length, precision_val, party_seq, isprimarykey, isnullable, remark, filed_type_child, sensitive_level, policyid) values ('TW_CORP_ECPN_CHRG_M','TW_CORP_ECPN_CHRG_M_2017094','TW_CORP_ECPN_CHRG_M','4','EBOX_UNIT_CD','帐目编码','STRING','','','','','Y','AA_5006：普票账本；AA_5008：专票账本','A1-2','3','');
insert into column_val (xmlid, col_xmlid, dataname, col_seq, colname, colcnname, datatype, length, precision_val, party_seq, isprimarykey, isnullable, remark, filed_type_child, sensitive_level, policyid) values ('TW_CORP_ECPN_CHRG_M','TW_CORP_ECPN_CHRG_M_2017095','TW_CORP_ECPN_CHRG_M','5','ECPN_TYP_CD','电子券类型编码','STRING','','','','','Y','NS09：对应5006；NS08：对应5008','A1-2','3','');
insert into column_val (xmlid, col_xmlid, dataname, col_seq, colname, colcnname, datatype, length, precision_val, party_seq, isprimarykey, isnullable, remark, filed_type_child, sensitive_level, policyid) values ('TW_CORP_ECPN_CHRG_M','TW_CORP_ECPN_CHRG_M_2017096','TW_CORP_ECPN_CHRG_M','6','USR_NBR','手机号码','STRING','','','','','Y','','A1-2','3','PID_all');
insert into column_val (xmlid, col_xmlid, dataname, col_seq, colname, colcnname, datatype, length, precision_val, party_seq, isprimarykey, isnullable, remark, filed_type_child, sensitive_level, policyid) values ('TW_CORP_ECPN_CHRG_M','TW_CORP_ECPN_CHRG_M_2017097','TW_CORP_ECPN_CHRG_M','7','GROUP_ID','集团编码','STRING','','','','','Y','','A1-2','3','PID_all');
insert into column_val (xmlid, col_xmlid, dataname, col_seq, colname, colcnname, datatype, length, precision_val, party_seq, isprimarykey, isnullable, remark, filed_type_child, sensitive_level, policyid) values ('TW_CORP_ECPN_CHRG_M','TW_CORP_ECPN_CHRG_M_2017098','TW_CORP_ECPN_CHRG_M','8','CORP_PRDCT_NBR','集团产品号码','STRING','','','','','Y','','A1-2','3','PID_all');
insert into column_val (xmlid, col_xmlid, dataname, col_seq, colname, colcnname, datatype, length, precision_val, party_seq, isprimarykey, isnullable, remark, filed_type_child, sensitive_level, policyid) values ('TW_CORP_ECPN_CHRG_M','TW_CORP_ECPN_CHRG_M_2017099','TW_CORP_ECPN_CHRG_M','9','CHRG_AMT','充值金额','DECIMAL','14','2','','','Y','','C1-3','2','');
insert into column_val (xmlid, col_xmlid, dataname, col_seq, colname, colcnname, datatype, length, precision_val, party_seq, isprimarykey, isnullable, remark, filed_type_child, sensitive_level, policyid) values ('TW_CORP_ECPN_CHRG_M','TW_CORP_ECPN_CHRG_M_20170910','TW_CORP_ECPN_CHRG_M','10','EBOX_CHG_RSN_CD','帐户变更原因编码','STRING','','','','','Y','只统计KCZWWZQ 空中充值','A1-2','3','');
insert into column_val (xmlid, col_xmlid, dataname, col_seq, colname, colcnname, datatype, length, precision_val, party_seq, isprimarykey, isnullable, remark, filed_type_child, sensitive_level, policyid) values ('TW_CORP_ECPN_CHRG_M','TW_CORP_ECPN_CHRG_M_20170911','TW_CORP_ECPN_CHRG_M','11','LVL2_CHG_RSN','二级变更原因','STRING','','','','','Y','','A1-2','3','');
insert into column_val (xmlid, col_xmlid, dataname, col_seq, colname, colcnname, datatype, length, precision_val, party_seq, isprimarykey, isnullable, remark, filed_type_child, sensitive_level, policyid) values ('TW_CORP_ECPN_CHRG_M','TW_CORP_ECPN_CHRG_M_20170912','TW_CORP_ECPN_CHRG_M','12','CHG_DT','变更日期','INT','','','','','Y','','A1-2','3','');
insert into column_val (xmlid, col_xmlid, dataname, col_seq, colname, colcnname, datatype, length, precision_val, party_seq, isprimarykey, isnullable, remark, filed_type_child, sensitive_level, policyid) values ('TW_CORP_ECPN_CHRG_M','TW_CORP_ECPN_CHRG_M_20170913','TW_CORP_ECPN_CHRG_M','13','CHG_TIM','变更时间','STRING','','','','','Y','','A1-2','3','');
insert into column_val (xmlid, col_xmlid, dataname, col_seq, colname, colcnname, datatype, length, precision_val, party_seq, isprimarykey, isnullable, remark, filed_type_child, sensitive_level, policyid) values ('TW_CORP_ECPN_CHRG_M','TW_CORP_ECPN_CHRG_M_20161014','TW_CORP_ECPN_CHRG_M','14','branch','地市','STRING','','','1','','N','','','','');
insert into column_val (xmlid, col_xmlid, dataname, col_seq, colname, colcnname, datatype, length, precision_val, party_seq, isprimarykey, isnullable, remark, filed_type_child, sensitive_level, policyid) values ('TW_CORP_ECPN_CHRG_M','TW_CORP_ECPN_CHRG_M_20161015','TW_CORP_ECPN_CHRG_M','15','month','月份','INT','','','2','','N','','','','');

insert into tablefile (xmlid, dbname, dataname, datacnname, state, cycletype, topiccode, extend_cfg, rightlevel, creater, curdutyer, eff_date, state_date, team_code, open_state, remark) values ('TO_R_CORP_XXT_CODEBI_D_20161017','BD_B','TO_R_CORP_XXT_CODEBI_D','ODS_校讯通BI全省业务代码日全量表','NEW','other','LAYERI_IRES','{"EXTERNAL":"y","LOCATION":"/tenant/BIGDATA/JCFW/JRCL/BD_B/ODS/TO_R_CORP_XXT_CODEBI_D","FILEFORMAT":"TEXTFILE","DELIMITER":"@#$"}','其他','谢英俊','谢英俊', TIMESTAMP '2016-07-11 12:00:00', TIMESTAMP '2016-09-28 12:00:00','f2999fd5-c34e-402e-9b28-fec9fca13044','','接口层-资源主题域');
insert into column_val (xmlid, col_xmlid, dataname, col_seq, colname, colcnname, datatype, length, precision_val, party_seq, isprimarykey, isnullable, remark, filed_type_child, sensitive_level, policyid) values ('TO_R_CORP_XXT_CODEBI_D_20161017','TO_R_CORP_XXT_CODEBI_D_2017091','TO_R_CORP_XXT_CODEBI_D','1','SID','序号','INT','','','','1','N','','D2-2','2','');
insert into column_val (xmlid, col_xmlid, dataname, col_seq, colname, colcnname, datatype, length, precision_val, party_seq, isprimarykey, isnullable, remark, filed_type_child, sensitive_level, policyid) values ('TO_R_CORP_XXT_CODEBI_D_20161017','TO_R_CORP_XXT_CODEBI_D_2017092','TO_R_CORP_XXT_CODEBI_D','2','CMCC_BRANCH_CD','地市','STRING','','','','','Y','','D2-2','2','');
insert into column_val (xmlid, col_xmlid, dataname, col_seq, colname, colcnname, datatype, length, precision_val, party_seq, isprimarykey, isnullable, remark, filed_type_child, sensitive_level, policyid) values ('TO_R_CORP_XXT_CODEBI_D_20161017','TO_R_CORP_XXT_CODEBI_D_2017093','TO_R_CORP_XXT_CODEBI_D','3','BUSI_BRIEF','业务名称','STRING','','','','','Y','','D2-2','2','');
insert into column_val (xmlid, col_xmlid, dataname, col_seq, colname, colcnname, datatype, length, precision_val, party_seq, isprimarykey, isnullable, remark, filed_type_child, sensitive_level, policyid) values ('TO_R_CORP_XXT_CODEBI_D_20161017','TO_R_CORP_XXT_CODEBI_D_2017094','TO_R_CORP_XXT_CODEBI_D','4','EFF_DT','制作日期','INT','','','','','Y','','D2-2','2','');
insert into column_val (xmlid, col_xmlid, dataname, col_seq, colname, colcnname, datatype, length, precision_val, party_seq, isprimarykey, isnullable, remark, filed_type_child, sensitive_level, policyid) values ('TO_R_CORP_XXT_CODEBI_D_20161017','TO_R_CORP_XXT_CODEBI_D_2017095','TO_R_CORP_XXT_CODEBI_D','5','SP_SERV_CD','端口','STRING','','','','','Y','','D2-2','2','');
insert into column_val (xmlid, col_xmlid, dataname, col_seq, colname, colcnname, datatype, length, precision_val, party_seq, isprimarykey, isnullable, remark, filed_type_child, sensitive_level, policyid) values ('TO_R_CORP_XXT_CODEBI_D_20161017','TO_R_CORP_XXT_CODEBI_D_2017096','TO_R_CORP_XXT_CODEBI_D','6','SP_SUBBUSI_CD','业务代码','STRING','','','','','Y','','D2-2','2','');
insert into column_val (xmlid, col_xmlid, dataname, col_seq, colname, colcnname, datatype, length, precision_val, party_seq, isprimarykey, isnullable, remark, filed_type_child, sensitive_level, policyid) values ('TO_R_CORP_XXT_CODEBI_D_20161017','TO_R_CORP_XXT_CODEBI_D_2017097','TO_R_CORP_XXT_CODEBI_D','7','APPLY_SCOPE','业务级别','INT','','','','','Y','1：市级
2：省级','D2-2','2','');
insert into column_val (xmlid, col_xmlid, dataname, col_seq, colname, colcnname, datatype, length, precision_val, party_seq, isprimarykey, isnullable, remark, filed_type_child, sensitive_level, policyid) values ('TO_R_CORP_XXT_CODEBI_D_20161017','TO_R_CORP_XXT_CODEBI_D_2017098','TO_R_CORP_XXT_CODEBI_D','8','SP_SUBBUSI_TYP','SP_SUBBUSI_TYP','STRING','','','','','Y','','D2-2','2','');
insert into column_val (xmlid, col_xmlid, dataname, col_seq, colname, colcnname, datatype, length, precision_val, party_seq, isprimarykey, isnullable, remark, filed_type_child, sensitive_level, policyid) values ('TO_R_CORP_XXT_CODEBI_D_20161017','TO_R_CORP_XXT_CODEBI_D_2017099','TO_R_CORP_XXT_CODEBI_D','9','TARIFF','资费','DECIMAL','12','2','','','Y','','D2-2','2','');
insert into column_val (xmlid, col_xmlid, dataname, col_seq, colname, colcnname, datatype, length, precision_val, party_seq, isprimarykey, isnullable, remark, filed_type_child, sensitive_level, policyid) values ('TO_R_CORP_XXT_CODEBI_D_20161017','TO_R_CORP_XXT_CODEBI_D_20170910','TO_R_CORP_XXT_CODEBI_D','10','SP_SERV_TYP','端口类型','SMALLINT','','','','','Y','0：表示原和校园端口 1：表示点播业务','D2-2','2','');
insert into column_val (xmlid, col_xmlid, dataname, col_seq, colname, colcnname, datatype, length, precision_val, party_seq, isprimarykey, isnullable, remark, filed_type_child, sensitive_level, policyid) values ('TO_R_CORP_XXT_CODEBI_D_20161017','TO_R_CORP_XXT_CODEBI_D_20161011','TO_R_CORP_XXT_CODEBI_D','11','branch','地市','STRING','','','1','','N','','','','');

insert into tablefile (xmlid, dbname, dataname, datacnname, state, cycletype, topiccode, extend_cfg, rightlevel, creater, curdutyer, eff_date, state_date, team_code, open_state, remark) values ('TR_APP_TYP','BD_O','TR_APP_TYP','REF_APP分类维表','NEW','other','LAYERW','{"EXTERNAL":"y","LOCATION":"/tenant/BIGDATA/JCFW/JRCL/BD_O/REF/TR_APP_TYP","FILEFORMAT":"TEXTFILE","DELIMITER":","}','其他','谢英俊','谢英俊', TIMESTAMP '0010-06-17 12:00:00', TIMESTAMP '0010-06-17 12:00:00','f2999fd5-c34e-402e-9b28-fec9fca13044','','维表层');
insert into column_val (xmlid, col_xmlid, dataname, col_seq, colname, colcnname, datatype, length, precision_val, party_seq, isprimarykey, isnullable, remark, filed_type_child, sensitive_level, policyid) values ('TR_APP_TYP','TR_APP_TYP_2017091','TR_APP_TYP','1','STAT_DT','统计日期','STRING','','','','','N','','D2-3','1','');
insert into column_val (xmlid, col_xmlid, dataname, col_seq, colname, colcnname, datatype, length, precision_val, party_seq, isprimarykey, isnullable, remark, filed_type_child, sensitive_level, policyid) values ('TR_APP_TYP','TR_APP_TYP_2017092','TR_APP_TYP','2','APP_TYP_ID','APP分类ID                 ','STRING','','','','','N','亚信解析的APP分类ID，对应明细表的SR_CONT_TYP_ID','D2-3','1','');
insert into column_val (xmlid, col_xmlid, dataname, col_seq, colname, colcnname, datatype, length, precision_val, party_seq, isprimarykey, isnullable, remark, filed_type_child, sensitive_level, policyid) values ('TR_APP_TYP','TR_APP_TYP_2017093','TR_APP_TYP','3','APP_TYP_NAM','APP分类名称              ','STRING','','','','','N','亚信解析的APP分类名称，对应明细表的SR_CONT_TYP_NAM','D2-3','1','');
insert into column_val (xmlid, col_xmlid, dataname, col_seq, colname, colcnname, datatype, length, precision_val, party_seq, isprimarykey, isnullable, remark, filed_type_child, sensitive_level, policyid) values ('TR_APP_TYP','TR_APP_TYP_2017094','TR_APP_TYP','4','APP_ID','APP_ID                   ','STRING','','','','','N','亚信解析的APP ID，对应明细表的SR_SOURCE_ID','D2-3','1','');
insert into column_val (xmlid, col_xmlid, dataname, col_seq, colname, colcnname, datatype, length, precision_val, party_seq, isprimarykey, isnullable, remark, filed_type_child, sensitive_level, policyid) values ('TR_APP_TYP','TR_APP_TYP_2017095','TR_APP_TYP','5','APP_NAME','APP名称     ','STRING','','','','','N','亚信解析的APP名称，对应明细表的SR_SOURCE_NAM','D2-3','1','');
insert into column_val (xmlid, col_xmlid, dataname, col_seq, colname, colcnname, datatype, length, precision_val, party_seq, isprimarykey, isnullable, remark, filed_type_child, sensitive_level, policyid) values ('TR_APP_TYP','TR_APP_TYP_2016106','TR_APP_TYP','6','branch','地市','STRING','','','1','','N','','','','');

insert into tablefile (xmlid, dbname, dataname, datacnname, state, cycletype, topiccode, extend_cfg, rightlevel, creater, curdutyer, eff_date, state_date, team_code, open_state, remark) values ('TR_PC_BBOSS_PRODUCT','BD_B','TR_PC_BBOSS_PRODUCT','REF_BBOSS规格映射产品关系表','NEW','other','LAYERW','{"EXTERNAL":"y","LOCATION":"/tenant/BIGDATA/JCFW/JRCL/BD_B/REF/TR_PC_BBOSS_PRODUCT","FILEFORMAT":"PARQUET","DELIMITER":"&&"}','其他','谢英俊','谢英俊', TIMESTAMP '0009-09-17 12:00:00', TIMESTAMP '0009-09-17 12:00:00','f2999fd5-c34e-402e-9b28-fec9fca13044','','维表层');
insert into column_val (xmlid, col_xmlid, dataname, col_seq, colname, colcnname, datatype, length, precision_val, party_seq, isprimarykey, isnullable, remark, filed_type_child, sensitive_level, policyid) values ('TR_PC_BBOSS_PRODUCT','TR_PC_BBOSS_PRODUCT_2017091','TR_PC_BBOSS_PRODUCT','1','POID','处理编码','STRING','','','','1','N','PRODID_SPECID[_SPECID]','C1-2','3','');
insert into column_val (xmlid, col_xmlid, dataname, col_seq, colname, colcnname, datatype, length, precision_val, party_seq, isprimarykey, isnullable, remark, filed_type_child, sensitive_level, policyid) values ('TR_PC_BBOSS_PRODUCT','TR_PC_BBOSS_PRODUCT_2017092','TR_PC_BBOSS_PRODUCT','2','OWNE_RPOID','归属者OID','STRING','','','','','Y','归属者OID，商品时为空','C1-2','3','');
insert into column_val (xmlid, col_xmlid, dataname, col_seq, colname, colcnname, datatype, length, precision_val, party_seq, isprimarykey, isnullable, remark, filed_type_child, sensitive_level, policyid) values ('TR_PC_BBOSS_PRODUCT','TR_PC_BBOSS_PRODUCT_2017093','TR_PC_BBOSS_PRODUCT','3','PROD_ID','BOSS产品编码','STRING','','','','','Y','BOSS产品编码','C1-2','3','');
insert into column_val (xmlid, col_xmlid, dataname, col_seq, colname, colcnname, datatype, length, precision_val, party_seq, isprimarykey, isnullable, remark, filed_type_child, sensitive_level, policyid) values ('TR_PC_BBOSS_PRODUCT','TR_PC_BBOSS_PRODUCT_2017094','TR_PC_BBOSS_PRODUCT','4','PRDCT_SPEC_CD','BBOSS产品规格','STRING','','','','','Y','BBOSS产品规格','C1-2','3','');
insert into column_val (xmlid, col_xmlid, dataname, col_seq, colname, colcnname, datatype, length, precision_val, party_seq, isprimarykey, isnullable, remark, filed_type_child, sensitive_level, policyid) values ('TR_PC_BBOSS_PRODUCT','TR_PC_BBOSS_PRODUCT_2017095','TR_PC_BBOSS_PRODUCT','5','PRDCT_SPEC_NAM','BBOSS产品规格名称','STRING','','','','','Y','BBOSS产品规格名称','C1-2','3','');
insert into column_val (xmlid, col_xmlid, dataname, col_seq, colname, colcnname, datatype, length, precision_val, party_seq, isprimarykey, isnullable, remark, filed_type_child, sensitive_level, policyid) values ('TR_PC_BBOSS_PRODUCT','TR_PC_BBOSS_PRODUCT_2017096','TR_PC_BBOSS_PRODUCT','6','PRDCT_TYP','产品类型','STRING','','','','','Y','POSpec商品规格,ProdSpec产品规格,ProductOrderRatePlan产品资费,ProductOrderRatePlanOverlay叠加包,RatePlan商品资费,POOrderRatePolicy商品套餐','C1-2','3','');
insert into column_val (xmlid, col_xmlid, dataname, col_seq, colname, colcnname, datatype, length, precision_val, party_seq, isprimarykey, isnullable, remark, filed_type_child, sensitive_level, policyid) values ('TR_PC_BBOSS_PRODUCT','TR_PC_BBOSS_PRODUCT_2017097','TR_PC_BBOSS_PRODUCT','7','STS_CD','规格状态','SMALLINT','','','','','Y','状态1有效0无效','C1-2','3','');
insert into column_val (xmlid, col_xmlid, dataname, col_seq, colname, colcnname, datatype, length, precision_val, party_seq, isprimarykey, isnullable, remark, filed_type_child, sensitive_level, policyid) values ('TR_PC_BBOSS_PRODUCT','TR_PC_BBOSS_PRODUCT_2016108','TR_PC_BBOSS_PRODUCT','8','branch','地市','STRING','','','1','','N','','','','');

insert into tablefile (xmlid, dbname, dataname, datacnname, state, cycletype, topiccode, extend_cfg, rightlevel, creater, curdutyer, eff_date, state_date, team_code, open_state, remark) values ('TO_E_ESOP_LOG_MAIN_D','BD_B','TO_E_ESOP_LOG_MAIN_D','ODS_ESOP日志表','NEW','day','LAYERI_ISERV','{"EXTERNAL":"y","LOCATION":"/tenant/BIGDATA/JCFW/JRCL/BD_B/ODS/TO_E_ESOP_LOG_MAIN_D","FILEFORMAT":"PARQUET","DELIMITER":"&&"}','其他','谢英俊','谢英俊', TIMESTAMP '0009-02-17 12:00:00', TIMESTAMP '0009-02-17 12:00:00','f2999fd5-c34e-402e-9b28-fec9fca13044','','基础层-服务主题域');
insert into column_val (xmlid, col_xmlid, dataname, col_seq, colname, colcnname, datatype, length, precision_val, party_seq, isprimarykey, isnullable, remark, filed_type_child, sensitive_level, policyid) values ('TO_E_ESOP_LOG_MAIN_D','TO_E_ESOP_LOG_MAIN_D_2017091','TO_E_ESOP_LOG_MAIN_D','1','LOG_ID','日志编号','STRING','','','','1','N','','C1-2','3','');
insert into column_val (xmlid, col_xmlid, dataname, col_seq, colname, colcnname, datatype, length, precision_val, party_seq, isprimarykey, isnullable, remark, filed_type_child, sensitive_level, policyid) values ('TO_E_ESOP_LOG_MAIN_D','TO_E_ESOP_LOG_MAIN_D_2017092','TO_E_ESOP_LOG_MAIN_D','2','LOG_NAM','日志主题','STRING','','','','','Y','','C1-2','3','');
insert into column_val (xmlid, col_xmlid, dataname, col_seq, colname, colcnname, datatype, length, precision_val, party_seq, isprimarykey, isnullable, remark, filed_type_child, sensitive_level, policyid) values ('TO_E_ESOP_LOG_MAIN_D','TO_E_ESOP_LOG_MAIN_D_2017093','TO_E_ESOP_LOG_MAIN_D','3','LOG_TYP','日志类型','STRING','','','','','Y','字典表GROUPID="logtype"','C1-2','3','');
insert into column_val (xmlid, col_xmlid, dataname, col_seq, colname, colcnname, datatype, length, precision_val, party_seq, isprimarykey, isnullable, remark, filed_type_child, sensitive_level, policyid) values ('TO_E_ESOP_LOG_MAIN_D','TO_E_ESOP_LOG_MAIN_D_2017094','TO_E_ESOP_LOG_MAIN_D','4','CTY_CD','地市','STRING','','','','1','N','主键
地市region，
999-省公司
200-广州
660-汕尾
662-阳江
663-揭阳
668-茂名
750-江门
751-韶关
752-惠州
753-梅州
754-汕头
755-深圳
756-珠海
757-佛山
758-肇庆
759-湛江
760-中山
762-河源
763-清远
766-云浮
768-潮州
769-东莞','C1-2','3','');
insert into column_val (xmlid, col_xmlid, dataname, col_seq, colname, colcnname, datatype, length, precision_val, party_seq, isprimarykey, isnullable, remark, filed_type_child, sensitive_level, policyid) values ('TO_E_ESOP_LOG_MAIN_D','TO_E_ESOP_LOG_MAIN_D_2017095','TO_E_ESOP_LOG_MAIN_D','5','OPERATION_ID','关联业务单号','STRING','','','','','Y','项目编号PROJECTID','C1-2','3','');
insert into column_val (xmlid, col_xmlid, dataname, col_seq, colname, colcnname, datatype, length, precision_val, party_seq, isprimarykey, isnullable, remark, filed_type_child, sensitive_level, policyid) values ('TO_E_ESOP_LOG_MAIN_D','TO_E_ESOP_LOG_MAIN_D_2017096','TO_E_ESOP_LOG_MAIN_D','6','OPERATION_NAM','关联业务单名称','STRING','','','','','Y','项目PROJECTNAME','C1-2','3','');
insert into column_val (xmlid, col_xmlid, dataname, col_seq, colname, colcnname, datatype, length, precision_val, party_seq, isprimarykey, isnullable, remark, filed_type_child, sensitive_level, policyid) values ('TO_E_ESOP_LOG_MAIN_D','TO_E_ESOP_LOG_MAIN_D_2017097','TO_E_ESOP_LOG_MAIN_D','7','SERVICE_ACT','客服动作','STRING','','','','','Y','字典表GROUPID="servicact"','C1-2','3','');
insert into column_val (xmlid, col_xmlid, dataname, col_seq, colname, colcnname, datatype, length, precision_val, party_seq, isprimarykey, isnullable, remark, filed_type_child, sensitive_level, policyid) values ('TO_E_ESOP_LOG_MAIN_D','TO_E_ESOP_LOG_MAIN_D_2017098','TO_E_ESOP_LOG_MAIN_D','8','GROUP_ID','集团客户编号','STRING','','','','','Y','','C1-2','3','');
insert into column_val (xmlid, col_xmlid, dataname, col_seq, colname, colcnname, datatype, length, precision_val, party_seq, isprimarykey, isnullable, remark, filed_type_child, sensitive_level, policyid) values ('TO_E_ESOP_LOG_MAIN_D','TO_E_ESOP_LOG_MAIN_D_2017099','TO_E_ESOP_LOG_MAIN_D','9','CRTEATOR','创建人','STRING','','','','','Y','','C1-2','3','');
insert into column_val (xmlid, col_xmlid, dataname, col_seq, colname, colcnname, datatype, length, precision_val, party_seq, isprimarykey, isnullable, remark, filed_type_child, sensitive_level, policyid) values ('TO_E_ESOP_LOG_MAIN_D','TO_E_ESOP_LOG_MAIN_D_20170910','TO_E_ESOP_LOG_MAIN_D','10','CREATE_DTS','创建时间','STRING','','','','','Y','格式YYYY-MM-DDHH24:MI:SS','C1-2','3','');
insert into column_val (xmlid, col_xmlid, dataname, col_seq, colname, colcnname, datatype, length, precision_val, party_seq, isprimarykey, isnullable, remark, filed_type_child, sensitive_level, policyid) values ('TO_E_ESOP_LOG_MAIN_D','TO_E_ESOP_LOG_MAIN_D_20170911','TO_E_ESOP_LOG_MAIN_D','11','CHG_TIM','修改时间','STRING','','','','','Y','格式YYYY-MM-DDHH24:MI:SS','C1-2','3','');
insert into column_val (xmlid, col_xmlid, dataname, col_seq, colname, colcnname, datatype, length, precision_val, party_seq, isprimarykey, isnullable, remark, filed_type_child, sensitive_level, policyid) values ('TO_E_ESOP_LOG_MAIN_D','TO_E_ESOP_LOG_MAIN_D_20170912','TO_E_ESOP_LOG_MAIN_D','12','LOG_CONT','日志内容','STRING','','','','','Y','','C1-2','3','');
insert into column_val (xmlid, col_xmlid, dataname, col_seq, colname, colcnname, datatype, length, precision_val, party_seq, isprimarykey, isnullable, remark, filed_type_child, sensitive_level, policyid) values ('TO_E_ESOP_LOG_MAIN_D','TO_E_ESOP_LOG_MAIN_D_20170913','TO_E_ESOP_LOG_MAIN_D','13','LOG_SRC','日志来源','STRING','','','','','Y','自己：1，系统：0','C1-2','3','');
insert into column_val (xmlid, col_xmlid, dataname, col_seq, colname, colcnname, datatype, length, precision_val, party_seq, isprimarykey, isnullable, remark, filed_type_child, sensitive_level, policyid) values ('TO_E_ESOP_LOG_MAIN_D','TO_E_ESOP_LOG_MAIN_D_20170914','TO_E_ESOP_LOG_MAIN_D','14','STS_CD','状态','STRING','','','','','Y','1是，0否','C1-2','3','');
insert into column_val (xmlid, col_xmlid, dataname, col_seq, colname, colcnname, datatype, length, precision_val, party_seq, isprimarykey, isnullable, remark, filed_type_child, sensitive_level, policyid) values ('TO_E_ESOP_LOG_MAIN_D','TO_E_ESOP_LOG_MAIN_D_20170915','TO_E_ESOP_LOG_MAIN_D','15','LOG_ATTACH','日志附件','STRING','','','','','Y','','C1-2','3','');
insert into column_val (xmlid, col_xmlid, dataname, col_seq, colname, colcnname, datatype, length, precision_val, party_seq, isprimarykey, isnullable, remark, filed_type_child, sensitive_level, policyid) values ('TO_E_ESOP_LOG_MAIN_D','TO_E_ESOP_LOG_MAIN_D_20170916','TO_E_ESOP_LOG_MAIN_D','16','GROUP_TYP','集团类型','STRING','','','','','Y','自然集团：1，BOSS集团：0','C1-2','3','');
insert into column_val (xmlid, col_xmlid, dataname, col_seq, colname, colcnname, datatype, length, precision_val, party_seq, isprimarykey, isnullable, remark, filed_type_child, sensitive_level, policyid) values ('TO_E_ESOP_LOG_MAIN_D','TO_E_ESOP_LOG_MAIN_D_20170917','TO_E_ESOP_LOG_MAIN_D','17','VISIT_DT','拜访时间','STRING','','','','','Y','','C1-2','3','');
insert into column_val (xmlid, col_xmlid, dataname, col_seq, colname, colcnname, datatype, length, precision_val, party_seq, isprimarykey, isnullable, remark, filed_type_child, sensitive_level, policyid) values ('TO_E_ESOP_LOG_MAIN_D','TO_E_ESOP_LOG_MAIN_D_20170918','TO_E_ESOP_LOG_MAIN_D','18','LOG_WRITE_LENGTH','日志填写耗时','STRING','','','','','Y','单位：秒','C1-2','3','');
insert into column_val (xmlid, col_xmlid, dataname, col_seq, colname, colcnname, datatype, length, precision_val, party_seq, isprimarykey, isnullable, remark, filed_type_child, sensitive_level, policyid) values ('TO_E_ESOP_LOG_MAIN_D','TO_E_ESOP_LOG_MAIN_D_20170919','TO_E_ESOP_LOG_MAIN_D','19','GROUP_NAME','集团名称','STRING','','','','','Y','包括自然集团、BOSS集团','C1-2','3','');
insert into column_val (xmlid, col_xmlid, dataname, col_seq, colname, colcnname, datatype, length, precision_val, party_seq, isprimarykey, isnullable, remark, filed_type_child, sensitive_level, policyid) values ('TO_E_ESOP_LOG_MAIN_D','TO_E_ESOP_LOG_MAIN_D_20170920','TO_E_ESOP_LOG_MAIN_D','20','SER_TYP_CD','服务方式','STRING','','','','','Y','上门、电话、E-mail、短彩信、EMS邮寄、外出联谊、传真、其它','C1-2','3','');
insert into column_val (xmlid, col_xmlid, dataname, col_seq, colname, colcnname, datatype, length, precision_val, party_seq, isprimarykey, isnullable, remark, filed_type_child, sensitive_level, policyid) values ('TO_E_ESOP_LOG_MAIN_D','TO_E_ESOP_LOG_MAIN_D_20170921','TO_E_ESOP_LOG_MAIN_D','21','VISIT_FORM','拜访活动形式','STRING','','','','','Y','上门拜访','C1-2','3','');
insert into column_val (xmlid, col_xmlid, dataname, col_seq, colname, colcnname, datatype, length, precision_val, party_seq, isprimarykey, isnullable, remark, filed_type_child, sensitive_level, policyid) values ('TO_E_ESOP_LOG_MAIN_D','TO_E_ESOP_LOG_MAIN_D_20170922','TO_E_ESOP_LOG_MAIN_D','22','VISIT_AIM','拜访活动目的','STRING','','','','','Y','建立或维系高层客户关系','C1-2','3','');
insert into column_val (xmlid, col_xmlid, dataname, col_seq, colname, colcnname, datatype, length, precision_val, party_seq, isprimarykey, isnullable, remark, filed_type_child, sensitive_level, policyid) values ('TO_E_ESOP_LOG_MAIN_D','TO_E_ESOP_LOG_MAIN_D_20170923','TO_E_ESOP_LOG_MAIN_D','23','SUBSNUMBER','客户手机号码','STRING','','','','','Y','个人服务填写','C1-2','3','');
insert into column_val (xmlid, col_xmlid, dataname, col_seq, colname, colcnname, datatype, length, precision_val, party_seq, isprimarykey, isnullable, remark, filed_type_child, sensitive_level, policyid) values ('TO_E_ESOP_LOG_MAIN_D','TO_E_ESOP_LOG_MAIN_D_20170924','TO_E_ESOP_LOG_MAIN_D','24','CUST_NAM','客户名称','STRING','','','','','Y','个人服务填写','C1-2','3','');
insert into column_val (xmlid, col_xmlid, dataname, col_seq, colname, colcnname, datatype, length, precision_val, party_seq, isprimarykey, isnullable, remark, filed_type_child, sensitive_level, policyid) values ('TO_E_ESOP_LOG_MAIN_D','TO_E_ESOP_LOG_MAIN_D_20170925','TO_E_ESOP_LOG_MAIN_D','25','CUST_ROLE','客户角色','STRING','','','','','Y','个人服务填写','C1-2','3','');
insert into column_val (xmlid, col_xmlid, dataname, col_seq, colname, colcnname, datatype, length, precision_val, party_seq, isprimarykey, isnullable, remark, filed_type_child, sensitive_level, policyid) values ('TO_E_ESOP_LOG_MAIN_D','TO_E_ESOP_LOG_MAIN_D_20170926','TO_E_ESOP_LOG_MAIN_D','26','CORP_SCOPE','动态集团级别','STRING','','','','','Y','BOSS集团','C1-2','3','');
insert into column_val (xmlid, col_xmlid, dataname, col_seq, colname, colcnname, datatype, length, precision_val, party_seq, isprimarykey, isnullable, remark, filed_type_child, sensitive_level, policyid) values ('TO_E_ESOP_LOG_MAIN_D','TO_E_ESOP_LOG_MAIN_D_20170927','TO_E_ESOP_LOG_MAIN_D','27','DIST_NAM','所属区县','STRING','','','','','Y','BOSS集团','C1-2','3','');
insert into column_val (xmlid, col_xmlid, dataname, col_seq, colname, colcnname, datatype, length, precision_val, party_seq, isprimarykey, isnullable, remark, filed_type_child, sensitive_level, policyid) values ('TO_E_ESOP_LOG_MAIN_D','TO_E_ESOP_LOG_MAIN_D_20170928','TO_E_ESOP_LOG_MAIN_D','28','CUST_MGR','客户经理','STRING','','','','','Y','','C1-2','3','');
insert into column_val (xmlid, col_xmlid, dataname, col_seq, colname, colcnname, datatype, length, precision_val, party_seq, isprimarykey, isnullable, remark, filed_type_child, sensitive_level, policyid) values ('TO_E_ESOP_LOG_MAIN_D','TO_E_ESOP_LOG_MAIN_D_20170929','TO_E_ESOP_LOG_MAIN_D','29','FOLLOW_STAFF','我方人员','STRING','','','','','Y','同行人员','C1-2','3','');
insert into column_val (xmlid, col_xmlid, dataname, col_seq, colname, colcnname, datatype, length, precision_val, party_seq, isprimarykey, isnullable, remark, filed_type_child, sensitive_level, policyid) values ('TO_E_ESOP_LOG_MAIN_D','TO_E_ESOP_LOG_MAIN_D_20170930','TO_E_ESOP_LOG_MAIN_D','30','PROJECT_FEE','项目金额','STRING','','','','','Y','','C1-2','3','');
insert into column_val (xmlid, col_xmlid, dataname, col_seq, colname, colcnname, datatype, length, precision_val, party_seq, isprimarykey, isnullable, remark, filed_type_child, sensitive_level, policyid) values ('TO_E_ESOP_LOG_MAIN_D','TO_E_ESOP_LOG_MAIN_D_20170931','TO_E_ESOP_LOG_MAIN_D','31','PROJECT_BRIEF','项目简介','STRING','','','','','Y','','C1-2','3','');
insert into column_val (xmlid, col_xmlid, dataname, col_seq, colname, colcnname, datatype, length, precision_val, party_seq, isprimarykey, isnullable, remark, filed_type_child, sensitive_level, policyid) values ('TO_E_ESOP_LOG_MAIN_D','TO_E_ESOP_LOG_MAIN_D_20170932','TO_E_ESOP_LOG_MAIN_D','32','COMP_OPPONENT','竞争对手','STRING','','','','','Y','','C1-2','3','');
insert into column_val (xmlid, col_xmlid, dataname, col_seq, colname, colcnname, datatype, length, precision_val, party_seq, isprimarykey, isnullable, remark, filed_type_child, sensitive_level, policyid) values ('TO_E_ESOP_LOG_MAIN_D','TO_E_ESOP_LOG_MAIN_D_20170933','TO_E_ESOP_LOG_MAIN_D','33','COMP_LEVEL','竞争级别','STRING','','','','','Y','','C1-2','3','');
insert into column_val (xmlid, col_xmlid, dataname, col_seq, colname, colcnname, datatype, length, precision_val, party_seq, isprimarykey, isnullable, remark, filed_type_child, sensitive_level, policyid) values ('TO_E_ESOP_LOG_MAIN_D','TO_E_ESOP_LOG_MAIN_D_20170934','TO_E_ESOP_LOG_MAIN_D','34','RESPONSE_EVENT','应对事件','STRING','','','','','Y','','C1-2','3','');
insert into column_val (xmlid, col_xmlid, dataname, col_seq, colname, colcnname, datatype, length, precision_val, party_seq, isprimarykey, isnullable, remark, filed_type_child, sensitive_level, policyid) values ('TO_E_ESOP_LOG_MAIN_D','TO_E_ESOP_LOG_MAIN_D_20170935','TO_E_ESOP_LOG_MAIN_D','35','RESPONSE_RESULT','应对结果','STRING','','','','','Y','','C1-2','3','');
insert into column_val (xmlid, col_xmlid, dataname, col_seq, colname, colcnname, datatype, length, precision_val, party_seq, isprimarykey, isnullable, remark, filed_type_child, sensitive_level, policyid) values ('TO_E_ESOP_LOG_MAIN_D','TO_E_ESOP_LOG_MAIN_D_20170936','TO_E_ESOP_LOG_MAIN_D','36','OTHER_RESULT','其它成效','STRING','','','','','Y','','C1-2','3','');
insert into column_val (xmlid, col_xmlid, dataname, col_seq, colname, colcnname, datatype, length, precision_val, party_seq, isprimarykey, isnullable, remark, filed_type_child, sensitive_level, policyid) values ('TO_E_ESOP_LOG_MAIN_D','TO_E_ESOP_LOG_MAIN_D_20170937','TO_E_ESOP_LOG_MAIN_D','37','NOTES','备注','STRING','','','','','Y','','C1-2','3','');
insert into column_val (xmlid, col_xmlid, dataname, col_seq, colname, colcnname, datatype, length, precision_val, party_seq, isprimarykey, isnullable, remark, filed_type_child, sensitive_level, policyid) values ('TO_E_ESOP_LOG_MAIN_D','TO_E_ESOP_LOG_MAIN_D_20170938','TO_E_ESOP_LOG_MAIN_D','38','CHIEF_VISIT_MGR_NAM','主要拜访经理名称','STRING','','','','','Y','','C1-2','3','');
insert into column_val (xmlid, col_xmlid, dataname, col_seq, colname, colcnname, datatype, length, precision_val, party_seq, isprimarykey, isnullable, remark, filed_type_child, sensitive_level, policyid) values ('TO_E_ESOP_LOG_MAIN_D','TO_E_ESOP_LOG_MAIN_D_20170939','TO_E_ESOP_LOG_MAIN_D','39','CHIEF_VISIT_MGR_JOB','职位','STRING','','','','','Y','','C1-2','3','');
insert into column_val (xmlid, col_xmlid, dataname, col_seq, colname, colcnname, datatype, length, precision_val, party_seq, isprimarykey, isnullable, remark, filed_type_child, sensitive_level, policyid) values ('TO_E_ESOP_LOG_MAIN_D','TO_E_ESOP_LOG_MAIN_D_20170940','TO_E_ESOP_LOG_MAIN_D','40','VISIT_TYPE','拜访类型','STRING','','','','','Y','','C1-2','3','');
insert into column_val (xmlid, col_xmlid, dataname, col_seq, colname, colcnname, datatype, length, precision_val, party_seq, isprimarykey, isnullable, remark, filed_type_child, sensitive_level, policyid) values ('TO_E_ESOP_LOG_MAIN_D','TO_E_ESOP_LOG_MAIN_D_20170941','TO_E_ESOP_LOG_MAIN_D','41','MOVEMENT_DESC','拜访描述','STRING','','','','','Y','','C1-2','3','');
insert into column_val (xmlid, col_xmlid, dataname, col_seq, colname, colcnname, datatype, length, precision_val, party_seq, isprimarykey, isnullable, remark, filed_type_child, sensitive_level, policyid) values ('TO_E_ESOP_LOG_MAIN_D','TO_E_ESOP_LOG_MAIN_D_20170942','TO_E_ESOP_LOG_MAIN_D','42','IMPACT','影响','STRING','','','','','Y','','C1-2','3','');
insert into column_val (xmlid, col_xmlid, dataname, col_seq, colname, colcnname, datatype, length, precision_val, party_seq, isprimarykey, isnullable, remark, filed_type_child, sensitive_level, policyid) values ('TO_E_ESOP_LOG_MAIN_D','TO_E_ESOP_LOG_MAIN_D_20170943','TO_E_ESOP_LOG_MAIN_D','43','PROJECT_NAM','项目名称','STRING','','','','','Y','','C1-2','3','');
insert into column_val (xmlid, col_xmlid, dataname, col_seq, colname, colcnname, datatype, length, precision_val, party_seq, isprimarykey, isnullable, remark, filed_type_child, sensitive_level, policyid) values ('TO_E_ESOP_LOG_MAIN_D','TO_E_ESOP_LOG_MAIN_D_20170944','TO_E_ESOP_LOG_MAIN_D','44','REFER_PRDCT','参考产品','STRING','','','','','Y','','C1-2','3','');
insert into column_val (xmlid, col_xmlid, dataname, col_seq, colname, colcnname, datatype, length, precision_val, party_seq, isprimarykey, isnullable, remark, filed_type_child, sensitive_level, policyid) values ('TO_E_ESOP_LOG_MAIN_D','TO_E_ESOP_LOG_MAIN_D_20170945','TO_E_ESOP_LOG_MAIN_D','45','AFFECT_RANGE','影响范围','STRING','','','','','Y','','C1-2','3','');
insert into column_val (xmlid, col_xmlid, dataname, col_seq, colname, colcnname, datatype, length, precision_val, party_seq, isprimarykey, isnullable, remark, filed_type_child, sensitive_level, policyid) values ('TO_E_ESOP_LOG_MAIN_D','TO_E_ESOP_LOG_MAIN_D_20170946','TO_E_ESOP_LOG_MAIN_D','46','CMCC_BRANCH_CD','地市编码','STRING','','','','','Y','','C1-2','3','');
insert into column_val (xmlid, col_xmlid, dataname, col_seq, colname, colcnname, datatype, length, precision_val, party_seq, isprimarykey, isnullable, remark, filed_type_child, sensitive_level, policyid) values ('TO_E_ESOP_LOG_MAIN_D','TO_E_ESOP_LOG_MAIN_D_20161047','TO_E_ESOP_LOG_MAIN_D','47','branch','地市','STRING','','','1','','N','','','','');
insert into column_val (xmlid, col_xmlid, dataname, col_seq, colname, colcnname, datatype, length, precision_val, party_seq, isprimarykey, isnullable, remark, filed_type_child, sensitive_level, policyid) values ('TO_E_ESOP_LOG_MAIN_D','TO_E_ESOP_LOG_MAIN_D_20161048','TO_E_ESOP_LOG_MAIN_D','48','month','月份','INT','','','2','','N','','','','');
insert into column_val (xmlid, col_xmlid, dataname, col_seq, colname, colcnname, datatype, length, precision_val, party_seq, isprimarykey, isnullable, remark, filed_type_child, sensitive_level, policyid) values ('TO_E_ESOP_LOG_MAIN_D','TO_E_ESOP_LOG_MAIN_D_20161049','TO_E_ESOP_LOG_MAIN_D','49','day','日期','INT','','','3','','N','','','','');

insert into tablefile (xmlid, dbname, dataname, datacnname, state, cycletype, topiccode, extend_cfg, rightlevel, creater, curdutyer, eff_date, state_date, team_code, open_state, remark) values ('TO_P_CHNL_BBOSSWAY_D','BD_B','TO_P_CHNL_BBOSSWAY_D','ODS_CMOP渠道全网编码与渠道关系日全量','NEW','day','LAYERI_IPARTY','{"EXTERNAL":"y","LOCATION":"/tenant/BIGDATA/JCFW/JRCL/BD_B/ODS/TO_P_CHNL_BBOSSWAY_D","FILEFORMAT":"PARQUET","DELIMITER":"\001"}','其他','谢英俊','谢英俊', TIMESTAMP '0009-04-17 12:00:00', TIMESTAMP '0009-04-17 12:00:00','f2999fd5-c34e-402e-9b28-fec9fca13044','','基础层-参与人主题域');
insert into column_val (xmlid, col_xmlid, dataname, col_seq, colname, colcnname, datatype, length, precision_val, party_seq, isprimarykey, isnullable, remark, filed_type_child, sensitive_level, policyid) values ('TO_P_CHNL_BBOSSWAY_D','TO_P_CHNL_BBOSSWAY_D_2017091','TO_P_CHNL_BBOSSWAY_D','1','UNIQUE_CHNL_CD','全网统一渠道编码','STRING','','','','','Y','','D4-1','3','');
insert into column_val (xmlid, col_xmlid, dataname, col_seq, colname, colcnname, datatype, length, precision_val, party_seq, isprimarykey, isnullable, remark, filed_type_child, sensitive_level, policyid) values ('TO_P_CHNL_BBOSSWAY_D','TO_P_CHNL_BBOSSWAY_D_2017092','TO_P_CHNL_BBOSSWAY_D','2','CHNL_CD','BI渠道编码','STRING','','','','1','N','','D4-1','3','');
insert into column_val (xmlid, col_xmlid, dataname, col_seq, colname, colcnname, datatype, length, precision_val, party_seq, isprimarykey, isnullable, remark, filed_type_child, sensitive_level, policyid) values ('TO_P_CHNL_BBOSSWAY_D','TO_P_CHNL_BBOSSWAY_D_2017093','TO_P_CHNL_BBOSSWAY_D','3','CMOP_CHNL_CD','CMOP渠道编码','STRING','','','','','N','','D4-1','3','');
insert into column_val (xmlid, col_xmlid, dataname, col_seq, colname, colcnname, datatype, length, precision_val, party_seq, isprimarykey, isnullable, remark, filed_type_child, sensitive_level, policyid) values ('TO_P_CHNL_BBOSSWAY_D','TO_P_CHNL_BBOSSWAY_D_2017094','TO_P_CHNL_BBOSSWAY_D','4','CMCC_BRANCH_CD','地市编码','STRING','','','','','Y','','D4-1','3','');
insert into column_val (xmlid, col_xmlid, dataname, col_seq, colname, colcnname, datatype, length, precision_val, party_seq, isprimarykey, isnullable, remark, filed_type_child, sensitive_level, policyid) values ('TO_P_CHNL_BBOSSWAY_D','TO_P_CHNL_BBOSSWAY_D_2017095','TO_P_CHNL_BBOSSWAY_D','5','CREATE_TIM','创建时间','TIMESTAMP','','','','','Y','','D4-1','3','');
insert into column_val (xmlid, col_xmlid, dataname, col_seq, colname, colcnname, datatype, length, precision_val, party_seq, isprimarykey, isnullable, remark, filed_type_child, sensitive_level, policyid) values ('TO_P_CHNL_BBOSSWAY_D','TO_P_CHNL_BBOSSWAY_D_2016106','TO_P_CHNL_BBOSSWAY_D','6','branch','地市','STRING','','','1','','N','','','','');

insert into tablefile (xmlid, dbname, dataname, datacnname, state, cycletype, topiccode, extend_cfg, rightlevel, creater, curdutyer, eff_date, state_date, team_code, open_state, remark) values ('TR_GRP_BBOSS_POINFO','BD_B','TR_GRP_BBOSS_POINFO','REF_BBOSS商品产品与CRM产品映射表','NEW','other','LAYERW','{"EXTERNAL":"y","LOCATION":"/tenant/BIGDATA/JCFW/JRCL/BD_B/REF/TR_GRP_BBOSS_POINFO","FILEFORMAT":"PARQUET","DELIMITER":"&&"}','其他','谢英俊','谢英俊', TIMESTAMP '0009-09-17 12:00:00', TIMESTAMP '0009-09-17 12:00:00','f2999fd5-c34e-402e-9b28-fec9fca13044','','维表层');
insert into column_val (xmlid, col_xmlid, dataname, col_seq, colname, colcnname, datatype, length, precision_val, party_seq, isprimarykey, isnullable, remark, filed_type_child, sensitive_level, policyid) values ('TR_GRP_BBOSS_POINFO','TR_GRP_BBOSS_POINFO_2017091','TR_GRP_BBOSS_POINFO','1','PRDCT_SPEC_CD','产品规格编码','STRING','','','','1','N','BBOSS商品/产品规格编码','C1-2','3','');
insert into column_val (xmlid, col_xmlid, dataname, col_seq, colname, colcnname, datatype, length, precision_val, party_seq, isprimarykey, isnullable, remark, filed_type_child, sensitive_level, policyid) values ('TR_GRP_BBOSS_POINFO','TR_GRP_BBOSS_POINFO_2017092','TR_GRP_BBOSS_POINFO','2','PRDCT_SPEC_NAM','产品规格名称','STRING','','','','1','N','BBOSS商品/产品规格名称','C1-2','3','');
insert into column_val (xmlid, col_xmlid, dataname, col_seq, colname, colcnname, datatype, length, precision_val, party_seq, isprimarykey, isnullable, remark, filed_type_child, sensitive_level, policyid) values ('TR_GRP_BBOSS_POINFO','TR_GRP_BBOSS_POINFO_2017093','TR_GRP_BBOSS_POINFO','3','PRDCT_TYP','产品类型','STRING','','','','1','N','ProdSpec--产品规格,POSpec--商品规格,PORate--套餐','C1-2','3','');
insert into column_val (xmlid, col_xmlid, dataname, col_seq, colname, colcnname, datatype, length, precision_val, party_seq, isprimarykey, isnullable, remark, filed_type_child, sensitive_level, policyid) values ('TR_GRP_BBOSS_POINFO','TR_GRP_BBOSS_POINFO_2017094','TR_GRP_BBOSS_POINFO','4','BASS_PRDCT_CD','产品编码','STRING','','','','1','N','产品编码','C1-2','3','');
insert into column_val (xmlid, col_xmlid, dataname, col_seq, colname, colcnname, datatype, length, precision_val, party_seq, isprimarykey, isnullable, remark, filed_type_child, sensitive_level, policyid) values ('TR_GRP_BBOSS_POINFO','TR_GRP_BBOSS_POINFO_2017095','TR_GRP_BBOSS_POINFO','5','STS_CD','规格状态','STRING','','','','','Y','规格状态','C1-2','3','');
insert into column_val (xmlid, col_xmlid, dataname, col_seq, colname, colcnname, datatype, length, precision_val, party_seq, isprimarykey, isnullable, remark, filed_type_child, sensitive_level, policyid) values ('TR_GRP_BBOSS_POINFO','TR_GRP_BBOSS_POINFO_2017096','TR_GRP_BBOSS_POINFO','6','START_DT','生效时间','STRING','','','','','Y','生效时间','C1-2','3','');
insert into column_val (xmlid, col_xmlid, dataname, col_seq, colname, colcnname, datatype, length, precision_val, party_seq, isprimarykey, isnullable, remark, filed_type_child, sensitive_level, policyid) values ('TR_GRP_BBOSS_POINFO','TR_GRP_BBOSS_POINFO_2017097','TR_GRP_BBOSS_POINFO','7','END_DT','失效时间','STRING','','','','','Y','失效时间','C1-2','3','');
insert into column_val (xmlid, col_xmlid, dataname, col_seq, colname, colcnname, datatype, length, precision_val, party_seq, isprimarykey, isnullable, remark, filed_type_child, sensitive_level, policyid) values ('TR_GRP_BBOSS_POINFO','TR_GRP_BBOSS_POINFO_2017098','TR_GRP_BBOSS_POINFO','8','DESCRIPTION','规格描述','STRING','','','','','Y','规格描述','C1-2','3','');
insert into column_val (xmlid, col_xmlid, dataname, col_seq, colname, colcnname, datatype, length, precision_val, party_seq, isprimarykey, isnullable, remark, filed_type_child, sensitive_level, policyid) values ('TR_GRP_BBOSS_POINFO','TR_GRP_BBOSS_POINFO_2016109','TR_GRP_BBOSS_POINFO','9','branch','地市','STRING','','','1','','N','','','','');

insert into tablefile (xmlid, dbname, dataname, datacnname, state, cycletype, topiccode, extend_cfg, rightlevel, creater, curdutyer, eff_date, state_date, team_code, open_state, remark) values ('TW_TERMPAY_PROV_ACTVCALL_M_20161017','MON','TW_TERMPAY_PROV_ACTVCALL_M','EDS_终端计酬省内主动通话月表','NEW','month','LAYERI_IRES','{"EXTERNAL":"y","LOCATION":"/tenant/BIGDATA/JCFW/BZMX/MON/EDS/TW_TERMPAY_PROV_ACTVCALL_M","FILEFORMAT":"TEXTFILE","DELIMITER":"&"}','一级','谢英俊','谢英俊', TIMESTAMP '2016-09-01 12:00:00', TIMESTAMP '2016-09-01 12:00:00','5875519a-8ee1-4eb7-825b-ef1135513f02','','接口层-资源主题域');
insert into column_val (xmlid, col_xmlid, dataname, col_seq, colname, colcnname, datatype, length, precision_val, party_seq, isprimarykey, isnullable, remark, filed_type_child, sensitive_level, policyid) values ('TW_TERMPAY_PROV_ACTVCALL_M_20161017','TW_TERMPAY_PROV_ACTVCALL_M_2017091','TW_TERMPAY_PROV_ACTVCALL_M','1','STAT_DT','统计日期','INT','','','','1','N','','','','');
insert into column_val (xmlid, col_xmlid, dataname, col_seq, colname, colcnname, datatype, length, precision_val, party_seq, isprimarykey, isnullable, remark, filed_type_child, sensitive_level, policyid) values ('TW_TERMPAY_PROV_ACTVCALL_M_20161017','TW_TERMPAY_PROV_ACTVCALL_M_2017092','TW_TERMPAY_PROV_ACTVCALL_M','2','IMEI','IMEI','STRING','','','','1','N','','C2-1','2','PID_9star');
insert into column_val (xmlid, col_xmlid, dataname, col_seq, colname, colcnname, datatype, length, precision_val, party_seq, isprimarykey, isnullable, remark, filed_type_child, sensitive_level, policyid) values ('TW_TERMPAY_PROV_ACTVCALL_M_20161017','TW_TERMPAY_PROV_ACTVCALL_M_2017093','TW_TERMPAY_PROV_ACTVCALL_M','3','USR_NBR','用户号码','STRING','','','','1','N','','A1-2','3','PID_all');
insert into column_val (xmlid, col_xmlid, dataname, col_seq, colname, colcnname, datatype, length, precision_val, party_seq, isprimarykey, isnullable, remark, filed_type_child, sensitive_level, policyid) values ('TW_TERMPAY_PROV_ACTVCALL_M_20161017','TW_TERMPAY_PROV_ACTVCALL_M_2017094','TW_TERMPAY_PROV_ACTVCALL_M','4','CMCC_BRANCH_CD','移动分公司编码','STRING','','','','1','N','','','','');
insert into column_val (xmlid, col_xmlid, dataname, col_seq, colname, colcnname, datatype, length, precision_val, party_seq, isprimarykey, isnullable, remark, filed_type_child, sensitive_level, policyid) values ('TW_TERMPAY_PROV_ACTVCALL_M_20161017','TW_TERMPAY_PROV_ACTVCALL_M_2017095','TW_TERMPAY_PROV_ACTVCALL_M','5','B_NBR','对方号码','STRING','','','','1','N','','','','PID_all');
insert into column_val (xmlid, col_xmlid, dataname, col_seq, colname, colcnname, datatype, length, precision_val, party_seq, isprimarykey, isnullable, remark, filed_type_child, sensitive_level, policyid) values ('TW_TERMPAY_PROV_ACTVCALL_M_20161017','TW_TERMPAY_PROV_ACTVCALL_M_2017096','TW_TERMPAY_PROV_ACTVCALL_M','6','B_AREA_CD','对方归属地','STRING','','','','1','N','','','','');
insert into column_val (xmlid, col_xmlid, dataname, col_seq, colname, colcnname, datatype, length, precision_val, party_seq, isprimarykey, isnullable, remark, filed_type_child, sensitive_level, policyid) values ('TW_TERMPAY_PROV_ACTVCALL_M_20161017','TW_TERMPAY_PROV_ACTVCALL_M_2017097','TW_TERMPAY_PROV_ACTVCALL_M','7','LOCAL_CD','位置代码','STRING','','','','1','N','','','','');
insert into column_val (xmlid, col_xmlid, dataname, col_seq, colname, colcnname, datatype, length, precision_val, party_seq, isprimarykey, isnullable, remark, filed_type_child, sensitive_level, policyid) values ('TW_TERMPAY_PROV_ACTVCALL_M_20161017','TW_TERMPAY_PROV_ACTVCALL_M_2017098','TW_TERMPAY_PROV_ACTVCALL_M','8','CELL_CD','小区代码','STRING','','','','1','N','','','','PID_all');
insert into column_val (xmlid, col_xmlid, dataname, col_seq, colname, colcnname, datatype, length, precision_val, party_seq, isprimarykey, isnullable, remark, filed_type_child, sensitive_level, policyid) values ('TW_TERMPAY_PROV_ACTVCALL_M_20161017','TW_TERMPAY_PROV_ACTVCALL_M_2017099','TW_TERMPAY_PROV_ACTVCALL_M','9','CALL_AREA_CD','呼叫发生地','STRING','','','','1','N','','','','');
insert into column_val (xmlid, col_xmlid, dataname, col_seq, colname, colcnname, datatype, length, precision_val, party_seq, isprimarykey, isnullable, remark, filed_type_child, sensitive_level, policyid) values ('TW_TERMPAY_PROV_ACTVCALL_M_20161017','TW_TERMPAY_PROV_ACTVCALL_M_20170910','TW_TERMPAY_PROV_ACTVCALL_M','10','CALL_CNT','通话次数','INT','','','','','Y','','','','');
insert into column_val (xmlid, col_xmlid, dataname, col_seq, colname, colcnname, datatype, length, precision_val, party_seq, isprimarykey, isnullable, remark, filed_type_child, sensitive_level, policyid) values ('TW_TERMPAY_PROV_ACTVCALL_M_20161017','TW_TERMPAY_PROV_ACTVCALL_M_20170911','TW_TERMPAY_PROV_ACTVCALL_M','11','SMS_UP_CNT','短信上行条数','INT','','','','','Y','','','','');
insert into column_val (xmlid, col_xmlid, dataname, col_seq, colname, colcnname, datatype, length, precision_val, party_seq, isprimarykey, isnullable, remark, filed_type_child, sensitive_level, policyid) values ('TW_TERMPAY_PROV_ACTVCALL_M_20161017','TW_TERMPAY_PROV_ACTVCALL_M_20170912','TW_TERMPAY_PROV_ACTVCALL_M','12','MMS_UP_CNT','彩信上行条数','INT','','','','','Y','','','','');
insert into column_val (xmlid, col_xmlid, dataname, col_seq, colname, colcnname, datatype, length, precision_val, party_seq, isprimarykey, isnullable, remark, filed_type_child, sensitive_level, policyid) values ('TW_TERMPAY_PROV_ACTVCALL_M_20161017','TW_TERMPAY_PROV_ACTVCALL_M_20170913','TW_TERMPAY_PROV_ACTVCALL_M','13','GPRS_FLUX','GPRS流量','BIGINT','','','','','Y','','','','');
insert into column_val (xmlid, col_xmlid, dataname, col_seq, colname, colcnname, datatype, length, precision_val, party_seq, isprimarykey, isnullable, remark, filed_type_child, sensitive_level, policyid) values ('TW_TERMPAY_PROV_ACTVCALL_M_20161017','TW_TERMPAY_PROV_ACTVCALL_M_20170914','TW_TERMPAY_PROV_ACTVCALL_M','14','WLAN_FLUX','WLAN流量','BIGINT','','','','','Y','','','','');
insert into column_val (xmlid, col_xmlid, dataname, col_seq, colname, colcnname, datatype, length, precision_val, party_seq, isprimarykey, isnullable, remark, filed_type_child, sensitive_level, policyid) values ('TW_TERMPAY_PROV_ACTVCALL_M_20161017','TW_TERMPAY_PROV_ACTVCALL_M_20170915','TW_TERMPAY_PROV_ACTVCALL_M','15','UP_GPRS_CALL_CNT','上行GPRS次数','BIGINT','','','','','Y','','','','');
insert into column_val (xmlid, col_xmlid, dataname, col_seq, colname, colcnname, datatype, length, precision_val, party_seq, isprimarykey, isnullable, remark, filed_type_child, sensitive_level, policyid) values ('TW_TERMPAY_PROV_ACTVCALL_M_20161017','TW_TERMPAY_PROV_ACTVCALL_M_20161016','TW_TERMPAY_PROV_ACTVCALL_M','16','branch','地市','STRING','','','1','','N','','','','');
insert into column_val (xmlid, col_xmlid, dataname, col_seq, colname, colcnname, datatype, length, precision_val, party_seq, isprimarykey, isnullable, remark, filed_type_child, sensitive_level, policyid) values ('TW_TERMPAY_PROV_ACTVCALL_M_20161017','TW_TERMPAY_PROV_ACTVCALL_M_20161017','TW_TERMPAY_PROV_ACTVCALL_M','17','month','月份','INT','','','2','','N','','','','');

insert into tablefile (xmlid, dbname, dataname, datacnname, state, cycletype, topiccode, extend_cfg, rightlevel, creater, curdutyer, eff_date, state_date, team_code, open_state, remark) values ('TR_INDUSTRIAL_PARK','BD_O','TR_INDUSTRIAL_PARK','REF_产业园信息维表','NEW','other','LAYERW','{"EXTERNAL":"y","LOCATION":"/tenant/BIGDATA/JCFW/JRCL/BD_O/REF/TR_INDUSTRIAL_PARK","FILEFORMAT":"TEXTFILE","DELIMITER":"@#$"}','其他','谢英俊','谢英俊', TIMESTAMP '0009-05-17 12:00:00', TIMESTAMP '0009-05-17 12:00:00','f2999fd5-c34e-402e-9b28-fec9fca13044','','维表层');
insert into column_val (xmlid, col_xmlid, dataname, col_seq, colname, colcnname, datatype, length, precision_val, party_seq, isprimarykey, isnullable, remark, filed_type_child, sensitive_level, policyid) values ('TR_INDUSTRIAL_PARK','TR_INDUSTRIAL_PARK_2017091','TR_INDUSTRIAL_PARK','1','STD_AREA_ID','产业园ID','STRING','','','','1','N','样例130123012000001','C1-4','3','');
insert into column_val (xmlid, col_xmlid, dataname, col_seq, colname, colcnname, datatype, length, precision_val, party_seq, isprimarykey, isnullable, remark, filed_type_child, sensitive_level, policyid) values ('TR_INDUSTRIAL_PARK','TR_INDUSTRIAL_PARK_2017092','TR_INDUSTRIAL_PARK','2','AREA_NAM','产业园名','STRING','','','','','N','如空港工业园','C1-4','3','');
insert into column_val (xmlid, col_xmlid, dataname, col_seq, colname, colcnname, datatype, length, precision_val, party_seq, isprimarykey, isnullable, remark, filed_type_child, sensitive_level, policyid) values ('TR_INDUSTRIAL_PARK','TR_INDUSTRIAL_PARK_2017093','TR_INDUSTRIAL_PARK','3','INDUSTRIAL_PARK_TYP','产业园类型','STRING','','','','','N',' 1:代表第一产业，即大农业，包括农林牧副渔等；
 2:代表第二产业，即工业，包括采矿业、制造业等；
 3:代表第三产业，即服务业、包括科技产业、金融业等)；
 4:混合型或其他','C1-4','3','');
insert into column_val (xmlid, col_xmlid, dataname, col_seq, colname, colcnname, datatype, length, precision_val, party_seq, isprimarykey, isnullable, remark, filed_type_child, sensitive_level, policyid) values ('TR_INDUSTRIAL_PARK','TR_INDUSTRIAL_PARK_2017094','TR_INDUSTRIAL_PARK','4','COORDINATE_POINTS','坐标点序列','STRING','','','','','N',' 如38.037627,114.529748;38.034415,114.52982;
38.034415,114.534815;
38.036092,114.534995;
38.036063,114.539666;38.037683,114.539486;
38.041605,114.539414;38.041634,114.534743;
38.038792,114.534779;38.038877,114.5323;
38.037712,114.531797','C1-4','3','PID_all');
insert into column_val (xmlid, col_xmlid, dataname, col_seq, colname, colcnname, datatype, length, precision_val, party_seq, isprimarykey, isnullable, remark, filed_type_child, sensitive_level, policyid) values ('TR_INDUSTRIAL_PARK','TR_INDUSTRIAL_PARK_2017095','TR_INDUSTRIAL_PARK','5','DESCRIPTION','产业园简介','STRING','','','','','Y','','C1-4','3','');
insert into column_val (xmlid, col_xmlid, dataname, col_seq, colname, colcnname, datatype, length, precision_val, party_seq, isprimarykey, isnullable, remark, filed_type_child, sensitive_level, policyid) values ('TR_INDUSTRIAL_PARK','TR_INDUSTRIAL_PARK_2017096','TR_INDUSTRIAL_PARK','6','COORDINATE_SYSTEM','GPS信息的所属坐标系','STRING','','','','','Y','1 [百度坐标系] 
2 [Google地球坐标系]
3 [墨卡托坐标系]
4 [高德坐标系]。
如果"坐标点序列"字段已经填写坐标点，则该字段为必填，说明pionts的坐标系。','C1-4','3','');
insert into column_val (xmlid, col_xmlid, dataname, col_seq, colname, colcnname, datatype, length, precision_val, party_seq, isprimarykey, isnullable, remark, filed_type_child, sensitive_level, policyid) values ('TR_INDUSTRIAL_PARK','TR_INDUSTRIAL_PARK_2016107','TR_INDUSTRIAL_PARK','7','branch','地市','STRING','','','1','','N','','','','');

insert into tablefile (xmlid, dbname, dataname, datacnname, state, cycletype, topiccode, extend_cfg, rightlevel, creater, curdutyer, eff_date, state_date, team_code, open_state, remark) values ('TS_LOAD_QY_INCOME_RPT_MO_20161017','BD_B','TS_LOAD_QY_INCOME_RPT_MO','STAGE_营收款汇总月报接口表','NEW','month','LAYERI_IFINAC','{"EXTERNAL":"y","LOCATION":"/tenant/BIGDATA/JCFW/JRCL/BD_B/STAGE/TS_LOAD_QY_INCOME_RPT_MO","FILEFORMAT":"TEXTFILE","DELIMITER":"@#$"}','其他','谢英俊','谢英俊', TIMESTAMP '2016-08-24 12:00:00', TIMESTAMP '2016-08-24 12:00:00','f2999fd5-c34e-402e-9b28-fec9fca13044','','接口层-财务主题域');
insert into column_val (xmlid, col_xmlid, dataname, col_seq, colname, colcnname, datatype, length, precision_val, party_seq, isprimarykey, isnullable, remark, filed_type_child, sensitive_level, policyid) values ('TS_LOAD_QY_INCOME_RPT_MO_20161017','TS_LOAD_QY_INCOME_RPT_MO_2017091','TS_LOAD_QY_INCOME_RPT_MO','1','TM_INTRVL_CD','日期','INT','','','','','N','','D1-6','2','');
insert into column_val (xmlid, col_xmlid, dataname, col_seq, colname, colcnname, datatype, length, precision_val, party_seq, isprimarykey, isnullable, remark, filed_type_child, sensitive_level, policyid) values ('TS_LOAD_QY_INCOME_RPT_MO_20161017','TS_LOAD_QY_INCOME_RPT_MO_2017092','TS_LOAD_QY_INCOME_RPT_MO','2','CMCC_BRANCH_CD','市公司标识','STRING','','','','','N','','D1-6','2','');
insert into column_val (xmlid, col_xmlid, dataname, col_seq, colname, colcnname, datatype, length, precision_val, party_seq, isprimarykey, isnullable, remark, filed_type_child, sensitive_level, policyid) values ('TS_LOAD_QY_INCOME_RPT_MO_20161017','TS_LOAD_QY_INCOME_RPT_MO_2017093','TS_LOAD_QY_INCOME_RPT_MO','3','CHRG_CRD_AMT','充值卡销售金额','DECIMAL','16','2','','','Y','','D1-6','2','PID_all');
insert into column_val (xmlid, col_xmlid, dataname, col_seq, colname, colcnname, datatype, length, precision_val, party_seq, isprimarykey, isnullable, remark, filed_type_child, sensitive_level, policyid) values ('TS_LOAD_QY_INCOME_RPT_MO_20161017','TS_LOAD_QY_INCOME_RPT_MO_2017094','TS_LOAD_QY_INCOME_RPT_MO','4','PKG_CRD_AMT','BOSS套卡销售金额','DECIMAL','16','2','','','Y','','D1-6','2','PID_all');
insert into column_val (xmlid, col_xmlid, dataname, col_seq, colname, colcnname, datatype, length, precision_val, party_seq, isprimarykey, isnullable, remark, filed_type_child, sensitive_level, policyid) values ('TS_LOAD_QY_INCOME_RPT_MO_20161017','TS_LOAD_QY_INCOME_RPT_MO_2017095','TS_LOAD_QY_INCOME_RPT_MO','5','GOTONE_PRECHRG_AMT','全球通+TD预存款','DECIMAL','16','2','','','Y','','D1-6','2','PID_all');
insert into column_val (xmlid, col_xmlid, dataname, col_seq, colname, colcnname, datatype, length, precision_val, party_seq, isprimarykey, isnullable, remark, filed_type_child, sensitive_level, policyid) values ('TS_LOAD_QY_INCOME_RPT_MO_20161017','TS_LOAD_QY_INCOME_RPT_MO_2017096','TS_LOAD_QY_INCOME_RPT_MO','6','IUSR_PRECHRG_AMT','智能网前台现金充值','DECIMAL','16','2','','','Y','','D1-6','2','');
insert into column_val (xmlid, col_xmlid, dataname, col_seq, colname, colcnname, datatype, length, precision_val, party_seq, isprimarykey, isnullable, remark, filed_type_child, sensitive_level, policyid) values ('TS_LOAD_QY_INCOME_RPT_MO_20161017','TS_LOAD_QY_INCOME_RPT_MO_2017097','TS_LOAD_QY_INCOME_RPT_MO','7','OTH_AMT','杂费','DECIMAL','16','2','','','Y','','D1-6','2','');
insert into column_val (xmlid, col_xmlid, dataname, col_seq, colname, colcnname, datatype, length, precision_val, party_seq, isprimarykey, isnullable, remark, filed_type_child, sensitive_level, policyid) values ('TS_LOAD_QY_INCOME_RPT_MO_20161017','TS_LOAD_QY_INCOME_RPT_MO_2017098','TS_LOAD_QY_INCOME_RPT_MO','8','SELL_AMT','实物销售','DECIMAL','16','2','','','Y','','D1-6','2','');
insert into column_val (xmlid, col_xmlid, dataname, col_seq, colname, colcnname, datatype, length, precision_val, party_seq, isprimarykey, isnullable, remark, filed_type_child, sensitive_level, policyid) values ('TS_LOAD_QY_INCOME_RPT_MO_20161017','TS_LOAD_QY_INCOME_RPT_MO_2017099','TS_LOAD_QY_INCOME_RPT_MO','9','NEW_AMT','新增其他','DECIMAL','16','2','','','Y','','D1-6','2','');
insert into column_val (xmlid, col_xmlid, dataname, col_seq, colname, colcnname, datatype, length, precision_val, party_seq, isprimarykey, isnullable, remark, filed_type_child, sensitive_level, policyid) values ('TS_LOAD_QY_INCOME_RPT_MO_20161017','TS_LOAD_QY_INCOME_RPT_MO_20170910','TS_LOAD_QY_INCOME_RPT_MO','10','TOT_AMT','营业日报营收款总额','DECIMAL','16','2','','','Y','','D1-6','2','');
insert into column_val (xmlid, col_xmlid, dataname, col_seq, colname, colcnname, datatype, length, precision_val, party_seq, isprimarykey, isnullable, remark, filed_type_child, sensitive_level, policyid) values ('TS_LOAD_QY_INCOME_RPT_MO_20161017','TS_LOAD_QY_INCOME_RPT_MO_20170911','TS_LOAD_QY_INCOME_RPT_MO','11','IUSR_CHRG_AMT','智能网前台预存款','DECIMAL','16','2','','','Y','','D1-6','2','PID_all');
insert into column_val (xmlid, col_xmlid, dataname, col_seq, colname, colcnname, datatype, length, precision_val, party_seq, isprimarykey, isnullable, remark, filed_type_child, sensitive_level, policyid) values ('TS_LOAD_QY_INCOME_RPT_MO_20161017','TS_LOAD_QY_INCOME_RPT_MO_20170912','TS_LOAD_QY_INCOME_RPT_MO','12','IBOSS_CHRG_AMT','IBOSS前台预存','DECIMAL','16','2','','','Y','','D1-6','2','');
insert into column_val (xmlid, col_xmlid, dataname, col_seq, colname, colcnname, datatype, length, precision_val, party_seq, isprimarykey, isnullable, remark, filed_type_child, sensitive_level, policyid) values ('TS_LOAD_QY_INCOME_RPT_MO_20161017','TS_LOAD_QY_INCOME_RPT_MO_20170913','TS_LOAD_QY_INCOME_RPT_MO','13','BOSS_DG_PRECHRG','BOSS动感地带预存','DECIMAL','16','2','','','Y','','D1-6','2','');
insert into column_val (xmlid, col_xmlid, dataname, col_seq, colname, colcnname, datatype, length, precision_val, party_seq, isprimarykey, isnullable, remark, filed_type_child, sensitive_level, policyid) values ('TS_LOAD_QY_INCOME_RPT_MO_20161017','TS_LOAD_QY_INCOME_RPT_MO_20170914','TS_LOAD_QY_INCOME_RPT_MO','14','BOSS_SZX_PRECHRG','BOSS神州行预存','DECIMAL','16','2','','','Y','','D1-6','2','');
insert into column_val (xmlid, col_xmlid, dataname, col_seq, colname, colcnname, datatype, length, precision_val, party_seq, isprimarykey, isnullable, remark, filed_type_child, sensitive_level, policyid) values ('TS_LOAD_QY_INCOME_RPT_MO_20161017','TS_LOAD_QY_INCOME_RPT_MO_20170915','TS_LOAD_QY_INCOME_RPT_MO','15','OCS_DG_PRECHRG','OCS动感地带预存','DECIMAL','16','2','','','Y','','D1-6','2','');
insert into column_val (xmlid, col_xmlid, dataname, col_seq, colname, colcnname, datatype, length, precision_val, party_seq, isprimarykey, isnullable, remark, filed_type_child, sensitive_level, policyid) values ('TS_LOAD_QY_INCOME_RPT_MO_20161017','TS_LOAD_QY_INCOME_RPT_MO_20170916','TS_LOAD_QY_INCOME_RPT_MO','16','OCS_SZX_PRECHRG','OCS神州行预存','DECIMAL','16','2','','','Y','','D1-6','2','');
insert into column_val (xmlid, col_xmlid, dataname, col_seq, colname, colcnname, datatype, length, precision_val, party_seq, isprimarykey, isnullable, remark, filed_type_child, sensitive_level, policyid) values ('TS_LOAD_QY_INCOME_RPT_MO_20161017','TS_LOAD_QY_INCOME_RPT_MO_20170917','TS_LOAD_QY_INCOME_RPT_MO','17','SCP_DG_PRECHRG','SCP动感地带预存','DECIMAL','16','2','','','Y','','D1-6','2','');
insert into column_val (xmlid, col_xmlid, dataname, col_seq, colname, colcnname, datatype, length, precision_val, party_seq, isprimarykey, isnullable, remark, filed_type_child, sensitive_level, policyid) values ('TS_LOAD_QY_INCOME_RPT_MO_20161017','TS_LOAD_QY_INCOME_RPT_MO_20170918','TS_LOAD_QY_INCOME_RPT_MO','18','SCP_SZX_PRECHRG','SCP神州行预存','DECIMAL','16','2','','','Y','','D1-6','2','');
insert into column_val (xmlid, col_xmlid, dataname, col_seq, colname, colcnname, datatype, length, precision_val, party_seq, isprimarykey, isnullable, remark, filed_type_child, sensitive_level, policyid) values ('TS_LOAD_QY_INCOME_RPT_MO_20161017','TS_LOAD_QY_INCOME_RPT_MO_20170919','TS_LOAD_QY_INCOME_RPT_MO','19','AIR_CHRG_AMT','空中充值','DECIMAL','16','2','','','Y','','D1-6','2','');
insert into column_val (xmlid, col_xmlid, dataname, col_seq, colname, colcnname, datatype, length, precision_val, party_seq, isprimarykey, isnullable, remark, filed_type_child, sensitive_level, policyid) values ('TS_LOAD_QY_INCOME_RPT_MO_20161017','TS_LOAD_QY_INCOME_RPT_MO_20170920','TS_LOAD_QY_INCOME_RPT_MO','20','SIM_CRD_AMT','SIM卡','DECIMAL','16','2','','','Y','','D1-6','2','PID_14star');
insert into column_val (xmlid, col_xmlid, dataname, col_seq, colname, colcnname, datatype, length, precision_val, party_seq, isprimarykey, isnullable, remark, filed_type_child, sensitive_level, policyid) values ('TS_LOAD_QY_INCOME_RPT_MO_20161017','TS_LOAD_QY_INCOME_RPT_MO_20170921','TS_LOAD_QY_INCOME_RPT_MO','21','BAD_BILL_AMT','坏账回收','DECIMAL','16','2','','','Y','','D1-6','2','');
insert into column_val (xmlid, col_xmlid, dataname, col_seq, colname, colcnname, datatype, length, precision_val, party_seq, isprimarykey, isnullable, remark, filed_type_child, sensitive_level, policyid) values ('TS_LOAD_QY_INCOME_RPT_MO_20161017','TS_LOAD_QY_INCOME_RPT_MO_20170922','TS_LOAD_QY_INCOME_RPT_MO','22','CHNL_AMT','渠道酬金','DECIMAL','16','2','','','Y','','D1-6','2','');
insert into column_val (xmlid, col_xmlid, dataname, col_seq, colname, colcnname, datatype, length, precision_val, party_seq, isprimarykey, isnullable, remark, filed_type_child, sensitive_level, policyid) values ('TS_LOAD_QY_INCOME_RPT_MO_20161017','TS_LOAD_QY_INCOME_RPT_MO_20170923','TS_LOAD_QY_INCOME_RPT_MO','23','TAX_AMT','代扣税','DECIMAL','16','2','','','Y','','D1-6','2','');
insert into column_val (xmlid, col_xmlid, dataname, col_seq, colname, colcnname, datatype, length, precision_val, party_seq, isprimarykey, isnullable, remark, filed_type_child, sensitive_level, policyid) values ('TS_LOAD_QY_INCOME_RPT_MO_20161017','TS_LOAD_QY_INCOME_RPT_MO_20170924','TS_LOAD_QY_INCOME_RPT_MO','24','AREA_BUSI_AMT','跨区业务收费','DECIMAL','16','2','','','Y','','D1-6','2','');
insert into column_val (xmlid, col_xmlid, dataname, col_seq, colname, colcnname, datatype, length, precision_val, party_seq, isprimarykey, isnullable, remark, filed_type_child, sensitive_level, policyid) values ('TS_LOAD_QY_INCOME_RPT_MO_20161017','TS_LOAD_QY_INCOME_RPT_MO_20170925','TS_LOAD_QY_INCOME_RPT_MO','25','SZX_PKGCRD_AMT','SCP套卡销售金额','DECIMAL','16','2','','','Y','','D1-6','2','PID_all');
insert into column_val (xmlid, col_xmlid, dataname, col_seq, colname, colcnname, datatype, length, precision_val, party_seq, isprimarykey, isnullable, remark, filed_type_child, sensitive_level, policyid) values ('TS_LOAD_QY_INCOME_RPT_MO_20161017','TS_LOAD_QY_INCOME_RPT_MO_20170926','TS_LOAD_QY_INCOME_RPT_MO','26','DG_PKGCRD_AMT','OCS套卡销售金额','DECIMAL','16','2','','','Y','','D1-6','2','PID_all');
insert into column_val (xmlid, col_xmlid, dataname, col_seq, colname, colcnname, datatype, length, precision_val, party_seq, isprimarykey, isnullable, remark, filed_type_child, sensitive_level, policyid) values ('TS_LOAD_QY_INCOME_RPT_MO_20161017','TS_LOAD_QY_INCOME_RPT_MO_20170927','TS_LOAD_QY_INCOME_RPT_MO','27','DATA_SOURCE','数据来源','STRING','','','','','Y','','D1-6','2','');
insert into column_val (xmlid, col_xmlid, dataname, col_seq, colname, colcnname, datatype, length, precision_val, party_seq, isprimarykey, isnullable, remark, filed_type_child, sensitive_level, policyid) values ('TS_LOAD_QY_INCOME_RPT_MO_20161017','TS_LOAD_QY_INCOME_RPT_MO_20161028','TS_LOAD_QY_INCOME_RPT_MO','28','branch','地市','STRING','','','1','','N','','','','');
insert into column_val (xmlid, col_xmlid, dataname, col_seq, colname, colcnname, datatype, length, precision_val, party_seq, isprimarykey, isnullable, remark, filed_type_child, sensitive_level, policyid) values ('TS_LOAD_QY_INCOME_RPT_MO_20161017','TS_LOAD_QY_INCOME_RPT_MO_20161029','TS_LOAD_QY_INCOME_RPT_MO','29','month','月份','INT','','','2','','N','','','','');

insert into tablefile (xmlid, dbname, dataname, datacnname, state, cycletype, topiccode, extend_cfg, rightlevel, creater, curdutyer, eff_date, state_date, team_code, open_state, remark) values ('TR_BUSINESS_ZONE','BD_O','TR_BUSINESS_ZONE','REF_商业区信息维表','NEW','other','LAYERW','{"EXTERNAL":"y","LOCATION":"/tenant/BIGDATA/JCFW/JRCL/BD_O/REF/TR_BUSINESS_ZONE","FILEFORMAT":"TEXTFILE","DELIMITER":"@#$"}','其他','谢英俊','谢英俊', TIMESTAMP '0009-05-17 12:00:00', TIMESTAMP '0009-05-17 12:00:00','f2999fd5-c34e-402e-9b28-fec9fca13044','','维表层');
insert into column_val (xmlid, col_xmlid, dataname, col_seq, colname, colcnname, datatype, length, precision_val, party_seq, isprimarykey, isnullable, remark, filed_type_child, sensitive_level, policyid) values ('TR_BUSINESS_ZONE','TR_BUSINESS_ZONE_2017091','TR_BUSINESS_ZONE','1','STD_AREA_ID','商业区ID','STRING','','','','1','N','样例440106013000001','C1-4','3','');
insert into column_val (xmlid, col_xmlid, dataname, col_seq, colname, colcnname, datatype, length, precision_val, party_seq, isprimarykey, isnullable, remark, filed_type_child, sensitive_level, policyid) values ('TR_BUSINESS_ZONE','TR_BUSINESS_ZONE_2017092','TR_BUSINESS_ZONE','2','AREA_NAM','商业区名','STRING','','','','','N','如天河城','C1-4','3','');
insert into column_val (xmlid, col_xmlid, dataname, col_seq, colname, colcnname, datatype, length, precision_val, party_seq, isprimarykey, isnullable, remark, filed_type_child, sensitive_level, policyid) values ('TR_BUSINESS_ZONE','TR_BUSINESS_ZONE_2017093','TR_BUSINESS_ZONE','3','COORDINATE_POINTS','坐标点序列','STRING','','','','','N',' 如38.037627,114.529748;38.034415,114.52982;
38.034415,114.534815;
38.036092,114.534995;
38.036063,114.539666;38.037683,114.539486;
38.041605,114.539414;38.041634,114.534743;
38.038792,114.534779;38.038877,114.5323;
38.037712,114.531797','C1-4','3','PID_all');
insert into column_val (xmlid, col_xmlid, dataname, col_seq, colname, colcnname, datatype, length, precision_val, party_seq, isprimarykey, isnullable, remark, filed_type_child, sensitive_level, policyid) values ('TR_BUSINESS_ZONE','TR_BUSINESS_ZONE_2017094','TR_BUSINESS_ZONE','4','DESCRIPTION','商业区简介','STRING','','','','','Y','','C1-4','3','');
insert into column_val (xmlid, col_xmlid, dataname, col_seq, colname, colcnname, datatype, length, precision_val, party_seq, isprimarykey, isnullable, remark, filed_type_child, sensitive_level, policyid) values ('TR_BUSINESS_ZONE','TR_BUSINESS_ZONE_2017095','TR_BUSINESS_ZONE','5','COORDINATE_SYSTEM','GPS信息的所属坐标系','STRING','','','','','Y','1 [百度坐标系] 
2 [Google地球坐标系]
3 [墨卡托坐标系]
4 [高德坐标系]。
如果"坐标点序列"字段已经填写坐标点，则该字段为必填，说明pionts的坐标系。','C1-4','3','');
insert into column_val (xmlid, col_xmlid, dataname, col_seq, colname, colcnname, datatype, length, precision_val, party_seq, isprimarykey, isnullable, remark, filed_type_child, sensitive_level, policyid) values ('TR_BUSINESS_ZONE','TR_BUSINESS_ZONE_2016106','TR_BUSINESS_ZONE','6','branch','地市','STRING','','','1','','N','','','','');

insert into tablefile (xmlid, dbname, dataname, datacnname, state, cycletype, topiccode, extend_cfg, rightlevel, creater, curdutyer, eff_date, state_date, team_code, open_state, remark) values ('TW_CORP_ECPN_BAL_M','MON','TW_CORP_ECPN_BAL_M','EDS_集团电子券余额月表','NEW','month','LAYERH_HPROD_HPROD11','{"EXTERNAL":"y","LOCATION":"/tenant/BIGDATA/JCFW/BZMX/MON/EDS/TW_CORP_ECPN_BAL_M","FILEFORMAT":"TEXTFILE","DELIMITER":"@#$"}','其他','谢英俊','谢英俊', TIMESTAMP '2017-08-25 12:00:00', TIMESTAMP '2017-08-25 12:00:00','5875519a-8ee1-4eb7-825b-ef1135513f02','','汇总层-产品-集团产品');
insert into column_val (xmlid, col_xmlid, dataname, col_seq, colname, colcnname, datatype, length, precision_val, party_seq, isprimarykey, isnullable, remark, filed_type_child, sensitive_level, policyid) values ('TW_CORP_ECPN_BAL_M','TW_CORP_ECPN_BAL_M_2017091','TW_CORP_ECPN_BAL_M','1','EBOX_CHG_LOG_ID','帐本变更日志标识','STRING','','','','1','N','','C1-2','3','');
insert into column_val (xmlid, col_xmlid, dataname, col_seq, colname, colcnname, datatype, length, precision_val, party_seq, isprimarykey, isnullable, remark, filed_type_child, sensitive_level, policyid) values ('TW_CORP_ECPN_BAL_M','TW_CORP_ECPN_BAL_M_2017092','TW_CORP_ECPN_BAL_M','2','CMCC_BRANCH_CD','移动分公司编码','STRING','','','','1','N','','C1-4','3','');
insert into column_val (xmlid, col_xmlid, dataname, col_seq, colname, colcnname, datatype, length, precision_val, party_seq, isprimarykey, isnullable, remark, filed_type_child, sensitive_level, policyid) values ('TW_CORP_ECPN_BAL_M','TW_CORP_ECPN_BAL_M_2017093','TW_CORP_ECPN_BAL_M','3','EBOX_ID','帐户编码','STRING','','','','','Y','','A1-2','3','PID_all');
insert into column_val (xmlid, col_xmlid, dataname, col_seq, colname, colcnname, datatype, length, precision_val, party_seq, isprimarykey, isnullable, remark, filed_type_child, sensitive_level, policyid) values ('TW_CORP_ECPN_BAL_M','TW_CORP_ECPN_BAL_M_2017094','TW_CORP_ECPN_BAL_M','4','EBOX_UNIT_CD','帐目编码','STRING','','','','','Y','AA_5006：普票账本；AA_5008：专票账本','A1-2','3','');
insert into column_val (xmlid, col_xmlid, dataname, col_seq, colname, colcnname, datatype, length, precision_val, party_seq, isprimarykey, isnullable, remark, filed_type_child, sensitive_level, policyid) values ('TW_CORP_ECPN_BAL_M','TW_CORP_ECPN_BAL_M_2017095','TW_CORP_ECPN_BAL_M','5','ECPN_TYP_CD','电子券类型编码','STRING','','','','','Y','NS09：对应5006；NS08：对应5008','A1-2','3','');
insert into column_val (xmlid, col_xmlid, dataname, col_seq, colname, colcnname, datatype, length, precision_val, party_seq, isprimarykey, isnullable, remark, filed_type_child, sensitive_level, policyid) values ('TW_CORP_ECPN_BAL_M','TW_CORP_ECPN_BAL_M_2017096','TW_CORP_ECPN_BAL_M','6','USR_NBR','手机号码','STRING','','','','','Y','','A1-2','3','PID_all');
insert into column_val (xmlid, col_xmlid, dataname, col_seq, colname, colcnname, datatype, length, precision_val, party_seq, isprimarykey, isnullable, remark, filed_type_child, sensitive_level, policyid) values ('TW_CORP_ECPN_BAL_M','TW_CORP_ECPN_BAL_M_2017097','TW_CORP_ECPN_BAL_M','7','GROUP_ID','集团编码','STRING','','','','','Y','','A1-2','3','PID_all');
insert into column_val (xmlid, col_xmlid, dataname, col_seq, colname, colcnname, datatype, length, precision_val, party_seq, isprimarykey, isnullable, remark, filed_type_child, sensitive_level, policyid) values ('TW_CORP_ECPN_BAL_M','TW_CORP_ECPN_BAL_M_2017098','TW_CORP_ECPN_BAL_M','8','CORP_PRDCT_NBR','集团产品号码','STRING','','','','','Y','','A1-2','3','PID_all');
insert into column_val (xmlid, col_xmlid, dataname, col_seq, colname, colcnname, datatype, length, precision_val, party_seq, isprimarykey, isnullable, remark, filed_type_child, sensitive_level, policyid) values ('TW_CORP_ECPN_BAL_M','TW_CORP_ECPN_BAL_M_2017099','TW_CORP_ECPN_BAL_M','9','BAL_AMT','余额','DECIMAL','14','2','','','Y','','C1-3','2','');
insert into column_val (xmlid, col_xmlid, dataname, col_seq, colname, colcnname, datatype, length, precision_val, party_seq, isprimarykey, isnullable, remark, filed_type_child, sensitive_level, policyid) values ('TW_CORP_ECPN_BAL_M','TW_CORP_ECPN_BAL_M_20170910','TW_CORP_ECPN_BAL_M','10','EBOX_CHG_RSN_CD','帐户变更原因编码','STRING','','','','','Y','只统计KCZWWZQ 空中充值','A1-2','3','');
insert into column_val (xmlid, col_xmlid, dataname, col_seq, colname, colcnname, datatype, length, precision_val, party_seq, isprimarykey, isnullable, remark, filed_type_child, sensitive_level, policyid) values ('TW_CORP_ECPN_BAL_M','TW_CORP_ECPN_BAL_M_20170911','TW_CORP_ECPN_BAL_M','11','LVL2_CHG_RSN','二级变更原因','STRING','','','','','Y','','A1-2','3','');
insert into column_val (xmlid, col_xmlid, dataname, col_seq, colname, colcnname, datatype, length, precision_val, party_seq, isprimarykey, isnullable, remark, filed_type_child, sensitive_level, policyid) values ('TW_CORP_ECPN_BAL_M','TW_CORP_ECPN_BAL_M_20170912','TW_CORP_ECPN_BAL_M','12','CHG_DT','变更日期','INT','','','','','Y','','A1-2','3','');
insert into column_val (xmlid, col_xmlid, dataname, col_seq, colname, colcnname, datatype, length, precision_val, party_seq, isprimarykey, isnullable, remark, filed_type_child, sensitive_level, policyid) values ('TW_CORP_ECPN_BAL_M','TW_CORP_ECPN_BAL_M_20170913','TW_CORP_ECPN_BAL_M','13','CHG_TIM','变更时间','STRING','','','','','Y','','A1-2','3','');
insert into column_val (xmlid, col_xmlid, dataname, col_seq, colname, colcnname, datatype, length, precision_val, party_seq, isprimarykey, isnullable, remark, filed_type_child, sensitive_level, policyid) values ('TW_CORP_ECPN_BAL_M','TW_CORP_ECPN_BAL_M_20161014','TW_CORP_ECPN_BAL_M','14','branch','地市','STRING','','','1','','N','','','','');
insert into column_val (xmlid, col_xmlid, dataname, col_seq, colname, colcnname, datatype, length, precision_val, party_seq, isprimarykey, isnullable, remark, filed_type_child, sensitive_level, policyid) values ('TW_CORP_ECPN_BAL_M','TW_CORP_ECPN_BAL_M_20161015','TW_CORP_ECPN_BAL_M','15','month','月份','INT','','','2','','N','','','','');

insert into tablefile (xmlid, dbname, dataname, datacnname, state, cycletype, topiccode, extend_cfg, rightlevel, creater, curdutyer, eff_date, state_date, team_code, open_state, remark) values ('TR_R_ZH_TERM_PRDCT_20161017','GD_OTH','TR_R_ZH_TERM_PRDCT','REF_珠海全量终端库手工更新','NEW','other','LAYERW','{"EXTERNAL":"y","LOCATION":"/tenant/BIGDATA/JCFW/GDXQ/GD_OTH/REF/TR_R_ZH_TERM_PRDCT","FILEFORMAT":"TEXTFILE","DELIMITER":","}','其他','谢英俊','谢英俊', TIMESTAMP '2016-10-25 12:00:00', TIMESTAMP '2016-10-25 12:00:00','4269a239-4b22-4357-8f0a-28aa39ae0c67','','维表层');
insert into column_val (xmlid, col_xmlid, dataname, col_seq, colname, colcnname, datatype, length, precision_val, party_seq, isprimarykey, isnullable, remark, filed_type_child, sensitive_level, policyid) values ('TR_R_ZH_TERM_PRDCT_20161017','TR_R_ZH_TERM_PRDCT_2017091','TR_R_ZH_TERM_PRDCT','1','TAC','TAC','STRING','','','','1','N','','','','');
insert into column_val (xmlid, col_xmlid, dataname, col_seq, colname, colcnname, datatype, length, precision_val, party_seq, isprimarykey, isnullable, remark, filed_type_child, sensitive_level, policyid) values ('TR_R_ZH_TERM_PRDCT_20161017','TR_R_ZH_TERM_PRDCT_2017092','TR_R_ZH_TERM_PRDCT','2','TERM_BRND_NAM','终端品牌名称','STRING','','','','','Y','','','','');
insert into column_val (xmlid, col_xmlid, dataname, col_seq, colname, colcnname, datatype, length, precision_val, party_seq, isprimarykey, isnullable, remark, filed_type_child, sensitive_level, policyid) values ('TR_R_ZH_TERM_PRDCT_20161017','TR_R_ZH_TERM_PRDCT_2017093','TR_R_ZH_TERM_PRDCT','3','TERM_MDL_NAM','终端型号名称','STRING','','','','','Y','','','','');
insert into column_val (xmlid, col_xmlid, dataname, col_seq, colname, colcnname, datatype, length, precision_val, party_seq, isprimarykey, isnullable, remark, filed_type_child, sensitive_level, policyid) values ('TR_R_ZH_TERM_PRDCT_20161017','TR_R_ZH_TERM_PRDCT_2017094','TR_R_ZH_TERM_PRDCT','4','IF_INTELL','是否智能机','STRING','','','','','Y','','','','');
insert into column_val (xmlid, col_xmlid, dataname, col_seq, colname, colcnname, datatype, length, precision_val, party_seq, isprimarykey, isnullable, remark, filed_type_child, sensitive_level, policyid) values ('TR_R_ZH_TERM_PRDCT_20161017','TR_R_ZH_TERM_PRDCT_2017095','TR_R_ZH_TERM_PRDCT','5','IF_WIFI','是否支持WIFI','STRING','','','','','Y','','','','');
insert into column_val (xmlid, col_xmlid, dataname, col_seq, colname, colcnname, datatype, length, precision_val, party_seq, isprimarykey, isnullable, remark, filed_type_child, sensitive_level, policyid) values ('TR_R_ZH_TERM_PRDCT_20161017','TR_R_ZH_TERM_PRDCT_2017096','TR_R_ZH_TERM_PRDCT','6','IF_FRONT_CAMERA','是否有前置摄像头','STRING','','','','','Y','','','','');
insert into column_val (xmlid, col_xmlid, dataname, col_seq, colname, colcnname, datatype, length, precision_val, party_seq, isprimarykey, isnullable, remark, filed_type_child, sensitive_level, policyid) values ('TR_R_ZH_TERM_PRDCT_20161017','TR_R_ZH_TERM_PRDCT_2017097','TR_R_ZH_TERM_PRDCT','7','IF_TD','是否支持TD','STRING','','','','','Y','','','','');
insert into column_val (xmlid, col_xmlid, dataname, col_seq, colname, colcnname, datatype, length, precision_val, party_seq, isprimarykey, isnullable, remark, filed_type_child, sensitive_level, policyid) values ('TR_R_ZH_TERM_PRDCT_20161017','TR_R_ZH_TERM_PRDCT_2017098','TR_R_ZH_TERM_PRDCT','8','IF_DUAL_CARD','是否支持双卡','STRING','','','','','Y','','','','');
insert into column_val (xmlid, col_xmlid, dataname, col_seq, colname, colcnname, datatype, length, precision_val, party_seq, isprimarykey, isnullable, remark, filed_type_child, sensitive_level, policyid) values ('TR_R_ZH_TERM_PRDCT_20161017','TR_R_ZH_TERM_PRDCT_2017099','TR_R_ZH_TERM_PRDCT','9','CAMERA_PIXEL','摄像头像素','INT','','','','','Y','','','','');
insert into column_val (xmlid, col_xmlid, dataname, col_seq, colname, colcnname, datatype, length, precision_val, party_seq, isprimarykey, isnullable, remark, filed_type_child, sensitive_level, policyid) values ('TR_R_ZH_TERM_PRDCT_20161017','TR_R_ZH_TERM_PRDCT_20170910','TR_R_ZH_TERM_PRDCT','10','SCREEN_SIZE','屏幕尺寸','DECIMAL','','','','','Y','','','','');
insert into column_val (xmlid, col_xmlid, dataname, col_seq, colname, colcnname, datatype, length, precision_val, party_seq, isprimarykey, isnullable, remark, filed_type_child, sensitive_level, policyid) values ('TR_R_ZH_TERM_PRDCT_20161017','TR_R_ZH_TERM_PRDCT_20170911','TR_R_ZH_TERM_PRDCT','11','SCREEN_PIEL','屏幕分辨率','INT','','','','','Y','','','','');
insert into column_val (xmlid, col_xmlid, dataname, col_seq, colname, colcnname, datatype, length, precision_val, party_seq, isprimarykey, isnullable, remark, filed_type_child, sensitive_level, policyid) values ('TR_R_ZH_TERM_PRDCT_20161017','TR_R_ZH_TERM_PRDCT_20170912','TR_R_ZH_TERM_PRDCT','12','NETWORK','网络类型','STRING','','','','','Y','','','','');
insert into column_val (xmlid, col_xmlid, dataname, col_seq, colname, colcnname, datatype, length, precision_val, party_seq, isprimarykey, isnullable, remark, filed_type_child, sensitive_level, policyid) values ('TR_R_ZH_TERM_PRDCT_20161017','TR_R_ZH_TERM_PRDCT_20170913','TR_R_ZH_TERM_PRDCT','13','ROM','手机内存','STRING','','','','','Y','','','','');
insert into column_val (xmlid, col_xmlid, dataname, col_seq, colname, colcnname, datatype, length, precision_val, party_seq, isprimarykey, isnullable, remark, filed_type_child, sensitive_level, policyid) values ('TR_R_ZH_TERM_PRDCT_20161017','TR_R_ZH_TERM_PRDCT_20170914','TR_R_ZH_TERM_PRDCT','14','RAM','手机运行内存','DECIMAL','','','','','Y','','','','');
insert into column_val (xmlid, col_xmlid, dataname, col_seq, colname, colcnname, datatype, length, precision_val, party_seq, isprimarykey, isnullable, remark, filed_type_child, sensitive_level, policyid) values ('TR_R_ZH_TERM_PRDCT_20161017','TR_R_ZH_TERM_PRDCT_20170915','TR_R_ZH_TERM_PRDCT','15','WEIHT','手机重量','DECIMAL','','','','','Y','','','','');
insert into column_val (xmlid, col_xmlid, dataname, col_seq, colname, colcnname, datatype, length, precision_val, party_seq, isprimarykey, isnullable, remark, filed_type_child, sensitive_level, policyid) values ('TR_R_ZH_TERM_PRDCT_20161017','TR_R_ZH_TERM_PRDCT_20170916','TR_R_ZH_TERM_PRDCT','16','BATTERY_CAPACITY','电池容量','INT','','','','','Y','','','','');
insert into column_val (xmlid, col_xmlid, dataname, col_seq, colname, colcnname, datatype, length, precision_val, party_seq, isprimarykey, isnullable, remark, filed_type_child, sensitive_level, policyid) values ('TR_R_ZH_TERM_PRDCT_20161017','TR_R_ZH_TERM_PRDCT_20170917','TR_R_ZH_TERM_PRDCT','17','PRTCL_PRC','价格','INT','','','','','Y','','','','');
insert into column_val (xmlid, col_xmlid, dataname, col_seq, colname, colcnname, datatype, length, precision_val, party_seq, isprimarykey, isnullable, remark, filed_type_child, sensitive_level, policyid) values ('TR_R_ZH_TERM_PRDCT_20161017','TR_R_ZH_TERM_PRDCT_20170918','TR_R_ZH_TERM_PRDCT','18','PRICE_RANGE','价格范围','STRING','','','','','Y','','','','');
insert into column_val (xmlid, col_xmlid, dataname, col_seq, colname, colcnname, datatype, length, precision_val, party_seq, isprimarykey, isnullable, remark, filed_type_child, sensitive_level, policyid) values ('TR_R_ZH_TERM_PRDCT_20161017','TR_R_ZH_TERM_PRDCT_20170919','TR_R_ZH_TERM_PRDCT','19','TER_TYPE_NAME','终端类型','STRING','','','','','Y','','','','');
insert into column_val (xmlid, col_xmlid, dataname, col_seq, colname, colcnname, datatype, length, precision_val, party_seq, isprimarykey, isnullable, remark, filed_type_child, sensitive_level, policyid) values ('TR_R_ZH_TERM_PRDCT_20161017','TR_R_ZH_TERM_PRDCT_20170920','TR_R_ZH_TERM_PRDCT','20','TDLTE_IND','是否支持TD-LTE','STRING','','','','','Y','','','','');
insert into column_val (xmlid, col_xmlid, dataname, col_seq, colname, colcnname, datatype, length, precision_val, party_seq, isprimarykey, isnullable, remark, filed_type_child, sensitive_level, policyid) values ('TR_R_ZH_TERM_PRDCT_20161017','TR_R_ZH_TERM_PRDCT_20170921','TR_R_ZH_TERM_PRDCT','21','FDLTE_IND','是否支持FDD-LTE','STRING','','','','','Y','','','','');
insert into column_val (xmlid, col_xmlid, dataname, col_seq, colname, colcnname, datatype, length, precision_val, party_seq, isprimarykey, isnullable, remark, filed_type_child, sensitive_level, policyid) values ('TR_R_ZH_TERM_PRDCT_20161017','TR_R_ZH_TERM_PRDCT_20170922','TR_R_ZH_TERM_PRDCT','22','SALE_PATH','销售渠道','STRING','','','','','Y','','','','');
insert into column_val (xmlid, col_xmlid, dataname, col_seq, colname, colcnname, datatype, length, precision_val, party_seq, isprimarykey, isnullable, remark, filed_type_child, sensitive_level, policyid) values ('TR_R_ZH_TERM_PRDCT_20161017','TR_R_ZH_TERM_PRDCT_20170923','TR_R_ZH_TERM_PRDCT','23','IF_NFC','是否支持NFC','STRING','','','','','Y','','','','');
insert into column_val (xmlid, col_xmlid, dataname, col_seq, colname, colcnname, datatype, length, precision_val, party_seq, isprimarykey, isnullable, remark, filed_type_child, sensitive_level, policyid) values ('TR_R_ZH_TERM_PRDCT_20161017','TR_R_ZH_TERM_PRDCT_20170924','TR_R_ZH_TERM_PRDCT','24','PRODUCT_MODEL','产品型号','STRING','','','','','Y','','','','');
insert into column_val (xmlid, col_xmlid, dataname, col_seq, colname, colcnname, datatype, length, precision_val, party_seq, isprimarykey, isnullable, remark, filed_type_child, sensitive_level, policyid) values ('TR_R_ZH_TERM_PRDCT_20161017','TR_R_ZH_TERM_PRDCT_20170925','TR_R_ZH_TERM_PRDCT','25','IF_LTE','是否是LTE','STRING','','','','','Y','','','','');
insert into column_val (xmlid, col_xmlid, dataname, col_seq, colname, colcnname, datatype, length, precision_val, party_seq, isprimarykey, isnullable, remark, filed_type_child, sensitive_level, policyid) values ('TR_R_ZH_TERM_PRDCT_20161017','TR_R_ZH_TERM_PRDCT_20170926','TR_R_ZH_TERM_PRDCT','26','NEW_PRTCL_PRC','最新价格','INT','','','','','Y','','','','');
insert into column_val (xmlid, col_xmlid, dataname, col_seq, colname, colcnname, datatype, length, precision_val, party_seq, isprimarykey, isnullable, remark, filed_type_child, sensitive_level, policyid) values ('TR_R_ZH_TERM_PRDCT_20161017','TR_R_ZH_TERM_PRDCT_20170927','TR_R_ZH_TERM_PRDCT','27','NEW_PRICE_RANGE','最新价格范围 ','STRING','','','','','Y','','','','');
insert into column_val (xmlid, col_xmlid, dataname, col_seq, colname, colcnname, datatype, length, precision_val, party_seq, isprimarykey, isnullable, remark, filed_type_child, sensitive_level, policyid) values ('TR_R_ZH_TERM_PRDCT_20161017','TR_R_ZH_TERM_PRDCT_20170928','TR_R_ZH_TERM_PRDCT','28','FRONT_CAMERA_PIXEL','前置摄像头','STRING','','','','','Y','','','','');
insert into column_val (xmlid, col_xmlid, dataname, col_seq, colname, colcnname, datatype, length, precision_val, party_seq, isprimarykey, isnullable, remark, filed_type_child, sensitive_level, policyid) values ('TR_R_ZH_TERM_PRDCT_20161017','TR_R_ZH_TERM_PRDCT_20170929','TR_R_ZH_TERM_PRDCT','29','IF_FINGERPRINT','是否有指纹识别','STRING','','','','','Y','','','','');
insert into column_val (xmlid, col_xmlid, dataname, col_seq, colname, colcnname, datatype, length, precision_val, party_seq, isprimarykey, isnullable, remark, filed_type_child, sensitive_level, policyid) values ('TR_R_ZH_TERM_PRDCT_20161017','TR_R_ZH_TERM_PRDCT_20170930','TR_R_ZH_TERM_PRDCT','30','TERM_NET_TYP','终端网络类型','STRING','','','','','Y','','','','');
insert into column_val (xmlid, col_xmlid, dataname, col_seq, colname, colcnname, datatype, length, precision_val, party_seq, isprimarykey, isnullable, remark, filed_type_child, sensitive_level, policyid) values ('TR_R_ZH_TERM_PRDCT_20161017','TR_R_ZH_TERM_PRDCT_20170931','TR_R_ZH_TERM_PRDCT','31','MARKET_TIME','上市时间','INT','','','','','Y','','','','');
insert into column_val (xmlid, col_xmlid, dataname, col_seq, colname, colcnname, datatype, length, precision_val, party_seq, isprimarykey, isnullable, remark, filed_type_child, sensitive_level, policyid) values ('TR_R_ZH_TERM_PRDCT_20161017','TR_R_ZH_TERM_PRDCT_20170932','TR_R_ZH_TERM_PRDCT','32','A4G_TERM','是否4G终端','STRING','','','','','Y','是/否','','','');
insert into column_val (xmlid, col_xmlid, dataname, col_seq, colname, colcnname, datatype, length, precision_val, party_seq, isprimarykey, isnullable, remark, filed_type_child, sensitive_level, policyid) values ('TR_R_ZH_TERM_PRDCT_20161017','TR_R_ZH_TERM_PRDCT_20170933','TR_R_ZH_TERM_PRDCT','33','TERM_TYP_CD','终端类型','STRING','','','','','Y','0：其他； 1：手机； 2：无线座机； 3：无线网卡、模块； 4：平板； 5：MIFI； 6：上网本； 7：穿戴设备；','','','');
insert into column_val (xmlid, col_xmlid, dataname, col_seq, colname, colcnname, datatype, length, precision_val, party_seq, isprimarykey, isnullable, remark, filed_type_child, sensitive_level, policyid) values ('TR_R_ZH_TERM_PRDCT_20161017','TR_R_ZH_TERM_PRDCT_20161034','TR_R_ZH_TERM_PRDCT','34','branch','地市','STRING','','','1','','N','','','','');

insert into tablefile (xmlid, dbname, dataname, datacnname, state, cycletype, topiccode, extend_cfg, rightlevel, creater, curdutyer, eff_date, state_date, team_code, open_state, remark) values ('TO_E_ESOP_LOG_VISITAIM_M','BD_B','TO_E_ESOP_LOG_VISITAIM_M','ODS_ESOP服务日志对应的拜访对象月全量数据','NEW','month','LAYERI_ISERV','{"EXTERNAL":"y","LOCATION":"/tenant/BIGDATA/JCFW/JRCL/BD_B/ODS/TO_E_ESOP_LOG_VISITAIM_M","FILEFORMAT":"PARQUET","DELIMITER":"&&"}','其他','谢英俊','谢英俊', TIMESTAMP '0009-02-17 12:00:00', TIMESTAMP '0009-02-17 12:00:00','f2999fd5-c34e-402e-9b28-fec9fca13044','','基础层-服务主题域');
insert into column_val (xmlid, col_xmlid, dataname, col_seq, colname, colcnname, datatype, length, precision_val, party_seq, isprimarykey, isnullable, remark, filed_type_child, sensitive_level, policyid) values ('TO_E_ESOP_LOG_VISITAIM_M','TO_E_ESOP_LOG_VISITAIM_M_2017091','TO_E_ESOP_LOG_VISITAIM_M','1','OID','流水号','STRING','','','','1','N','','C1-2','3','');
insert into column_val (xmlid, col_xmlid, dataname, col_seq, colname, colcnname, datatype, length, precision_val, party_seq, isprimarykey, isnullable, remark, filed_type_child, sensitive_level, policyid) values ('TO_E_ESOP_LOG_VISITAIM_M','TO_E_ESOP_LOG_VISITAIM_M_2017092','TO_E_ESOP_LOG_VISITAIM_M','2','LOG_ID','日志编号','STRING','','','','1','N','主键
格式：REGION +OID
例如：757111220094104101292
由于地市字段存在空值，可根据这个字段截取前三位判断地市
','C1-2','3','');
insert into column_val (xmlid, col_xmlid, dataname, col_seq, colname, colcnname, datatype, length, precision_val, party_seq, isprimarykey, isnullable, remark, filed_type_child, sensitive_level, policyid) values ('TO_E_ESOP_LOG_VISITAIM_M','TO_E_ESOP_LOG_VISITAIM_M_2017093','TO_E_ESOP_LOG_VISITAIM_M','3','CMCC_BRANCH_CD','地市编码','STRING','','','','','Y','该字段存在空值
地市region，
999-省公司
200-广州
660-汕尾
662-阳江
663-揭阳
668-茂名
750-江门
751-韶关
752-惠州
753-梅州
754-汕头
755-深圳
756-珠海
757-佛山
758-肇庆
759-湛江
760-中山
762-河源
763-清远
766-云浮
768-潮州
769-东莞
','C1-2','3','');
insert into column_val (xmlid, col_xmlid, dataname, col_seq, colname, colcnname, datatype, length, precision_val, party_seq, isprimarykey, isnullable, remark, filed_type_child, sensitive_level, policyid) values ('TO_E_ESOP_LOG_VISITAIM_M','TO_E_ESOP_LOG_VISITAIM_M_2017094','TO_E_ESOP_LOG_VISITAIM_M','4','CTY_CD','地市','STRING','','','','','Y','','C1-2','3','');
insert into column_val (xmlid, col_xmlid, dataname, col_seq, colname, colcnname, datatype, length, precision_val, party_seq, isprimarykey, isnullable, remark, filed_type_child, sensitive_level, policyid) values ('TO_E_ESOP_LOG_VISITAIM_M','TO_E_ESOP_LOG_VISITAIM_M_2017095','TO_E_ESOP_LOG_VISITAIM_M','5','VISIT_PERSON','拜访人员','STRING','','','','','Y','','C1-2','3','');
insert into column_val (xmlid, col_xmlid, dataname, col_seq, colname, colcnname, datatype, length, precision_val, party_seq, isprimarykey, isnullable, remark, filed_type_child, sensitive_level, policyid) values ('TO_E_ESOP_LOG_VISITAIM_M','TO_E_ESOP_LOG_VISITAIM_M_2017096','TO_E_ESOP_LOG_VISITAIM_M','6','DUTY','职务','STRING','','','','','Y','','C1-2','3','PID_all');
insert into column_val (xmlid, col_xmlid, dataname, col_seq, colname, colcnname, datatype, length, precision_val, party_seq, isprimarykey, isnullable, remark, filed_type_child, sensitive_level, policyid) values ('TO_E_ESOP_LOG_VISITAIM_M','TO_E_ESOP_LOG_VISITAIM_M_2017097','TO_E_ESOP_LOG_VISITAIM_M','7','USR_NBR','联系电话','STRING','','','','','Y','','C1-2','3','PID_all');
insert into column_val (xmlid, col_xmlid, dataname, col_seq, colname, colcnname, datatype, length, precision_val, party_seq, isprimarykey, isnullable, remark, filed_type_child, sensitive_level, policyid) values ('TO_E_ESOP_LOG_VISITAIM_M','TO_E_ESOP_LOG_VISITAIM_M_2016108','TO_E_ESOP_LOG_VISITAIM_M','8','branch','地市','STRING','','','1','','N','','','','');
insert into column_val (xmlid, col_xmlid, dataname, col_seq, colname, colcnname, datatype, length, precision_val, party_seq, isprimarykey, isnullable, remark, filed_type_child, sensitive_level, policyid) values ('TO_E_ESOP_LOG_VISITAIM_M','TO_E_ESOP_LOG_VISITAIM_M_2016109','TO_E_ESOP_LOG_VISITAIM_M','9','month','月份','INT','','','2','','N','','','','');

insert into tablefile (xmlid, dbname, dataname, datacnname, state, cycletype, topiccode, extend_cfg, rightlevel, creater, curdutyer, eff_date, state_date, team_code, open_state, remark) values ('TR_HSH_ASSIGNED_PRDCT','BD_B','TR_HSH_ASSIGNED_PRDCT','REF_和商会指定产品维表','NEW','other','LAYERW','{"EXTERNAL":"y","LOCATION":"/tenant/BIGDATA/JCFW/JRCL/BD_B/REF/TR_HSH_ASSIGNED_PRDCT","FILEFORMAT":"TEXTFILE","DELIMITER":","}','其他','谢英俊','谢英俊', TIMESTAMP '0010-06-17 12:00:00', TIMESTAMP '0010-06-17 12:00:00','f2999fd5-c34e-402e-9b28-fec9fca13044','','和商汇专项');
insert into column_val (xmlid, col_xmlid, dataname, col_seq, colname, colcnname, datatype, length, precision_val, party_seq, isprimarykey, isnullable, remark, filed_type_child, sensitive_level, policyid) values ('TR_HSH_ASSIGNED_PRDCT','TR_HSH_ASSIGNED_PRDCT_2017091','TR_HSH_ASSIGNED_PRDCT','1','BASS_PRDCT_CD','产品编码','STRING','','','','','N','','D2-3','1','');
insert into column_val (xmlid, col_xmlid, dataname, col_seq, colname, colcnname, datatype, length, precision_val, party_seq, isprimarykey, isnullable, remark, filed_type_child, sensitive_level, policyid) values ('TR_HSH_ASSIGNED_PRDCT','TR_HSH_ASSIGNED_PRDCT_2017092','TR_HSH_ASSIGNED_PRDCT','2','BASS_PRDCT_NAM','产品名称','STRING','','','','','N','','D2-3','1','');
insert into column_val (xmlid, col_xmlid, dataname, col_seq, colname, colcnname, datatype, length, precision_val, party_seq, isprimarykey, isnullable, remark, filed_type_child, sensitive_level, policyid) values ('TR_HSH_ASSIGNED_PRDCT','TR_HSH_ASSIGNED_PRDCT_2017093','TR_HSH_ASSIGNED_PRDCT','3','PRDCT_TYP_CD','产品类型编码','STRING','','','','','N','根据产品类型名称自编码，两位数字表示，取值如下：
10：主套餐
11：流量套餐
99：其他','D2-3','1','');
insert into column_val (xmlid, col_xmlid, dataname, col_seq, colname, colcnname, datatype, length, precision_val, party_seq, isprimarykey, isnullable, remark, filed_type_child, sensitive_level, policyid) values ('TR_HSH_ASSIGNED_PRDCT','TR_HSH_ASSIGNED_PRDCT_2017094','TR_HSH_ASSIGNED_PRDCT','4','PRDCT_TYP_NAM','产品类型名称','STRING','','','','','N','','D2-3','1','');
insert into column_val (xmlid, col_xmlid, dataname, col_seq, colname, colcnname, datatype, length, precision_val, party_seq, isprimarykey, isnullable, remark, filed_type_child, sensitive_level, policyid) values ('TR_HSH_ASSIGNED_PRDCT','TR_HSH_ASSIGNED_PRDCT_2016105','TR_HSH_ASSIGNED_PRDCT','5','branch','地市','STRING','','','1','','N','','','','');

insert into tablefile (xmlid, dbname, dataname, datacnname, state, cycletype, topiccode, extend_cfg, rightlevel, creater, curdutyer, eff_date, state_date, team_code, open_state, remark) values ('TR_HOT_AREA_CELL','BD_O','TR_HOT_AREA_CELL','REF_热点区域小区维表','NEW','other','LAYERW','{"EXTERNAL":"y","LOCATION":"/tenant/BIGDATA/JCFW/JRCL/BD_O/REF/TR_HOT_AREA_CELL","FILEFORMAT":"TEXTFILE","DELIMITER":","}','其他','谢英俊','谢英俊', TIMESTAMP '0010-05-17 12:00:00', TIMESTAMP '0010-05-17 12:00:00','f2999fd5-c34e-402e-9b28-fec9fca13044','','维表层');
insert into column_val (xmlid, col_xmlid, dataname, col_seq, colname, colcnname, datatype, length, precision_val, party_seq, isprimarykey, isnullable, remark, filed_type_child, sensitive_level, policyid) values ('TR_HOT_AREA_CELL','TR_HOT_AREA_CELL_2017091','TR_HOT_AREA_CELL','1','CGI','CGI','STRING','','','','1','N','','C1-4','3','');
insert into column_val (xmlid, col_xmlid, dataname, col_seq, colname, colcnname, datatype, length, precision_val, party_seq, isprimarykey, isnullable, remark, filed_type_child, sensitive_level, policyid) values ('TR_HOT_AREA_CELL','TR_HOT_AREA_CELL_2017092','TR_HOT_AREA_CELL','2','CMCC_BRANCH_CD','移动分公司编码','STRING','','','','','N','','C1-4','3','');
insert into column_val (xmlid, col_xmlid, dataname, col_seq, colname, colcnname, datatype, length, precision_val, party_seq, isprimarykey, isnullable, remark, filed_type_child, sensitive_level, policyid) values ('TR_HOT_AREA_CELL','TR_HOT_AREA_CELL_2017093','TR_HOT_AREA_CELL','3','CITY_NAM','地市名称','STRING','','','','','N','','C1-4','3','');
insert into column_val (xmlid, col_xmlid, dataname, col_seq, colname, colcnname, datatype, length, precision_val, party_seq, isprimarykey, isnullable, remark, filed_type_child, sensitive_level, policyid) values ('TR_HOT_AREA_CELL','TR_HOT_AREA_CELL_2017094','TR_HOT_AREA_CELL','4','AREA_NAM','区域名称','STRING','','','','','Y','','C1-4','3','');
insert into column_val (xmlid, col_xmlid, dataname, col_seq, colname, colcnname, datatype, length, precision_val, party_seq, isprimarykey, isnullable, remark, filed_type_child, sensitive_level, policyid) values ('TR_HOT_AREA_CELL','TR_HOT_AREA_CELL_2017095','TR_HOT_AREA_CELL','5','AREA_TYP','区域类型名称','STRING','','','','','Y','','C1-4','3','');
insert into column_val (xmlid, col_xmlid, dataname, col_seq, colname, colcnname, datatype, length, precision_val, party_seq, isprimarykey, isnullable, remark, filed_type_child, sensitive_level, policyid) values ('TR_HOT_AREA_CELL','TR_HOT_AREA_CELL_2016106','TR_HOT_AREA_CELL','6','branch','地市','STRING','','','1','','N','','','','');

insert into tablefile (xmlid, dbname, dataname, datacnname, state, cycletype, topiccode, extend_cfg, rightlevel, creater, curdutyer, eff_date, state_date, team_code, open_state, remark) values ('TM_PRDCT_BUSI_HANDLE_D_GZ','DAY','TM_PRDCT_BUSI_HANDLE_D_GZ','DM_产品业务办理宽表','NEW','day','LAYERY_YMRKT','{"EXTERNAL":"y","LOCATION":"/tenant/BIGDATA/JCFW/BZMX/DAY/DM/TM_PRDCT_BUSI_HANDLE_D/branch=GZ","FILEFORMAT":"PARQUET","DELIMITER":"\001"}','其他','谢英俊','谢英俊', TIMESTAMP '0008-02-17 12:00:00', TIMESTAMP '0008-02-17 12:00:00','5875519a-8ee1-4eb7-825b-ef1135513f02','','应用层-市场业务');
insert into column_val (xmlid, col_xmlid, dataname, col_seq, colname, colcnname, datatype, length, precision_val, party_seq, isprimarykey, isnullable, remark, filed_type_child, sensitive_level, policyid) values ('TM_PRDCT_BUSI_HANDLE_D_GZ','TM_PRDCT_BUSI_HANDLE_D_GZ_2017091','TM_PRDCT_BUSI_HANDLE_D_GZ','1','STAT_DT','日期','INT','','','','','N','','D2-2','2','');
insert into column_val (xmlid, col_xmlid, dataname, col_seq, colname, colcnname, datatype, length, precision_val, party_seq, isprimarykey, isnullable, remark, filed_type_child, sensitive_level, policyid) values ('TM_PRDCT_BUSI_HANDLE_D_GZ','TM_PRDCT_BUSI_HANDLE_D_GZ_2017092','TM_PRDCT_BUSI_HANDLE_D_GZ','2','CMCC_BRANCH_CD','地市编码','STRING','','','','','N','','D2-2','2','');
insert into column_val (xmlid, col_xmlid, dataname, col_seq, colname, colcnname, datatype, length, precision_val, party_seq, isprimarykey, isnullable, remark, filed_type_child, sensitive_level, policyid) values ('TM_PRDCT_BUSI_HANDLE_D_GZ','TM_PRDCT_BUSI_HANDLE_D_GZ_2017093','TM_PRDCT_BUSI_HANDLE_D_GZ','3','DIST_ID','区块编码','STRING','','','','','Y','匹配不到记“-”','D2-2','2','');
insert into column_val (xmlid, col_xmlid, dataname, col_seq, colname, colcnname, datatype, length, precision_val, party_seq, isprimarykey, isnullable, remark, filed_type_child, sensitive_level, policyid) values ('TM_PRDCT_BUSI_HANDLE_D_GZ','TM_PRDCT_BUSI_HANDLE_D_GZ_2017094','TM_PRDCT_BUSI_HANDLE_D_GZ','4','MICRODIST_ID','微区块编码','STRING','','','','','Y','匹配不到记“-”','D2-2','2','');
insert into column_val (xmlid, col_xmlid, dataname, col_seq, colname, colcnname, datatype, length, precision_val, party_seq, isprimarykey, isnullable, remark, filed_type_child, sensitive_level, policyid) values ('TM_PRDCT_BUSI_HANDLE_D_GZ','TM_PRDCT_BUSI_HANDLE_D_GZ_2017095','TM_PRDCT_BUSI_HANDLE_D_GZ','5','BUSI_USR_NBR','渠道经理','STRING','','','','','Y','目前只有社会渠道有，取业务手机号码。社会渠道匹配不到记“-”，其他非社会渠道记999999','D2-2','2','');
insert into column_val (xmlid, col_xmlid, dataname, col_seq, colname, colcnname, datatype, length, precision_val, party_seq, isprimarykey, isnullable, remark, filed_type_child, sensitive_level, policyid) values ('TM_PRDCT_BUSI_HANDLE_D_GZ','TM_PRDCT_BUSI_HANDLE_D_GZ_2017096','TM_PRDCT_BUSI_HANDLE_D_GZ','6','CHNL_STAR_LVL3_IND','是否三星级及以上渠道','STRING','','','','','Y','取值含义：0 否 1 是 999999 非CMOP有的渠道
（包括三星级及以上星级社会渠道、商圈社会渠道、自有渠道、引入合作商、带店加盟。）','D2-2','2','');
insert into column_val (xmlid, col_xmlid, dataname, col_seq, colname, colcnname, datatype, length, precision_val, party_seq, isprimarykey, isnullable, remark, filed_type_child, sensitive_level, policyid) values ('TM_PRDCT_BUSI_HANDLE_D_GZ','TM_PRDCT_BUSI_HANDLE_D_GZ_2017097','TM_PRDCT_BUSI_HANDLE_D_GZ','7','CHNL_CD','渠道编码','STRING','','','','','Y','匹配不到记“-”','D2-2','2','');
insert into column_val (xmlid, col_xmlid, dataname, col_seq, colname, colcnname, datatype, length, precision_val, party_seq, isprimarykey, isnullable, remark, filed_type_child, sensitive_level, policyid) values ('TM_PRDCT_BUSI_HANDLE_D_GZ','TM_PRDCT_BUSI_HANDLE_D_GZ_2017098','TM_PRDCT_BUSI_HANDLE_D_GZ','8','CHNL_STS_CD','渠道状态','STRING','','','','','Y','按CMOP的渠道状态，如非CMOP有的渠道记999999。','D2-2','2','');
insert into column_val (xmlid, col_xmlid, dataname, col_seq, colname, colcnname, datatype, length, precision_val, party_seq, isprimarykey, isnullable, remark, filed_type_child, sensitive_level, policyid) values ('TM_PRDCT_BUSI_HANDLE_D_GZ','TM_PRDCT_BUSI_HANDLE_D_GZ_2017099','TM_PRDCT_BUSI_HANDLE_D_GZ','9','ACCEPT_OPR_ID','工号编码','STRING','','','','','Y','','D2-2','2','');
insert into column_val (xmlid, col_xmlid, dataname, col_seq, colname, colcnname, datatype, length, precision_val, party_seq, isprimarykey, isnullable, remark, filed_type_child, sensitive_level, policyid) values ('TM_PRDCT_BUSI_HANDLE_D_GZ','TM_PRDCT_BUSI_HANDLE_D_GZ_20170910','TM_PRDCT_BUSI_HANDLE_D_GZ','10','BUSI_ACCEPT_NBR','受理号码','STRING','','','','','Y','','D2-2','2','PID_all');
insert into column_val (xmlid, col_xmlid, dataname, col_seq, colname, colcnname, datatype, length, precision_val, party_seq, isprimarykey, isnullable, remark, filed_type_child, sensitive_level, policyid) values ('TM_PRDCT_BUSI_HANDLE_D_GZ','TM_PRDCT_BUSI_HANDLE_D_GZ_20170911','TM_PRDCT_BUSI_HANDLE_D_GZ','11','ACCEPT_DT','受理日期','INT','','','','','Y','','D2-2','2','');
insert into column_val (xmlid, col_xmlid, dataname, col_seq, colname, colcnname, datatype, length, precision_val, party_seq, isprimarykey, isnullable, remark, filed_type_child, sensitive_level, policyid) values ('TM_PRDCT_BUSI_HANDLE_D_GZ','TM_PRDCT_BUSI_HANDLE_D_GZ_20170912','TM_PRDCT_BUSI_HANDLE_D_GZ','12','ACCEPT_TIM','受理时间','STRING','','','','','Y','','D2-2','2','');
insert into column_val (xmlid, col_xmlid, dataname, col_seq, colname, colcnname, datatype, length, precision_val, party_seq, isprimarykey, isnullable, remark, filed_type_child, sensitive_level, policyid) values ('TM_PRDCT_BUSI_HANDLE_D_GZ','TM_PRDCT_BUSI_HANDLE_D_GZ_20170913','TM_PRDCT_BUSI_HANDLE_D_GZ','13','BASS_PRDCT_CD','产品ID','STRING','','','','','Y','','D2-2','2','');
insert into column_val (xmlid, col_xmlid, dataname, col_seq, colname, colcnname, datatype, length, precision_val, party_seq, isprimarykey, isnullable, remark, filed_type_child, sensitive_level, policyid) values ('TM_PRDCT_BUSI_HANDLE_D_GZ','TM_PRDCT_BUSI_HANDLE_D_GZ_20170914','TM_PRDCT_BUSI_HANDLE_D_GZ','14','BASS_PRDCT_NAM','产品名称','STRING','','','','','Y','','D2-2','2','');
insert into column_val (xmlid, col_xmlid, dataname, col_seq, colname, colcnname, datatype, length, precision_val, party_seq, isprimarykey, isnullable, remark, filed_type_child, sensitive_level, policyid) values ('TM_PRDCT_BUSI_HANDLE_D_GZ','TM_PRDCT_BUSI_HANDLE_D_GZ_20170915','TM_PRDCT_BUSI_HANDLE_D_GZ','15','OPR_TYP','产品操作类型','STRING','','','','','Y','取值含义：
N 开通
M 变更','D2-2','2','');
insert into column_val (xmlid, col_xmlid, dataname, col_seq, colname, colcnname, datatype, length, precision_val, party_seq, isprimarykey, isnullable, remark, filed_type_child, sensitive_level, policyid) values ('TM_PRDCT_BUSI_HANDLE_D_GZ','TM_PRDCT_BUSI_HANDLE_D_GZ_20170916','TM_PRDCT_BUSI_HANDLE_D_GZ','16','WORKF_TYP_CD','工单业务类型编码','STRING','','','','','Y','','D2-2','2','');
insert into column_val (xmlid, col_xmlid, dataname, col_seq, colname, colcnname, datatype, length, precision_val, party_seq, isprimarykey, isnullable, remark, filed_type_child, sensitive_level, policyid) values ('TM_PRDCT_BUSI_HANDLE_D_GZ','TM_PRDCT_BUSI_HANDLE_D_GZ_20170917','TM_PRDCT_BUSI_HANDLE_D_GZ','17','MENU_ID','菜单ID','STRING','','','','','Y','','D2-2','2','');
insert into column_val (xmlid, col_xmlid, dataname, col_seq, colname, colcnname, datatype, length, precision_val, party_seq, isprimarykey, isnullable, remark, filed_type_child, sensitive_level, policyid) values ('TM_PRDCT_BUSI_HANDLE_D_GZ','TM_PRDCT_BUSI_HANDLE_D_GZ_20170918','TM_PRDCT_BUSI_HANDLE_D_GZ','18','IN_SYSTEM','接入系统','STRING','','','','','Y','','D2-2','2','');
insert into column_val (xmlid, col_xmlid, dataname, col_seq, colname, colcnname, datatype, length, precision_val, party_seq, isprimarykey, isnullable, remark, filed_type_child, sensitive_level, policyid) values ('TM_PRDCT_BUSI_HANDLE_D_GZ','TM_PRDCT_BUSI_HANDLE_D_GZ_20170919','TM_PRDCT_BUSI_HANDLE_D_GZ','19','ORDER_ID','订单编号','STRING','','','','','Y','','D2-2','2','');
insert into column_val (xmlid, col_xmlid, dataname, col_seq, colname, colcnname, datatype, length, precision_val, party_seq, isprimarykey, isnullable, remark, filed_type_child, sensitive_level, policyid) values ('TM_PRDCT_BUSI_HANDLE_D_GZ','TM_PRDCT_BUSI_HANDLE_D_GZ_20170920','TM_PRDCT_BUSI_HANDLE_D_GZ','20','month','月份','INT','','','1','','N','','','','');
insert into column_val (xmlid, col_xmlid, dataname, col_seq, colname, colcnname, datatype, length, precision_val, party_seq, isprimarykey, isnullable, remark, filed_type_child, sensitive_level, policyid) values ('TM_PRDCT_BUSI_HANDLE_D_GZ','TM_PRDCT_BUSI_HANDLE_D_GZ_20170921','TM_PRDCT_BUSI_HANDLE_D_GZ','21','day','日期','INT','','','2','','N','','','','');

insert into tablefile (xmlid, dbname, dataname, datacnname, state, cycletype, topiccode, extend_cfg, rightlevel, creater, curdutyer, eff_date, state_date, team_code, open_state, remark) values ('TM_PRDCT_BUSI_HANDLE_D_SZ','DAY','TM_PRDCT_BUSI_HANDLE_D_SZ','DM_产品业务办理宽表','NEW','day','LAYERY_YMRKT','{"EXTERNAL":"y","LOCATION":"/tenant/BIGDATA/JCFW/BZMX/DAY/DM/TM_PRDCT_BUSI_HANDLE_D/branch=SZ","FILEFORMAT":"PARQUET","DELIMITER":"\001"}','其他','谢英俊','谢英俊', TIMESTAMP '0008-02-17 12:00:00', TIMESTAMP '0008-02-17 12:00:00','5875519a-8ee1-4eb7-825b-ef1135513f02','','应用层-市场业务');
insert into column_val (xmlid, col_xmlid, dataname, col_seq, colname, colcnname, datatype, length, precision_val, party_seq, isprimarykey, isnullable, remark, filed_type_child, sensitive_level, policyid) values ('TM_PRDCT_BUSI_HANDLE_D_SZ','TM_PRDCT_BUSI_HANDLE_D_SZ_2017091','TM_PRDCT_BUSI_HANDLE_D_SZ','1','STAT_DT','日期','INT','','','','','N','','D2-2','2','');
insert into column_val (xmlid, col_xmlid, dataname, col_seq, colname, colcnname, datatype, length, precision_val, party_seq, isprimarykey, isnullable, remark, filed_type_child, sensitive_level, policyid) values ('TM_PRDCT_BUSI_HANDLE_D_SZ','TM_PRDCT_BUSI_HANDLE_D_SZ_2017092','TM_PRDCT_BUSI_HANDLE_D_SZ','2','CMCC_BRANCH_CD','地市编码','STRING','','','','','N','','D2-2','2','');
insert into column_val (xmlid, col_xmlid, dataname, col_seq, colname, colcnname, datatype, length, precision_val, party_seq, isprimarykey, isnullable, remark, filed_type_child, sensitive_level, policyid) values ('TM_PRDCT_BUSI_HANDLE_D_SZ','TM_PRDCT_BUSI_HANDLE_D_SZ_2017093','TM_PRDCT_BUSI_HANDLE_D_SZ','3','DIST_ID','区块编码','STRING','','','','','Y','匹配不到记“-”','D2-2','2','');
insert into column_val (xmlid, col_xmlid, dataname, col_seq, colname, colcnname, datatype, length, precision_val, party_seq, isprimarykey, isnullable, remark, filed_type_child, sensitive_level, policyid) values ('TM_PRDCT_BUSI_HANDLE_D_SZ','TM_PRDCT_BUSI_HANDLE_D_SZ_2017094','TM_PRDCT_BUSI_HANDLE_D_SZ','4','MICRODIST_ID','微区块编码','STRING','','','','','Y','匹配不到记“-”','D2-2','2','');
insert into column_val (xmlid, col_xmlid, dataname, col_seq, colname, colcnname, datatype, length, precision_val, party_seq, isprimarykey, isnullable, remark, filed_type_child, sensitive_level, policyid) values ('TM_PRDCT_BUSI_HANDLE_D_SZ','TM_PRDCT_BUSI_HANDLE_D_SZ_2017095','TM_PRDCT_BUSI_HANDLE_D_SZ','5','BUSI_USR_NBR','渠道经理','STRING','','','','','Y','目前只有社会渠道有，取业务手机号码。社会渠道匹配不到记“-”，其他非社会渠道记999999','D2-2','2','');
insert into column_val (xmlid, col_xmlid, dataname, col_seq, colname, colcnname, datatype, length, precision_val, party_seq, isprimarykey, isnullable, remark, filed_type_child, sensitive_level, policyid) values ('TM_PRDCT_BUSI_HANDLE_D_SZ','TM_PRDCT_BUSI_HANDLE_D_SZ_2017096','TM_PRDCT_BUSI_HANDLE_D_SZ','6','CHNL_STAR_LVL3_IND','是否三星级及以上渠道','STRING','','','','','Y','取值含义：0 否 1 是 999999 非CMOP有的渠道
（包括三星级及以上星级社会渠道、商圈社会渠道、自有渠道、引入合作商、带店加盟。）','D2-2','2','');
insert into column_val (xmlid, col_xmlid, dataname, col_seq, colname, colcnname, datatype, length, precision_val, party_seq, isprimarykey, isnullable, remark, filed_type_child, sensitive_level, policyid) values ('TM_PRDCT_BUSI_HANDLE_D_SZ','TM_PRDCT_BUSI_HANDLE_D_SZ_2017097','TM_PRDCT_BUSI_HANDLE_D_SZ','7','CHNL_CD','渠道编码','STRING','','','','','Y','匹配不到记“-”','D2-2','2','');
insert into column_val (xmlid, col_xmlid, dataname, col_seq, colname, colcnname, datatype, length, precision_val, party_seq, isprimarykey, isnullable, remark, filed_type_child, sensitive_level, policyid) values ('TM_PRDCT_BUSI_HANDLE_D_SZ','TM_PRDCT_BUSI_HANDLE_D_SZ_2017098','TM_PRDCT_BUSI_HANDLE_D_SZ','8','CHNL_STS_CD','渠道状态','STRING','','','','','Y','按CMOP的渠道状态，如非CMOP有的渠道记999999。','D2-2','2','');
insert into column_val (xmlid, col_xmlid, dataname, col_seq, colname, colcnname, datatype, length, precision_val, party_seq, isprimarykey, isnullable, remark, filed_type_child, sensitive_level, policyid) values ('TM_PRDCT_BUSI_HANDLE_D_SZ','TM_PRDCT_BUSI_HANDLE_D_SZ_2017099','TM_PRDCT_BUSI_HANDLE_D_SZ','9','ACCEPT_OPR_ID','工号编码','STRING','','','','','Y','','D2-2','2','');
insert into column_val (xmlid, col_xmlid, dataname, col_seq, colname, colcnname, datatype, length, precision_val, party_seq, isprimarykey, isnullable, remark, filed_type_child, sensitive_level, policyid) values ('TM_PRDCT_BUSI_HANDLE_D_SZ','TM_PRDCT_BUSI_HANDLE_D_SZ_20170910','TM_PRDCT_BUSI_HANDLE_D_SZ','10','BUSI_ACCEPT_NBR','受理号码','STRING','','','','','Y','','D2-2','2','PID_all');
insert into column_val (xmlid, col_xmlid, dataname, col_seq, colname, colcnname, datatype, length, precision_val, party_seq, isprimarykey, isnullable, remark, filed_type_child, sensitive_level, policyid) values ('TM_PRDCT_BUSI_HANDLE_D_SZ','TM_PRDCT_BUSI_HANDLE_D_SZ_20170911','TM_PRDCT_BUSI_HANDLE_D_SZ','11','ACCEPT_DT','受理日期','INT','','','','','Y','','D2-2','2','');
insert into column_val (xmlid, col_xmlid, dataname, col_seq, colname, colcnname, datatype, length, precision_val, party_seq, isprimarykey, isnullable, remark, filed_type_child, sensitive_level, policyid) values ('TM_PRDCT_BUSI_HANDLE_D_SZ','TM_PRDCT_BUSI_HANDLE_D_SZ_20170912','TM_PRDCT_BUSI_HANDLE_D_SZ','12','ACCEPT_TIM','受理时间','STRING','','','','','Y','','D2-2','2','');
insert into column_val (xmlid, col_xmlid, dataname, col_seq, colname, colcnname, datatype, length, precision_val, party_seq, isprimarykey, isnullable, remark, filed_type_child, sensitive_level, policyid) values ('TM_PRDCT_BUSI_HANDLE_D_SZ','TM_PRDCT_BUSI_HANDLE_D_SZ_20170913','TM_PRDCT_BUSI_HANDLE_D_SZ','13','BASS_PRDCT_CD','产品ID','STRING','','','','','Y','','D2-2','2','');
insert into column_val (xmlid, col_xmlid, dataname, col_seq, colname, colcnname, datatype, length, precision_val, party_seq, isprimarykey, isnullable, remark, filed_type_child, sensitive_level, policyid) values ('TM_PRDCT_BUSI_HANDLE_D_SZ','TM_PRDCT_BUSI_HANDLE_D_SZ_20170914','TM_PRDCT_BUSI_HANDLE_D_SZ','14','BASS_PRDCT_NAM','产品名称','STRING','','','','','Y','','D2-2','2','');
insert into column_val (xmlid, col_xmlid, dataname, col_seq, colname, colcnname, datatype, length, precision_val, party_seq, isprimarykey, isnullable, remark, filed_type_child, sensitive_level, policyid) values ('TM_PRDCT_BUSI_HANDLE_D_SZ','TM_PRDCT_BUSI_HANDLE_D_SZ_20170915','TM_PRDCT_BUSI_HANDLE_D_SZ','15','OPR_TYP','产品操作类型','STRING','','','','','Y','取值含义：
N 开通
M 变更','D2-2','2','');
insert into column_val (xmlid, col_xmlid, dataname, col_seq, colname, colcnname, datatype, length, precision_val, party_seq, isprimarykey, isnullable, remark, filed_type_child, sensitive_level, policyid) values ('TM_PRDCT_BUSI_HANDLE_D_SZ','TM_PRDCT_BUSI_HANDLE_D_SZ_20170916','TM_PRDCT_BUSI_HANDLE_D_SZ','16','WORKF_TYP_CD','工单业务类型编码','STRING','','','','','Y','','D2-2','2','');
insert into column_val (xmlid, col_xmlid, dataname, col_seq, colname, colcnname, datatype, length, precision_val, party_seq, isprimarykey, isnullable, remark, filed_type_child, sensitive_level, policyid) values ('TM_PRDCT_BUSI_HANDLE_D_SZ','TM_PRDCT_BUSI_HANDLE_D_SZ_20170917','TM_PRDCT_BUSI_HANDLE_D_SZ','17','MENU_ID','菜单ID','STRING','','','','','Y','','D2-2','2','');
insert into column_val (xmlid, col_xmlid, dataname, col_seq, colname, colcnname, datatype, length, precision_val, party_seq, isprimarykey, isnullable, remark, filed_type_child, sensitive_level, policyid) values ('TM_PRDCT_BUSI_HANDLE_D_SZ','TM_PRDCT_BUSI_HANDLE_D_SZ_20170918','TM_PRDCT_BUSI_HANDLE_D_SZ','18','IN_SYSTEM','接入系统','STRING','','','','','Y','','D2-2','2','');
insert into column_val (xmlid, col_xmlid, dataname, col_seq, colname, colcnname, datatype, length, precision_val, party_seq, isprimarykey, isnullable, remark, filed_type_child, sensitive_level, policyid) values ('TM_PRDCT_BUSI_HANDLE_D_SZ','TM_PRDCT_BUSI_HANDLE_D_SZ_20170919','TM_PRDCT_BUSI_HANDLE_D_SZ','19','ORDER_ID','订单编号','STRING','','','','','Y','','D2-2','2','');
insert into column_val (xmlid, col_xmlid, dataname, col_seq, colname, colcnname, datatype, length, precision_val, party_seq, isprimarykey, isnullable, remark, filed_type_child, sensitive_level, policyid) values ('TM_PRDCT_BUSI_HANDLE_D_SZ','TM_PRDCT_BUSI_HANDLE_D_SZ_20170920','TM_PRDCT_BUSI_HANDLE_D_SZ','20','month','月份','INT','','','1','','N','','','','');
insert into column_val (xmlid, col_xmlid, dataname, col_seq, colname, colcnname, datatype, length, precision_val, party_seq, isprimarykey, isnullable, remark, filed_type_child, sensitive_level, policyid) values ('TM_PRDCT_BUSI_HANDLE_D_SZ','TM_PRDCT_BUSI_HANDLE_D_SZ_20170921','TM_PRDCT_BUSI_HANDLE_D_SZ','21','day','日期','INT','','','2','','N','','','','');

insert into tablefile (xmlid, dbname, dataname, datacnname, state, cycletype, topiccode, extend_cfg, rightlevel, creater, curdutyer, eff_date, state_date, team_code, open_state, remark) values ('TM_PRDCT_BUSI_HANDLE_D_DG','DAY','TM_PRDCT_BUSI_HANDLE_D_DG','DM_产品业务办理宽表','NEW','day','LAYERY_YMRKT','{"EXTERNAL":"y","LOCATION":"/tenant/BIGDATA/JCFW/BZMX/DAY/DM/TM_PRDCT_BUSI_HANDLE_D/branch=DG","FILEFORMAT":"PARQUET","DELIMITER":"\001"}','其他','谢英俊','谢英俊', TIMESTAMP '0008-02-17 12:00:00', TIMESTAMP '0008-02-17 12:00:00','5875519a-8ee1-4eb7-825b-ef1135513f02','','应用层-市场业务');
insert into column_val (xmlid, col_xmlid, dataname, col_seq, colname, colcnname, datatype, length, precision_val, party_seq, isprimarykey, isnullable, remark, filed_type_child, sensitive_level, policyid) values ('TM_PRDCT_BUSI_HANDLE_D_DG','TM_PRDCT_BUSI_HANDLE_D_DG_2017091','TM_PRDCT_BUSI_HANDLE_D_DG','1','STAT_DT','日期','INT','','','','','N','','D2-2','2','');
insert into column_val (xmlid, col_xmlid, dataname, col_seq, colname, colcnname, datatype, length, precision_val, party_seq, isprimarykey, isnullable, remark, filed_type_child, sensitive_level, policyid) values ('TM_PRDCT_BUSI_HANDLE_D_DG','TM_PRDCT_BUSI_HANDLE_D_DG_2017092','TM_PRDCT_BUSI_HANDLE_D_DG','2','CMCC_BRANCH_CD','地市编码','STRING','','','','','N','','D2-2','2','');
insert into column_val (xmlid, col_xmlid, dataname, col_seq, colname, colcnname, datatype, length, precision_val, party_seq, isprimarykey, isnullable, remark, filed_type_child, sensitive_level, policyid) values ('TM_PRDCT_BUSI_HANDLE_D_DG','TM_PRDCT_BUSI_HANDLE_D_DG_2017093','TM_PRDCT_BUSI_HANDLE_D_DG','3','DIST_ID','区块编码','STRING','','','','','Y','匹配不到记“-”','D2-2','2','');
insert into column_val (xmlid, col_xmlid, dataname, col_seq, colname, colcnname, datatype, length, precision_val, party_seq, isprimarykey, isnullable, remark, filed_type_child, sensitive_level, policyid) values ('TM_PRDCT_BUSI_HANDLE_D_DG','TM_PRDCT_BUSI_HANDLE_D_DG_2017094','TM_PRDCT_BUSI_HANDLE_D_DG','4','MICRODIST_ID','微区块编码','STRING','','','','','Y','匹配不到记“-”','D2-2','2','');
insert into column_val (xmlid, col_xmlid, dataname, col_seq, colname, colcnname, datatype, length, precision_val, party_seq, isprimarykey, isnullable, remark, filed_type_child, sensitive_level, policyid) values ('TM_PRDCT_BUSI_HANDLE_D_DG','TM_PRDCT_BUSI_HANDLE_D_DG_2017095','TM_PRDCT_BUSI_HANDLE_D_DG','5','BUSI_USR_NBR','渠道经理','STRING','','','','','Y','目前只有社会渠道有，取业务手机号码。社会渠道匹配不到记“-”，其他非社会渠道记999999','D2-2','2','');
insert into column_val (xmlid, col_xmlid, dataname, col_seq, colname, colcnname, datatype, length, precision_val, party_seq, isprimarykey, isnullable, remark, filed_type_child, sensitive_level, policyid) values ('TM_PRDCT_BUSI_HANDLE_D_DG','TM_PRDCT_BUSI_HANDLE_D_DG_2017096','TM_PRDCT_BUSI_HANDLE_D_DG','6','CHNL_STAR_LVL3_IND','是否三星级及以上渠道','STRING','','','','','Y','取值含义：0 否 1 是 999999 非CMOP有的渠道
（包括三星级及以上星级社会渠道、商圈社会渠道、自有渠道、引入合作商、带店加盟。）','D2-2','2','');
insert into column_val (xmlid, col_xmlid, dataname, col_seq, colname, colcnname, datatype, length, precision_val, party_seq, isprimarykey, isnullable, remark, filed_type_child, sensitive_level, policyid) values ('TM_PRDCT_BUSI_HANDLE_D_DG','TM_PRDCT_BUSI_HANDLE_D_DG_2017097','TM_PRDCT_BUSI_HANDLE_D_DG','7','CHNL_CD','渠道编码','STRING','','','','','Y','匹配不到记“-”','D2-2','2','');
insert into column_val (xmlid, col_xmlid, dataname, col_seq, colname, colcnname, datatype, length, precision_val, party_seq, isprimarykey, isnullable, remark, filed_type_child, sensitive_level, policyid) values ('TM_PRDCT_BUSI_HANDLE_D_DG','TM_PRDCT_BUSI_HANDLE_D_DG_2017098','TM_PRDCT_BUSI_HANDLE_D_DG','8','CHNL_STS_CD','渠道状态','STRING','','','','','Y','按CMOP的渠道状态，如非CMOP有的渠道记999999。','D2-2','2','');
insert into column_val (xmlid, col_xmlid, dataname, col_seq, colname, colcnname, datatype, length, precision_val, party_seq, isprimarykey, isnullable, remark, filed_type_child, sensitive_level, policyid) values ('TM_PRDCT_BUSI_HANDLE_D_DG','TM_PRDCT_BUSI_HANDLE_D_DG_2017099','TM_PRDCT_BUSI_HANDLE_D_DG','9','ACCEPT_OPR_ID','工号编码','STRING','','','','','Y','','D2-2','2','');
insert into column_val (xmlid, col_xmlid, dataname, col_seq, colname, colcnname, datatype, length, precision_val, party_seq, isprimarykey, isnullable, remark, filed_type_child, sensitive_level, policyid) values ('TM_PRDCT_BUSI_HANDLE_D_DG','TM_PRDCT_BUSI_HANDLE_D_DG_20170910','TM_PRDCT_BUSI_HANDLE_D_DG','10','BUSI_ACCEPT_NBR','受理号码','STRING','','','','','Y','','D2-2','2','PID_all');
insert into column_val (xmlid, col_xmlid, dataname, col_seq, colname, colcnname, datatype, length, precision_val, party_seq, isprimarykey, isnullable, remark, filed_type_child, sensitive_level, policyid) values ('TM_PRDCT_BUSI_HANDLE_D_DG','TM_PRDCT_BUSI_HANDLE_D_DG_20170911','TM_PRDCT_BUSI_HANDLE_D_DG','11','ACCEPT_DT','受理日期','INT','','','','','Y','','D2-2','2','');
insert into column_val (xmlid, col_xmlid, dataname, col_seq, colname, colcnname, datatype, length, precision_val, party_seq, isprimarykey, isnullable, remark, filed_type_child, sensitive_level, policyid) values ('TM_PRDCT_BUSI_HANDLE_D_DG','TM_PRDCT_BUSI_HANDLE_D_DG_20170912','TM_PRDCT_BUSI_HANDLE_D_DG','12','ACCEPT_TIM','受理时间','STRING','','','','','Y','','D2-2','2','');
insert into column_val (xmlid, col_xmlid, dataname, col_seq, colname, colcnname, datatype, length, precision_val, party_seq, isprimarykey, isnullable, remark, filed_type_child, sensitive_level, policyid) values ('TM_PRDCT_BUSI_HANDLE_D_DG','TM_PRDCT_BUSI_HANDLE_D_DG_20170913','TM_PRDCT_BUSI_HANDLE_D_DG','13','BASS_PRDCT_CD','产品ID','STRING','','','','','Y','','D2-2','2','');
insert into column_val (xmlid, col_xmlid, dataname, col_seq, colname, colcnname, datatype, length, precision_val, party_seq, isprimarykey, isnullable, remark, filed_type_child, sensitive_level, policyid) values ('TM_PRDCT_BUSI_HANDLE_D_DG','TM_PRDCT_BUSI_HANDLE_D_DG_20170914','TM_PRDCT_BUSI_HANDLE_D_DG','14','BASS_PRDCT_NAM','产品名称','STRING','','','','','Y','','D2-2','2','');
insert into column_val (xmlid, col_xmlid, dataname, col_seq, colname, colcnname, datatype, length, precision_val, party_seq, isprimarykey, isnullable, remark, filed_type_child, sensitive_level, policyid) values ('TM_PRDCT_BUSI_HANDLE_D_DG','TM_PRDCT_BUSI_HANDLE_D_DG_20170915','TM_PRDCT_BUSI_HANDLE_D_DG','15','OPR_TYP','产品操作类型','STRING','','','','','Y','取值含义：
N 开通
M 变更','D2-2','2','');
insert into column_val (xmlid, col_xmlid, dataname, col_seq, colname, colcnname, datatype, length, precision_val, party_seq, isprimarykey, isnullable, remark, filed_type_child, sensitive_level, policyid) values ('TM_PRDCT_BUSI_HANDLE_D_DG','TM_PRDCT_BUSI_HANDLE_D_DG_20170916','TM_PRDCT_BUSI_HANDLE_D_DG','16','WORKF_TYP_CD','工单业务类型编码','STRING','','','','','Y','','D2-2','2','');
insert into column_val (xmlid, col_xmlid, dataname, col_seq, colname, colcnname, datatype, length, precision_val, party_seq, isprimarykey, isnullable, remark, filed_type_child, sensitive_level, policyid) values ('TM_PRDCT_BUSI_HANDLE_D_DG','TM_PRDCT_BUSI_HANDLE_D_DG_20170917','TM_PRDCT_BUSI_HANDLE_D_DG','17','MENU_ID','菜单ID','STRING','','','','','Y','','D2-2','2','');
insert into column_val (xmlid, col_xmlid, dataname, col_seq, colname, colcnname, datatype, length, precision_val, party_seq, isprimarykey, isnullable, remark, filed_type_child, sensitive_level, policyid) values ('TM_PRDCT_BUSI_HANDLE_D_DG','TM_PRDCT_BUSI_HANDLE_D_DG_20170918','TM_PRDCT_BUSI_HANDLE_D_DG','18','IN_SYSTEM','接入系统','STRING','','','','','Y','','D2-2','2','');
insert into column_val (xmlid, col_xmlid, dataname, col_seq, colname, colcnname, datatype, length, precision_val, party_seq, isprimarykey, isnullable, remark, filed_type_child, sensitive_level, policyid) values ('TM_PRDCT_BUSI_HANDLE_D_DG','TM_PRDCT_BUSI_HANDLE_D_DG_20170919','TM_PRDCT_BUSI_HANDLE_D_DG','19','ORDER_ID','订单编号','STRING','','','','','Y','','D2-2','2','');
insert into column_val (xmlid, col_xmlid, dataname, col_seq, colname, colcnname, datatype, length, precision_val, party_seq, isprimarykey, isnullable, remark, filed_type_child, sensitive_level, policyid) values ('TM_PRDCT_BUSI_HANDLE_D_DG','TM_PRDCT_BUSI_HANDLE_D_DG_20170920','TM_PRDCT_BUSI_HANDLE_D_DG','20','month','月份','INT','','','1','','N','','','','');
insert into column_val (xmlid, col_xmlid, dataname, col_seq, colname, colcnname, datatype, length, precision_val, party_seq, isprimarykey, isnullable, remark, filed_type_child, sensitive_level, policyid) values ('TM_PRDCT_BUSI_HANDLE_D_DG','TM_PRDCT_BUSI_HANDLE_D_DG_20170921','TM_PRDCT_BUSI_HANDLE_D_DG','21','day','日期','INT','','','2','','N','','','','');

insert into tablefile (xmlid, dbname, dataname, datacnname, state, cycletype, topiccode, extend_cfg, rightlevel, creater, curdutyer, eff_date, state_date, team_code, open_state, remark) values ('TM_PRDCT_BUSI_HANDLE_D_FS','DAY','TM_PRDCT_BUSI_HANDLE_D_FS','DM_产品业务办理宽表','NEW','day','LAYERY_YMRKT','{"EXTERNAL":"y","LOCATION":"/tenant/BIGDATA/JCFW/BZMX/DAY/DM/TM_PRDCT_BUSI_HANDLE_D/branch=FS","FILEFORMAT":"PARQUET","DELIMITER":"\001"}','其他','谢英俊','谢英俊', TIMESTAMP '0008-02-17 12:00:00', TIMESTAMP '0008-02-17 12:00:00','5875519a-8ee1-4eb7-825b-ef1135513f02','','应用层-市场业务');
insert into column_val (xmlid, col_xmlid, dataname, col_seq, colname, colcnname, datatype, length, precision_val, party_seq, isprimarykey, isnullable, remark, filed_type_child, sensitive_level, policyid) values ('TM_PRDCT_BUSI_HANDLE_D_FS','TM_PRDCT_BUSI_HANDLE_D_FS_2017091','TM_PRDCT_BUSI_HANDLE_D_FS','1','STAT_DT','日期','INT','','','','','N','','D2-2','2','');
insert into column_val (xmlid, col_xmlid, dataname, col_seq, colname, colcnname, datatype, length, precision_val, party_seq, isprimarykey, isnullable, remark, filed_type_child, sensitive_level, policyid) values ('TM_PRDCT_BUSI_HANDLE_D_FS','TM_PRDCT_BUSI_HANDLE_D_FS_2017092','TM_PRDCT_BUSI_HANDLE_D_FS','2','CMCC_BRANCH_CD','地市编码','STRING','','','','','N','','D2-2','2','');
insert into column_val (xmlid, col_xmlid, dataname, col_seq, colname, colcnname, datatype, length, precision_val, party_seq, isprimarykey, isnullable, remark, filed_type_child, sensitive_level, policyid) values ('TM_PRDCT_BUSI_HANDLE_D_FS','TM_PRDCT_BUSI_HANDLE_D_FS_2017093','TM_PRDCT_BUSI_HANDLE_D_FS','3','DIST_ID','区块编码','STRING','','','','','Y','匹配不到记“-”','D2-2','2','');
insert into column_val (xmlid, col_xmlid, dataname, col_seq, colname, colcnname, datatype, length, precision_val, party_seq, isprimarykey, isnullable, remark, filed_type_child, sensitive_level, policyid) values ('TM_PRDCT_BUSI_HANDLE_D_FS','TM_PRDCT_BUSI_HANDLE_D_FS_2017094','TM_PRDCT_BUSI_HANDLE_D_FS','4','MICRODIST_ID','微区块编码','STRING','','','','','Y','匹配不到记“-”','D2-2','2','');
insert into column_val (xmlid, col_xmlid, dataname, col_seq, colname, colcnname, datatype, length, precision_val, party_seq, isprimarykey, isnullable, remark, filed_type_child, sensitive_level, policyid) values ('TM_PRDCT_BUSI_HANDLE_D_FS','TM_PRDCT_BUSI_HANDLE_D_FS_2017095','TM_PRDCT_BUSI_HANDLE_D_FS','5','BUSI_USR_NBR','渠道经理','STRING','','','','','Y','目前只有社会渠道有，取业务手机号码。社会渠道匹配不到记“-”，其他非社会渠道记999999','D2-2','2','');
insert into column_val (xmlid, col_xmlid, dataname, col_seq, colname, colcnname, datatype, length, precision_val, party_seq, isprimarykey, isnullable, remark, filed_type_child, sensitive_level, policyid) values ('TM_PRDCT_BUSI_HANDLE_D_FS','TM_PRDCT_BUSI_HANDLE_D_FS_2017096','TM_PRDCT_BUSI_HANDLE_D_FS','6','CHNL_STAR_LVL3_IND','是否三星级及以上渠道','STRING','','','','','Y','取值含义：0 否 1 是 999999 非CMOP有的渠道
（包括三星级及以上星级社会渠道、商圈社会渠道、自有渠道、引入合作商、带店加盟。）','D2-2','2','');
insert into column_val (xmlid, col_xmlid, dataname, col_seq, colname, colcnname, datatype, length, precision_val, party_seq, isprimarykey, isnullable, remark, filed_type_child, sensitive_level, policyid) values ('TM_PRDCT_BUSI_HANDLE_D_FS','TM_PRDCT_BUSI_HANDLE_D_FS_2017097','TM_PRDCT_BUSI_HANDLE_D_FS','7','CHNL_CD','渠道编码','STRING','','','','','Y','匹配不到记“-”','D2-2','2','');
insert into column_val (xmlid, col_xmlid, dataname, col_seq, colname, colcnname, datatype, length, precision_val, party_seq, isprimarykey, isnullable, remark, filed_type_child, sensitive_level, policyid) values ('TM_PRDCT_BUSI_HANDLE_D_FS','TM_PRDCT_BUSI_HANDLE_D_FS_2017098','TM_PRDCT_BUSI_HANDLE_D_FS','8','CHNL_STS_CD','渠道状态','STRING','','','','','Y','按CMOP的渠道状态，如非CMOP有的渠道记999999。','D2-2','2','');
insert into column_val (xmlid, col_xmlid, dataname, col_seq, colname, colcnname, datatype, length, precision_val, party_seq, isprimarykey, isnullable, remark, filed_type_child, sensitive_level, policyid) values ('TM_PRDCT_BUSI_HANDLE_D_FS','TM_PRDCT_BUSI_HANDLE_D_FS_2017099','TM_PRDCT_BUSI_HANDLE_D_FS','9','ACCEPT_OPR_ID','工号编码','STRING','','','','','Y','','D2-2','2','');
insert into column_val (xmlid, col_xmlid, dataname, col_seq, colname, colcnname, datatype, length, precision_val, party_seq, isprimarykey, isnullable, remark, filed_type_child, sensitive_level, policyid) values ('TM_PRDCT_BUSI_HANDLE_D_FS','TM_PRDCT_BUSI_HANDLE_D_FS_20170910','TM_PRDCT_BUSI_HANDLE_D_FS','10','BUSI_ACCEPT_NBR','受理号码','STRING','','','','','Y','','D2-2','2','PID_all');
insert into column_val (xmlid, col_xmlid, dataname, col_seq, colname, colcnname, datatype, length, precision_val, party_seq, isprimarykey, isnullable, remark, filed_type_child, sensitive_level, policyid) values ('TM_PRDCT_BUSI_HANDLE_D_FS','TM_PRDCT_BUSI_HANDLE_D_FS_20170911','TM_PRDCT_BUSI_HANDLE_D_FS','11','ACCEPT_DT','受理日期','INT','','','','','Y','','D2-2','2','');
insert into column_val (xmlid, col_xmlid, dataname, col_seq, colname, colcnname, datatype, length, precision_val, party_seq, isprimarykey, isnullable, remark, filed_type_child, sensitive_level, policyid) values ('TM_PRDCT_BUSI_HANDLE_D_FS','TM_PRDCT_BUSI_HANDLE_D_FS_20170912','TM_PRDCT_BUSI_HANDLE_D_FS','12','ACCEPT_TIM','受理时间','STRING','','','','','Y','','D2-2','2','');
insert into column_val (xmlid, col_xmlid, dataname, col_seq, colname, colcnname, datatype, length, precision_val, party_seq, isprimarykey, isnullable, remark, filed_type_child, sensitive_level, policyid) values ('TM_PRDCT_BUSI_HANDLE_D_FS','TM_PRDCT_BUSI_HANDLE_D_FS_20170913','TM_PRDCT_BUSI_HANDLE_D_FS','13','BASS_PRDCT_CD','产品ID','STRING','','','','','Y','','D2-2','2','');
insert into column_val (xmlid, col_xmlid, dataname, col_seq, colname, colcnname, datatype, length, precision_val, party_seq, isprimarykey, isnullable, remark, filed_type_child, sensitive_level, policyid) values ('TM_PRDCT_BUSI_HANDLE_D_FS','TM_PRDCT_BUSI_HANDLE_D_FS_20170914','TM_PRDCT_BUSI_HANDLE_D_FS','14','BASS_PRDCT_NAM','产品名称','STRING','','','','','Y','','D2-2','2','');
insert into column_val (xmlid, col_xmlid, dataname, col_seq, colname, colcnname, datatype, length, precision_val, party_seq, isprimarykey, isnullable, remark, filed_type_child, sensitive_level, policyid) values ('TM_PRDCT_BUSI_HANDLE_D_FS','TM_PRDCT_BUSI_HANDLE_D_FS_20170915','TM_PRDCT_BUSI_HANDLE_D_FS','15','OPR_TYP','产品操作类型','STRING','','','','','Y','取值含义：
N 开通
M 变更','D2-2','2','');
insert into column_val (xmlid, col_xmlid, dataname, col_seq, colname, colcnname, datatype, length, precision_val, party_seq, isprimarykey, isnullable, remark, filed_type_child, sensitive_level, policyid) values ('TM_PRDCT_BUSI_HANDLE_D_FS','TM_PRDCT_BUSI_HANDLE_D_FS_20170916','TM_PRDCT_BUSI_HANDLE_D_FS','16','WORKF_TYP_CD','工单业务类型编码','STRING','','','','','Y','','D2-2','2','');
insert into column_val (xmlid, col_xmlid, dataname, col_seq, colname, colcnname, datatype, length, precision_val, party_seq, isprimarykey, isnullable, remark, filed_type_child, sensitive_level, policyid) values ('TM_PRDCT_BUSI_HANDLE_D_FS','TM_PRDCT_BUSI_HANDLE_D_FS_20170917','TM_PRDCT_BUSI_HANDLE_D_FS','17','MENU_ID','菜单ID','STRING','','','','','Y','','D2-2','2','');
insert into column_val (xmlid, col_xmlid, dataname, col_seq, colname, colcnname, datatype, length, precision_val, party_seq, isprimarykey, isnullable, remark, filed_type_child, sensitive_level, policyid) values ('TM_PRDCT_BUSI_HANDLE_D_FS','TM_PRDCT_BUSI_HANDLE_D_FS_20170918','TM_PRDCT_BUSI_HANDLE_D_FS','18','IN_SYSTEM','接入系统','STRING','','','','','Y','','D2-2','2','');
insert into column_val (xmlid, col_xmlid, dataname, col_seq, colname, colcnname, datatype, length, precision_val, party_seq, isprimarykey, isnullable, remark, filed_type_child, sensitive_level, policyid) values ('TM_PRDCT_BUSI_HANDLE_D_FS','TM_PRDCT_BUSI_HANDLE_D_FS_20170919','TM_PRDCT_BUSI_HANDLE_D_FS','19','ORDER_ID','订单编号','STRING','','','','','Y','','D2-2','2','');
insert into column_val (xmlid, col_xmlid, dataname, col_seq, colname, colcnname, datatype, length, precision_val, party_seq, isprimarykey, isnullable, remark, filed_type_child, sensitive_level, policyid) values ('TM_PRDCT_BUSI_HANDLE_D_FS','TM_PRDCT_BUSI_HANDLE_D_FS_20170920','TM_PRDCT_BUSI_HANDLE_D_FS','20','month','月份','INT','','','1','','N','','','','');
insert into column_val (xmlid, col_xmlid, dataname, col_seq, colname, colcnname, datatype, length, precision_val, party_seq, isprimarykey, isnullable, remark, filed_type_child, sensitive_level, policyid) values ('TM_PRDCT_BUSI_HANDLE_D_FS','TM_PRDCT_BUSI_HANDLE_D_FS_20170921','TM_PRDCT_BUSI_HANDLE_D_FS','21','day','日期','INT','','','2','','N','','','','');

insert into tablefile (xmlid, dbname, dataname, datacnname, state, cycletype, topiccode, extend_cfg, rightlevel, creater, curdutyer, eff_date, state_date, team_code, open_state, remark) values ('TM_PRDCT_BUSI_HANDLE_D_ST','DAY','TM_PRDCT_BUSI_HANDLE_D_ST','DM_产品业务办理宽表','NEW','day','LAYERY_YMRKT','{"EXTERNAL":"y","LOCATION":"/tenant/BIGDATA/JCFW/BZMX/DAY/DM/TM_PRDCT_BUSI_HANDLE_D/branch=ST","FILEFORMAT":"PARQUET","DELIMITER":"\001"}','其他','谢英俊','谢英俊', TIMESTAMP '0008-02-17 12:00:00', TIMESTAMP '0008-02-17 12:00:00','5875519a-8ee1-4eb7-825b-ef1135513f02','','应用层-市场业务');
insert into column_val (xmlid, col_xmlid, dataname, col_seq, colname, colcnname, datatype, length, precision_val, party_seq, isprimarykey, isnullable, remark, filed_type_child, sensitive_level, policyid) values ('TM_PRDCT_BUSI_HANDLE_D_ST','TM_PRDCT_BUSI_HANDLE_D_ST_2017091','TM_PRDCT_BUSI_HANDLE_D_ST','1','STAT_DT','日期','INT','','','','','N','','D2-2','2','');
insert into column_val (xmlid, col_xmlid, dataname, col_seq, colname, colcnname, datatype, length, precision_val, party_seq, isprimarykey, isnullable, remark, filed_type_child, sensitive_level, policyid) values ('TM_PRDCT_BUSI_HANDLE_D_ST','TM_PRDCT_BUSI_HANDLE_D_ST_2017092','TM_PRDCT_BUSI_HANDLE_D_ST','2','CMCC_BRANCH_CD','地市编码','STRING','','','','','N','','D2-2','2','');
insert into column_val (xmlid, col_xmlid, dataname, col_seq, colname, colcnname, datatype, length, precision_val, party_seq, isprimarykey, isnullable, remark, filed_type_child, sensitive_level, policyid) values ('TM_PRDCT_BUSI_HANDLE_D_ST','TM_PRDCT_BUSI_HANDLE_D_ST_2017093','TM_PRDCT_BUSI_HANDLE_D_ST','3','DIST_ID','区块编码','STRING','','','','','Y','匹配不到记“-”','D2-2','2','');
insert into column_val (xmlid, col_xmlid, dataname, col_seq, colname, colcnname, datatype, length, precision_val, party_seq, isprimarykey, isnullable, remark, filed_type_child, sensitive_level, policyid) values ('TM_PRDCT_BUSI_HANDLE_D_ST','TM_PRDCT_BUSI_HANDLE_D_ST_2017094','TM_PRDCT_BUSI_HANDLE_D_ST','4','MICRODIST_ID','微区块编码','STRING','','','','','Y','匹配不到记“-”','D2-2','2','');
insert into column_val (xmlid, col_xmlid, dataname, col_seq, colname, colcnname, datatype, length, precision_val, party_seq, isprimarykey, isnullable, remark, filed_type_child, sensitive_level, policyid) values ('TM_PRDCT_BUSI_HANDLE_D_ST','TM_PRDCT_BUSI_HANDLE_D_ST_2017095','TM_PRDCT_BUSI_HANDLE_D_ST','5','BUSI_USR_NBR','渠道经理','STRING','','','','','Y','目前只有社会渠道有，取业务手机号码。社会渠道匹配不到记“-”，其他非社会渠道记999999','D2-2','2','');
insert into column_val (xmlid, col_xmlid, dataname, col_seq, colname, colcnname, datatype, length, precision_val, party_seq, isprimarykey, isnullable, remark, filed_type_child, sensitive_level, policyid) values ('TM_PRDCT_BUSI_HANDLE_D_ST','TM_PRDCT_BUSI_HANDLE_D_ST_2017096','TM_PRDCT_BUSI_HANDLE_D_ST','6','CHNL_STAR_LVL3_IND','是否三星级及以上渠道','STRING','','','','','Y','取值含义：0 否 1 是 999999 非CMOP有的渠道
（包括三星级及以上星级社会渠道、商圈社会渠道、自有渠道、引入合作商、带店加盟。）','D2-2','2','');
insert into column_val (xmlid, col_xmlid, dataname, col_seq, colname, colcnname, datatype, length, precision_val, party_seq, isprimarykey, isnullable, remark, filed_type_child, sensitive_level, policyid) values ('TM_PRDCT_BUSI_HANDLE_D_ST','TM_PRDCT_BUSI_HANDLE_D_ST_2017097','TM_PRDCT_BUSI_HANDLE_D_ST','7','CHNL_CD','渠道编码','STRING','','','','','Y','匹配不到记“-”','D2-2','2','');
insert into column_val (xmlid, col_xmlid, dataname, col_seq, colname, colcnname, datatype, length, precision_val, party_seq, isprimarykey, isnullable, remark, filed_type_child, sensitive_level, policyid) values ('TM_PRDCT_BUSI_HANDLE_D_ST','TM_PRDCT_BUSI_HANDLE_D_ST_2017098','TM_PRDCT_BUSI_HANDLE_D_ST','8','CHNL_STS_CD','渠道状态','STRING','','','','','Y','按CMOP的渠道状态，如非CMOP有的渠道记999999。','D2-2','2','');
insert into column_val (xmlid, col_xmlid, dataname, col_seq, colname, colcnname, datatype, length, precision_val, party_seq, isprimarykey, isnullable, remark, filed_type_child, sensitive_level, policyid) values ('TM_PRDCT_BUSI_HANDLE_D_ST','TM_PRDCT_BUSI_HANDLE_D_ST_2017099','TM_PRDCT_BUSI_HANDLE_D_ST','9','ACCEPT_OPR_ID','工号编码','STRING','','','','','Y','','D2-2','2','');
insert into column_val (xmlid, col_xmlid, dataname, col_seq, colname, colcnname, datatype, length, precision_val, party_seq, isprimarykey, isnullable, remark, filed_type_child, sensitive_level, policyid) values ('TM_PRDCT_BUSI_HANDLE_D_ST','TM_PRDCT_BUSI_HANDLE_D_ST_20170910','TM_PRDCT_BUSI_HANDLE_D_ST','10','BUSI_ACCEPT_NBR','受理号码','STRING','','','','','Y','','D2-2','2','PID_all');
insert into column_val (xmlid, col_xmlid, dataname, col_seq, colname, colcnname, datatype, length, precision_val, party_seq, isprimarykey, isnullable, remark, filed_type_child, sensitive_level, policyid) values ('TM_PRDCT_BUSI_HANDLE_D_ST','TM_PRDCT_BUSI_HANDLE_D_ST_20170911','TM_PRDCT_BUSI_HANDLE_D_ST','11','ACCEPT_DT','受理日期','INT','','','','','Y','','D2-2','2','');
insert into column_val (xmlid, col_xmlid, dataname, col_seq, colname, colcnname, datatype, length, precision_val, party_seq, isprimarykey, isnullable, remark, filed_type_child, sensitive_level, policyid) values ('TM_PRDCT_BUSI_HANDLE_D_ST','TM_PRDCT_BUSI_HANDLE_D_ST_20170912','TM_PRDCT_BUSI_HANDLE_D_ST','12','ACCEPT_TIM','受理时间','STRING','','','','','Y','','D2-2','2','');
insert into column_val (xmlid, col_xmlid, dataname, col_seq, colname, colcnname, datatype, length, precision_val, party_seq, isprimarykey, isnullable, remark, filed_type_child, sensitive_level, policyid) values ('TM_PRDCT_BUSI_HANDLE_D_ST','TM_PRDCT_BUSI_HANDLE_D_ST_20170913','TM_PRDCT_BUSI_HANDLE_D_ST','13','BASS_PRDCT_CD','产品ID','STRING','','','','','Y','','D2-2','2','');
insert into column_val (xmlid, col_xmlid, dataname, col_seq, colname, colcnname, datatype, length, precision_val, party_seq, isprimarykey, isnullable, remark, filed_type_child, sensitive_level, policyid) values ('TM_PRDCT_BUSI_HANDLE_D_ST','TM_PRDCT_BUSI_HANDLE_D_ST_20170914','TM_PRDCT_BUSI_HANDLE_D_ST','14','BASS_PRDCT_NAM','产品名称','STRING','','','','','Y','','D2-2','2','');
insert into column_val (xmlid, col_xmlid, dataname, col_seq, colname, colcnname, datatype, length, precision_val, party_seq, isprimarykey, isnullable, remark, filed_type_child, sensitive_level, policyid) values ('TM_PRDCT_BUSI_HANDLE_D_ST','TM_PRDCT_BUSI_HANDLE_D_ST_20170915','TM_PRDCT_BUSI_HANDLE_D_ST','15','OPR_TYP','产品操作类型','STRING','','','','','Y','取值含义：
N 开通
M 变更','D2-2','2','');
insert into column_val (xmlid, col_xmlid, dataname, col_seq, colname, colcnname, datatype, length, precision_val, party_seq, isprimarykey, isnullable, remark, filed_type_child, sensitive_level, policyid) values ('TM_PRDCT_BUSI_HANDLE_D_ST','TM_PRDCT_BUSI_HANDLE_D_ST_20170916','TM_PRDCT_BUSI_HANDLE_D_ST','16','WORKF_TYP_CD','工单业务类型编码','STRING','','','','','Y','','D2-2','2','');
insert into column_val (xmlid, col_xmlid, dataname, col_seq, colname, colcnname, datatype, length, precision_val, party_seq, isprimarykey, isnullable, remark, filed_type_child, sensitive_level, policyid) values ('TM_PRDCT_BUSI_HANDLE_D_ST','TM_PRDCT_BUSI_HANDLE_D_ST_20170917','TM_PRDCT_BUSI_HANDLE_D_ST','17','MENU_ID','菜单ID','STRING','','','','','Y','','D2-2','2','');
insert into column_val (xmlid, col_xmlid, dataname, col_seq, colname, colcnname, datatype, length, precision_val, party_seq, isprimarykey, isnullable, remark, filed_type_child, sensitive_level, policyid) values ('TM_PRDCT_BUSI_HANDLE_D_ST','TM_PRDCT_BUSI_HANDLE_D_ST_20170918','TM_PRDCT_BUSI_HANDLE_D_ST','18','IN_SYSTEM','接入系统','STRING','','','','','Y','','D2-2','2','');
insert into column_val (xmlid, col_xmlid, dataname, col_seq, colname, colcnname, datatype, length, precision_val, party_seq, isprimarykey, isnullable, remark, filed_type_child, sensitive_level, policyid) values ('TM_PRDCT_BUSI_HANDLE_D_ST','TM_PRDCT_BUSI_HANDLE_D_ST_20170919','TM_PRDCT_BUSI_HANDLE_D_ST','19','ORDER_ID','订单编号','STRING','','','','','Y','','D2-2','2','');
insert into column_val (xmlid, col_xmlid, dataname, col_seq, colname, colcnname, datatype, length, precision_val, party_seq, isprimarykey, isnullable, remark, filed_type_child, sensitive_level, policyid) values ('TM_PRDCT_BUSI_HANDLE_D_ST','TM_PRDCT_BUSI_HANDLE_D_ST_20170920','TM_PRDCT_BUSI_HANDLE_D_ST','20','month','月份','INT','','','1','','N','','','','');
insert into column_val (xmlid, col_xmlid, dataname, col_seq, colname, colcnname, datatype, length, precision_val, party_seq, isprimarykey, isnullable, remark, filed_type_child, sensitive_level, policyid) values ('TM_PRDCT_BUSI_HANDLE_D_ST','TM_PRDCT_BUSI_HANDLE_D_ST_20170921','TM_PRDCT_BUSI_HANDLE_D_ST','21','day','日期','INT','','','2','','N','','','','');

insert into tablefile (xmlid, dbname, dataname, datacnname, state, cycletype, topiccode, extend_cfg, rightlevel, creater, curdutyer, eff_date, state_date, team_code, open_state, remark) values ('TM_PRDCT_BUSI_HANDLE_D_ZH','DAY','TM_PRDCT_BUSI_HANDLE_D_ZH','DM_产品业务办理宽表','NEW','day','LAYERY_YMRKT','{"EXTERNAL":"y","LOCATION":"/tenant/BIGDATA/JCFW/BZMX/DAY/DM/TM_PRDCT_BUSI_HANDLE_D/branch=ZH","FILEFORMAT":"PARQUET","DELIMITER":"\001"}','其他','谢英俊','谢英俊', TIMESTAMP '0008-02-17 12:00:00', TIMESTAMP '0008-02-17 12:00:00','5875519a-8ee1-4eb7-825b-ef1135513f02','','应用层-市场业务');
insert into column_val (xmlid, col_xmlid, dataname, col_seq, colname, colcnname, datatype, length, precision_val, party_seq, isprimarykey, isnullable, remark, filed_type_child, sensitive_level, policyid) values ('TM_PRDCT_BUSI_HANDLE_D_ZH','TM_PRDCT_BUSI_HANDLE_D_ZH_2017091','TM_PRDCT_BUSI_HANDLE_D_ZH','1','STAT_DT','日期','INT','','','','','N','','D2-2','2','');
insert into column_val (xmlid, col_xmlid, dataname, col_seq, colname, colcnname, datatype, length, precision_val, party_seq, isprimarykey, isnullable, remark, filed_type_child, sensitive_level, policyid) values ('TM_PRDCT_BUSI_HANDLE_D_ZH','TM_PRDCT_BUSI_HANDLE_D_ZH_2017092','TM_PRDCT_BUSI_HANDLE_D_ZH','2','CMCC_BRANCH_CD','地市编码','STRING','','','','','N','','D2-2','2','');
insert into column_val (xmlid, col_xmlid, dataname, col_seq, colname, colcnname, datatype, length, precision_val, party_seq, isprimarykey, isnullable, remark, filed_type_child, sensitive_level, policyid) values ('TM_PRDCT_BUSI_HANDLE_D_ZH','TM_PRDCT_BUSI_HANDLE_D_ZH_2017093','TM_PRDCT_BUSI_HANDLE_D_ZH','3','DIST_ID','区块编码','STRING','','','','','Y','匹配不到记“-”','D2-2','2','');
insert into column_val (xmlid, col_xmlid, dataname, col_seq, colname, colcnname, datatype, length, precision_val, party_seq, isprimarykey, isnullable, remark, filed_type_child, sensitive_level, policyid) values ('TM_PRDCT_BUSI_HANDLE_D_ZH','TM_PRDCT_BUSI_HANDLE_D_ZH_2017094','TM_PRDCT_BUSI_HANDLE_D_ZH','4','MICRODIST_ID','微区块编码','STRING','','','','','Y','匹配不到记“-”','D2-2','2','');
insert into column_val (xmlid, col_xmlid, dataname, col_seq, colname, colcnname, datatype, length, precision_val, party_seq, isprimarykey, isnullable, remark, filed_type_child, sensitive_level, policyid) values ('TM_PRDCT_BUSI_HANDLE_D_ZH','TM_PRDCT_BUSI_HANDLE_D_ZH_2017095','TM_PRDCT_BUSI_HANDLE_D_ZH','5','BUSI_USR_NBR','渠道经理','STRING','','','','','Y','目前只有社会渠道有，取业务手机号码。社会渠道匹配不到记“-”，其他非社会渠道记999999','D2-2','2','');
insert into column_val (xmlid, col_xmlid, dataname, col_seq, colname, colcnname, datatype, length, precision_val, party_seq, isprimarykey, isnullable, remark, filed_type_child, sensitive_level, policyid) values ('TM_PRDCT_BUSI_HANDLE_D_ZH','TM_PRDCT_BUSI_HANDLE_D_ZH_2017096','TM_PRDCT_BUSI_HANDLE_D_ZH','6','CHNL_STAR_LVL3_IND','是否三星级及以上渠道','STRING','','','','','Y','取值含义：0 否 1 是 999999 非CMOP有的渠道
（包括三星级及以上星级社会渠道、商圈社会渠道、自有渠道、引入合作商、带店加盟。）','D2-2','2','');
insert into column_val (xmlid, col_xmlid, dataname, col_seq, colname, colcnname, datatype, length, precision_val, party_seq, isprimarykey, isnullable, remark, filed_type_child, sensitive_level, policyid) values ('TM_PRDCT_BUSI_HANDLE_D_ZH','TM_PRDCT_BUSI_HANDLE_D_ZH_2017097','TM_PRDCT_BUSI_HANDLE_D_ZH','7','CHNL_CD','渠道编码','STRING','','','','','Y','匹配不到记“-”','D2-2','2','');
insert into column_val (xmlid, col_xmlid, dataname, col_seq, colname, colcnname, datatype, length, precision_val, party_seq, isprimarykey, isnullable, remark, filed_type_child, sensitive_level, policyid) values ('TM_PRDCT_BUSI_HANDLE_D_ZH','TM_PRDCT_BUSI_HANDLE_D_ZH_2017098','TM_PRDCT_BUSI_HANDLE_D_ZH','8','CHNL_STS_CD','渠道状态','STRING','','','','','Y','按CMOP的渠道状态，如非CMOP有的渠道记999999。','D2-2','2','');
insert into column_val (xmlid, col_xmlid, dataname, col_seq, colname, colcnname, datatype, length, precision_val, party_seq, isprimarykey, isnullable, remark, filed_type_child, sensitive_level, policyid) values ('TM_PRDCT_BUSI_HANDLE_D_ZH','TM_PRDCT_BUSI_HANDLE_D_ZH_2017099','TM_PRDCT_BUSI_HANDLE_D_ZH','9','ACCEPT_OPR_ID','工号编码','STRING','','','','','Y','','D2-2','2','');
insert into column_val (xmlid, col_xmlid, dataname, col_seq, colname, colcnname, datatype, length, precision_val, party_seq, isprimarykey, isnullable, remark, filed_type_child, sensitive_level, policyid) values ('TM_PRDCT_BUSI_HANDLE_D_ZH','TM_PRDCT_BUSI_HANDLE_D_ZH_20170910','TM_PRDCT_BUSI_HANDLE_D_ZH','10','BUSI_ACCEPT_NBR','受理号码','STRING','','','','','Y','','D2-2','2','PID_all');
insert into column_val (xmlid, col_xmlid, dataname, col_seq, colname, colcnname, datatype, length, precision_val, party_seq, isprimarykey, isnullable, remark, filed_type_child, sensitive_level, policyid) values ('TM_PRDCT_BUSI_HANDLE_D_ZH','TM_PRDCT_BUSI_HANDLE_D_ZH_20170911','TM_PRDCT_BUSI_HANDLE_D_ZH','11','ACCEPT_DT','受理日期','INT','','','','','Y','','D2-2','2','');
insert into column_val (xmlid, col_xmlid, dataname, col_seq, colname, colcnname, datatype, length, precision_val, party_seq, isprimarykey, isnullable, remark, filed_type_child, sensitive_level, policyid) values ('TM_PRDCT_BUSI_HANDLE_D_ZH','TM_PRDCT_BUSI_HANDLE_D_ZH_20170912','TM_PRDCT_BUSI_HANDLE_D_ZH','12','ACCEPT_TIM','受理时间','STRING','','','','','Y','','D2-2','2','');
insert into column_val (xmlid, col_xmlid, dataname, col_seq, colname, colcnname, datatype, length, precision_val, party_seq, isprimarykey, isnullable, remark, filed_type_child, sensitive_level, policyid) values ('TM_PRDCT_BUSI_HANDLE_D_ZH','TM_PRDCT_BUSI_HANDLE_D_ZH_20170913','TM_PRDCT_BUSI_HANDLE_D_ZH','13','BASS_PRDCT_CD','产品ID','STRING','','','','','Y','','D2-2','2','');
insert into column_val (xmlid, col_xmlid, dataname, col_seq, colname, colcnname, datatype, length, precision_val, party_seq, isprimarykey, isnullable, remark, filed_type_child, sensitive_level, policyid) values ('TM_PRDCT_BUSI_HANDLE_D_ZH','TM_PRDCT_BUSI_HANDLE_D_ZH_20170914','TM_PRDCT_BUSI_HANDLE_D_ZH','14','BASS_PRDCT_NAM','产品名称','STRING','','','','','Y','','D2-2','2','');
insert into column_val (xmlid, col_xmlid, dataname, col_seq, colname, colcnname, datatype, length, precision_val, party_seq, isprimarykey, isnullable, remark, filed_type_child, sensitive_level, policyid) values ('TM_PRDCT_BUSI_HANDLE_D_ZH','TM_PRDCT_BUSI_HANDLE_D_ZH_20170915','TM_PRDCT_BUSI_HANDLE_D_ZH','15','OPR_TYP','产品操作类型','STRING','','','','','Y','取值含义：
N 开通
M 变更','D2-2','2','');
insert into column_val (xmlid, col_xmlid, dataname, col_seq, colname, colcnname, datatype, length, precision_val, party_seq, isprimarykey, isnullable, remark, filed_type_child, sensitive_level, policyid) values ('TM_PRDCT_BUSI_HANDLE_D_ZH','TM_PRDCT_BUSI_HANDLE_D_ZH_20170916','TM_PRDCT_BUSI_HANDLE_D_ZH','16','WORKF_TYP_CD','工单业务类型编码','STRING','','','','','Y','','D2-2','2','');
insert into column_val (xmlid, col_xmlid, dataname, col_seq, colname, colcnname, datatype, length, precision_val, party_seq, isprimarykey, isnullable, remark, filed_type_child, sensitive_level, policyid) values ('TM_PRDCT_BUSI_HANDLE_D_ZH','TM_PRDCT_BUSI_HANDLE_D_ZH_20170917','TM_PRDCT_BUSI_HANDLE_D_ZH','17','MENU_ID','菜单ID','STRING','','','','','Y','','D2-2','2','');
insert into column_val (xmlid, col_xmlid, dataname, col_seq, colname, colcnname, datatype, length, precision_val, party_seq, isprimarykey, isnullable, remark, filed_type_child, sensitive_level, policyid) values ('TM_PRDCT_BUSI_HANDLE_D_ZH','TM_PRDCT_BUSI_HANDLE_D_ZH_20170918','TM_PRDCT_BUSI_HANDLE_D_ZH','18','IN_SYSTEM','接入系统','STRING','','','','','Y','','D2-2','2','');
insert into column_val (xmlid, col_xmlid, dataname, col_seq, colname, colcnname, datatype, length, precision_val, party_seq, isprimarykey, isnullable, remark, filed_type_child, sensitive_level, policyid) values ('TM_PRDCT_BUSI_HANDLE_D_ZH','TM_PRDCT_BUSI_HANDLE_D_ZH_20170919','TM_PRDCT_BUSI_HANDLE_D_ZH','19','ORDER_ID','订单编号','STRING','','','','','Y','','D2-2','2','');
insert into column_val (xmlid, col_xmlid, dataname, col_seq, colname, colcnname, datatype, length, precision_val, party_seq, isprimarykey, isnullable, remark, filed_type_child, sensitive_level, policyid) values ('TM_PRDCT_BUSI_HANDLE_D_ZH','TM_PRDCT_BUSI_HANDLE_D_ZH_20170920','TM_PRDCT_BUSI_HANDLE_D_ZH','20','month','月份','INT','','','1','','N','','','','');
insert into column_val (xmlid, col_xmlid, dataname, col_seq, colname, colcnname, datatype, length, precision_val, party_seq, isprimarykey, isnullable, remark, filed_type_child, sensitive_level, policyid) values ('TM_PRDCT_BUSI_HANDLE_D_ZH','TM_PRDCT_BUSI_HANDLE_D_ZH_20170921','TM_PRDCT_BUSI_HANDLE_D_ZH','21','day','日期','INT','','','2','','N','','','','');

insert into tablefile (xmlid, dbname, dataname, datacnname, state, cycletype, topiccode, extend_cfg, rightlevel, creater, curdutyer, eff_date, state_date, team_code, open_state, remark) values ('TM_PRDCT_BUSI_HANDLE_D_HZ','DAY','TM_PRDCT_BUSI_HANDLE_D_HZ','DM_产品业务办理宽表','NEW','day','LAYERY_YMRKT','{"EXTERNAL":"y","LOCATION":"/tenant/BIGDATA/JCFW/BZMX/DAY/DM/TM_PRDCT_BUSI_HANDLE_D/branch=HZ","FILEFORMAT":"PARQUET","DELIMITER":"\001"}','其他','谢英俊','谢英俊', TIMESTAMP '0008-02-17 12:00:00', TIMESTAMP '0008-02-17 12:00:00','5875519a-8ee1-4eb7-825b-ef1135513f02','','应用层-市场业务');
insert into column_val (xmlid, col_xmlid, dataname, col_seq, colname, colcnname, datatype, length, precision_val, party_seq, isprimarykey, isnullable, remark, filed_type_child, sensitive_level, policyid) values ('TM_PRDCT_BUSI_HANDLE_D_HZ','TM_PRDCT_BUSI_HANDLE_D_HZ_2017091','TM_PRDCT_BUSI_HANDLE_D_HZ','1','STAT_DT','日期','INT','','','','','N','','D2-2','2','');
insert into column_val (xmlid, col_xmlid, dataname, col_seq, colname, colcnname, datatype, length, precision_val, party_seq, isprimarykey, isnullable, remark, filed_type_child, sensitive_level, policyid) values ('TM_PRDCT_BUSI_HANDLE_D_HZ','TM_PRDCT_BUSI_HANDLE_D_HZ_2017092','TM_PRDCT_BUSI_HANDLE_D_HZ','2','CMCC_BRANCH_CD','地市编码','STRING','','','','','N','','D2-2','2','');
insert into column_val (xmlid, col_xmlid, dataname, col_seq, colname, colcnname, datatype, length, precision_val, party_seq, isprimarykey, isnullable, remark, filed_type_child, sensitive_level, policyid) values ('TM_PRDCT_BUSI_HANDLE_D_HZ','TM_PRDCT_BUSI_HANDLE_D_HZ_2017093','TM_PRDCT_BUSI_HANDLE_D_HZ','3','DIST_ID','区块编码','STRING','','','','','Y','匹配不到记“-”','D2-2','2','');
insert into column_val (xmlid, col_xmlid, dataname, col_seq, colname, colcnname, datatype, length, precision_val, party_seq, isprimarykey, isnullable, remark, filed_type_child, sensitive_level, policyid) values ('TM_PRDCT_BUSI_HANDLE_D_HZ','TM_PRDCT_BUSI_HANDLE_D_HZ_2017094','TM_PRDCT_BUSI_HANDLE_D_HZ','4','MICRODIST_ID','微区块编码','STRING','','','','','Y','匹配不到记“-”','D2-2','2','');
insert into column_val (xmlid, col_xmlid, dataname, col_seq, colname, colcnname, datatype, length, precision_val, party_seq, isprimarykey, isnullable, remark, filed_type_child, sensitive_level, policyid) values ('TM_PRDCT_BUSI_HANDLE_D_HZ','TM_PRDCT_BUSI_HANDLE_D_HZ_2017095','TM_PRDCT_BUSI_HANDLE_D_HZ','5','BUSI_USR_NBR','渠道经理','STRING','','','','','Y','目前只有社会渠道有，取业务手机号码。社会渠道匹配不到记“-”，其他非社会渠道记999999','D2-2','2','');
insert into column_val (xmlid, col_xmlid, dataname, col_seq, colname, colcnname, datatype, length, precision_val, party_seq, isprimarykey, isnullable, remark, filed_type_child, sensitive_level, policyid) values ('TM_PRDCT_BUSI_HANDLE_D_HZ','TM_PRDCT_BUSI_HANDLE_D_HZ_2017096','TM_PRDCT_BUSI_HANDLE_D_HZ','6','CHNL_STAR_LVL3_IND','是否三星级及以上渠道','STRING','','','','','Y','取值含义：0 否 1 是 999999 非CMOP有的渠道
（包括三星级及以上星级社会渠道、商圈社会渠道、自有渠道、引入合作商、带店加盟。）','D2-2','2','');
insert into column_val (xmlid, col_xmlid, dataname, col_seq, colname, colcnname, datatype, length, precision_val, party_seq, isprimarykey, isnullable, remark, filed_type_child, sensitive_level, policyid) values ('TM_PRDCT_BUSI_HANDLE_D_HZ','TM_PRDCT_BUSI_HANDLE_D_HZ_2017097','TM_PRDCT_BUSI_HANDLE_D_HZ','7','CHNL_CD','渠道编码','STRING','','','','','Y','匹配不到记“-”','D2-2','2','');
insert into column_val (xmlid, col_xmlid, dataname, col_seq, colname, colcnname, datatype, length, precision_val, party_seq, isprimarykey, isnullable, remark, filed_type_child, sensitive_level, policyid) values ('TM_PRDCT_BUSI_HANDLE_D_HZ','TM_PRDCT_BUSI_HANDLE_D_HZ_2017098','TM_PRDCT_BUSI_HANDLE_D_HZ','8','CHNL_STS_CD','渠道状态','STRING','','','','','Y','按CMOP的渠道状态，如非CMOP有的渠道记999999。','D2-2','2','');
insert into column_val (xmlid, col_xmlid, dataname, col_seq, colname, colcnname, datatype, length, precision_val, party_seq, isprimarykey, isnullable, remark, filed_type_child, sensitive_level, policyid) values ('TM_PRDCT_BUSI_HANDLE_D_HZ','TM_PRDCT_BUSI_HANDLE_D_HZ_2017099','TM_PRDCT_BUSI_HANDLE_D_HZ','9','ACCEPT_OPR_ID','工号编码','STRING','','','','','Y','','D2-2','2','');
insert into column_val (xmlid, col_xmlid, dataname, col_seq, colname, colcnname, datatype, length, precision_val, party_seq, isprimarykey, isnullable, remark, filed_type_child, sensitive_level, policyid) values ('TM_PRDCT_BUSI_HANDLE_D_HZ','TM_PRDCT_BUSI_HANDLE_D_HZ_20170910','TM_PRDCT_BUSI_HANDLE_D_HZ','10','BUSI_ACCEPT_NBR','受理号码','STRING','','','','','Y','','D2-2','2','PID_all');
insert into column_val (xmlid, col_xmlid, dataname, col_seq, colname, colcnname, datatype, length, precision_val, party_seq, isprimarykey, isnullable, remark, filed_type_child, sensitive_level, policyid) values ('TM_PRDCT_BUSI_HANDLE_D_HZ','TM_PRDCT_BUSI_HANDLE_D_HZ_20170911','TM_PRDCT_BUSI_HANDLE_D_HZ','11','ACCEPT_DT','受理日期','INT','','','','','Y','','D2-2','2','');
insert into column_val (xmlid, col_xmlid, dataname, col_seq, colname, colcnname, datatype, length, precision_val, party_seq, isprimarykey, isnullable, remark, filed_type_child, sensitive_level, policyid) values ('TM_PRDCT_BUSI_HANDLE_D_HZ','TM_PRDCT_BUSI_HANDLE_D_HZ_20170912','TM_PRDCT_BUSI_HANDLE_D_HZ','12','ACCEPT_TIM','受理时间','STRING','','','','','Y','','D2-2','2','');
insert into column_val (xmlid, col_xmlid, dataname, col_seq, colname, colcnname, datatype, length, precision_val, party_seq, isprimarykey, isnullable, remark, filed_type_child, sensitive_level, policyid) values ('TM_PRDCT_BUSI_HANDLE_D_HZ','TM_PRDCT_BUSI_HANDLE_D_HZ_20170913','TM_PRDCT_BUSI_HANDLE_D_HZ','13','BASS_PRDCT_CD','产品ID','STRING','','','','','Y','','D2-2','2','');
insert into column_val (xmlid, col_xmlid, dataname, col_seq, colname, colcnname, datatype, length, precision_val, party_seq, isprimarykey, isnullable, remark, filed_type_child, sensitive_level, policyid) values ('TM_PRDCT_BUSI_HANDLE_D_HZ','TM_PRDCT_BUSI_HANDLE_D_HZ_20170914','TM_PRDCT_BUSI_HANDLE_D_HZ','14','BASS_PRDCT_NAM','产品名称','STRING','','','','','Y','','D2-2','2','');
insert into column_val (xmlid, col_xmlid, dataname, col_seq, colname, colcnname, datatype, length, precision_val, party_seq, isprimarykey, isnullable, remark, filed_type_child, sensitive_level, policyid) values ('TM_PRDCT_BUSI_HANDLE_D_HZ','TM_PRDCT_BUSI_HANDLE_D_HZ_20170915','TM_PRDCT_BUSI_HANDLE_D_HZ','15','OPR_TYP','产品操作类型','STRING','','','','','Y','取值含义：
N 开通
M 变更','D2-2','2','');
insert into column_val (xmlid, col_xmlid, dataname, col_seq, colname, colcnname, datatype, length, precision_val, party_seq, isprimarykey, isnullable, remark, filed_type_child, sensitive_level, policyid) values ('TM_PRDCT_BUSI_HANDLE_D_HZ','TM_PRDCT_BUSI_HANDLE_D_HZ_20170916','TM_PRDCT_BUSI_HANDLE_D_HZ','16','WORKF_TYP_CD','工单业务类型编码','STRING','','','','','Y','','D2-2','2','');
insert into column_val (xmlid, col_xmlid, dataname, col_seq, colname, colcnname, datatype, length, precision_val, party_seq, isprimarykey, isnullable, remark, filed_type_child, sensitive_level, policyid) values ('TM_PRDCT_BUSI_HANDLE_D_HZ','TM_PRDCT_BUSI_HANDLE_D_HZ_20170917','TM_PRDCT_BUSI_HANDLE_D_HZ','17','MENU_ID','菜单ID','STRING','','','','','Y','','D2-2','2','');
insert into column_val (xmlid, col_xmlid, dataname, col_seq, colname, colcnname, datatype, length, precision_val, party_seq, isprimarykey, isnullable, remark, filed_type_child, sensitive_level, policyid) values ('TM_PRDCT_BUSI_HANDLE_D_HZ','TM_PRDCT_BUSI_HANDLE_D_HZ_20170918','TM_PRDCT_BUSI_HANDLE_D_HZ','18','IN_SYSTEM','接入系统','STRING','','','','','Y','','D2-2','2','');
insert into column_val (xmlid, col_xmlid, dataname, col_seq, colname, colcnname, datatype, length, precision_val, party_seq, isprimarykey, isnullable, remark, filed_type_child, sensitive_level, policyid) values ('TM_PRDCT_BUSI_HANDLE_D_HZ','TM_PRDCT_BUSI_HANDLE_D_HZ_20170919','TM_PRDCT_BUSI_HANDLE_D_HZ','19','ORDER_ID','订单编号','STRING','','','','','Y','','D2-2','2','');
insert into column_val (xmlid, col_xmlid, dataname, col_seq, colname, colcnname, datatype, length, precision_val, party_seq, isprimarykey, isnullable, remark, filed_type_child, sensitive_level, policyid) values ('TM_PRDCT_BUSI_HANDLE_D_HZ','TM_PRDCT_BUSI_HANDLE_D_HZ_20170920','TM_PRDCT_BUSI_HANDLE_D_HZ','20','month','月份','INT','','','1','','N','','','','');
insert into column_val (xmlid, col_xmlid, dataname, col_seq, colname, colcnname, datatype, length, precision_val, party_seq, isprimarykey, isnullable, remark, filed_type_child, sensitive_level, policyid) values ('TM_PRDCT_BUSI_HANDLE_D_HZ','TM_PRDCT_BUSI_HANDLE_D_HZ_20170921','TM_PRDCT_BUSI_HANDLE_D_HZ','21','day','日期','INT','','','2','','N','','','','');

insert into tablefile (xmlid, dbname, dataname, datacnname, state, cycletype, topiccode, extend_cfg, rightlevel, creater, curdutyer, eff_date, state_date, team_code, open_state, remark) values ('TM_PRDCT_BUSI_HANDLE_D_ZS','DAY','TM_PRDCT_BUSI_HANDLE_D_ZS','DM_产品业务办理宽表','NEW','day','LAYERY_YMRKT','{"EXTERNAL":"y","LOCATION":"/tenant/BIGDATA/JCFW/BZMX/DAY/DM/TM_PRDCT_BUSI_HANDLE_D/branch=ZS","FILEFORMAT":"PARQUET","DELIMITER":"\001"}','其他','谢英俊','谢英俊', TIMESTAMP '0008-02-17 12:00:00', TIMESTAMP '0008-02-17 12:00:00','5875519a-8ee1-4eb7-825b-ef1135513f02','','应用层-市场业务');
insert into column_val (xmlid, col_xmlid, dataname, col_seq, colname, colcnname, datatype, length, precision_val, party_seq, isprimarykey, isnullable, remark, filed_type_child, sensitive_level, policyid) values ('TM_PRDCT_BUSI_HANDLE_D_ZS','TM_PRDCT_BUSI_HANDLE_D_ZS_2017091','TM_PRDCT_BUSI_HANDLE_D_ZS','1','STAT_DT','日期','INT','','','','','N','','D2-2','2','');
insert into column_val (xmlid, col_xmlid, dataname, col_seq, colname, colcnname, datatype, length, precision_val, party_seq, isprimarykey, isnullable, remark, filed_type_child, sensitive_level, policyid) values ('TM_PRDCT_BUSI_HANDLE_D_ZS','TM_PRDCT_BUSI_HANDLE_D_ZS_2017092','TM_PRDCT_BUSI_HANDLE_D_ZS','2','CMCC_BRANCH_CD','地市编码','STRING','','','','','N','','D2-2','2','');
insert into column_val (xmlid, col_xmlid, dataname, col_seq, colname, colcnname, datatype, length, precision_val, party_seq, isprimarykey, isnullable, remark, filed_type_child, sensitive_level, policyid) values ('TM_PRDCT_BUSI_HANDLE_D_ZS','TM_PRDCT_BUSI_HANDLE_D_ZS_2017093','TM_PRDCT_BUSI_HANDLE_D_ZS','3','DIST_ID','区块编码','STRING','','','','','Y','匹配不到记“-”','D2-2','2','');
insert into column_val (xmlid, col_xmlid, dataname, col_seq, colname, colcnname, datatype, length, precision_val, party_seq, isprimarykey, isnullable, remark, filed_type_child, sensitive_level, policyid) values ('TM_PRDCT_BUSI_HANDLE_D_ZS','TM_PRDCT_BUSI_HANDLE_D_ZS_2017094','TM_PRDCT_BUSI_HANDLE_D_ZS','4','MICRODIST_ID','微区块编码','STRING','','','','','Y','匹配不到记“-”','D2-2','2','');
insert into column_val (xmlid, col_xmlid, dataname, col_seq, colname, colcnname, datatype, length, precision_val, party_seq, isprimarykey, isnullable, remark, filed_type_child, sensitive_level, policyid) values ('TM_PRDCT_BUSI_HANDLE_D_ZS','TM_PRDCT_BUSI_HANDLE_D_ZS_2017095','TM_PRDCT_BUSI_HANDLE_D_ZS','5','BUSI_USR_NBR','渠道经理','STRING','','','','','Y','目前只有社会渠道有，取业务手机号码。社会渠道匹配不到记“-”，其他非社会渠道记999999','D2-2','2','');
insert into column_val (xmlid, col_xmlid, dataname, col_seq, colname, colcnname, datatype, length, precision_val, party_seq, isprimarykey, isnullable, remark, filed_type_child, sensitive_level, policyid) values ('TM_PRDCT_BUSI_HANDLE_D_ZS','TM_PRDCT_BUSI_HANDLE_D_ZS_2017096','TM_PRDCT_BUSI_HANDLE_D_ZS','6','CHNL_STAR_LVL3_IND','是否三星级及以上渠道','STRING','','','','','Y','取值含义：0 否 1 是 999999 非CMOP有的渠道
（包括三星级及以上星级社会渠道、商圈社会渠道、自有渠道、引入合作商、带店加盟。）','D2-2','2','');
insert into column_val (xmlid, col_xmlid, dataname, col_seq, colname, colcnname, datatype, length, precision_val, party_seq, isprimarykey, isnullable, remark, filed_type_child, sensitive_level, policyid) values ('TM_PRDCT_BUSI_HANDLE_D_ZS','TM_PRDCT_BUSI_HANDLE_D_ZS_2017097','TM_PRDCT_BUSI_HANDLE_D_ZS','7','CHNL_CD','渠道编码','STRING','','','','','Y','匹配不到记“-”','D2-2','2','');
insert into column_val (xmlid, col_xmlid, dataname, col_seq, colname, colcnname, datatype, length, precision_val, party_seq, isprimarykey, isnullable, remark, filed_type_child, sensitive_level, policyid) values ('TM_PRDCT_BUSI_HANDLE_D_ZS','TM_PRDCT_BUSI_HANDLE_D_ZS_2017098','TM_PRDCT_BUSI_HANDLE_D_ZS','8','CHNL_STS_CD','渠道状态','STRING','','','','','Y','按CMOP的渠道状态，如非CMOP有的渠道记999999。','D2-2','2','');
insert into column_val (xmlid, col_xmlid, dataname, col_seq, colname, colcnname, datatype, length, precision_val, party_seq, isprimarykey, isnullable, remark, filed_type_child, sensitive_level, policyid) values ('TM_PRDCT_BUSI_HANDLE_D_ZS','TM_PRDCT_BUSI_HANDLE_D_ZS_2017099','TM_PRDCT_BUSI_HANDLE_D_ZS','9','ACCEPT_OPR_ID','工号编码','STRING','','','','','Y','','D2-2','2','');
insert into column_val (xmlid, col_xmlid, dataname, col_seq, colname, colcnname, datatype, length, precision_val, party_seq, isprimarykey, isnullable, remark, filed_type_child, sensitive_level, policyid) values ('TM_PRDCT_BUSI_HANDLE_D_ZS','TM_PRDCT_BUSI_HANDLE_D_ZS_20170910','TM_PRDCT_BUSI_HANDLE_D_ZS','10','BUSI_ACCEPT_NBR','受理号码','STRING','','','','','Y','','D2-2','2','PID_all');
insert into column_val (xmlid, col_xmlid, dataname, col_seq, colname, colcnname, datatype, length, precision_val, party_seq, isprimarykey, isnullable, remark, filed_type_child, sensitive_level, policyid) values ('TM_PRDCT_BUSI_HANDLE_D_ZS','TM_PRDCT_BUSI_HANDLE_D_ZS_20170911','TM_PRDCT_BUSI_HANDLE_D_ZS','11','ACCEPT_DT','受理日期','INT','','','','','Y','','D2-2','2','');
insert into column_val (xmlid, col_xmlid, dataname, col_seq, colname, colcnname, datatype, length, precision_val, party_seq, isprimarykey, isnullable, remark, filed_type_child, sensitive_level, policyid) values ('TM_PRDCT_BUSI_HANDLE_D_ZS','TM_PRDCT_BUSI_HANDLE_D_ZS_20170912','TM_PRDCT_BUSI_HANDLE_D_ZS','12','ACCEPT_TIM','受理时间','STRING','','','','','Y','','D2-2','2','');
insert into column_val (xmlid, col_xmlid, dataname, col_seq, colname, colcnname, datatype, length, precision_val, party_seq, isprimarykey, isnullable, remark, filed_type_child, sensitive_level, policyid) values ('TM_PRDCT_BUSI_HANDLE_D_ZS','TM_PRDCT_BUSI_HANDLE_D_ZS_20170913','TM_PRDCT_BUSI_HANDLE_D_ZS','13','BASS_PRDCT_CD','产品ID','STRING','','','','','Y','','D2-2','2','');
insert into column_val (xmlid, col_xmlid, dataname, col_seq, colname, colcnname, datatype, length, precision_val, party_seq, isprimarykey, isnullable, remark, filed_type_child, sensitive_level, policyid) values ('TM_PRDCT_BUSI_HANDLE_D_ZS','TM_PRDCT_BUSI_HANDLE_D_ZS_20170914','TM_PRDCT_BUSI_HANDLE_D_ZS','14','BASS_PRDCT_NAM','产品名称','STRING','','','','','Y','','D2-2','2','');
insert into column_val (xmlid, col_xmlid, dataname, col_seq, colname, colcnname, datatype, length, precision_val, party_seq, isprimarykey, isnullable, remark, filed_type_child, sensitive_level, policyid) values ('TM_PRDCT_BUSI_HANDLE_D_ZS','TM_PRDCT_BUSI_HANDLE_D_ZS_20170915','TM_PRDCT_BUSI_HANDLE_D_ZS','15','OPR_TYP','产品操作类型','STRING','','','','','Y','取值含义：
N 开通
M 变更','D2-2','2','');
insert into column_val (xmlid, col_xmlid, dataname, col_seq, colname, colcnname, datatype, length, precision_val, party_seq, isprimarykey, isnullable, remark, filed_type_child, sensitive_level, policyid) values ('TM_PRDCT_BUSI_HANDLE_D_ZS','TM_PRDCT_BUSI_HANDLE_D_ZS_20170916','TM_PRDCT_BUSI_HANDLE_D_ZS','16','WORKF_TYP_CD','工单业务类型编码','STRING','','','','','Y','','D2-2','2','');
insert into column_val (xmlid, col_xmlid, dataname, col_seq, colname, colcnname, datatype, length, precision_val, party_seq, isprimarykey, isnullable, remark, filed_type_child, sensitive_level, policyid) values ('TM_PRDCT_BUSI_HANDLE_D_ZS','TM_PRDCT_BUSI_HANDLE_D_ZS_20170917','TM_PRDCT_BUSI_HANDLE_D_ZS','17','MENU_ID','菜单ID','STRING','','','','','Y','','D2-2','2','');
insert into column_val (xmlid, col_xmlid, dataname, col_seq, colname, colcnname, datatype, length, precision_val, party_seq, isprimarykey, isnullable, remark, filed_type_child, sensitive_level, policyid) values ('TM_PRDCT_BUSI_HANDLE_D_ZS','TM_PRDCT_BUSI_HANDLE_D_ZS_20170918','TM_PRDCT_BUSI_HANDLE_D_ZS','18','IN_SYSTEM','接入系统','STRING','','','','','Y','','D2-2','2','');
insert into column_val (xmlid, col_xmlid, dataname, col_seq, colname, colcnname, datatype, length, precision_val, party_seq, isprimarykey, isnullable, remark, filed_type_child, sensitive_level, policyid) values ('TM_PRDCT_BUSI_HANDLE_D_ZS','TM_PRDCT_BUSI_HANDLE_D_ZS_20170919','TM_PRDCT_BUSI_HANDLE_D_ZS','19','ORDER_ID','订单编号','STRING','','','','','Y','','D2-2','2','');
insert into column_val (xmlid, col_xmlid, dataname, col_seq, colname, colcnname, datatype, length, precision_val, party_seq, isprimarykey, isnullable, remark, filed_type_child, sensitive_level, policyid) values ('TM_PRDCT_BUSI_HANDLE_D_ZS','TM_PRDCT_BUSI_HANDLE_D_ZS_20170920','TM_PRDCT_BUSI_HANDLE_D_ZS','20','month','月份','INT','','','1','','N','','','','');
insert into column_val (xmlid, col_xmlid, dataname, col_seq, colname, colcnname, datatype, length, precision_val, party_seq, isprimarykey, isnullable, remark, filed_type_child, sensitive_level, policyid) values ('TM_PRDCT_BUSI_HANDLE_D_ZS','TM_PRDCT_BUSI_HANDLE_D_ZS_20170921','TM_PRDCT_BUSI_HANDLE_D_ZS','21','day','日期','INT','','','2','','N','','','','');

insert into tablefile (xmlid, dbname, dataname, datacnname, state, cycletype, topiccode, extend_cfg, rightlevel, creater, curdutyer, eff_date, state_date, team_code, open_state, remark) values ('TM_PRDCT_BUSI_HANDLE_D_JM','DAY','TM_PRDCT_BUSI_HANDLE_D_JM','DM_产品业务办理宽表','NEW','day','LAYERY_YMRKT','{"EXTERNAL":"y","LOCATION":"/tenant/BIGDATA/JCFW/BZMX/DAY/DM/TM_PRDCT_BUSI_HANDLE_D/branch=JM","FILEFORMAT":"PARQUET","DELIMITER":"\001"}','其他','谢英俊','谢英俊', TIMESTAMP '0008-02-17 12:00:00', TIMESTAMP '0008-02-17 12:00:00','5875519a-8ee1-4eb7-825b-ef1135513f02','','应用层-市场业务');
insert into column_val (xmlid, col_xmlid, dataname, col_seq, colname, colcnname, datatype, length, precision_val, party_seq, isprimarykey, isnullable, remark, filed_type_child, sensitive_level, policyid) values ('TM_PRDCT_BUSI_HANDLE_D_JM','TM_PRDCT_BUSI_HANDLE_D_JM_2017091','TM_PRDCT_BUSI_HANDLE_D_JM','1','STAT_DT','日期','INT','','','','','N','','D2-2','2','');
insert into column_val (xmlid, col_xmlid, dataname, col_seq, colname, colcnname, datatype, length, precision_val, party_seq, isprimarykey, isnullable, remark, filed_type_child, sensitive_level, policyid) values ('TM_PRDCT_BUSI_HANDLE_D_JM','TM_PRDCT_BUSI_HANDLE_D_JM_2017092','TM_PRDCT_BUSI_HANDLE_D_JM','2','CMCC_BRANCH_CD','地市编码','STRING','','','','','N','','D2-2','2','');
insert into column_val (xmlid, col_xmlid, dataname, col_seq, colname, colcnname, datatype, length, precision_val, party_seq, isprimarykey, isnullable, remark, filed_type_child, sensitive_level, policyid) values ('TM_PRDCT_BUSI_HANDLE_D_JM','TM_PRDCT_BUSI_HANDLE_D_JM_2017093','TM_PRDCT_BUSI_HANDLE_D_JM','3','DIST_ID','区块编码','STRING','','','','','Y','匹配不到记“-”','D2-2','2','');
insert into column_val (xmlid, col_xmlid, dataname, col_seq, colname, colcnname, datatype, length, precision_val, party_seq, isprimarykey, isnullable, remark, filed_type_child, sensitive_level, policyid) values ('TM_PRDCT_BUSI_HANDLE_D_JM','TM_PRDCT_BUSI_HANDLE_D_JM_2017094','TM_PRDCT_BUSI_HANDLE_D_JM','4','MICRODIST_ID','微区块编码','STRING','','','','','Y','匹配不到记“-”','D2-2','2','');
insert into column_val (xmlid, col_xmlid, dataname, col_seq, colname, colcnname, datatype, length, precision_val, party_seq, isprimarykey, isnullable, remark, filed_type_child, sensitive_level, policyid) values ('TM_PRDCT_BUSI_HANDLE_D_JM','TM_PRDCT_BUSI_HANDLE_D_JM_2017095','TM_PRDCT_BUSI_HANDLE_D_JM','5','BUSI_USR_NBR','渠道经理','STRING','','','','','Y','目前只有社会渠道有，取业务手机号码。社会渠道匹配不到记“-”，其他非社会渠道记999999','D2-2','2','');
insert into column_val (xmlid, col_xmlid, dataname, col_seq, colname, colcnname, datatype, length, precision_val, party_seq, isprimarykey, isnullable, remark, filed_type_child, sensitive_level, policyid) values ('TM_PRDCT_BUSI_HANDLE_D_JM','TM_PRDCT_BUSI_HANDLE_D_JM_2017096','TM_PRDCT_BUSI_HANDLE_D_JM','6','CHNL_STAR_LVL3_IND','是否三星级及以上渠道','STRING','','','','','Y','取值含义：0 否 1 是 999999 非CMOP有的渠道
（包括三星级及以上星级社会渠道、商圈社会渠道、自有渠道、引入合作商、带店加盟。）','D2-2','2','');
insert into column_val (xmlid, col_xmlid, dataname, col_seq, colname, colcnname, datatype, length, precision_val, party_seq, isprimarykey, isnullable, remark, filed_type_child, sensitive_level, policyid) values ('TM_PRDCT_BUSI_HANDLE_D_JM','TM_PRDCT_BUSI_HANDLE_D_JM_2017097','TM_PRDCT_BUSI_HANDLE_D_JM','7','CHNL_CD','渠道编码','STRING','','','','','Y','匹配不到记“-”','D2-2','2','');
insert into column_val (xmlid, col_xmlid, dataname, col_seq, colname, colcnname, datatype, length, precision_val, party_seq, isprimarykey, isnullable, remark, filed_type_child, sensitive_level, policyid) values ('TM_PRDCT_BUSI_HANDLE_D_JM','TM_PRDCT_BUSI_HANDLE_D_JM_2017098','TM_PRDCT_BUSI_HANDLE_D_JM','8','CHNL_STS_CD','渠道状态','STRING','','','','','Y','按CMOP的渠道状态，如非CMOP有的渠道记999999。','D2-2','2','');
insert into column_val (xmlid, col_xmlid, dataname, col_seq, colname, colcnname, datatype, length, precision_val, party_seq, isprimarykey, isnullable, remark, filed_type_child, sensitive_level, policyid) values ('TM_PRDCT_BUSI_HANDLE_D_JM','TM_PRDCT_BUSI_HANDLE_D_JM_2017099','TM_PRDCT_BUSI_HANDLE_D_JM','9','ACCEPT_OPR_ID','工号编码','STRING','','','','','Y','','D2-2','2','');
insert into column_val (xmlid, col_xmlid, dataname, col_seq, colname, colcnname, datatype, length, precision_val, party_seq, isprimarykey, isnullable, remark, filed_type_child, sensitive_level, policyid) values ('TM_PRDCT_BUSI_HANDLE_D_JM','TM_PRDCT_BUSI_HANDLE_D_JM_20170910','TM_PRDCT_BUSI_HANDLE_D_JM','10','BUSI_ACCEPT_NBR','受理号码','STRING','','','','','Y','','D2-2','2','PID_all');
insert into column_val (xmlid, col_xmlid, dataname, col_seq, colname, colcnname, datatype, length, precision_val, party_seq, isprimarykey, isnullable, remark, filed_type_child, sensitive_level, policyid) values ('TM_PRDCT_BUSI_HANDLE_D_JM','TM_PRDCT_BUSI_HANDLE_D_JM_20170911','TM_PRDCT_BUSI_HANDLE_D_JM','11','ACCEPT_DT','受理日期','INT','','','','','Y','','D2-2','2','');
insert into column_val (xmlid, col_xmlid, dataname, col_seq, colname, colcnname, datatype, length, precision_val, party_seq, isprimarykey, isnullable, remark, filed_type_child, sensitive_level, policyid) values ('TM_PRDCT_BUSI_HANDLE_D_JM','TM_PRDCT_BUSI_HANDLE_D_JM_20170912','TM_PRDCT_BUSI_HANDLE_D_JM','12','ACCEPT_TIM','受理时间','STRING','','','','','Y','','D2-2','2','');
insert into column_val (xmlid, col_xmlid, dataname, col_seq, colname, colcnname, datatype, length, precision_val, party_seq, isprimarykey, isnullable, remark, filed_type_child, sensitive_level, policyid) values ('TM_PRDCT_BUSI_HANDLE_D_JM','TM_PRDCT_BUSI_HANDLE_D_JM_20170913','TM_PRDCT_BUSI_HANDLE_D_JM','13','BASS_PRDCT_CD','产品ID','STRING','','','','','Y','','D2-2','2','');
insert into column_val (xmlid, col_xmlid, dataname, col_seq, colname, colcnname, datatype, length, precision_val, party_seq, isprimarykey, isnullable, remark, filed_type_child, sensitive_level, policyid) values ('TM_PRDCT_BUSI_HANDLE_D_JM','TM_PRDCT_BUSI_HANDLE_D_JM_20170914','TM_PRDCT_BUSI_HANDLE_D_JM','14','BASS_PRDCT_NAM','产品名称','STRING','','','','','Y','','D2-2','2','');
insert into column_val (xmlid, col_xmlid, dataname, col_seq, colname, colcnname, datatype, length, precision_val, party_seq, isprimarykey, isnullable, remark, filed_type_child, sensitive_level, policyid) values ('TM_PRDCT_BUSI_HANDLE_D_JM','TM_PRDCT_BUSI_HANDLE_D_JM_20170915','TM_PRDCT_BUSI_HANDLE_D_JM','15','OPR_TYP','产品操作类型','STRING','','','','','Y','取值含义：
N 开通
M 变更','D2-2','2','');
insert into column_val (xmlid, col_xmlid, dataname, col_seq, colname, colcnname, datatype, length, precision_val, party_seq, isprimarykey, isnullable, remark, filed_type_child, sensitive_level, policyid) values ('TM_PRDCT_BUSI_HANDLE_D_JM','TM_PRDCT_BUSI_HANDLE_D_JM_20170916','TM_PRDCT_BUSI_HANDLE_D_JM','16','WORKF_TYP_CD','工单业务类型编码','STRING','','','','','Y','','D2-2','2','');
insert into column_val (xmlid, col_xmlid, dataname, col_seq, colname, colcnname, datatype, length, precision_val, party_seq, isprimarykey, isnullable, remark, filed_type_child, sensitive_level, policyid) values ('TM_PRDCT_BUSI_HANDLE_D_JM','TM_PRDCT_BUSI_HANDLE_D_JM_20170917','TM_PRDCT_BUSI_HANDLE_D_JM','17','MENU_ID','菜单ID','STRING','','','','','Y','','D2-2','2','');
insert into column_val (xmlid, col_xmlid, dataname, col_seq, colname, colcnname, datatype, length, precision_val, party_seq, isprimarykey, isnullable, remark, filed_type_child, sensitive_level, policyid) values ('TM_PRDCT_BUSI_HANDLE_D_JM','TM_PRDCT_BUSI_HANDLE_D_JM_20170918','TM_PRDCT_BUSI_HANDLE_D_JM','18','IN_SYSTEM','接入系统','STRING','','','','','Y','','D2-2','2','');
insert into column_val (xmlid, col_xmlid, dataname, col_seq, colname, colcnname, datatype, length, precision_val, party_seq, isprimarykey, isnullable, remark, filed_type_child, sensitive_level, policyid) values ('TM_PRDCT_BUSI_HANDLE_D_JM','TM_PRDCT_BUSI_HANDLE_D_JM_20170919','TM_PRDCT_BUSI_HANDLE_D_JM','19','ORDER_ID','订单编号','STRING','','','','','Y','','D2-2','2','');
insert into column_val (xmlid, col_xmlid, dataname, col_seq, colname, colcnname, datatype, length, precision_val, party_seq, isprimarykey, isnullable, remark, filed_type_child, sensitive_level, policyid) values ('TM_PRDCT_BUSI_HANDLE_D_JM','TM_PRDCT_BUSI_HANDLE_D_JM_20170920','TM_PRDCT_BUSI_HANDLE_D_JM','20','month','月份','INT','','','1','','N','','','','');
insert into column_val (xmlid, col_xmlid, dataname, col_seq, colname, colcnname, datatype, length, precision_val, party_seq, isprimarykey, isnullable, remark, filed_type_child, sensitive_level, policyid) values ('TM_PRDCT_BUSI_HANDLE_D_JM','TM_PRDCT_BUSI_HANDLE_D_JM_20170921','TM_PRDCT_BUSI_HANDLE_D_JM','21','day','日期','INT','','','2','','N','','','','');

insert into tablefile (xmlid, dbname, dataname, datacnname, state, cycletype, topiccode, extend_cfg, rightlevel, creater, curdutyer, eff_date, state_date, team_code, open_state, remark) values ('TM_PRDCT_BUSI_HANDLE_D_ZJ','DAY','TM_PRDCT_BUSI_HANDLE_D_ZJ','DM_产品业务办理宽表','NEW','day','LAYERY_YMRKT','{"EXTERNAL":"y","LOCATION":"/tenant/BIGDATA/JCFW/BZMX/DAY/DM/TM_PRDCT_BUSI_HANDLE_D/branch=ZJ","FILEFORMAT":"PARQUET","DELIMITER":"\001"}','其他','谢英俊','谢英俊', TIMESTAMP '0008-02-17 12:00:00', TIMESTAMP '0008-02-17 12:00:00','5875519a-8ee1-4eb7-825b-ef1135513f02','','应用层-市场业务');
insert into column_val (xmlid, col_xmlid, dataname, col_seq, colname, colcnname, datatype, length, precision_val, party_seq, isprimarykey, isnullable, remark, filed_type_child, sensitive_level, policyid) values ('TM_PRDCT_BUSI_HANDLE_D_ZJ','TM_PRDCT_BUSI_HANDLE_D_ZJ_2017091','TM_PRDCT_BUSI_HANDLE_D_ZJ','1','STAT_DT','日期','INT','','','','','N','','D2-2','2','');
insert into column_val (xmlid, col_xmlid, dataname, col_seq, colname, colcnname, datatype, length, precision_val, party_seq, isprimarykey, isnullable, remark, filed_type_child, sensitive_level, policyid) values ('TM_PRDCT_BUSI_HANDLE_D_ZJ','TM_PRDCT_BUSI_HANDLE_D_ZJ_2017092','TM_PRDCT_BUSI_HANDLE_D_ZJ','2','CMCC_BRANCH_CD','地市编码','STRING','','','','','N','','D2-2','2','');
insert into column_val (xmlid, col_xmlid, dataname, col_seq, colname, colcnname, datatype, length, precision_val, party_seq, isprimarykey, isnullable, remark, filed_type_child, sensitive_level, policyid) values ('TM_PRDCT_BUSI_HANDLE_D_ZJ','TM_PRDCT_BUSI_HANDLE_D_ZJ_2017093','TM_PRDCT_BUSI_HANDLE_D_ZJ','3','DIST_ID','区块编码','STRING','','','','','Y','匹配不到记“-”','D2-2','2','');
insert into column_val (xmlid, col_xmlid, dataname, col_seq, colname, colcnname, datatype, length, precision_val, party_seq, isprimarykey, isnullable, remark, filed_type_child, sensitive_level, policyid) values ('TM_PRDCT_BUSI_HANDLE_D_ZJ','TM_PRDCT_BUSI_HANDLE_D_ZJ_2017094','TM_PRDCT_BUSI_HANDLE_D_ZJ','4','MICRODIST_ID','微区块编码','STRING','','','','','Y','匹配不到记“-”','D2-2','2','');
insert into column_val (xmlid, col_xmlid, dataname, col_seq, colname, colcnname, datatype, length, precision_val, party_seq, isprimarykey, isnullable, remark, filed_type_child, sensitive_level, policyid) values ('TM_PRDCT_BUSI_HANDLE_D_ZJ','TM_PRDCT_BUSI_HANDLE_D_ZJ_2017095','TM_PRDCT_BUSI_HANDLE_D_ZJ','5','BUSI_USR_NBR','渠道经理','STRING','','','','','Y','目前只有社会渠道有，取业务手机号码。社会渠道匹配不到记“-”，其他非社会渠道记999999','D2-2','2','');
insert into column_val (xmlid, col_xmlid, dataname, col_seq, colname, colcnname, datatype, length, precision_val, party_seq, isprimarykey, isnullable, remark, filed_type_child, sensitive_level, policyid) values ('TM_PRDCT_BUSI_HANDLE_D_ZJ','TM_PRDCT_BUSI_HANDLE_D_ZJ_2017096','TM_PRDCT_BUSI_HANDLE_D_ZJ','6','CHNL_STAR_LVL3_IND','是否三星级及以上渠道','STRING','','','','','Y','取值含义：0 否 1 是 999999 非CMOP有的渠道
（包括三星级及以上星级社会渠道、商圈社会渠道、自有渠道、引入合作商、带店加盟。）','D2-2','2','');
insert into column_val (xmlid, col_xmlid, dataname, col_seq, colname, colcnname, datatype, length, precision_val, party_seq, isprimarykey, isnullable, remark, filed_type_child, sensitive_level, policyid) values ('TM_PRDCT_BUSI_HANDLE_D_ZJ','TM_PRDCT_BUSI_HANDLE_D_ZJ_2017097','TM_PRDCT_BUSI_HANDLE_D_ZJ','7','CHNL_CD','渠道编码','STRING','','','','','Y','匹配不到记“-”','D2-2','2','');
insert into column_val (xmlid, col_xmlid, dataname, col_seq, colname, colcnname, datatype, length, precision_val, party_seq, isprimarykey, isnullable, remark, filed_type_child, sensitive_level, policyid) values ('TM_PRDCT_BUSI_HANDLE_D_ZJ','TM_PRDCT_BUSI_HANDLE_D_ZJ_2017098','TM_PRDCT_BUSI_HANDLE_D_ZJ','8','CHNL_STS_CD','渠道状态','STRING','','','','','Y','按CMOP的渠道状态，如非CMOP有的渠道记999999。','D2-2','2','');
insert into column_val (xmlid, col_xmlid, dataname, col_seq, colname, colcnname, datatype, length, precision_val, party_seq, isprimarykey, isnullable, remark, filed_type_child, sensitive_level, policyid) values ('TM_PRDCT_BUSI_HANDLE_D_ZJ','TM_PRDCT_BUSI_HANDLE_D_ZJ_2017099','TM_PRDCT_BUSI_HANDLE_D_ZJ','9','ACCEPT_OPR_ID','工号编码','STRING','','','','','Y','','D2-2','2','');
insert into column_val (xmlid, col_xmlid, dataname, col_seq, colname, colcnname, datatype, length, precision_val, party_seq, isprimarykey, isnullable, remark, filed_type_child, sensitive_level, policyid) values ('TM_PRDCT_BUSI_HANDLE_D_ZJ','TM_PRDCT_BUSI_HANDLE_D_ZJ_20170910','TM_PRDCT_BUSI_HANDLE_D_ZJ','10','BUSI_ACCEPT_NBR','受理号码','STRING','','','','','Y','','D2-2','2','PID_all');
insert into column_val (xmlid, col_xmlid, dataname, col_seq, colname, colcnname, datatype, length, precision_val, party_seq, isprimarykey, isnullable, remark, filed_type_child, sensitive_level, policyid) values ('TM_PRDCT_BUSI_HANDLE_D_ZJ','TM_PRDCT_BUSI_HANDLE_D_ZJ_20170911','TM_PRDCT_BUSI_HANDLE_D_ZJ','11','ACCEPT_DT','受理日期','INT','','','','','Y','','D2-2','2','');
insert into column_val (xmlid, col_xmlid, dataname, col_seq, colname, colcnname, datatype, length, precision_val, party_seq, isprimarykey, isnullable, remark, filed_type_child, sensitive_level, policyid) values ('TM_PRDCT_BUSI_HANDLE_D_ZJ','TM_PRDCT_BUSI_HANDLE_D_ZJ_20170912','TM_PRDCT_BUSI_HANDLE_D_ZJ','12','ACCEPT_TIM','受理时间','STRING','','','','','Y','','D2-2','2','');
insert into column_val (xmlid, col_xmlid, dataname, col_seq, colname, colcnname, datatype, length, precision_val, party_seq, isprimarykey, isnullable, remark, filed_type_child, sensitive_level, policyid) values ('TM_PRDCT_BUSI_HANDLE_D_ZJ','TM_PRDCT_BUSI_HANDLE_D_ZJ_20170913','TM_PRDCT_BUSI_HANDLE_D_ZJ','13','BASS_PRDCT_CD','产品ID','STRING','','','','','Y','','D2-2','2','');
insert into column_val (xmlid, col_xmlid, dataname, col_seq, colname, colcnname, datatype, length, precision_val, party_seq, isprimarykey, isnullable, remark, filed_type_child, sensitive_level, policyid) values ('TM_PRDCT_BUSI_HANDLE_D_ZJ','TM_PRDCT_BUSI_HANDLE_D_ZJ_20170914','TM_PRDCT_BUSI_HANDLE_D_ZJ','14','BASS_PRDCT_NAM','产品名称','STRING','','','','','Y','','D2-2','2','');
insert into column_val (xmlid, col_xmlid, dataname, col_seq, colname, colcnname, datatype, length, precision_val, party_seq, isprimarykey, isnullable, remark, filed_type_child, sensitive_level, policyid) values ('TM_PRDCT_BUSI_HANDLE_D_ZJ','TM_PRDCT_BUSI_HANDLE_D_ZJ_20170915','TM_PRDCT_BUSI_HANDLE_D_ZJ','15','OPR_TYP','产品操作类型','STRING','','','','','Y','取值含义：
N 开通
M 变更','D2-2','2','');
insert into column_val (xmlid, col_xmlid, dataname, col_seq, colname, colcnname, datatype, length, precision_val, party_seq, isprimarykey, isnullable, remark, filed_type_child, sensitive_level, policyid) values ('TM_PRDCT_BUSI_HANDLE_D_ZJ','TM_PRDCT_BUSI_HANDLE_D_ZJ_20170916','TM_PRDCT_BUSI_HANDLE_D_ZJ','16','WORKF_TYP_CD','工单业务类型编码','STRING','','','','','Y','','D2-2','2','');
insert into column_val (xmlid, col_xmlid, dataname, col_seq, colname, colcnname, datatype, length, precision_val, party_seq, isprimarykey, isnullable, remark, filed_type_child, sensitive_level, policyid) values ('TM_PRDCT_BUSI_HANDLE_D_ZJ','TM_PRDCT_BUSI_HANDLE_D_ZJ_20170917','TM_PRDCT_BUSI_HANDLE_D_ZJ','17','MENU_ID','菜单ID','STRING','','','','','Y','','D2-2','2','');
insert into column_val (xmlid, col_xmlid, dataname, col_seq, colname, colcnname, datatype, length, precision_val, party_seq, isprimarykey, isnullable, remark, filed_type_child, sensitive_level, policyid) values ('TM_PRDCT_BUSI_HANDLE_D_ZJ','TM_PRDCT_BUSI_HANDLE_D_ZJ_20170918','TM_PRDCT_BUSI_HANDLE_D_ZJ','18','IN_SYSTEM','接入系统','STRING','','','','','Y','','D2-2','2','');
insert into column_val (xmlid, col_xmlid, dataname, col_seq, colname, colcnname, datatype, length, precision_val, party_seq, isprimarykey, isnullable, remark, filed_type_child, sensitive_level, policyid) values ('TM_PRDCT_BUSI_HANDLE_D_ZJ','TM_PRDCT_BUSI_HANDLE_D_ZJ_20170919','TM_PRDCT_BUSI_HANDLE_D_ZJ','19','ORDER_ID','订单编号','STRING','','','','','Y','','D2-2','2','');
insert into column_val (xmlid, col_xmlid, dataname, col_seq, colname, colcnname, datatype, length, precision_val, party_seq, isprimarykey, isnullable, remark, filed_type_child, sensitive_level, policyid) values ('TM_PRDCT_BUSI_HANDLE_D_ZJ','TM_PRDCT_BUSI_HANDLE_D_ZJ_20170920','TM_PRDCT_BUSI_HANDLE_D_ZJ','20','month','月份','INT','','','1','','N','','','','');
insert into column_val (xmlid, col_xmlid, dataname, col_seq, colname, colcnname, datatype, length, precision_val, party_seq, isprimarykey, isnullable, remark, filed_type_child, sensitive_level, policyid) values ('TM_PRDCT_BUSI_HANDLE_D_ZJ','TM_PRDCT_BUSI_HANDLE_D_ZJ_20170921','TM_PRDCT_BUSI_HANDLE_D_ZJ','21','day','日期','INT','','','2','','N','','','','');

insert into tablefile (xmlid, dbname, dataname, datacnname, state, cycletype, topiccode, extend_cfg, rightlevel, creater, curdutyer, eff_date, state_date, team_code, open_state, remark) values ('TM_PRDCT_BUSI_HANDLE_D_SG','DAY','TM_PRDCT_BUSI_HANDLE_D_SG','DM_产品业务办理宽表','NEW','day','LAYERY_YMRKT','{"EXTERNAL":"y","LOCATION":"/tenant/BIGDATA/JCFW/BZMX/DAY/DM/TM_PRDCT_BUSI_HANDLE_D/branch=SG","FILEFORMAT":"PARQUET","DELIMITER":"\001"}','其他','谢英俊','谢英俊', TIMESTAMP '0008-02-17 12:00:00', TIMESTAMP '0008-02-17 12:00:00','5875519a-8ee1-4eb7-825b-ef1135513f02','','应用层-市场业务');
insert into column_val (xmlid, col_xmlid, dataname, col_seq, colname, colcnname, datatype, length, precision_val, party_seq, isprimarykey, isnullable, remark, filed_type_child, sensitive_level, policyid) values ('TM_PRDCT_BUSI_HANDLE_D_SG','TM_PRDCT_BUSI_HANDLE_D_SG_2017091','TM_PRDCT_BUSI_HANDLE_D_SG','1','STAT_DT','日期','INT','','','','','N','','D2-2','2','');
insert into column_val (xmlid, col_xmlid, dataname, col_seq, colname, colcnname, datatype, length, precision_val, party_seq, isprimarykey, isnullable, remark, filed_type_child, sensitive_level, policyid) values ('TM_PRDCT_BUSI_HANDLE_D_SG','TM_PRDCT_BUSI_HANDLE_D_SG_2017092','TM_PRDCT_BUSI_HANDLE_D_SG','2','CMCC_BRANCH_CD','地市编码','STRING','','','','','N','','D2-2','2','');
insert into column_val (xmlid, col_xmlid, dataname, col_seq, colname, colcnname, datatype, length, precision_val, party_seq, isprimarykey, isnullable, remark, filed_type_child, sensitive_level, policyid) values ('TM_PRDCT_BUSI_HANDLE_D_SG','TM_PRDCT_BUSI_HANDLE_D_SG_2017093','TM_PRDCT_BUSI_HANDLE_D_SG','3','DIST_ID','区块编码','STRING','','','','','Y','匹配不到记“-”','D2-2','2','');
insert into column_val (xmlid, col_xmlid, dataname, col_seq, colname, colcnname, datatype, length, precision_val, party_seq, isprimarykey, isnullable, remark, filed_type_child, sensitive_level, policyid) values ('TM_PRDCT_BUSI_HANDLE_D_SG','TM_PRDCT_BUSI_HANDLE_D_SG_2017094','TM_PRDCT_BUSI_HANDLE_D_SG','4','MICRODIST_ID','微区块编码','STRING','','','','','Y','匹配不到记“-”','D2-2','2','');
insert into column_val (xmlid, col_xmlid, dataname, col_seq, colname, colcnname, datatype, length, precision_val, party_seq, isprimarykey, isnullable, remark, filed_type_child, sensitive_level, policyid) values ('TM_PRDCT_BUSI_HANDLE_D_SG','TM_PRDCT_BUSI_HANDLE_D_SG_2017095','TM_PRDCT_BUSI_HANDLE_D_SG','5','BUSI_USR_NBR','渠道经理','STRING','','','','','Y','目前只有社会渠道有，取业务手机号码。社会渠道匹配不到记“-”，其他非社会渠道记999999','D2-2','2','');
insert into column_val (xmlid, col_xmlid, dataname, col_seq, colname, colcnname, datatype, length, precision_val, party_seq, isprimarykey, isnullable, remark, filed_type_child, sensitive_level, policyid) values ('TM_PRDCT_BUSI_HANDLE_D_SG','TM_PRDCT_BUSI_HANDLE_D_SG_2017096','TM_PRDCT_BUSI_HANDLE_D_SG','6','CHNL_STAR_LVL3_IND','是否三星级及以上渠道','STRING','','','','','Y','取值含义：0 否 1 是 999999 非CMOP有的渠道
（包括三星级及以上星级社会渠道、商圈社会渠道、自有渠道、引入合作商、带店加盟。）','D2-2','2','');
insert into column_val (xmlid, col_xmlid, dataname, col_seq, colname, colcnname, datatype, length, precision_val, party_seq, isprimarykey, isnullable, remark, filed_type_child, sensitive_level, policyid) values ('TM_PRDCT_BUSI_HANDLE_D_SG','TM_PRDCT_BUSI_HANDLE_D_SG_2017097','TM_PRDCT_BUSI_HANDLE_D_SG','7','CHNL_CD','渠道编码','STRING','','','','','Y','匹配不到记“-”','D2-2','2','');
insert into column_val (xmlid, col_xmlid, dataname, col_seq, colname, colcnname, datatype, length, precision_val, party_seq, isprimarykey, isnullable, remark, filed_type_child, sensitive_level, policyid) values ('TM_PRDCT_BUSI_HANDLE_D_SG','TM_PRDCT_BUSI_HANDLE_D_SG_2017098','TM_PRDCT_BUSI_HANDLE_D_SG','8','CHNL_STS_CD','渠道状态','STRING','','','','','Y','按CMOP的渠道状态，如非CMOP有的渠道记999999。','D2-2','2','');
insert into column_val (xmlid, col_xmlid, dataname, col_seq, colname, colcnname, datatype, length, precision_val, party_seq, isprimarykey, isnullable, remark, filed_type_child, sensitive_level, policyid) values ('TM_PRDCT_BUSI_HANDLE_D_SG','TM_PRDCT_BUSI_HANDLE_D_SG_2017099','TM_PRDCT_BUSI_HANDLE_D_SG','9','ACCEPT_OPR_ID','工号编码','STRING','','','','','Y','','D2-2','2','');
insert into column_val (xmlid, col_xmlid, dataname, col_seq, colname, colcnname, datatype, length, precision_val, party_seq, isprimarykey, isnullable, remark, filed_type_child, sensitive_level, policyid) values ('TM_PRDCT_BUSI_HANDLE_D_SG','TM_PRDCT_BUSI_HANDLE_D_SG_20170910','TM_PRDCT_BUSI_HANDLE_D_SG','10','BUSI_ACCEPT_NBR','受理号码','STRING','','','','','Y','','D2-2','2','PID_all');
insert into column_val (xmlid, col_xmlid, dataname, col_seq, colname, colcnname, datatype, length, precision_val, party_seq, isprimarykey, isnullable, remark, filed_type_child, sensitive_level, policyid) values ('TM_PRDCT_BUSI_HANDLE_D_SG','TM_PRDCT_BUSI_HANDLE_D_SG_20170911','TM_PRDCT_BUSI_HANDLE_D_SG','11','ACCEPT_DT','受理日期','INT','','','','','Y','','D2-2','2','');
insert into column_val (xmlid, col_xmlid, dataname, col_seq, colname, colcnname, datatype, length, precision_val, party_seq, isprimarykey, isnullable, remark, filed_type_child, sensitive_level, policyid) values ('TM_PRDCT_BUSI_HANDLE_D_SG','TM_PRDCT_BUSI_HANDLE_D_SG_20170912','TM_PRDCT_BUSI_HANDLE_D_SG','12','ACCEPT_TIM','受理时间','STRING','','','','','Y','','D2-2','2','');
insert into column_val (xmlid, col_xmlid, dataname, col_seq, colname, colcnname, datatype, length, precision_val, party_seq, isprimarykey, isnullable, remark, filed_type_child, sensitive_level, policyid) values ('TM_PRDCT_BUSI_HANDLE_D_SG','TM_PRDCT_BUSI_HANDLE_D_SG_20170913','TM_PRDCT_BUSI_HANDLE_D_SG','13','BASS_PRDCT_CD','产品ID','STRING','','','','','Y','','D2-2','2','');
insert into column_val (xmlid, col_xmlid, dataname, col_seq, colname, colcnname, datatype, length, precision_val, party_seq, isprimarykey, isnullable, remark, filed_type_child, sensitive_level, policyid) values ('TM_PRDCT_BUSI_HANDLE_D_SG','TM_PRDCT_BUSI_HANDLE_D_SG_20170914','TM_PRDCT_BUSI_HANDLE_D_SG','14','BASS_PRDCT_NAM','产品名称','STRING','','','','','Y','','D2-2','2','');
insert into column_val (xmlid, col_xmlid, dataname, col_seq, colname, colcnname, datatype, length, precision_val, party_seq, isprimarykey, isnullable, remark, filed_type_child, sensitive_level, policyid) values ('TM_PRDCT_BUSI_HANDLE_D_SG','TM_PRDCT_BUSI_HANDLE_D_SG_20170915','TM_PRDCT_BUSI_HANDLE_D_SG','15','OPR_TYP','产品操作类型','STRING','','','','','Y','取值含义：
N 开通
M 变更','D2-2','2','');
insert into column_val (xmlid, col_xmlid, dataname, col_seq, colname, colcnname, datatype, length, precision_val, party_seq, isprimarykey, isnullable, remark, filed_type_child, sensitive_level, policyid) values ('TM_PRDCT_BUSI_HANDLE_D_SG','TM_PRDCT_BUSI_HANDLE_D_SG_20170916','TM_PRDCT_BUSI_HANDLE_D_SG','16','WORKF_TYP_CD','工单业务类型编码','STRING','','','','','Y','','D2-2','2','');
insert into column_val (xmlid, col_xmlid, dataname, col_seq, colname, colcnname, datatype, length, precision_val, party_seq, isprimarykey, isnullable, remark, filed_type_child, sensitive_level, policyid) values ('TM_PRDCT_BUSI_HANDLE_D_SG','TM_PRDCT_BUSI_HANDLE_D_SG_20170917','TM_PRDCT_BUSI_HANDLE_D_SG','17','MENU_ID','菜单ID','STRING','','','','','Y','','D2-2','2','');
insert into column_val (xmlid, col_xmlid, dataname, col_seq, colname, colcnname, datatype, length, precision_val, party_seq, isprimarykey, isnullable, remark, filed_type_child, sensitive_level, policyid) values ('TM_PRDCT_BUSI_HANDLE_D_SG','TM_PRDCT_BUSI_HANDLE_D_SG_20170918','TM_PRDCT_BUSI_HANDLE_D_SG','18','IN_SYSTEM','接入系统','STRING','','','','','Y','','D2-2','2','');
insert into column_val (xmlid, col_xmlid, dataname, col_seq, colname, colcnname, datatype, length, precision_val, party_seq, isprimarykey, isnullable, remark, filed_type_child, sensitive_level, policyid) values ('TM_PRDCT_BUSI_HANDLE_D_SG','TM_PRDCT_BUSI_HANDLE_D_SG_20170919','TM_PRDCT_BUSI_HANDLE_D_SG','19','ORDER_ID','订单编号','STRING','','','','','Y','','D2-2','2','');
insert into column_val (xmlid, col_xmlid, dataname, col_seq, colname, colcnname, datatype, length, precision_val, party_seq, isprimarykey, isnullable, remark, filed_type_child, sensitive_level, policyid) values ('TM_PRDCT_BUSI_HANDLE_D_SG','TM_PRDCT_BUSI_HANDLE_D_SG_20170920','TM_PRDCT_BUSI_HANDLE_D_SG','20','month','月份','INT','','','1','','N','','','','');
insert into column_val (xmlid, col_xmlid, dataname, col_seq, colname, colcnname, datatype, length, precision_val, party_seq, isprimarykey, isnullable, remark, filed_type_child, sensitive_level, policyid) values ('TM_PRDCT_BUSI_HANDLE_D_SG','TM_PRDCT_BUSI_HANDLE_D_SG_20170921','TM_PRDCT_BUSI_HANDLE_D_SG','21','day','日期','INT','','','2','','N','','','','');

insert into tablefile (xmlid, dbname, dataname, datacnname, state, cycletype, topiccode, extend_cfg, rightlevel, creater, curdutyer, eff_date, state_date, team_code, open_state, remark) values ('TM_PRDCT_BUSI_HANDLE_D_HY','DAY','TM_PRDCT_BUSI_HANDLE_D_HY','DM_产品业务办理宽表','NEW','day','LAYERY_YMRKT','{"EXTERNAL":"y","LOCATION":"/tenant/BIGDATA/JCFW/BZMX/DAY/DM/TM_PRDCT_BUSI_HANDLE_D/branch=HY","FILEFORMAT":"PARQUET","DELIMITER":"\001"}','其他','谢英俊','谢英俊', TIMESTAMP '0008-02-17 12:00:00', TIMESTAMP '0008-02-17 12:00:00','5875519a-8ee1-4eb7-825b-ef1135513f02','','应用层-市场业务');
insert into column_val (xmlid, col_xmlid, dataname, col_seq, colname, colcnname, datatype, length, precision_val, party_seq, isprimarykey, isnullable, remark, filed_type_child, sensitive_level, policyid) values ('TM_PRDCT_BUSI_HANDLE_D_HY','TM_PRDCT_BUSI_HANDLE_D_HY_2017091','TM_PRDCT_BUSI_HANDLE_D_HY','1','STAT_DT','日期','INT','','','','','N','','D2-2','2','');
insert into column_val (xmlid, col_xmlid, dataname, col_seq, colname, colcnname, datatype, length, precision_val, party_seq, isprimarykey, isnullable, remark, filed_type_child, sensitive_level, policyid) values ('TM_PRDCT_BUSI_HANDLE_D_HY','TM_PRDCT_BUSI_HANDLE_D_HY_2017092','TM_PRDCT_BUSI_HANDLE_D_HY','2','CMCC_BRANCH_CD','地市编码','STRING','','','','','N','','D2-2','2','');
insert into column_val (xmlid, col_xmlid, dataname, col_seq, colname, colcnname, datatype, length, precision_val, party_seq, isprimarykey, isnullable, remark, filed_type_child, sensitive_level, policyid) values ('TM_PRDCT_BUSI_HANDLE_D_HY','TM_PRDCT_BUSI_HANDLE_D_HY_2017093','TM_PRDCT_BUSI_HANDLE_D_HY','3','DIST_ID','区块编码','STRING','','','','','Y','匹配不到记“-”','D2-2','2','');
insert into column_val (xmlid, col_xmlid, dataname, col_seq, colname, colcnname, datatype, length, precision_val, party_seq, isprimarykey, isnullable, remark, filed_type_child, sensitive_level, policyid) values ('TM_PRDCT_BUSI_HANDLE_D_HY','TM_PRDCT_BUSI_HANDLE_D_HY_2017094','TM_PRDCT_BUSI_HANDLE_D_HY','4','MICRODIST_ID','微区块编码','STRING','','','','','Y','匹配不到记“-”','D2-2','2','');
insert into column_val (xmlid, col_xmlid, dataname, col_seq, colname, colcnname, datatype, length, precision_val, party_seq, isprimarykey, isnullable, remark, filed_type_child, sensitive_level, policyid) values ('TM_PRDCT_BUSI_HANDLE_D_HY','TM_PRDCT_BUSI_HANDLE_D_HY_2017095','TM_PRDCT_BUSI_HANDLE_D_HY','5','BUSI_USR_NBR','渠道经理','STRING','','','','','Y','目前只有社会渠道有，取业务手机号码。社会渠道匹配不到记“-”，其他非社会渠道记999999','D2-2','2','');
insert into column_val (xmlid, col_xmlid, dataname, col_seq, colname, colcnname, datatype, length, precision_val, party_seq, isprimarykey, isnullable, remark, filed_type_child, sensitive_level, policyid) values ('TM_PRDCT_BUSI_HANDLE_D_HY','TM_PRDCT_BUSI_HANDLE_D_HY_2017096','TM_PRDCT_BUSI_HANDLE_D_HY','6','CHNL_STAR_LVL3_IND','是否三星级及以上渠道','STRING','','','','','Y','取值含义：0 否 1 是 999999 非CMOP有的渠道
（包括三星级及以上星级社会渠道、商圈社会渠道、自有渠道、引入合作商、带店加盟。）','D2-2','2','');
insert into column_val (xmlid, col_xmlid, dataname, col_seq, colname, colcnname, datatype, length, precision_val, party_seq, isprimarykey, isnullable, remark, filed_type_child, sensitive_level, policyid) values ('TM_PRDCT_BUSI_HANDLE_D_HY','TM_PRDCT_BUSI_HANDLE_D_HY_2017097','TM_PRDCT_BUSI_HANDLE_D_HY','7','CHNL_CD','渠道编码','STRING','','','','','Y','匹配不到记“-”','D2-2','2','');
insert into column_val (xmlid, col_xmlid, dataname, col_seq, colname, colcnname, datatype, length, precision_val, party_seq, isprimarykey, isnullable, remark, filed_type_child, sensitive_level, policyid) values ('TM_PRDCT_BUSI_HANDLE_D_HY','TM_PRDCT_BUSI_HANDLE_D_HY_2017098','TM_PRDCT_BUSI_HANDLE_D_HY','8','CHNL_STS_CD','渠道状态','STRING','','','','','Y','按CMOP的渠道状态，如非CMOP有的渠道记999999。','D2-2','2','');
insert into column_val (xmlid, col_xmlid, dataname, col_seq, colname, colcnname, datatype, length, precision_val, party_seq, isprimarykey, isnullable, remark, filed_type_child, sensitive_level, policyid) values ('TM_PRDCT_BUSI_HANDLE_D_HY','TM_PRDCT_BUSI_HANDLE_D_HY_2017099','TM_PRDCT_BUSI_HANDLE_D_HY','9','ACCEPT_OPR_ID','工号编码','STRING','','','','','Y','','D2-2','2','');
insert into column_val (xmlid, col_xmlid, dataname, col_seq, colname, colcnname, datatype, length, precision_val, party_seq, isprimarykey, isnullable, remark, filed_type_child, sensitive_level, policyid) values ('TM_PRDCT_BUSI_HANDLE_D_HY','TM_PRDCT_BUSI_HANDLE_D_HY_20170910','TM_PRDCT_BUSI_HANDLE_D_HY','10','BUSI_ACCEPT_NBR','受理号码','STRING','','','','','Y','','D2-2','2','PID_all');
insert into column_val (xmlid, col_xmlid, dataname, col_seq, colname, colcnname, datatype, length, precision_val, party_seq, isprimarykey, isnullable, remark, filed_type_child, sensitive_level, policyid) values ('TM_PRDCT_BUSI_HANDLE_D_HY','TM_PRDCT_BUSI_HANDLE_D_HY_20170911','TM_PRDCT_BUSI_HANDLE_D_HY','11','ACCEPT_DT','受理日期','INT','','','','','Y','','D2-2','2','');
insert into column_val (xmlid, col_xmlid, dataname, col_seq, colname, colcnname, datatype, length, precision_val, party_seq, isprimarykey, isnullable, remark, filed_type_child, sensitive_level, policyid) values ('TM_PRDCT_BUSI_HANDLE_D_HY','TM_PRDCT_BUSI_HANDLE_D_HY_20170912','TM_PRDCT_BUSI_HANDLE_D_HY','12','ACCEPT_TIM','受理时间','STRING','','','','','Y','','D2-2','2','');
insert into column_val (xmlid, col_xmlid, dataname, col_seq, colname, colcnname, datatype, length, precision_val, party_seq, isprimarykey, isnullable, remark, filed_type_child, sensitive_level, policyid) values ('TM_PRDCT_BUSI_HANDLE_D_HY','TM_PRDCT_BUSI_HANDLE_D_HY_20170913','TM_PRDCT_BUSI_HANDLE_D_HY','13','BASS_PRDCT_CD','产品ID','STRING','','','','','Y','','D2-2','2','');
insert into column_val (xmlid, col_xmlid, dataname, col_seq, colname, colcnname, datatype, length, precision_val, party_seq, isprimarykey, isnullable, remark, filed_type_child, sensitive_level, policyid) values ('TM_PRDCT_BUSI_HANDLE_D_HY','TM_PRDCT_BUSI_HANDLE_D_HY_20170914','TM_PRDCT_BUSI_HANDLE_D_HY','14','BASS_PRDCT_NAM','产品名称','STRING','','','','','Y','','D2-2','2','');
insert into column_val (xmlid, col_xmlid, dataname, col_seq, colname, colcnname, datatype, length, precision_val, party_seq, isprimarykey, isnullable, remark, filed_type_child, sensitive_level, policyid) values ('TM_PRDCT_BUSI_HANDLE_D_HY','TM_PRDCT_BUSI_HANDLE_D_HY_20170915','TM_PRDCT_BUSI_HANDLE_D_HY','15','OPR_TYP','产品操作类型','STRING','','','','','Y','取值含义：
N 开通
M 变更','D2-2','2','');
insert into column_val (xmlid, col_xmlid, dataname, col_seq, colname, colcnname, datatype, length, precision_val, party_seq, isprimarykey, isnullable, remark, filed_type_child, sensitive_level, policyid) values ('TM_PRDCT_BUSI_HANDLE_D_HY','TM_PRDCT_BUSI_HANDLE_D_HY_20170916','TM_PRDCT_BUSI_HANDLE_D_HY','16','WORKF_TYP_CD','工单业务类型编码','STRING','','','','','Y','','D2-2','2','');
insert into column_val (xmlid, col_xmlid, dataname, col_seq, colname, colcnname, datatype, length, precision_val, party_seq, isprimarykey, isnullable, remark, filed_type_child, sensitive_level, policyid) values ('TM_PRDCT_BUSI_HANDLE_D_HY','TM_PRDCT_BUSI_HANDLE_D_HY_20170917','TM_PRDCT_BUSI_HANDLE_D_HY','17','MENU_ID','菜单ID','STRING','','','','','Y','','D2-2','2','');
insert into column_val (xmlid, col_xmlid, dataname, col_seq, colname, colcnname, datatype, length, precision_val, party_seq, isprimarykey, isnullable, remark, filed_type_child, sensitive_level, policyid) values ('TM_PRDCT_BUSI_HANDLE_D_HY','TM_PRDCT_BUSI_HANDLE_D_HY_20170918','TM_PRDCT_BUSI_HANDLE_D_HY','18','IN_SYSTEM','接入系统','STRING','','','','','Y','','D2-2','2','');
insert into column_val (xmlid, col_xmlid, dataname, col_seq, colname, colcnname, datatype, length, precision_val, party_seq, isprimarykey, isnullable, remark, filed_type_child, sensitive_level, policyid) values ('TM_PRDCT_BUSI_HANDLE_D_HY','TM_PRDCT_BUSI_HANDLE_D_HY_20170919','TM_PRDCT_BUSI_HANDLE_D_HY','19','ORDER_ID','订单编号','STRING','','','','','Y','','D2-2','2','');
insert into column_val (xmlid, col_xmlid, dataname, col_seq, colname, colcnname, datatype, length, precision_val, party_seq, isprimarykey, isnullable, remark, filed_type_child, sensitive_level, policyid) values ('TM_PRDCT_BUSI_HANDLE_D_HY','TM_PRDCT_BUSI_HANDLE_D_HY_20170920','TM_PRDCT_BUSI_HANDLE_D_HY','20','month','月份','INT','','','1','','N','','','','');
insert into column_val (xmlid, col_xmlid, dataname, col_seq, colname, colcnname, datatype, length, precision_val, party_seq, isprimarykey, isnullable, remark, filed_type_child, sensitive_level, policyid) values ('TM_PRDCT_BUSI_HANDLE_D_HY','TM_PRDCT_BUSI_HANDLE_D_HY_20170921','TM_PRDCT_BUSI_HANDLE_D_HY','21','day','日期','INT','','','2','','N','','','','');

insert into tablefile (xmlid, dbname, dataname, datacnname, state, cycletype, topiccode, extend_cfg, rightlevel, creater, curdutyer, eff_date, state_date, team_code, open_state, remark) values ('TM_PRDCT_BUSI_HANDLE_D_MZ','DAY','TM_PRDCT_BUSI_HANDLE_D_MZ','DM_产品业务办理宽表','NEW','day','LAYERY_YMRKT','{"EXTERNAL":"y","LOCATION":"/tenant/BIGDATA/JCFW/BZMX/DAY/DM/TM_PRDCT_BUSI_HANDLE_D/branch=MZ","FILEFORMAT":"PARQUET","DELIMITER":"\001"}','其他','谢英俊','谢英俊', TIMESTAMP '0008-02-17 12:00:00', TIMESTAMP '0008-02-17 12:00:00','5875519a-8ee1-4eb7-825b-ef1135513f02','','应用层-市场业务');
insert into column_val (xmlid, col_xmlid, dataname, col_seq, colname, colcnname, datatype, length, precision_val, party_seq, isprimarykey, isnullable, remark, filed_type_child, sensitive_level, policyid) values ('TM_PRDCT_BUSI_HANDLE_D_MZ','TM_PRDCT_BUSI_HANDLE_D_MZ_2017091','TM_PRDCT_BUSI_HANDLE_D_MZ','1','STAT_DT','日期','INT','','','','','N','','D2-2','2','');
insert into column_val (xmlid, col_xmlid, dataname, col_seq, colname, colcnname, datatype, length, precision_val, party_seq, isprimarykey, isnullable, remark, filed_type_child, sensitive_level, policyid) values ('TM_PRDCT_BUSI_HANDLE_D_MZ','TM_PRDCT_BUSI_HANDLE_D_MZ_2017092','TM_PRDCT_BUSI_HANDLE_D_MZ','2','CMCC_BRANCH_CD','地市编码','STRING','','','','','N','','D2-2','2','');
insert into column_val (xmlid, col_xmlid, dataname, col_seq, colname, colcnname, datatype, length, precision_val, party_seq, isprimarykey, isnullable, remark, filed_type_child, sensitive_level, policyid) values ('TM_PRDCT_BUSI_HANDLE_D_MZ','TM_PRDCT_BUSI_HANDLE_D_MZ_2017093','TM_PRDCT_BUSI_HANDLE_D_MZ','3','DIST_ID','区块编码','STRING','','','','','Y','匹配不到记“-”','D2-2','2','');
insert into column_val (xmlid, col_xmlid, dataname, col_seq, colname, colcnname, datatype, length, precision_val, party_seq, isprimarykey, isnullable, remark, filed_type_child, sensitive_level, policyid) values ('TM_PRDCT_BUSI_HANDLE_D_MZ','TM_PRDCT_BUSI_HANDLE_D_MZ_2017094','TM_PRDCT_BUSI_HANDLE_D_MZ','4','MICRODIST_ID','微区块编码','STRING','','','','','Y','匹配不到记“-”','D2-2','2','');
insert into column_val (xmlid, col_xmlid, dataname, col_seq, colname, colcnname, datatype, length, precision_val, party_seq, isprimarykey, isnullable, remark, filed_type_child, sensitive_level, policyid) values ('TM_PRDCT_BUSI_HANDLE_D_MZ','TM_PRDCT_BUSI_HANDLE_D_MZ_2017095','TM_PRDCT_BUSI_HANDLE_D_MZ','5','BUSI_USR_NBR','渠道经理','STRING','','','','','Y','目前只有社会渠道有，取业务手机号码。社会渠道匹配不到记“-”，其他非社会渠道记999999','D2-2','2','');
insert into column_val (xmlid, col_xmlid, dataname, col_seq, colname, colcnname, datatype, length, precision_val, party_seq, isprimarykey, isnullable, remark, filed_type_child, sensitive_level, policyid) values ('TM_PRDCT_BUSI_HANDLE_D_MZ','TM_PRDCT_BUSI_HANDLE_D_MZ_2017096','TM_PRDCT_BUSI_HANDLE_D_MZ','6','CHNL_STAR_LVL3_IND','是否三星级及以上渠道','STRING','','','','','Y','取值含义：0 否 1 是 999999 非CMOP有的渠道
（包括三星级及以上星级社会渠道、商圈社会渠道、自有渠道、引入合作商、带店加盟。）','D2-2','2','');
insert into column_val (xmlid, col_xmlid, dataname, col_seq, colname, colcnname, datatype, length, precision_val, party_seq, isprimarykey, isnullable, remark, filed_type_child, sensitive_level, policyid) values ('TM_PRDCT_BUSI_HANDLE_D_MZ','TM_PRDCT_BUSI_HANDLE_D_MZ_2017097','TM_PRDCT_BUSI_HANDLE_D_MZ','7','CHNL_CD','渠道编码','STRING','','','','','Y','匹配不到记“-”','D2-2','2','');
insert into column_val (xmlid, col_xmlid, dataname, col_seq, colname, colcnname, datatype, length, precision_val, party_seq, isprimarykey, isnullable, remark, filed_type_child, sensitive_level, policyid) values ('TM_PRDCT_BUSI_HANDLE_D_MZ','TM_PRDCT_BUSI_HANDLE_D_MZ_2017098','TM_PRDCT_BUSI_HANDLE_D_MZ','8','CHNL_STS_CD','渠道状态','STRING','','','','','Y','按CMOP的渠道状态，如非CMOP有的渠道记999999。','D2-2','2','');
insert into column_val (xmlid, col_xmlid, dataname, col_seq, colname, colcnname, datatype, length, precision_val, party_seq, isprimarykey, isnullable, remark, filed_type_child, sensitive_level, policyid) values ('TM_PRDCT_BUSI_HANDLE_D_MZ','TM_PRDCT_BUSI_HANDLE_D_MZ_2017099','TM_PRDCT_BUSI_HANDLE_D_MZ','9','ACCEPT_OPR_ID','工号编码','STRING','','','','','Y','','D2-2','2','');
insert into column_val (xmlid, col_xmlid, dataname, col_seq, colname, colcnname, datatype, length, precision_val, party_seq, isprimarykey, isnullable, remark, filed_type_child, sensitive_level, policyid) values ('TM_PRDCT_BUSI_HANDLE_D_MZ','TM_PRDCT_BUSI_HANDLE_D_MZ_20170910','TM_PRDCT_BUSI_HANDLE_D_MZ','10','BUSI_ACCEPT_NBR','受理号码','STRING','','','','','Y','','D2-2','2','PID_all');
insert into column_val (xmlid, col_xmlid, dataname, col_seq, colname, colcnname, datatype, length, precision_val, party_seq, isprimarykey, isnullable, remark, filed_type_child, sensitive_level, policyid) values ('TM_PRDCT_BUSI_HANDLE_D_MZ','TM_PRDCT_BUSI_HANDLE_D_MZ_20170911','TM_PRDCT_BUSI_HANDLE_D_MZ','11','ACCEPT_DT','受理日期','INT','','','','','Y','','D2-2','2','');
insert into column_val (xmlid, col_xmlid, dataname, col_seq, colname, colcnname, datatype, length, precision_val, party_seq, isprimarykey, isnullable, remark, filed_type_child, sensitive_level, policyid) values ('TM_PRDCT_BUSI_HANDLE_D_MZ','TM_PRDCT_BUSI_HANDLE_D_MZ_20170912','TM_PRDCT_BUSI_HANDLE_D_MZ','12','ACCEPT_TIM','受理时间','STRING','','','','','Y','','D2-2','2','');
insert into column_val (xmlid, col_xmlid, dataname, col_seq, colname, colcnname, datatype, length, precision_val, party_seq, isprimarykey, isnullable, remark, filed_type_child, sensitive_level, policyid) values ('TM_PRDCT_BUSI_HANDLE_D_MZ','TM_PRDCT_BUSI_HANDLE_D_MZ_20170913','TM_PRDCT_BUSI_HANDLE_D_MZ','13','BASS_PRDCT_CD','产品ID','STRING','','','','','Y','','D2-2','2','');
insert into column_val (xmlid, col_xmlid, dataname, col_seq, colname, colcnname, datatype, length, precision_val, party_seq, isprimarykey, isnullable, remark, filed_type_child, sensitive_level, policyid) values ('TM_PRDCT_BUSI_HANDLE_D_MZ','TM_PRDCT_BUSI_HANDLE_D_MZ_20170914','TM_PRDCT_BUSI_HANDLE_D_MZ','14','BASS_PRDCT_NAM','产品名称','STRING','','','','','Y','','D2-2','2','');
insert into column_val (xmlid, col_xmlid, dataname, col_seq, colname, colcnname, datatype, length, precision_val, party_seq, isprimarykey, isnullable, remark, filed_type_child, sensitive_level, policyid) values ('TM_PRDCT_BUSI_HANDLE_D_MZ','TM_PRDCT_BUSI_HANDLE_D_MZ_20170915','TM_PRDCT_BUSI_HANDLE_D_MZ','15','OPR_TYP','产品操作类型','STRING','','','','','Y','取值含义：
N 开通
M 变更','D2-2','2','');
insert into column_val (xmlid, col_xmlid, dataname, col_seq, colname, colcnname, datatype, length, precision_val, party_seq, isprimarykey, isnullable, remark, filed_type_child, sensitive_level, policyid) values ('TM_PRDCT_BUSI_HANDLE_D_MZ','TM_PRDCT_BUSI_HANDLE_D_MZ_20170916','TM_PRDCT_BUSI_HANDLE_D_MZ','16','WORKF_TYP_CD','工单业务类型编码','STRING','','','','','Y','','D2-2','2','');
insert into column_val (xmlid, col_xmlid, dataname, col_seq, colname, colcnname, datatype, length, precision_val, party_seq, isprimarykey, isnullable, remark, filed_type_child, sensitive_level, policyid) values ('TM_PRDCT_BUSI_HANDLE_D_MZ','TM_PRDCT_BUSI_HANDLE_D_MZ_20170917','TM_PRDCT_BUSI_HANDLE_D_MZ','17','MENU_ID','菜单ID','STRING','','','','','Y','','D2-2','2','');
insert into column_val (xmlid, col_xmlid, dataname, col_seq, colname, colcnname, datatype, length, precision_val, party_seq, isprimarykey, isnullable, remark, filed_type_child, sensitive_level, policyid) values ('TM_PRDCT_BUSI_HANDLE_D_MZ','TM_PRDCT_BUSI_HANDLE_D_MZ_20170918','TM_PRDCT_BUSI_HANDLE_D_MZ','18','IN_SYSTEM','接入系统','STRING','','','','','Y','','D2-2','2','');
insert into column_val (xmlid, col_xmlid, dataname, col_seq, colname, colcnname, datatype, length, precision_val, party_seq, isprimarykey, isnullable, remark, filed_type_child, sensitive_level, policyid) values ('TM_PRDCT_BUSI_HANDLE_D_MZ','TM_PRDCT_BUSI_HANDLE_D_MZ_20170919','TM_PRDCT_BUSI_HANDLE_D_MZ','19','ORDER_ID','订单编号','STRING','','','','','Y','','D2-2','2','');
insert into column_val (xmlid, col_xmlid, dataname, col_seq, colname, colcnname, datatype, length, precision_val, party_seq, isprimarykey, isnullable, remark, filed_type_child, sensitive_level, policyid) values ('TM_PRDCT_BUSI_HANDLE_D_MZ','TM_PRDCT_BUSI_HANDLE_D_MZ_20170920','TM_PRDCT_BUSI_HANDLE_D_MZ','20','month','月份','INT','','','1','','N','','','','');
insert into column_val (xmlid, col_xmlid, dataname, col_seq, colname, colcnname, datatype, length, precision_val, party_seq, isprimarykey, isnullable, remark, filed_type_child, sensitive_level, policyid) values ('TM_PRDCT_BUSI_HANDLE_D_MZ','TM_PRDCT_BUSI_HANDLE_D_MZ_20170921','TM_PRDCT_BUSI_HANDLE_D_MZ','21','day','日期','INT','','','2','','N','','','','');

insert into tablefile (xmlid, dbname, dataname, datacnname, state, cycletype, topiccode, extend_cfg, rightlevel, creater, curdutyer, eff_date, state_date, team_code, open_state, remark) values ('TM_PRDCT_BUSI_HANDLE_D_SW','DAY','TM_PRDCT_BUSI_HANDLE_D_SW','DM_产品业务办理宽表','NEW','day','LAYERY_YMRKT','{"EXTERNAL":"y","LOCATION":"/tenant/BIGDATA/JCFW/BZMX/DAY/DM/TM_PRDCT_BUSI_HANDLE_D/branch=SW","FILEFORMAT":"PARQUET","DELIMITER":"\001"}','其他','谢英俊','谢英俊', TIMESTAMP '0008-02-17 12:00:00', TIMESTAMP '0008-02-17 12:00:00','5875519a-8ee1-4eb7-825b-ef1135513f02','','应用层-市场业务');
insert into column_val (xmlid, col_xmlid, dataname, col_seq, colname, colcnname, datatype, length, precision_val, party_seq, isprimarykey, isnullable, remark, filed_type_child, sensitive_level, policyid) values ('TM_PRDCT_BUSI_HANDLE_D_SW','TM_PRDCT_BUSI_HANDLE_D_SW_2017091','TM_PRDCT_BUSI_HANDLE_D_SW','1','STAT_DT','日期','INT','','','','','N','','D2-2','2','');
insert into column_val (xmlid, col_xmlid, dataname, col_seq, colname, colcnname, datatype, length, precision_val, party_seq, isprimarykey, isnullable, remark, filed_type_child, sensitive_level, policyid) values ('TM_PRDCT_BUSI_HANDLE_D_SW','TM_PRDCT_BUSI_HANDLE_D_SW_2017092','TM_PRDCT_BUSI_HANDLE_D_SW','2','CMCC_BRANCH_CD','地市编码','STRING','','','','','N','','D2-2','2','');
insert into column_val (xmlid, col_xmlid, dataname, col_seq, colname, colcnname, datatype, length, precision_val, party_seq, isprimarykey, isnullable, remark, filed_type_child, sensitive_level, policyid) values ('TM_PRDCT_BUSI_HANDLE_D_SW','TM_PRDCT_BUSI_HANDLE_D_SW_2017093','TM_PRDCT_BUSI_HANDLE_D_SW','3','DIST_ID','区块编码','STRING','','','','','Y','匹配不到记“-”','D2-2','2','');
insert into column_val (xmlid, col_xmlid, dataname, col_seq, colname, colcnname, datatype, length, precision_val, party_seq, isprimarykey, isnullable, remark, filed_type_child, sensitive_level, policyid) values ('TM_PRDCT_BUSI_HANDLE_D_SW','TM_PRDCT_BUSI_HANDLE_D_SW_2017094','TM_PRDCT_BUSI_HANDLE_D_SW','4','MICRODIST_ID','微区块编码','STRING','','','','','Y','匹配不到记“-”','D2-2','2','');
insert into column_val (xmlid, col_xmlid, dataname, col_seq, colname, colcnname, datatype, length, precision_val, party_seq, isprimarykey, isnullable, remark, filed_type_child, sensitive_level, policyid) values ('TM_PRDCT_BUSI_HANDLE_D_SW','TM_PRDCT_BUSI_HANDLE_D_SW_2017095','TM_PRDCT_BUSI_HANDLE_D_SW','5','BUSI_USR_NBR','渠道经理','STRING','','','','','Y','目前只有社会渠道有，取业务手机号码。社会渠道匹配不到记“-”，其他非社会渠道记999999','D2-2','2','');
insert into column_val (xmlid, col_xmlid, dataname, col_seq, colname, colcnname, datatype, length, precision_val, party_seq, isprimarykey, isnullable, remark, filed_type_child, sensitive_level, policyid) values ('TM_PRDCT_BUSI_HANDLE_D_SW','TM_PRDCT_BUSI_HANDLE_D_SW_2017096','TM_PRDCT_BUSI_HANDLE_D_SW','6','CHNL_STAR_LVL3_IND','是否三星级及以上渠道','STRING','','','','','Y','取值含义：0 否 1 是 999999 非CMOP有的渠道
（包括三星级及以上星级社会渠道、商圈社会渠道、自有渠道、引入合作商、带店加盟。）','D2-2','2','');
insert into column_val (xmlid, col_xmlid, dataname, col_seq, colname, colcnname, datatype, length, precision_val, party_seq, isprimarykey, isnullable, remark, filed_type_child, sensitive_level, policyid) values ('TM_PRDCT_BUSI_HANDLE_D_SW','TM_PRDCT_BUSI_HANDLE_D_SW_2017097','TM_PRDCT_BUSI_HANDLE_D_SW','7','CHNL_CD','渠道编码','STRING','','','','','Y','匹配不到记“-”','D2-2','2','');
insert into column_val (xmlid, col_xmlid, dataname, col_seq, colname, colcnname, datatype, length, precision_val, party_seq, isprimarykey, isnullable, remark, filed_type_child, sensitive_level, policyid) values ('TM_PRDCT_BUSI_HANDLE_D_SW','TM_PRDCT_BUSI_HANDLE_D_SW_2017098','TM_PRDCT_BUSI_HANDLE_D_SW','8','CHNL_STS_CD','渠道状态','STRING','','','','','Y','按CMOP的渠道状态，如非CMOP有的渠道记999999。','D2-2','2','');
insert into column_val (xmlid, col_xmlid, dataname, col_seq, colname, colcnname, datatype, length, precision_val, party_seq, isprimarykey, isnullable, remark, filed_type_child, sensitive_level, policyid) values ('TM_PRDCT_BUSI_HANDLE_D_SW','TM_PRDCT_BUSI_HANDLE_D_SW_2017099','TM_PRDCT_BUSI_HANDLE_D_SW','9','ACCEPT_OPR_ID','工号编码','STRING','','','','','Y','','D2-2','2','');
insert into column_val (xmlid, col_xmlid, dataname, col_seq, colname, colcnname, datatype, length, precision_val, party_seq, isprimarykey, isnullable, remark, filed_type_child, sensitive_level, policyid) values ('TM_PRDCT_BUSI_HANDLE_D_SW','TM_PRDCT_BUSI_HANDLE_D_SW_20170910','TM_PRDCT_BUSI_HANDLE_D_SW','10','BUSI_ACCEPT_NBR','受理号码','STRING','','','','','Y','','D2-2','2','PID_all');
insert into column_val (xmlid, col_xmlid, dataname, col_seq, colname, colcnname, datatype, length, precision_val, party_seq, isprimarykey, isnullable, remark, filed_type_child, sensitive_level, policyid) values ('TM_PRDCT_BUSI_HANDLE_D_SW','TM_PRDCT_BUSI_HANDLE_D_SW_20170911','TM_PRDCT_BUSI_HANDLE_D_SW','11','ACCEPT_DT','受理日期','INT','','','','','Y','','D2-2','2','');
insert into column_val (xmlid, col_xmlid, dataname, col_seq, colname, colcnname, datatype, length, precision_val, party_seq, isprimarykey, isnullable, remark, filed_type_child, sensitive_level, policyid) values ('TM_PRDCT_BUSI_HANDLE_D_SW','TM_PRDCT_BUSI_HANDLE_D_SW_20170912','TM_PRDCT_BUSI_HANDLE_D_SW','12','ACCEPT_TIM','受理时间','STRING','','','','','Y','','D2-2','2','');
insert into column_val (xmlid, col_xmlid, dataname, col_seq, colname, colcnname, datatype, length, precision_val, party_seq, isprimarykey, isnullable, remark, filed_type_child, sensitive_level, policyid) values ('TM_PRDCT_BUSI_HANDLE_D_SW','TM_PRDCT_BUSI_HANDLE_D_SW_20170913','TM_PRDCT_BUSI_HANDLE_D_SW','13','BASS_PRDCT_CD','产品ID','STRING','','','','','Y','','D2-2','2','');
insert into column_val (xmlid, col_xmlid, dataname, col_seq, colname, colcnname, datatype, length, precision_val, party_seq, isprimarykey, isnullable, remark, filed_type_child, sensitive_level, policyid) values ('TM_PRDCT_BUSI_HANDLE_D_SW','TM_PRDCT_BUSI_HANDLE_D_SW_20170914','TM_PRDCT_BUSI_HANDLE_D_SW','14','BASS_PRDCT_NAM','产品名称','STRING','','','','','Y','','D2-2','2','');
insert into column_val (xmlid, col_xmlid, dataname, col_seq, colname, colcnname, datatype, length, precision_val, party_seq, isprimarykey, isnullable, remark, filed_type_child, sensitive_level, policyid) values ('TM_PRDCT_BUSI_HANDLE_D_SW','TM_PRDCT_BUSI_HANDLE_D_SW_20170915','TM_PRDCT_BUSI_HANDLE_D_SW','15','OPR_TYP','产品操作类型','STRING','','','','','Y','取值含义：
N 开通
M 变更','D2-2','2','');
insert into column_val (xmlid, col_xmlid, dataname, col_seq, colname, colcnname, datatype, length, precision_val, party_seq, isprimarykey, isnullable, remark, filed_type_child, sensitive_level, policyid) values ('TM_PRDCT_BUSI_HANDLE_D_SW','TM_PRDCT_BUSI_HANDLE_D_SW_20170916','TM_PRDCT_BUSI_HANDLE_D_SW','16','WORKF_TYP_CD','工单业务类型编码','STRING','','','','','Y','','D2-2','2','');
insert into column_val (xmlid, col_xmlid, dataname, col_seq, colname, colcnname, datatype, length, precision_val, party_seq, isprimarykey, isnullable, remark, filed_type_child, sensitive_level, policyid) values ('TM_PRDCT_BUSI_HANDLE_D_SW','TM_PRDCT_BUSI_HANDLE_D_SW_20170917','TM_PRDCT_BUSI_HANDLE_D_SW','17','MENU_ID','菜单ID','STRING','','','','','Y','','D2-2','2','');
insert into column_val (xmlid, col_xmlid, dataname, col_seq, colname, colcnname, datatype, length, precision_val, party_seq, isprimarykey, isnullable, remark, filed_type_child, sensitive_level, policyid) values ('TM_PRDCT_BUSI_HANDLE_D_SW','TM_PRDCT_BUSI_HANDLE_D_SW_20170918','TM_PRDCT_BUSI_HANDLE_D_SW','18','IN_SYSTEM','接入系统','STRING','','','','','Y','','D2-2','2','');
insert into column_val (xmlid, col_xmlid, dataname, col_seq, colname, colcnname, datatype, length, precision_val, party_seq, isprimarykey, isnullable, remark, filed_type_child, sensitive_level, policyid) values ('TM_PRDCT_BUSI_HANDLE_D_SW','TM_PRDCT_BUSI_HANDLE_D_SW_20170919','TM_PRDCT_BUSI_HANDLE_D_SW','19','ORDER_ID','订单编号','STRING','','','','','Y','','D2-2','2','');
insert into column_val (xmlid, col_xmlid, dataname, col_seq, colname, colcnname, datatype, length, precision_val, party_seq, isprimarykey, isnullable, remark, filed_type_child, sensitive_level, policyid) values ('TM_PRDCT_BUSI_HANDLE_D_SW','TM_PRDCT_BUSI_HANDLE_D_SW_20170920','TM_PRDCT_BUSI_HANDLE_D_SW','20','month','月份','INT','','','1','','N','','','','');
insert into column_val (xmlid, col_xmlid, dataname, col_seq, colname, colcnname, datatype, length, precision_val, party_seq, isprimarykey, isnullable, remark, filed_type_child, sensitive_level, policyid) values ('TM_PRDCT_BUSI_HANDLE_D_SW','TM_PRDCT_BUSI_HANDLE_D_SW_20170921','TM_PRDCT_BUSI_HANDLE_D_SW','21','day','日期','INT','','','2','','N','','','','');

insert into tablefile (xmlid, dbname, dataname, datacnname, state, cycletype, topiccode, extend_cfg, rightlevel, creater, curdutyer, eff_date, state_date, team_code, open_state, remark) values ('TM_PRDCT_BUSI_HANDLE_D_YJ','DAY','TM_PRDCT_BUSI_HANDLE_D_YJ','DM_产品业务办理宽表','NEW','day','LAYERY_YMRKT','{"EXTERNAL":"y","LOCATION":"/tenant/BIGDATA/JCFW/BZMX/DAY/DM/TM_PRDCT_BUSI_HANDLE_D/branch=YJ","FILEFORMAT":"PARQUET","DELIMITER":"\001"}','其他','谢英俊','谢英俊', TIMESTAMP '0008-02-17 12:00:00', TIMESTAMP '0008-02-17 12:00:00','5875519a-8ee1-4eb7-825b-ef1135513f02','','应用层-市场业务');
insert into column_val (xmlid, col_xmlid, dataname, col_seq, colname, colcnname, datatype, length, precision_val, party_seq, isprimarykey, isnullable, remark, filed_type_child, sensitive_level, policyid) values ('TM_PRDCT_BUSI_HANDLE_D_YJ','TM_PRDCT_BUSI_HANDLE_D_YJ_2017091','TM_PRDCT_BUSI_HANDLE_D_YJ','1','STAT_DT','日期','INT','','','','','N','','D2-2','2','');
insert into column_val (xmlid, col_xmlid, dataname, col_seq, colname, colcnname, datatype, length, precision_val, party_seq, isprimarykey, isnullable, remark, filed_type_child, sensitive_level, policyid) values ('TM_PRDCT_BUSI_HANDLE_D_YJ','TM_PRDCT_BUSI_HANDLE_D_YJ_2017092','TM_PRDCT_BUSI_HANDLE_D_YJ','2','CMCC_BRANCH_CD','地市编码','STRING','','','','','N','','D2-2','2','');
insert into column_val (xmlid, col_xmlid, dataname, col_seq, colname, colcnname, datatype, length, precision_val, party_seq, isprimarykey, isnullable, remark, filed_type_child, sensitive_level, policyid) values ('TM_PRDCT_BUSI_HANDLE_D_YJ','TM_PRDCT_BUSI_HANDLE_D_YJ_2017093','TM_PRDCT_BUSI_HANDLE_D_YJ','3','DIST_ID','区块编码','STRING','','','','','Y','匹配不到记“-”','D2-2','2','');
insert into column_val (xmlid, col_xmlid, dataname, col_seq, colname, colcnname, datatype, length, precision_val, party_seq, isprimarykey, isnullable, remark, filed_type_child, sensitive_level, policyid) values ('TM_PRDCT_BUSI_HANDLE_D_YJ','TM_PRDCT_BUSI_HANDLE_D_YJ_2017094','TM_PRDCT_BUSI_HANDLE_D_YJ','4','MICRODIST_ID','微区块编码','STRING','','','','','Y','匹配不到记“-”','D2-2','2','');
insert into column_val (xmlid, col_xmlid, dataname, col_seq, colname, colcnname, datatype, length, precision_val, party_seq, isprimarykey, isnullable, remark, filed_type_child, sensitive_level, policyid) values ('TM_PRDCT_BUSI_HANDLE_D_YJ','TM_PRDCT_BUSI_HANDLE_D_YJ_2017095','TM_PRDCT_BUSI_HANDLE_D_YJ','5','BUSI_USR_NBR','渠道经理','STRING','','','','','Y','目前只有社会渠道有，取业务手机号码。社会渠道匹配不到记“-”，其他非社会渠道记999999','D2-2','2','');
insert into column_val (xmlid, col_xmlid, dataname, col_seq, colname, colcnname, datatype, length, precision_val, party_seq, isprimarykey, isnullable, remark, filed_type_child, sensitive_level, policyid) values ('TM_PRDCT_BUSI_HANDLE_D_YJ','TM_PRDCT_BUSI_HANDLE_D_YJ_2017096','TM_PRDCT_BUSI_HANDLE_D_YJ','6','CHNL_STAR_LVL3_IND','是否三星级及以上渠道','STRING','','','','','Y','取值含义：0 否 1 是 999999 非CMOP有的渠道
（包括三星级及以上星级社会渠道、商圈社会渠道、自有渠道、引入合作商、带店加盟。）','D2-2','2','');
insert into column_val (xmlid, col_xmlid, dataname, col_seq, colname, colcnname, datatype, length, precision_val, party_seq, isprimarykey, isnullable, remark, filed_type_child, sensitive_level, policyid) values ('TM_PRDCT_BUSI_HANDLE_D_YJ','TM_PRDCT_BUSI_HANDLE_D_YJ_2017097','TM_PRDCT_BUSI_HANDLE_D_YJ','7','CHNL_CD','渠道编码','STRING','','','','','Y','匹配不到记“-”','D2-2','2','');
insert into column_val (xmlid, col_xmlid, dataname, col_seq, colname, colcnname, datatype, length, precision_val, party_seq, isprimarykey, isnullable, remark, filed_type_child, sensitive_level, policyid) values ('TM_PRDCT_BUSI_HANDLE_D_YJ','TM_PRDCT_BUSI_HANDLE_D_YJ_2017098','TM_PRDCT_BUSI_HANDLE_D_YJ','8','CHNL_STS_CD','渠道状态','STRING','','','','','Y','按CMOP的渠道状态，如非CMOP有的渠道记999999。','D2-2','2','');
insert into column_val (xmlid, col_xmlid, dataname, col_seq, colname, colcnname, datatype, length, precision_val, party_seq, isprimarykey, isnullable, remark, filed_type_child, sensitive_level, policyid) values ('TM_PRDCT_BUSI_HANDLE_D_YJ','TM_PRDCT_BUSI_HANDLE_D_YJ_2017099','TM_PRDCT_BUSI_HANDLE_D_YJ','9','ACCEPT_OPR_ID','工号编码','STRING','','','','','Y','','D2-2','2','');
insert into column_val (xmlid, col_xmlid, dataname, col_seq, colname, colcnname, datatype, length, precision_val, party_seq, isprimarykey, isnullable, remark, filed_type_child, sensitive_level, policyid) values ('TM_PRDCT_BUSI_HANDLE_D_YJ','TM_PRDCT_BUSI_HANDLE_D_YJ_20170910','TM_PRDCT_BUSI_HANDLE_D_YJ','10','BUSI_ACCEPT_NBR','受理号码','STRING','','','','','Y','','D2-2','2','PID_all');
insert into column_val (xmlid, col_xmlid, dataname, col_seq, colname, colcnname, datatype, length, precision_val, party_seq, isprimarykey, isnullable, remark, filed_type_child, sensitive_level, policyid) values ('TM_PRDCT_BUSI_HANDLE_D_YJ','TM_PRDCT_BUSI_HANDLE_D_YJ_20170911','TM_PRDCT_BUSI_HANDLE_D_YJ','11','ACCEPT_DT','受理日期','INT','','','','','Y','','D2-2','2','');
insert into column_val (xmlid, col_xmlid, dataname, col_seq, colname, colcnname, datatype, length, precision_val, party_seq, isprimarykey, isnullable, remark, filed_type_child, sensitive_level, policyid) values ('TM_PRDCT_BUSI_HANDLE_D_YJ','TM_PRDCT_BUSI_HANDLE_D_YJ_20170912','TM_PRDCT_BUSI_HANDLE_D_YJ','12','ACCEPT_TIM','受理时间','STRING','','','','','Y','','D2-2','2','');
insert into column_val (xmlid, col_xmlid, dataname, col_seq, colname, colcnname, datatype, length, precision_val, party_seq, isprimarykey, isnullable, remark, filed_type_child, sensitive_level, policyid) values ('TM_PRDCT_BUSI_HANDLE_D_YJ','TM_PRDCT_BUSI_HANDLE_D_YJ_20170913','TM_PRDCT_BUSI_HANDLE_D_YJ','13','BASS_PRDCT_CD','产品ID','STRING','','','','','Y','','D2-2','2','');
insert into column_val (xmlid, col_xmlid, dataname, col_seq, colname, colcnname, datatype, length, precision_val, party_seq, isprimarykey, isnullable, remark, filed_type_child, sensitive_level, policyid) values ('TM_PRDCT_BUSI_HANDLE_D_YJ','TM_PRDCT_BUSI_HANDLE_D_YJ_20170914','TM_PRDCT_BUSI_HANDLE_D_YJ','14','BASS_PRDCT_NAM','产品名称','STRING','','','','','Y','','D2-2','2','');
insert into column_val (xmlid, col_xmlid, dataname, col_seq, colname, colcnname, datatype, length, precision_val, party_seq, isprimarykey, isnullable, remark, filed_type_child, sensitive_level, policyid) values ('TM_PRDCT_BUSI_HANDLE_D_YJ','TM_PRDCT_BUSI_HANDLE_D_YJ_20170915','TM_PRDCT_BUSI_HANDLE_D_YJ','15','OPR_TYP','产品操作类型','STRING','','','','','Y','取值含义：
N 开通
M 变更','D2-2','2','');
insert into column_val (xmlid, col_xmlid, dataname, col_seq, colname, colcnname, datatype, length, precision_val, party_seq, isprimarykey, isnullable, remark, filed_type_child, sensitive_level, policyid) values ('TM_PRDCT_BUSI_HANDLE_D_YJ','TM_PRDCT_BUSI_HANDLE_D_YJ_20170916','TM_PRDCT_BUSI_HANDLE_D_YJ','16','WORKF_TYP_CD','工单业务类型编码','STRING','','','','','Y','','D2-2','2','');
insert into column_val (xmlid, col_xmlid, dataname, col_seq, colname, colcnname, datatype, length, precision_val, party_seq, isprimarykey, isnullable, remark, filed_type_child, sensitive_level, policyid) values ('TM_PRDCT_BUSI_HANDLE_D_YJ','TM_PRDCT_BUSI_HANDLE_D_YJ_20170917','TM_PRDCT_BUSI_HANDLE_D_YJ','17','MENU_ID','菜单ID','STRING','','','','','Y','','D2-2','2','');
insert into column_val (xmlid, col_xmlid, dataname, col_seq, colname, colcnname, datatype, length, precision_val, party_seq, isprimarykey, isnullable, remark, filed_type_child, sensitive_level, policyid) values ('TM_PRDCT_BUSI_HANDLE_D_YJ','TM_PRDCT_BUSI_HANDLE_D_YJ_20170918','TM_PRDCT_BUSI_HANDLE_D_YJ','18','IN_SYSTEM','接入系统','STRING','','','','','Y','','D2-2','2','');
insert into column_val (xmlid, col_xmlid, dataname, col_seq, colname, colcnname, datatype, length, precision_val, party_seq, isprimarykey, isnullable, remark, filed_type_child, sensitive_level, policyid) values ('TM_PRDCT_BUSI_HANDLE_D_YJ','TM_PRDCT_BUSI_HANDLE_D_YJ_20170919','TM_PRDCT_BUSI_HANDLE_D_YJ','19','ORDER_ID','订单编号','STRING','','','','','Y','','D2-2','2','');
insert into column_val (xmlid, col_xmlid, dataname, col_seq, colname, colcnname, datatype, length, precision_val, party_seq, isprimarykey, isnullable, remark, filed_type_child, sensitive_level, policyid) values ('TM_PRDCT_BUSI_HANDLE_D_YJ','TM_PRDCT_BUSI_HANDLE_D_YJ_20170920','TM_PRDCT_BUSI_HANDLE_D_YJ','20','month','月份','INT','','','1','','N','','','','');
insert into column_val (xmlid, col_xmlid, dataname, col_seq, colname, colcnname, datatype, length, precision_val, party_seq, isprimarykey, isnullable, remark, filed_type_child, sensitive_level, policyid) values ('TM_PRDCT_BUSI_HANDLE_D_YJ','TM_PRDCT_BUSI_HANDLE_D_YJ_20170921','TM_PRDCT_BUSI_HANDLE_D_YJ','21','day','日期','INT','','','2','','N','','','','');

insert into tablefile (xmlid, dbname, dataname, datacnname, state, cycletype, topiccode, extend_cfg, rightlevel, creater, curdutyer, eff_date, state_date, team_code, open_state, remark) values ('TM_PRDCT_BUSI_HANDLE_D_MM','DAY','TM_PRDCT_BUSI_HANDLE_D_MM','DM_产品业务办理宽表','NEW','day','LAYERY_YMRKT','{"EXTERNAL":"y","LOCATION":"/tenant/BIGDATA/JCFW/BZMX/DAY/DM/TM_PRDCT_BUSI_HANDLE_D/branch=MM","FILEFORMAT":"PARQUET","DELIMITER":"\001"}','其他','谢英俊','谢英俊', TIMESTAMP '0008-02-17 12:00:00', TIMESTAMP '0008-02-17 12:00:00','5875519a-8ee1-4eb7-825b-ef1135513f02','','应用层-市场业务');
insert into column_val (xmlid, col_xmlid, dataname, col_seq, colname, colcnname, datatype, length, precision_val, party_seq, isprimarykey, isnullable, remark, filed_type_child, sensitive_level, policyid) values ('TM_PRDCT_BUSI_HANDLE_D_MM','TM_PRDCT_BUSI_HANDLE_D_MM_2017091','TM_PRDCT_BUSI_HANDLE_D_MM','1','STAT_DT','日期','INT','','','','','N','','D2-2','2','');
insert into column_val (xmlid, col_xmlid, dataname, col_seq, colname, colcnname, datatype, length, precision_val, party_seq, isprimarykey, isnullable, remark, filed_type_child, sensitive_level, policyid) values ('TM_PRDCT_BUSI_HANDLE_D_MM','TM_PRDCT_BUSI_HANDLE_D_MM_2017092','TM_PRDCT_BUSI_HANDLE_D_MM','2','CMCC_BRANCH_CD','地市编码','STRING','','','','','N','','D2-2','2','');
insert into column_val (xmlid, col_xmlid, dataname, col_seq, colname, colcnname, datatype, length, precision_val, party_seq, isprimarykey, isnullable, remark, filed_type_child, sensitive_level, policyid) values ('TM_PRDCT_BUSI_HANDLE_D_MM','TM_PRDCT_BUSI_HANDLE_D_MM_2017093','TM_PRDCT_BUSI_HANDLE_D_MM','3','DIST_ID','区块编码','STRING','','','','','Y','匹配不到记“-”','D2-2','2','');
insert into column_val (xmlid, col_xmlid, dataname, col_seq, colname, colcnname, datatype, length, precision_val, party_seq, isprimarykey, isnullable, remark, filed_type_child, sensitive_level, policyid) values ('TM_PRDCT_BUSI_HANDLE_D_MM','TM_PRDCT_BUSI_HANDLE_D_MM_2017094','TM_PRDCT_BUSI_HANDLE_D_MM','4','MICRODIST_ID','微区块编码','STRING','','','','','Y','匹配不到记“-”','D2-2','2','');
insert into column_val (xmlid, col_xmlid, dataname, col_seq, colname, colcnname, datatype, length, precision_val, party_seq, isprimarykey, isnullable, remark, filed_type_child, sensitive_level, policyid) values ('TM_PRDCT_BUSI_HANDLE_D_MM','TM_PRDCT_BUSI_HANDLE_D_MM_2017095','TM_PRDCT_BUSI_HANDLE_D_MM','5','BUSI_USR_NBR','渠道经理','STRING','','','','','Y','目前只有社会渠道有，取业务手机号码。社会渠道匹配不到记“-”，其他非社会渠道记999999','D2-2','2','');
insert into column_val (xmlid, col_xmlid, dataname, col_seq, colname, colcnname, datatype, length, precision_val, party_seq, isprimarykey, isnullable, remark, filed_type_child, sensitive_level, policyid) values ('TM_PRDCT_BUSI_HANDLE_D_MM','TM_PRDCT_BUSI_HANDLE_D_MM_2017096','TM_PRDCT_BUSI_HANDLE_D_MM','6','CHNL_STAR_LVL3_IND','是否三星级及以上渠道','STRING','','','','','Y','取值含义：0 否 1 是 999999 非CMOP有的渠道
（包括三星级及以上星级社会渠道、商圈社会渠道、自有渠道、引入合作商、带店加盟。）','D2-2','2','');
insert into column_val (xmlid, col_xmlid, dataname, col_seq, colname, colcnname, datatype, length, precision_val, party_seq, isprimarykey, isnullable, remark, filed_type_child, sensitive_level, policyid) values ('TM_PRDCT_BUSI_HANDLE_D_MM','TM_PRDCT_BUSI_HANDLE_D_MM_2017097','TM_PRDCT_BUSI_HANDLE_D_MM','7','CHNL_CD','渠道编码','STRING','','','','','Y','匹配不到记“-”','D2-2','2','');
insert into column_val (xmlid, col_xmlid, dataname, col_seq, colname, colcnname, datatype, length, precision_val, party_seq, isprimarykey, isnullable, remark, filed_type_child, sensitive_level, policyid) values ('TM_PRDCT_BUSI_HANDLE_D_MM','TM_PRDCT_BUSI_HANDLE_D_MM_2017098','TM_PRDCT_BUSI_HANDLE_D_MM','8','CHNL_STS_CD','渠道状态','STRING','','','','','Y','按CMOP的渠道状态，如非CMOP有的渠道记999999。','D2-2','2','');
insert into column_val (xmlid, col_xmlid, dataname, col_seq, colname, colcnname, datatype, length, precision_val, party_seq, isprimarykey, isnullable, remark, filed_type_child, sensitive_level, policyid) values ('TM_PRDCT_BUSI_HANDLE_D_MM','TM_PRDCT_BUSI_HANDLE_D_MM_2017099','TM_PRDCT_BUSI_HANDLE_D_MM','9','ACCEPT_OPR_ID','工号编码','STRING','','','','','Y','','D2-2','2','');
insert into column_val (xmlid, col_xmlid, dataname, col_seq, colname, colcnname, datatype, length, precision_val, party_seq, isprimarykey, isnullable, remark, filed_type_child, sensitive_level, policyid) values ('TM_PRDCT_BUSI_HANDLE_D_MM','TM_PRDCT_BUSI_HANDLE_D_MM_20170910','TM_PRDCT_BUSI_HANDLE_D_MM','10','BUSI_ACCEPT_NBR','受理号码','STRING','','','','','Y','','D2-2','2','PID_all');
insert into column_val (xmlid, col_xmlid, dataname, col_seq, colname, colcnname, datatype, length, precision_val, party_seq, isprimarykey, isnullable, remark, filed_type_child, sensitive_level, policyid) values ('TM_PRDCT_BUSI_HANDLE_D_MM','TM_PRDCT_BUSI_HANDLE_D_MM_20170911','TM_PRDCT_BUSI_HANDLE_D_MM','11','ACCEPT_DT','受理日期','INT','','','','','Y','','D2-2','2','');
insert into column_val (xmlid, col_xmlid, dataname, col_seq, colname, colcnname, datatype, length, precision_val, party_seq, isprimarykey, isnullable, remark, filed_type_child, sensitive_level, policyid) values ('TM_PRDCT_BUSI_HANDLE_D_MM','TM_PRDCT_BUSI_HANDLE_D_MM_20170912','TM_PRDCT_BUSI_HANDLE_D_MM','12','ACCEPT_TIM','受理时间','STRING','','','','','Y','','D2-2','2','');
insert into column_val (xmlid, col_xmlid, dataname, col_seq, colname, colcnname, datatype, length, precision_val, party_seq, isprimarykey, isnullable, remark, filed_type_child, sensitive_level, policyid) values ('TM_PRDCT_BUSI_HANDLE_D_MM','TM_PRDCT_BUSI_HANDLE_D_MM_20170913','TM_PRDCT_BUSI_HANDLE_D_MM','13','BASS_PRDCT_CD','产品ID','STRING','','','','','Y','','D2-2','2','');
insert into column_val (xmlid, col_xmlid, dataname, col_seq, colname, colcnname, datatype, length, precision_val, party_seq, isprimarykey, isnullable, remark, filed_type_child, sensitive_level, policyid) values ('TM_PRDCT_BUSI_HANDLE_D_MM','TM_PRDCT_BUSI_HANDLE_D_MM_20170914','TM_PRDCT_BUSI_HANDLE_D_MM','14','BASS_PRDCT_NAM','产品名称','STRING','','','','','Y','','D2-2','2','');
insert into column_val (xmlid, col_xmlid, dataname, col_seq, colname, colcnname, datatype, length, precision_val, party_seq, isprimarykey, isnullable, remark, filed_type_child, sensitive_level, policyid) values ('TM_PRDCT_BUSI_HANDLE_D_MM','TM_PRDCT_BUSI_HANDLE_D_MM_20170915','TM_PRDCT_BUSI_HANDLE_D_MM','15','OPR_TYP','产品操作类型','STRING','','','','','Y','取值含义：
N 开通
M 变更','D2-2','2','');
insert into column_val (xmlid, col_xmlid, dataname, col_seq, colname, colcnname, datatype, length, precision_val, party_seq, isprimarykey, isnullable, remark, filed_type_child, sensitive_level, policyid) values ('TM_PRDCT_BUSI_HANDLE_D_MM','TM_PRDCT_BUSI_HANDLE_D_MM_20170916','TM_PRDCT_BUSI_HANDLE_D_MM','16','WORKF_TYP_CD','工单业务类型编码','STRING','','','','','Y','','D2-2','2','');
insert into column_val (xmlid, col_xmlid, dataname, col_seq, colname, colcnname, datatype, length, precision_val, party_seq, isprimarykey, isnullable, remark, filed_type_child, sensitive_level, policyid) values ('TM_PRDCT_BUSI_HANDLE_D_MM','TM_PRDCT_BUSI_HANDLE_D_MM_20170917','TM_PRDCT_BUSI_HANDLE_D_MM','17','MENU_ID','菜单ID','STRING','','','','','Y','','D2-2','2','');
insert into column_val (xmlid, col_xmlid, dataname, col_seq, colname, colcnname, datatype, length, precision_val, party_seq, isprimarykey, isnullable, remark, filed_type_child, sensitive_level, policyid) values ('TM_PRDCT_BUSI_HANDLE_D_MM','TM_PRDCT_BUSI_HANDLE_D_MM_20170918','TM_PRDCT_BUSI_HANDLE_D_MM','18','IN_SYSTEM','接入系统','STRING','','','','','Y','','D2-2','2','');
insert into column_val (xmlid, col_xmlid, dataname, col_seq, colname, colcnname, datatype, length, precision_val, party_seq, isprimarykey, isnullable, remark, filed_type_child, sensitive_level, policyid) values ('TM_PRDCT_BUSI_HANDLE_D_MM','TM_PRDCT_BUSI_HANDLE_D_MM_20170919','TM_PRDCT_BUSI_HANDLE_D_MM','19','ORDER_ID','订单编号','STRING','','','','','Y','','D2-2','2','');
insert into column_val (xmlid, col_xmlid, dataname, col_seq, colname, colcnname, datatype, length, precision_val, party_seq, isprimarykey, isnullable, remark, filed_type_child, sensitive_level, policyid) values ('TM_PRDCT_BUSI_HANDLE_D_MM','TM_PRDCT_BUSI_HANDLE_D_MM_20170920','TM_PRDCT_BUSI_HANDLE_D_MM','20','month','月份','INT','','','1','','N','','','','');
insert into column_val (xmlid, col_xmlid, dataname, col_seq, colname, colcnname, datatype, length, precision_val, party_seq, isprimarykey, isnullable, remark, filed_type_child, sensitive_level, policyid) values ('TM_PRDCT_BUSI_HANDLE_D_MM','TM_PRDCT_BUSI_HANDLE_D_MM_20170921','TM_PRDCT_BUSI_HANDLE_D_MM','21','day','日期','INT','','','2','','N','','','','');

insert into tablefile (xmlid, dbname, dataname, datacnname, state, cycletype, topiccode, extend_cfg, rightlevel, creater, curdutyer, eff_date, state_date, team_code, open_state, remark) values ('TM_PRDCT_BUSI_HANDLE_D_ZQ','DAY','TM_PRDCT_BUSI_HANDLE_D_ZQ','DM_产品业务办理宽表','NEW','day','LAYERY_YMRKT','{"EXTERNAL":"y","LOCATION":"/tenant/BIGDATA/JCFW/BZMX/DAY/DM/TM_PRDCT_BUSI_HANDLE_D/branch=ZQ","FILEFORMAT":"PARQUET","DELIMITER":"\001"}','其他','谢英俊','谢英俊', TIMESTAMP '0008-02-17 12:00:00', TIMESTAMP '0008-02-17 12:00:00','5875519a-8ee1-4eb7-825b-ef1135513f02','','应用层-市场业务');
insert into column_val (xmlid, col_xmlid, dataname, col_seq, colname, colcnname, datatype, length, precision_val, party_seq, isprimarykey, isnullable, remark, filed_type_child, sensitive_level, policyid) values ('TM_PRDCT_BUSI_HANDLE_D_ZQ','TM_PRDCT_BUSI_HANDLE_D_ZQ_2017091','TM_PRDCT_BUSI_HANDLE_D_ZQ','1','STAT_DT','日期','INT','','','','','N','','D2-2','2','');
insert into column_val (xmlid, col_xmlid, dataname, col_seq, colname, colcnname, datatype, length, precision_val, party_seq, isprimarykey, isnullable, remark, filed_type_child, sensitive_level, policyid) values ('TM_PRDCT_BUSI_HANDLE_D_ZQ','TM_PRDCT_BUSI_HANDLE_D_ZQ_2017092','TM_PRDCT_BUSI_HANDLE_D_ZQ','2','CMCC_BRANCH_CD','地市编码','STRING','','','','','N','','D2-2','2','');
insert into column_val (xmlid, col_xmlid, dataname, col_seq, colname, colcnname, datatype, length, precision_val, party_seq, isprimarykey, isnullable, remark, filed_type_child, sensitive_level, policyid) values ('TM_PRDCT_BUSI_HANDLE_D_ZQ','TM_PRDCT_BUSI_HANDLE_D_ZQ_2017093','TM_PRDCT_BUSI_HANDLE_D_ZQ','3','DIST_ID','区块编码','STRING','','','','','Y','匹配不到记“-”','D2-2','2','');
insert into column_val (xmlid, col_xmlid, dataname, col_seq, colname, colcnname, datatype, length, precision_val, party_seq, isprimarykey, isnullable, remark, filed_type_child, sensitive_level, policyid) values ('TM_PRDCT_BUSI_HANDLE_D_ZQ','TM_PRDCT_BUSI_HANDLE_D_ZQ_2017094','TM_PRDCT_BUSI_HANDLE_D_ZQ','4','MICRODIST_ID','微区块编码','STRING','','','','','Y','匹配不到记“-”','D2-2','2','');
insert into column_val (xmlid, col_xmlid, dataname, col_seq, colname, colcnname, datatype, length, precision_val, party_seq, isprimarykey, isnullable, remark, filed_type_child, sensitive_level, policyid) values ('TM_PRDCT_BUSI_HANDLE_D_ZQ','TM_PRDCT_BUSI_HANDLE_D_ZQ_2017095','TM_PRDCT_BUSI_HANDLE_D_ZQ','5','BUSI_USR_NBR','渠道经理','STRING','','','','','Y','目前只有社会渠道有，取业务手机号码。社会渠道匹配不到记“-”，其他非社会渠道记999999','D2-2','2','');
insert into column_val (xmlid, col_xmlid, dataname, col_seq, colname, colcnname, datatype, length, precision_val, party_seq, isprimarykey, isnullable, remark, filed_type_child, sensitive_level, policyid) values ('TM_PRDCT_BUSI_HANDLE_D_ZQ','TM_PRDCT_BUSI_HANDLE_D_ZQ_2017096','TM_PRDCT_BUSI_HANDLE_D_ZQ','6','CHNL_STAR_LVL3_IND','是否三星级及以上渠道','STRING','','','','','Y','取值含义：0 否 1 是 999999 非CMOP有的渠道
（包括三星级及以上星级社会渠道、商圈社会渠道、自有渠道、引入合作商、带店加盟。）','D2-2','2','');
insert into column_val (xmlid, col_xmlid, dataname, col_seq, colname, colcnname, datatype, length, precision_val, party_seq, isprimarykey, isnullable, remark, filed_type_child, sensitive_level, policyid) values ('TM_PRDCT_BUSI_HANDLE_D_ZQ','TM_PRDCT_BUSI_HANDLE_D_ZQ_2017097','TM_PRDCT_BUSI_HANDLE_D_ZQ','7','CHNL_CD','渠道编码','STRING','','','','','Y','匹配不到记“-”','D2-2','2','');
insert into column_val (xmlid, col_xmlid, dataname, col_seq, colname, colcnname, datatype, length, precision_val, party_seq, isprimarykey, isnullable, remark, filed_type_child, sensitive_level, policyid) values ('TM_PRDCT_BUSI_HANDLE_D_ZQ','TM_PRDCT_BUSI_HANDLE_D_ZQ_2017098','TM_PRDCT_BUSI_HANDLE_D_ZQ','8','CHNL_STS_CD','渠道状态','STRING','','','','','Y','按CMOP的渠道状态，如非CMOP有的渠道记999999。','D2-2','2','');
insert into column_val (xmlid, col_xmlid, dataname, col_seq, colname, colcnname, datatype, length, precision_val, party_seq, isprimarykey, isnullable, remark, filed_type_child, sensitive_level, policyid) values ('TM_PRDCT_BUSI_HANDLE_D_ZQ','TM_PRDCT_BUSI_HANDLE_D_ZQ_2017099','TM_PRDCT_BUSI_HANDLE_D_ZQ','9','ACCEPT_OPR_ID','工号编码','STRING','','','','','Y','','D2-2','2','');
insert into column_val (xmlid, col_xmlid, dataname, col_seq, colname, colcnname, datatype, length, precision_val, party_seq, isprimarykey, isnullable, remark, filed_type_child, sensitive_level, policyid) values ('TM_PRDCT_BUSI_HANDLE_D_ZQ','TM_PRDCT_BUSI_HANDLE_D_ZQ_20170910','TM_PRDCT_BUSI_HANDLE_D_ZQ','10','BUSI_ACCEPT_NBR','受理号码','STRING','','','','','Y','','D2-2','2','PID_all');
insert into column_val (xmlid, col_xmlid, dataname, col_seq, colname, colcnname, datatype, length, precision_val, party_seq, isprimarykey, isnullable, remark, filed_type_child, sensitive_level, policyid) values ('TM_PRDCT_BUSI_HANDLE_D_ZQ','TM_PRDCT_BUSI_HANDLE_D_ZQ_20170911','TM_PRDCT_BUSI_HANDLE_D_ZQ','11','ACCEPT_DT','受理日期','INT','','','','','Y','','D2-2','2','');
insert into column_val (xmlid, col_xmlid, dataname, col_seq, colname, colcnname, datatype, length, precision_val, party_seq, isprimarykey, isnullable, remark, filed_type_child, sensitive_level, policyid) values ('TM_PRDCT_BUSI_HANDLE_D_ZQ','TM_PRDCT_BUSI_HANDLE_D_ZQ_20170912','TM_PRDCT_BUSI_HANDLE_D_ZQ','12','ACCEPT_TIM','受理时间','STRING','','','','','Y','','D2-2','2','');
insert into column_val (xmlid, col_xmlid, dataname, col_seq, colname, colcnname, datatype, length, precision_val, party_seq, isprimarykey, isnullable, remark, filed_type_child, sensitive_level, policyid) values ('TM_PRDCT_BUSI_HANDLE_D_ZQ','TM_PRDCT_BUSI_HANDLE_D_ZQ_20170913','TM_PRDCT_BUSI_HANDLE_D_ZQ','13','BASS_PRDCT_CD','产品ID','STRING','','','','','Y','','D2-2','2','');
insert into column_val (xmlid, col_xmlid, dataname, col_seq, colname, colcnname, datatype, length, precision_val, party_seq, isprimarykey, isnullable, remark, filed_type_child, sensitive_level, policyid) values ('TM_PRDCT_BUSI_HANDLE_D_ZQ','TM_PRDCT_BUSI_HANDLE_D_ZQ_20170914','TM_PRDCT_BUSI_HANDLE_D_ZQ','14','BASS_PRDCT_NAM','产品名称','STRING','','','','','Y','','D2-2','2','');
insert into column_val (xmlid, col_xmlid, dataname, col_seq, colname, colcnname, datatype, length, precision_val, party_seq, isprimarykey, isnullable, remark, filed_type_child, sensitive_level, policyid) values ('TM_PRDCT_BUSI_HANDLE_D_ZQ','TM_PRDCT_BUSI_HANDLE_D_ZQ_20170915','TM_PRDCT_BUSI_HANDLE_D_ZQ','15','OPR_TYP','产品操作类型','STRING','','','','','Y','取值含义：
N 开通
M 变更','D2-2','2','');
insert into column_val (xmlid, col_xmlid, dataname, col_seq, colname, colcnname, datatype, length, precision_val, party_seq, isprimarykey, isnullable, remark, filed_type_child, sensitive_level, policyid) values ('TM_PRDCT_BUSI_HANDLE_D_ZQ','TM_PRDCT_BUSI_HANDLE_D_ZQ_20170916','TM_PRDCT_BUSI_HANDLE_D_ZQ','16','WORKF_TYP_CD','工单业务类型编码','STRING','','','','','Y','','D2-2','2','');
insert into column_val (xmlid, col_xmlid, dataname, col_seq, colname, colcnname, datatype, length, precision_val, party_seq, isprimarykey, isnullable, remark, filed_type_child, sensitive_level, policyid) values ('TM_PRDCT_BUSI_HANDLE_D_ZQ','TM_PRDCT_BUSI_HANDLE_D_ZQ_20170917','TM_PRDCT_BUSI_HANDLE_D_ZQ','17','MENU_ID','菜单ID','STRING','','','','','Y','','D2-2','2','');
insert into column_val (xmlid, col_xmlid, dataname, col_seq, colname, colcnname, datatype, length, precision_val, party_seq, isprimarykey, isnullable, remark, filed_type_child, sensitive_level, policyid) values ('TM_PRDCT_BUSI_HANDLE_D_ZQ','TM_PRDCT_BUSI_HANDLE_D_ZQ_20170918','TM_PRDCT_BUSI_HANDLE_D_ZQ','18','IN_SYSTEM','接入系统','STRING','','','','','Y','','D2-2','2','');
insert into column_val (xmlid, col_xmlid, dataname, col_seq, colname, colcnname, datatype, length, precision_val, party_seq, isprimarykey, isnullable, remark, filed_type_child, sensitive_level, policyid) values ('TM_PRDCT_BUSI_HANDLE_D_ZQ','TM_PRDCT_BUSI_HANDLE_D_ZQ_20170919','TM_PRDCT_BUSI_HANDLE_D_ZQ','19','ORDER_ID','订单编号','STRING','','','','','Y','','D2-2','2','');
insert into column_val (xmlid, col_xmlid, dataname, col_seq, colname, colcnname, datatype, length, precision_val, party_seq, isprimarykey, isnullable, remark, filed_type_child, sensitive_level, policyid) values ('TM_PRDCT_BUSI_HANDLE_D_ZQ','TM_PRDCT_BUSI_HANDLE_D_ZQ_20170920','TM_PRDCT_BUSI_HANDLE_D_ZQ','20','month','月份','INT','','','1','','N','','','','');
insert into column_val (xmlid, col_xmlid, dataname, col_seq, colname, colcnname, datatype, length, precision_val, party_seq, isprimarykey, isnullable, remark, filed_type_child, sensitive_level, policyid) values ('TM_PRDCT_BUSI_HANDLE_D_ZQ','TM_PRDCT_BUSI_HANDLE_D_ZQ_20170921','TM_PRDCT_BUSI_HANDLE_D_ZQ','21','day','日期','INT','','','2','','N','','','','');

insert into tablefile (xmlid, dbname, dataname, datacnname, state, cycletype, topiccode, extend_cfg, rightlevel, creater, curdutyer, eff_date, state_date, team_code, open_state, remark) values ('TM_PRDCT_BUSI_HANDLE_D_QY','DAY','TM_PRDCT_BUSI_HANDLE_D_QY','DM_产品业务办理宽表','NEW','day','LAYERY_YMRKT','{"EXTERNAL":"y","LOCATION":"/tenant/BIGDATA/JCFW/BZMX/DAY/DM/TM_PRDCT_BUSI_HANDLE_D/branch=QY","FILEFORMAT":"PARQUET","DELIMITER":"\001"}','其他','谢英俊','谢英俊', TIMESTAMP '0008-02-17 12:00:00', TIMESTAMP '0008-02-17 12:00:00','5875519a-8ee1-4eb7-825b-ef1135513f02','','应用层-市场业务');
insert into column_val (xmlid, col_xmlid, dataname, col_seq, colname, colcnname, datatype, length, precision_val, party_seq, isprimarykey, isnullable, remark, filed_type_child, sensitive_level, policyid) values ('TM_PRDCT_BUSI_HANDLE_D_QY','TM_PRDCT_BUSI_HANDLE_D_QY_2017091','TM_PRDCT_BUSI_HANDLE_D_QY','1','STAT_DT','日期','INT','','','','','N','','D2-2','2','');
insert into column_val (xmlid, col_xmlid, dataname, col_seq, colname, colcnname, datatype, length, precision_val, party_seq, isprimarykey, isnullable, remark, filed_type_child, sensitive_level, policyid) values ('TM_PRDCT_BUSI_HANDLE_D_QY','TM_PRDCT_BUSI_HANDLE_D_QY_2017092','TM_PRDCT_BUSI_HANDLE_D_QY','2','CMCC_BRANCH_CD','地市编码','STRING','','','','','N','','D2-2','2','');
insert into column_val (xmlid, col_xmlid, dataname, col_seq, colname, colcnname, datatype, length, precision_val, party_seq, isprimarykey, isnullable, remark, filed_type_child, sensitive_level, policyid) values ('TM_PRDCT_BUSI_HANDLE_D_QY','TM_PRDCT_BUSI_HANDLE_D_QY_2017093','TM_PRDCT_BUSI_HANDLE_D_QY','3','DIST_ID','区块编码','STRING','','','','','Y','匹配不到记“-”','D2-2','2','');
insert into column_val (xmlid, col_xmlid, dataname, col_seq, colname, colcnname, datatype, length, precision_val, party_seq, isprimarykey, isnullable, remark, filed_type_child, sensitive_level, policyid) values ('TM_PRDCT_BUSI_HANDLE_D_QY','TM_PRDCT_BUSI_HANDLE_D_QY_2017094','TM_PRDCT_BUSI_HANDLE_D_QY','4','MICRODIST_ID','微区块编码','STRING','','','','','Y','匹配不到记“-”','D2-2','2','');
insert into column_val (xmlid, col_xmlid, dataname, col_seq, colname, colcnname, datatype, length, precision_val, party_seq, isprimarykey, isnullable, remark, filed_type_child, sensitive_level, policyid) values ('TM_PRDCT_BUSI_HANDLE_D_QY','TM_PRDCT_BUSI_HANDLE_D_QY_2017095','TM_PRDCT_BUSI_HANDLE_D_QY','5','BUSI_USR_NBR','渠道经理','STRING','','','','','Y','目前只有社会渠道有，取业务手机号码。社会渠道匹配不到记“-”，其他非社会渠道记999999','D2-2','2','');
insert into column_val (xmlid, col_xmlid, dataname, col_seq, colname, colcnname, datatype, length, precision_val, party_seq, isprimarykey, isnullable, remark, filed_type_child, sensitive_level, policyid) values ('TM_PRDCT_BUSI_HANDLE_D_QY','TM_PRDCT_BUSI_HANDLE_D_QY_2017096','TM_PRDCT_BUSI_HANDLE_D_QY','6','CHNL_STAR_LVL3_IND','是否三星级及以上渠道','STRING','','','','','Y','取值含义：0 否 1 是 999999 非CMOP有的渠道
（包括三星级及以上星级社会渠道、商圈社会渠道、自有渠道、引入合作商、带店加盟。）','D2-2','2','');
insert into column_val (xmlid, col_xmlid, dataname, col_seq, colname, colcnname, datatype, length, precision_val, party_seq, isprimarykey, isnullable, remark, filed_type_child, sensitive_level, policyid) values ('TM_PRDCT_BUSI_HANDLE_D_QY','TM_PRDCT_BUSI_HANDLE_D_QY_2017097','TM_PRDCT_BUSI_HANDLE_D_QY','7','CHNL_CD','渠道编码','STRING','','','','','Y','匹配不到记“-”','D2-2','2','');
insert into column_val (xmlid, col_xmlid, dataname, col_seq, colname, colcnname, datatype, length, precision_val, party_seq, isprimarykey, isnullable, remark, filed_type_child, sensitive_level, policyid) values ('TM_PRDCT_BUSI_HANDLE_D_QY','TM_PRDCT_BUSI_HANDLE_D_QY_2017098','TM_PRDCT_BUSI_HANDLE_D_QY','8','CHNL_STS_CD','渠道状态','STRING','','','','','Y','按CMOP的渠道状态，如非CMOP有的渠道记999999。','D2-2','2','');
insert into column_val (xmlid, col_xmlid, dataname, col_seq, colname, colcnname, datatype, length, precision_val, party_seq, isprimarykey, isnullable, remark, filed_type_child, sensitive_level, policyid) values ('TM_PRDCT_BUSI_HANDLE_D_QY','TM_PRDCT_BUSI_HANDLE_D_QY_2017099','TM_PRDCT_BUSI_HANDLE_D_QY','9','ACCEPT_OPR_ID','工号编码','STRING','','','','','Y','','D2-2','2','');
insert into column_val (xmlid, col_xmlid, dataname, col_seq, colname, colcnname, datatype, length, precision_val, party_seq, isprimarykey, isnullable, remark, filed_type_child, sensitive_level, policyid) values ('TM_PRDCT_BUSI_HANDLE_D_QY','TM_PRDCT_BUSI_HANDLE_D_QY_20170910','TM_PRDCT_BUSI_HANDLE_D_QY','10','BUSI_ACCEPT_NBR','受理号码','STRING','','','','','Y','','D2-2','2','PID_all');
insert into column_val (xmlid, col_xmlid, dataname, col_seq, colname, colcnname, datatype, length, precision_val, party_seq, isprimarykey, isnullable, remark, filed_type_child, sensitive_level, policyid) values ('TM_PRDCT_BUSI_HANDLE_D_QY','TM_PRDCT_BUSI_HANDLE_D_QY_20170911','TM_PRDCT_BUSI_HANDLE_D_QY','11','ACCEPT_DT','受理日期','INT','','','','','Y','','D2-2','2','');
insert into column_val (xmlid, col_xmlid, dataname, col_seq, colname, colcnname, datatype, length, precision_val, party_seq, isprimarykey, isnullable, remark, filed_type_child, sensitive_level, policyid) values ('TM_PRDCT_BUSI_HANDLE_D_QY','TM_PRDCT_BUSI_HANDLE_D_QY_20170912','TM_PRDCT_BUSI_HANDLE_D_QY','12','ACCEPT_TIM','受理时间','STRING','','','','','Y','','D2-2','2','');
insert into column_val (xmlid, col_xmlid, dataname, col_seq, colname, colcnname, datatype, length, precision_val, party_seq, isprimarykey, isnullable, remark, filed_type_child, sensitive_level, policyid) values ('TM_PRDCT_BUSI_HANDLE_D_QY','TM_PRDCT_BUSI_HANDLE_D_QY_20170913','TM_PRDCT_BUSI_HANDLE_D_QY','13','BASS_PRDCT_CD','产品ID','STRING','','','','','Y','','D2-2','2','');
insert into column_val (xmlid, col_xmlid, dataname, col_seq, colname, colcnname, datatype, length, precision_val, party_seq, isprimarykey, isnullable, remark, filed_type_child, sensitive_level, policyid) values ('TM_PRDCT_BUSI_HANDLE_D_QY','TM_PRDCT_BUSI_HANDLE_D_QY_20170914','TM_PRDCT_BUSI_HANDLE_D_QY','14','BASS_PRDCT_NAM','产品名称','STRING','','','','','Y','','D2-2','2','');
insert into column_val (xmlid, col_xmlid, dataname, col_seq, colname, colcnname, datatype, length, precision_val, party_seq, isprimarykey, isnullable, remark, filed_type_child, sensitive_level, policyid) values ('TM_PRDCT_BUSI_HANDLE_D_QY','TM_PRDCT_BUSI_HANDLE_D_QY_20170915','TM_PRDCT_BUSI_HANDLE_D_QY','15','OPR_TYP','产品操作类型','STRING','','','','','Y','取值含义：
N 开通
M 变更','D2-2','2','');
insert into column_val (xmlid, col_xmlid, dataname, col_seq, colname, colcnname, datatype, length, precision_val, party_seq, isprimarykey, isnullable, remark, filed_type_child, sensitive_level, policyid) values ('TM_PRDCT_BUSI_HANDLE_D_QY','TM_PRDCT_BUSI_HANDLE_D_QY_20170916','TM_PRDCT_BUSI_HANDLE_D_QY','16','WORKF_TYP_CD','工单业务类型编码','STRING','','','','','Y','','D2-2','2','');
insert into column_val (xmlid, col_xmlid, dataname, col_seq, colname, colcnname, datatype, length, precision_val, party_seq, isprimarykey, isnullable, remark, filed_type_child, sensitive_level, policyid) values ('TM_PRDCT_BUSI_HANDLE_D_QY','TM_PRDCT_BUSI_HANDLE_D_QY_20170917','TM_PRDCT_BUSI_HANDLE_D_QY','17','MENU_ID','菜单ID','STRING','','','','','Y','','D2-2','2','');
insert into column_val (xmlid, col_xmlid, dataname, col_seq, colname, colcnname, datatype, length, precision_val, party_seq, isprimarykey, isnullable, remark, filed_type_child, sensitive_level, policyid) values ('TM_PRDCT_BUSI_HANDLE_D_QY','TM_PRDCT_BUSI_HANDLE_D_QY_20170918','TM_PRDCT_BUSI_HANDLE_D_QY','18','IN_SYSTEM','接入系统','STRING','','','','','Y','','D2-2','2','');
insert into column_val (xmlid, col_xmlid, dataname, col_seq, colname, colcnname, datatype, length, precision_val, party_seq, isprimarykey, isnullable, remark, filed_type_child, sensitive_level, policyid) values ('TM_PRDCT_BUSI_HANDLE_D_QY','TM_PRDCT_BUSI_HANDLE_D_QY_20170919','TM_PRDCT_BUSI_HANDLE_D_QY','19','ORDER_ID','订单编号','STRING','','','','','Y','','D2-2','2','');
insert into column_val (xmlid, col_xmlid, dataname, col_seq, colname, colcnname, datatype, length, precision_val, party_seq, isprimarykey, isnullable, remark, filed_type_child, sensitive_level, policyid) values ('TM_PRDCT_BUSI_HANDLE_D_QY','TM_PRDCT_BUSI_HANDLE_D_QY_20170920','TM_PRDCT_BUSI_HANDLE_D_QY','20','month','月份','INT','','','1','','N','','','','');
insert into column_val (xmlid, col_xmlid, dataname, col_seq, colname, colcnname, datatype, length, precision_val, party_seq, isprimarykey, isnullable, remark, filed_type_child, sensitive_level, policyid) values ('TM_PRDCT_BUSI_HANDLE_D_QY','TM_PRDCT_BUSI_HANDLE_D_QY_20170921','TM_PRDCT_BUSI_HANDLE_D_QY','21','day','日期','INT','','','2','','N','','','','');

insert into tablefile (xmlid, dbname, dataname, datacnname, state, cycletype, topiccode, extend_cfg, rightlevel, creater, curdutyer, eff_date, state_date, team_code, open_state, remark) values ('TM_PRDCT_BUSI_HANDLE_D_CZ','DAY','TM_PRDCT_BUSI_HANDLE_D_CZ','DM_产品业务办理宽表','NEW','day','LAYERY_YMRKT','{"EXTERNAL":"y","LOCATION":"/tenant/BIGDATA/JCFW/BZMX/DAY/DM/TM_PRDCT_BUSI_HANDLE_D/branch=CZ","FILEFORMAT":"PARQUET","DELIMITER":"\001"}','其他','谢英俊','谢英俊', TIMESTAMP '0008-02-17 12:00:00', TIMESTAMP '0008-02-17 12:00:00','5875519a-8ee1-4eb7-825b-ef1135513f02','','应用层-市场业务');
insert into column_val (xmlid, col_xmlid, dataname, col_seq, colname, colcnname, datatype, length, precision_val, party_seq, isprimarykey, isnullable, remark, filed_type_child, sensitive_level, policyid) values ('TM_PRDCT_BUSI_HANDLE_D_CZ','TM_PRDCT_BUSI_HANDLE_D_CZ_2017091','TM_PRDCT_BUSI_HANDLE_D_CZ','1','STAT_DT','日期','INT','','','','','N','','D2-2','2','');
insert into column_val (xmlid, col_xmlid, dataname, col_seq, colname, colcnname, datatype, length, precision_val, party_seq, isprimarykey, isnullable, remark, filed_type_child, sensitive_level, policyid) values ('TM_PRDCT_BUSI_HANDLE_D_CZ','TM_PRDCT_BUSI_HANDLE_D_CZ_2017092','TM_PRDCT_BUSI_HANDLE_D_CZ','2','CMCC_BRANCH_CD','地市编码','STRING','','','','','N','','D2-2','2','');
insert into column_val (xmlid, col_xmlid, dataname, col_seq, colname, colcnname, datatype, length, precision_val, party_seq, isprimarykey, isnullable, remark, filed_type_child, sensitive_level, policyid) values ('TM_PRDCT_BUSI_HANDLE_D_CZ','TM_PRDCT_BUSI_HANDLE_D_CZ_2017093','TM_PRDCT_BUSI_HANDLE_D_CZ','3','DIST_ID','区块编码','STRING','','','','','Y','匹配不到记“-”','D2-2','2','');
insert into column_val (xmlid, col_xmlid, dataname, col_seq, colname, colcnname, datatype, length, precision_val, party_seq, isprimarykey, isnullable, remark, filed_type_child, sensitive_level, policyid) values ('TM_PRDCT_BUSI_HANDLE_D_CZ','TM_PRDCT_BUSI_HANDLE_D_CZ_2017094','TM_PRDCT_BUSI_HANDLE_D_CZ','4','MICRODIST_ID','微区块编码','STRING','','','','','Y','匹配不到记“-”','D2-2','2','');
insert into column_val (xmlid, col_xmlid, dataname, col_seq, colname, colcnname, datatype, length, precision_val, party_seq, isprimarykey, isnullable, remark, filed_type_child, sensitive_level, policyid) values ('TM_PRDCT_BUSI_HANDLE_D_CZ','TM_PRDCT_BUSI_HANDLE_D_CZ_2017095','TM_PRDCT_BUSI_HANDLE_D_CZ','5','BUSI_USR_NBR','渠道经理','STRING','','','','','Y','目前只有社会渠道有，取业务手机号码。社会渠道匹配不到记“-”，其他非社会渠道记999999','D2-2','2','');
insert into column_val (xmlid, col_xmlid, dataname, col_seq, colname, colcnname, datatype, length, precision_val, party_seq, isprimarykey, isnullable, remark, filed_type_child, sensitive_level, policyid) values ('TM_PRDCT_BUSI_HANDLE_D_CZ','TM_PRDCT_BUSI_HANDLE_D_CZ_2017096','TM_PRDCT_BUSI_HANDLE_D_CZ','6','CHNL_STAR_LVL3_IND','是否三星级及以上渠道','STRING','','','','','Y','取值含义：0 否 1 是 999999 非CMOP有的渠道
（包括三星级及以上星级社会渠道、商圈社会渠道、自有渠道、引入合作商、带店加盟。）','D2-2','2','');
insert into column_val (xmlid, col_xmlid, dataname, col_seq, colname, colcnname, datatype, length, precision_val, party_seq, isprimarykey, isnullable, remark, filed_type_child, sensitive_level, policyid) values ('TM_PRDCT_BUSI_HANDLE_D_CZ','TM_PRDCT_BUSI_HANDLE_D_CZ_2017097','TM_PRDCT_BUSI_HANDLE_D_CZ','7','CHNL_CD','渠道编码','STRING','','','','','Y','匹配不到记“-”','D2-2','2','');
insert into column_val (xmlid, col_xmlid, dataname, col_seq, colname, colcnname, datatype, length, precision_val, party_seq, isprimarykey, isnullable, remark, filed_type_child, sensitive_level, policyid) values ('TM_PRDCT_BUSI_HANDLE_D_CZ','TM_PRDCT_BUSI_HANDLE_D_CZ_2017098','TM_PRDCT_BUSI_HANDLE_D_CZ','8','CHNL_STS_CD','渠道状态','STRING','','','','','Y','按CMOP的渠道状态，如非CMOP有的渠道记999999。','D2-2','2','');
insert into column_val (xmlid, col_xmlid, dataname, col_seq, colname, colcnname, datatype, length, precision_val, party_seq, isprimarykey, isnullable, remark, filed_type_child, sensitive_level, policyid) values ('TM_PRDCT_BUSI_HANDLE_D_CZ','TM_PRDCT_BUSI_HANDLE_D_CZ_2017099','TM_PRDCT_BUSI_HANDLE_D_CZ','9','ACCEPT_OPR_ID','工号编码','STRING','','','','','Y','','D2-2','2','');
insert into column_val (xmlid, col_xmlid, dataname, col_seq, colname, colcnname, datatype, length, precision_val, party_seq, isprimarykey, isnullable, remark, filed_type_child, sensitive_level, policyid) values ('TM_PRDCT_BUSI_HANDLE_D_CZ','TM_PRDCT_BUSI_HANDLE_D_CZ_20170910','TM_PRDCT_BUSI_HANDLE_D_CZ','10','BUSI_ACCEPT_NBR','受理号码','STRING','','','','','Y','','D2-2','2','PID_all');
insert into column_val (xmlid, col_xmlid, dataname, col_seq, colname, colcnname, datatype, length, precision_val, party_seq, isprimarykey, isnullable, remark, filed_type_child, sensitive_level, policyid) values ('TM_PRDCT_BUSI_HANDLE_D_CZ','TM_PRDCT_BUSI_HANDLE_D_CZ_20170911','TM_PRDCT_BUSI_HANDLE_D_CZ','11','ACCEPT_DT','受理日期','INT','','','','','Y','','D2-2','2','');
insert into column_val (xmlid, col_xmlid, dataname, col_seq, colname, colcnname, datatype, length, precision_val, party_seq, isprimarykey, isnullable, remark, filed_type_child, sensitive_level, policyid) values ('TM_PRDCT_BUSI_HANDLE_D_CZ','TM_PRDCT_BUSI_HANDLE_D_CZ_20170912','TM_PRDCT_BUSI_HANDLE_D_CZ','12','ACCEPT_TIM','受理时间','STRING','','','','','Y','','D2-2','2','');
insert into column_val (xmlid, col_xmlid, dataname, col_seq, colname, colcnname, datatype, length, precision_val, party_seq, isprimarykey, isnullable, remark, filed_type_child, sensitive_level, policyid) values ('TM_PRDCT_BUSI_HANDLE_D_CZ','TM_PRDCT_BUSI_HANDLE_D_CZ_20170913','TM_PRDCT_BUSI_HANDLE_D_CZ','13','BASS_PRDCT_CD','产品ID','STRING','','','','','Y','','D2-2','2','');
insert into column_val (xmlid, col_xmlid, dataname, col_seq, colname, colcnname, datatype, length, precision_val, party_seq, isprimarykey, isnullable, remark, filed_type_child, sensitive_level, policyid) values ('TM_PRDCT_BUSI_HANDLE_D_CZ','TM_PRDCT_BUSI_HANDLE_D_CZ_20170914','TM_PRDCT_BUSI_HANDLE_D_CZ','14','BASS_PRDCT_NAM','产品名称','STRING','','','','','Y','','D2-2','2','');
insert into column_val (xmlid, col_xmlid, dataname, col_seq, colname, colcnname, datatype, length, precision_val, party_seq, isprimarykey, isnullable, remark, filed_type_child, sensitive_level, policyid) values ('TM_PRDCT_BUSI_HANDLE_D_CZ','TM_PRDCT_BUSI_HANDLE_D_CZ_20170915','TM_PRDCT_BUSI_HANDLE_D_CZ','15','OPR_TYP','产品操作类型','STRING','','','','','Y','取值含义：
N 开通
M 变更','D2-2','2','');
insert into column_val (xmlid, col_xmlid, dataname, col_seq, colname, colcnname, datatype, length, precision_val, party_seq, isprimarykey, isnullable, remark, filed_type_child, sensitive_level, policyid) values ('TM_PRDCT_BUSI_HANDLE_D_CZ','TM_PRDCT_BUSI_HANDLE_D_CZ_20170916','TM_PRDCT_BUSI_HANDLE_D_CZ','16','WORKF_TYP_CD','工单业务类型编码','STRING','','','','','Y','','D2-2','2','');
insert into column_val (xmlid, col_xmlid, dataname, col_seq, colname, colcnname, datatype, length, precision_val, party_seq, isprimarykey, isnullable, remark, filed_type_child, sensitive_level, policyid) values ('TM_PRDCT_BUSI_HANDLE_D_CZ','TM_PRDCT_BUSI_HANDLE_D_CZ_20170917','TM_PRDCT_BUSI_HANDLE_D_CZ','17','MENU_ID','菜单ID','STRING','','','','','Y','','D2-2','2','');
insert into column_val (xmlid, col_xmlid, dataname, col_seq, colname, colcnname, datatype, length, precision_val, party_seq, isprimarykey, isnullable, remark, filed_type_child, sensitive_level, policyid) values ('TM_PRDCT_BUSI_HANDLE_D_CZ','TM_PRDCT_BUSI_HANDLE_D_CZ_20170918','TM_PRDCT_BUSI_HANDLE_D_CZ','18','IN_SYSTEM','接入系统','STRING','','','','','Y','','D2-2','2','');
insert into column_val (xmlid, col_xmlid, dataname, col_seq, colname, colcnname, datatype, length, precision_val, party_seq, isprimarykey, isnullable, remark, filed_type_child, sensitive_level, policyid) values ('TM_PRDCT_BUSI_HANDLE_D_CZ','TM_PRDCT_BUSI_HANDLE_D_CZ_20170919','TM_PRDCT_BUSI_HANDLE_D_CZ','19','ORDER_ID','订单编号','STRING','','','','','Y','','D2-2','2','');
insert into column_val (xmlid, col_xmlid, dataname, col_seq, colname, colcnname, datatype, length, precision_val, party_seq, isprimarykey, isnullable, remark, filed_type_child, sensitive_level, policyid) values ('TM_PRDCT_BUSI_HANDLE_D_CZ','TM_PRDCT_BUSI_HANDLE_D_CZ_20170920','TM_PRDCT_BUSI_HANDLE_D_CZ','20','month','月份','INT','','','1','','N','','','','');
insert into column_val (xmlid, col_xmlid, dataname, col_seq, colname, colcnname, datatype, length, precision_val, party_seq, isprimarykey, isnullable, remark, filed_type_child, sensitive_level, policyid) values ('TM_PRDCT_BUSI_HANDLE_D_CZ','TM_PRDCT_BUSI_HANDLE_D_CZ_20170921','TM_PRDCT_BUSI_HANDLE_D_CZ','21','day','日期','INT','','','2','','N','','','','');

insert into tablefile (xmlid, dbname, dataname, datacnname, state, cycletype, topiccode, extend_cfg, rightlevel, creater, curdutyer, eff_date, state_date, team_code, open_state, remark) values ('TM_PRDCT_BUSI_HANDLE_D_JY','DAY','TM_PRDCT_BUSI_HANDLE_D_JY','DM_产品业务办理宽表','NEW','day','LAYERY_YMRKT','{"EXTERNAL":"y","LOCATION":"/tenant/BIGDATA/JCFW/BZMX/DAY/DM/TM_PRDCT_BUSI_HANDLE_D/branch=JY","FILEFORMAT":"PARQUET","DELIMITER":"\001"}','其他','谢英俊','谢英俊', TIMESTAMP '0008-02-17 12:00:00', TIMESTAMP '0008-02-17 12:00:00','5875519a-8ee1-4eb7-825b-ef1135513f02','','应用层-市场业务');
insert into column_val (xmlid, col_xmlid, dataname, col_seq, colname, colcnname, datatype, length, precision_val, party_seq, isprimarykey, isnullable, remark, filed_type_child, sensitive_level, policyid) values ('TM_PRDCT_BUSI_HANDLE_D_JY','TM_PRDCT_BUSI_HANDLE_D_JY_2017091','TM_PRDCT_BUSI_HANDLE_D_JY','1','STAT_DT','日期','INT','','','','','N','','D2-2','2','');
insert into column_val (xmlid, col_xmlid, dataname, col_seq, colname, colcnname, datatype, length, precision_val, party_seq, isprimarykey, isnullable, remark, filed_type_child, sensitive_level, policyid) values ('TM_PRDCT_BUSI_HANDLE_D_JY','TM_PRDCT_BUSI_HANDLE_D_JY_2017092','TM_PRDCT_BUSI_HANDLE_D_JY','2','CMCC_BRANCH_CD','地市编码','STRING','','','','','N','','D2-2','2','');
insert into column_val (xmlid, col_xmlid, dataname, col_seq, colname, colcnname, datatype, length, precision_val, party_seq, isprimarykey, isnullable, remark, filed_type_child, sensitive_level, policyid) values ('TM_PRDCT_BUSI_HANDLE_D_JY','TM_PRDCT_BUSI_HANDLE_D_JY_2017093','TM_PRDCT_BUSI_HANDLE_D_JY','3','DIST_ID','区块编码','STRING','','','','','Y','匹配不到记“-”','D2-2','2','');
insert into column_val (xmlid, col_xmlid, dataname, col_seq, colname, colcnname, datatype, length, precision_val, party_seq, isprimarykey, isnullable, remark, filed_type_child, sensitive_level, policyid) values ('TM_PRDCT_BUSI_HANDLE_D_JY','TM_PRDCT_BUSI_HANDLE_D_JY_2017094','TM_PRDCT_BUSI_HANDLE_D_JY','4','MICRODIST_ID','微区块编码','STRING','','','','','Y','匹配不到记“-”','D2-2','2','');
insert into column_val (xmlid, col_xmlid, dataname, col_seq, colname, colcnname, datatype, length, precision_val, party_seq, isprimarykey, isnullable, remark, filed_type_child, sensitive_level, policyid) values ('TM_PRDCT_BUSI_HANDLE_D_JY','TM_PRDCT_BUSI_HANDLE_D_JY_2017095','TM_PRDCT_BUSI_HANDLE_D_JY','5','BUSI_USR_NBR','渠道经理','STRING','','','','','Y','目前只有社会渠道有，取业务手机号码。社会渠道匹配不到记“-”，其他非社会渠道记999999','D2-2','2','');
insert into column_val (xmlid, col_xmlid, dataname, col_seq, colname, colcnname, datatype, length, precision_val, party_seq, isprimarykey, isnullable, remark, filed_type_child, sensitive_level, policyid) values ('TM_PRDCT_BUSI_HANDLE_D_JY','TM_PRDCT_BUSI_HANDLE_D_JY_2017096','TM_PRDCT_BUSI_HANDLE_D_JY','6','CHNL_STAR_LVL3_IND','是否三星级及以上渠道','STRING','','','','','Y','取值含义：0 否 1 是 999999 非CMOP有的渠道
（包括三星级及以上星级社会渠道、商圈社会渠道、自有渠道、引入合作商、带店加盟。）','D2-2','2','');
insert into column_val (xmlid, col_xmlid, dataname, col_seq, colname, colcnname, datatype, length, precision_val, party_seq, isprimarykey, isnullable, remark, filed_type_child, sensitive_level, policyid) values ('TM_PRDCT_BUSI_HANDLE_D_JY','TM_PRDCT_BUSI_HANDLE_D_JY_2017097','TM_PRDCT_BUSI_HANDLE_D_JY','7','CHNL_CD','渠道编码','STRING','','','','','Y','匹配不到记“-”','D2-2','2','');
insert into column_val (xmlid, col_xmlid, dataname, col_seq, colname, colcnname, datatype, length, precision_val, party_seq, isprimarykey, isnullable, remark, filed_type_child, sensitive_level, policyid) values ('TM_PRDCT_BUSI_HANDLE_D_JY','TM_PRDCT_BUSI_HANDLE_D_JY_2017098','TM_PRDCT_BUSI_HANDLE_D_JY','8','CHNL_STS_CD','渠道状态','STRING','','','','','Y','按CMOP的渠道状态，如非CMOP有的渠道记999999。','D2-2','2','');
insert into column_val (xmlid, col_xmlid, dataname, col_seq, colname, colcnname, datatype, length, precision_val, party_seq, isprimarykey, isnullable, remark, filed_type_child, sensitive_level, policyid) values ('TM_PRDCT_BUSI_HANDLE_D_JY','TM_PRDCT_BUSI_HANDLE_D_JY_2017099','TM_PRDCT_BUSI_HANDLE_D_JY','9','ACCEPT_OPR_ID','工号编码','STRING','','','','','Y','','D2-2','2','');
insert into column_val (xmlid, col_xmlid, dataname, col_seq, colname, colcnname, datatype, length, precision_val, party_seq, isprimarykey, isnullable, remark, filed_type_child, sensitive_level, policyid) values ('TM_PRDCT_BUSI_HANDLE_D_JY','TM_PRDCT_BUSI_HANDLE_D_JY_20170910','TM_PRDCT_BUSI_HANDLE_D_JY','10','BUSI_ACCEPT_NBR','受理号码','STRING','','','','','Y','','D2-2','2','PID_all');
insert into column_val (xmlid, col_xmlid, dataname, col_seq, colname, colcnname, datatype, length, precision_val, party_seq, isprimarykey, isnullable, remark, filed_type_child, sensitive_level, policyid) values ('TM_PRDCT_BUSI_HANDLE_D_JY','TM_PRDCT_BUSI_HANDLE_D_JY_20170911','TM_PRDCT_BUSI_HANDLE_D_JY','11','ACCEPT_DT','受理日期','INT','','','','','Y','','D2-2','2','');
insert into column_val (xmlid, col_xmlid, dataname, col_seq, colname, colcnname, datatype, length, precision_val, party_seq, isprimarykey, isnullable, remark, filed_type_child, sensitive_level, policyid) values ('TM_PRDCT_BUSI_HANDLE_D_JY','TM_PRDCT_BUSI_HANDLE_D_JY_20170912','TM_PRDCT_BUSI_HANDLE_D_JY','12','ACCEPT_TIM','受理时间','STRING','','','','','Y','','D2-2','2','');
insert into column_val (xmlid, col_xmlid, dataname, col_seq, colname, colcnname, datatype, length, precision_val, party_seq, isprimarykey, isnullable, remark, filed_type_child, sensitive_level, policyid) values ('TM_PRDCT_BUSI_HANDLE_D_JY','TM_PRDCT_BUSI_HANDLE_D_JY_20170913','TM_PRDCT_BUSI_HANDLE_D_JY','13','BASS_PRDCT_CD','产品ID','STRING','','','','','Y','','D2-2','2','');
insert into column_val (xmlid, col_xmlid, dataname, col_seq, colname, colcnname, datatype, length, precision_val, party_seq, isprimarykey, isnullable, remark, filed_type_child, sensitive_level, policyid) values ('TM_PRDCT_BUSI_HANDLE_D_JY','TM_PRDCT_BUSI_HANDLE_D_JY_20170914','TM_PRDCT_BUSI_HANDLE_D_JY','14','BASS_PRDCT_NAM','产品名称','STRING','','','','','Y','','D2-2','2','');
insert into column_val (xmlid, col_xmlid, dataname, col_seq, colname, colcnname, datatype, length, precision_val, party_seq, isprimarykey, isnullable, remark, filed_type_child, sensitive_level, policyid) values ('TM_PRDCT_BUSI_HANDLE_D_JY','TM_PRDCT_BUSI_HANDLE_D_JY_20170915','TM_PRDCT_BUSI_HANDLE_D_JY','15','OPR_TYP','产品操作类型','STRING','','','','','Y','取值含义：
N 开通
M 变更','D2-2','2','');
insert into column_val (xmlid, col_xmlid, dataname, col_seq, colname, colcnname, datatype, length, precision_val, party_seq, isprimarykey, isnullable, remark, filed_type_child, sensitive_level, policyid) values ('TM_PRDCT_BUSI_HANDLE_D_JY','TM_PRDCT_BUSI_HANDLE_D_JY_20170916','TM_PRDCT_BUSI_HANDLE_D_JY','16','WORKF_TYP_CD','工单业务类型编码','STRING','','','','','Y','','D2-2','2','');
insert into column_val (xmlid, col_xmlid, dataname, col_seq, colname, colcnname, datatype, length, precision_val, party_seq, isprimarykey, isnullable, remark, filed_type_child, sensitive_level, policyid) values ('TM_PRDCT_BUSI_HANDLE_D_JY','TM_PRDCT_BUSI_HANDLE_D_JY_20170917','TM_PRDCT_BUSI_HANDLE_D_JY','17','MENU_ID','菜单ID','STRING','','','','','Y','','D2-2','2','');
insert into column_val (xmlid, col_xmlid, dataname, col_seq, colname, colcnname, datatype, length, precision_val, party_seq, isprimarykey, isnullable, remark, filed_type_child, sensitive_level, policyid) values ('TM_PRDCT_BUSI_HANDLE_D_JY','TM_PRDCT_BUSI_HANDLE_D_JY_20170918','TM_PRDCT_BUSI_HANDLE_D_JY','18','IN_SYSTEM','接入系统','STRING','','','','','Y','','D2-2','2','');
insert into column_val (xmlid, col_xmlid, dataname, col_seq, colname, colcnname, datatype, length, precision_val, party_seq, isprimarykey, isnullable, remark, filed_type_child, sensitive_level, policyid) values ('TM_PRDCT_BUSI_HANDLE_D_JY','TM_PRDCT_BUSI_HANDLE_D_JY_20170919','TM_PRDCT_BUSI_HANDLE_D_JY','19','ORDER_ID','订单编号','STRING','','','','','Y','','D2-2','2','');
insert into column_val (xmlid, col_xmlid, dataname, col_seq, colname, colcnname, datatype, length, precision_val, party_seq, isprimarykey, isnullable, remark, filed_type_child, sensitive_level, policyid) values ('TM_PRDCT_BUSI_HANDLE_D_JY','TM_PRDCT_BUSI_HANDLE_D_JY_20170920','TM_PRDCT_BUSI_HANDLE_D_JY','20','month','月份','INT','','','1','','N','','','','');
insert into column_val (xmlid, col_xmlid, dataname, col_seq, colname, colcnname, datatype, length, precision_val, party_seq, isprimarykey, isnullable, remark, filed_type_child, sensitive_level, policyid) values ('TM_PRDCT_BUSI_HANDLE_D_JY','TM_PRDCT_BUSI_HANDLE_D_JY_20170921','TM_PRDCT_BUSI_HANDLE_D_JY','21','day','日期','INT','','','2','','N','','','','');

insert into tablefile (xmlid, dbname, dataname, datacnname, state, cycletype, topiccode, extend_cfg, rightlevel, creater, curdutyer, eff_date, state_date, team_code, open_state, remark) values ('TM_PRDCT_BUSI_HANDLE_D_YF','DAY','TM_PRDCT_BUSI_HANDLE_D_YF','DM_产品业务办理宽表','NEW','day','LAYERY_YMRKT','{"EXTERNAL":"y","LOCATION":"/tenant/BIGDATA/JCFW/BZMX/DAY/DM/TM_PRDCT_BUSI_HANDLE_D/branch=YF","FILEFORMAT":"PARQUET","DELIMITER":"\001"}','其他','谢英俊','谢英俊', TIMESTAMP '0008-02-17 12:00:00', TIMESTAMP '0008-02-17 12:00:00','5875519a-8ee1-4eb7-825b-ef1135513f02','','应用层-市场业务');
insert into column_val (xmlid, col_xmlid, dataname, col_seq, colname, colcnname, datatype, length, precision_val, party_seq, isprimarykey, isnullable, remark, filed_type_child, sensitive_level, policyid) values ('TM_PRDCT_BUSI_HANDLE_D_YF','TM_PRDCT_BUSI_HANDLE_D_YF_2017091','TM_PRDCT_BUSI_HANDLE_D_YF','1','STAT_DT','日期','INT','','','','','N','','D2-2','2','');
insert into column_val (xmlid, col_xmlid, dataname, col_seq, colname, colcnname, datatype, length, precision_val, party_seq, isprimarykey, isnullable, remark, filed_type_child, sensitive_level, policyid) values ('TM_PRDCT_BUSI_HANDLE_D_YF','TM_PRDCT_BUSI_HANDLE_D_YF_2017092','TM_PRDCT_BUSI_HANDLE_D_YF','2','CMCC_BRANCH_CD','地市编码','STRING','','','','','N','','D2-2','2','');
insert into column_val (xmlid, col_xmlid, dataname, col_seq, colname, colcnname, datatype, length, precision_val, party_seq, isprimarykey, isnullable, remark, filed_type_child, sensitive_level, policyid) values ('TM_PRDCT_BUSI_HANDLE_D_YF','TM_PRDCT_BUSI_HANDLE_D_YF_2017093','TM_PRDCT_BUSI_HANDLE_D_YF','3','DIST_ID','区块编码','STRING','','','','','Y','匹配不到记“-”','D2-2','2','');
insert into column_val (xmlid, col_xmlid, dataname, col_seq, colname, colcnname, datatype, length, precision_val, party_seq, isprimarykey, isnullable, remark, filed_type_child, sensitive_level, policyid) values ('TM_PRDCT_BUSI_HANDLE_D_YF','TM_PRDCT_BUSI_HANDLE_D_YF_2017094','TM_PRDCT_BUSI_HANDLE_D_YF','4','MICRODIST_ID','微区块编码','STRING','','','','','Y','匹配不到记“-”','D2-2','2','');
insert into column_val (xmlid, col_xmlid, dataname, col_seq, colname, colcnname, datatype, length, precision_val, party_seq, isprimarykey, isnullable, remark, filed_type_child, sensitive_level, policyid) values ('TM_PRDCT_BUSI_HANDLE_D_YF','TM_PRDCT_BUSI_HANDLE_D_YF_2017095','TM_PRDCT_BUSI_HANDLE_D_YF','5','BUSI_USR_NBR','渠道经理','STRING','','','','','Y','目前只有社会渠道有，取业务手机号码。社会渠道匹配不到记“-”，其他非社会渠道记999999','D2-2','2','');
insert into column_val (xmlid, col_xmlid, dataname, col_seq, colname, colcnname, datatype, length, precision_val, party_seq, isprimarykey, isnullable, remark, filed_type_child, sensitive_level, policyid) values ('TM_PRDCT_BUSI_HANDLE_D_YF','TM_PRDCT_BUSI_HANDLE_D_YF_2017096','TM_PRDCT_BUSI_HANDLE_D_YF','6','CHNL_STAR_LVL3_IND','是否三星级及以上渠道','STRING','','','','','Y','取值含义：0 否 1 是 999999 非CMOP有的渠道
（包括三星级及以上星级社会渠道、商圈社会渠道、自有渠道、引入合作商、带店加盟。）','D2-2','2','');
insert into column_val (xmlid, col_xmlid, dataname, col_seq, colname, colcnname, datatype, length, precision_val, party_seq, isprimarykey, isnullable, remark, filed_type_child, sensitive_level, policyid) values ('TM_PRDCT_BUSI_HANDLE_D_YF','TM_PRDCT_BUSI_HANDLE_D_YF_2017097','TM_PRDCT_BUSI_HANDLE_D_YF','7','CHNL_CD','渠道编码','STRING','','','','','Y','匹配不到记“-”','D2-2','2','');
insert into column_val (xmlid, col_xmlid, dataname, col_seq, colname, colcnname, datatype, length, precision_val, party_seq, isprimarykey, isnullable, remark, filed_type_child, sensitive_level, policyid) values ('TM_PRDCT_BUSI_HANDLE_D_YF','TM_PRDCT_BUSI_HANDLE_D_YF_2017098','TM_PRDCT_BUSI_HANDLE_D_YF','8','CHNL_STS_CD','渠道状态','STRING','','','','','Y','按CMOP的渠道状态，如非CMOP有的渠道记999999。','D2-2','2','');
insert into column_val (xmlid, col_xmlid, dataname, col_seq, colname, colcnname, datatype, length, precision_val, party_seq, isprimarykey, isnullable, remark, filed_type_child, sensitive_level, policyid) values ('TM_PRDCT_BUSI_HANDLE_D_YF','TM_PRDCT_BUSI_HANDLE_D_YF_2017099','TM_PRDCT_BUSI_HANDLE_D_YF','9','ACCEPT_OPR_ID','工号编码','STRING','','','','','Y','','D2-2','2','');
insert into column_val (xmlid, col_xmlid, dataname, col_seq, colname, colcnname, datatype, length, precision_val, party_seq, isprimarykey, isnullable, remark, filed_type_child, sensitive_level, policyid) values ('TM_PRDCT_BUSI_HANDLE_D_YF','TM_PRDCT_BUSI_HANDLE_D_YF_20170910','TM_PRDCT_BUSI_HANDLE_D_YF','10','BUSI_ACCEPT_NBR','受理号码','STRING','','','','','Y','','D2-2','2','PID_all');
insert into column_val (xmlid, col_xmlid, dataname, col_seq, colname, colcnname, datatype, length, precision_val, party_seq, isprimarykey, isnullable, remark, filed_type_child, sensitive_level, policyid) values ('TM_PRDCT_BUSI_HANDLE_D_YF','TM_PRDCT_BUSI_HANDLE_D_YF_20170911','TM_PRDCT_BUSI_HANDLE_D_YF','11','ACCEPT_DT','受理日期','INT','','','','','Y','','D2-2','2','');
insert into column_val (xmlid, col_xmlid, dataname, col_seq, colname, colcnname, datatype, length, precision_val, party_seq, isprimarykey, isnullable, remark, filed_type_child, sensitive_level, policyid) values ('TM_PRDCT_BUSI_HANDLE_D_YF','TM_PRDCT_BUSI_HANDLE_D_YF_20170912','TM_PRDCT_BUSI_HANDLE_D_YF','12','ACCEPT_TIM','受理时间','STRING','','','','','Y','','D2-2','2','');
insert into column_val (xmlid, col_xmlid, dataname, col_seq, colname, colcnname, datatype, length, precision_val, party_seq, isprimarykey, isnullable, remark, filed_type_child, sensitive_level, policyid) values ('TM_PRDCT_BUSI_HANDLE_D_YF','TM_PRDCT_BUSI_HANDLE_D_YF_20170913','TM_PRDCT_BUSI_HANDLE_D_YF','13','BASS_PRDCT_CD','产品ID','STRING','','','','','Y','','D2-2','2','');
insert into column_val (xmlid, col_xmlid, dataname, col_seq, colname, colcnname, datatype, length, precision_val, party_seq, isprimarykey, isnullable, remark, filed_type_child, sensitive_level, policyid) values ('TM_PRDCT_BUSI_HANDLE_D_YF','TM_PRDCT_BUSI_HANDLE_D_YF_20170914','TM_PRDCT_BUSI_HANDLE_D_YF','14','BASS_PRDCT_NAM','产品名称','STRING','','','','','Y','','D2-2','2','');
insert into column_val (xmlid, col_xmlid, dataname, col_seq, colname, colcnname, datatype, length, precision_val, party_seq, isprimarykey, isnullable, remark, filed_type_child, sensitive_level, policyid) values ('TM_PRDCT_BUSI_HANDLE_D_YF','TM_PRDCT_BUSI_HANDLE_D_YF_20170915','TM_PRDCT_BUSI_HANDLE_D_YF','15','OPR_TYP','产品操作类型','STRING','','','','','Y','取值含义：
N 开通
M 变更','D2-2','2','');
insert into column_val (xmlid, col_xmlid, dataname, col_seq, colname, colcnname, datatype, length, precision_val, party_seq, isprimarykey, isnullable, remark, filed_type_child, sensitive_level, policyid) values ('TM_PRDCT_BUSI_HANDLE_D_YF','TM_PRDCT_BUSI_HANDLE_D_YF_20170916','TM_PRDCT_BUSI_HANDLE_D_YF','16','WORKF_TYP_CD','工单业务类型编码','STRING','','','','','Y','','D2-2','2','');
insert into column_val (xmlid, col_xmlid, dataname, col_seq, colname, colcnname, datatype, length, precision_val, party_seq, isprimarykey, isnullable, remark, filed_type_child, sensitive_level, policyid) values ('TM_PRDCT_BUSI_HANDLE_D_YF','TM_PRDCT_BUSI_HANDLE_D_YF_20170917','TM_PRDCT_BUSI_HANDLE_D_YF','17','MENU_ID','菜单ID','STRING','','','','','Y','','D2-2','2','');
insert into column_val (xmlid, col_xmlid, dataname, col_seq, colname, colcnname, datatype, length, precision_val, party_seq, isprimarykey, isnullable, remark, filed_type_child, sensitive_level, policyid) values ('TM_PRDCT_BUSI_HANDLE_D_YF','TM_PRDCT_BUSI_HANDLE_D_YF_20170918','TM_PRDCT_BUSI_HANDLE_D_YF','18','IN_SYSTEM','接入系统','STRING','','','','','Y','','D2-2','2','');
insert into column_val (xmlid, col_xmlid, dataname, col_seq, colname, colcnname, datatype, length, precision_val, party_seq, isprimarykey, isnullable, remark, filed_type_child, sensitive_level, policyid) values ('TM_PRDCT_BUSI_HANDLE_D_YF','TM_PRDCT_BUSI_HANDLE_D_YF_20170919','TM_PRDCT_BUSI_HANDLE_D_YF','19','ORDER_ID','订单编号','STRING','','','','','Y','','D2-2','2','');
insert into column_val (xmlid, col_xmlid, dataname, col_seq, colname, colcnname, datatype, length, precision_val, party_seq, isprimarykey, isnullable, remark, filed_type_child, sensitive_level, policyid) values ('TM_PRDCT_BUSI_HANDLE_D_YF','TM_PRDCT_BUSI_HANDLE_D_YF_20170920','TM_PRDCT_BUSI_HANDLE_D_YF','20','month','月份','INT','','','1','','N','','','','');
insert into column_val (xmlid, col_xmlid, dataname, col_seq, colname, colcnname, datatype, length, precision_val, party_seq, isprimarykey, isnullable, remark, filed_type_child, sensitive_level, policyid) values ('TM_PRDCT_BUSI_HANDLE_D_YF','TM_PRDCT_BUSI_HANDLE_D_YF_20170921','TM_PRDCT_BUSI_HANDLE_D_YF','21','day','日期','INT','','','2','','N','','','','');

insert into tablefile (xmlid, dbname, dataname, datacnname, state, cycletype, topiccode, extend_cfg, rightlevel, creater, curdutyer, eff_date, state_date, team_code, open_state, remark) values ('TO_R_ADDR_INF_D_GZ','BD_B','TO_R_ADDR_INF_D_GZ','ODS_标准地址日全量','NEW','day','LAYERI_IRES','{"EXTERNAL":"y","LOCATION":"/tenant/BIGDATA/JCFW/JRCL/BD_B/ODS/TO_R_ADDR_INF_D/branch=GZ","FILEFORMAT":"PARQUET","DELIMITER":"&"}','其他','谢英俊','谢英俊', TIMESTAMP '0006-10-17 12:00:00', TIMESTAMP '0006-10-17 12:00:00','f2999fd5-c34e-402e-9b28-fec9fca13044','','基础层-资源主题域');
insert into column_val (xmlid, col_xmlid, dataname, col_seq, colname, colcnname, datatype, length, precision_val, party_seq, isprimarykey, isnullable, remark, filed_type_child, sensitive_level, policyid) values ('TO_R_ADDR_INF_D_GZ','TO_R_ADDR_INF_D_GZ_2017091','TO_R_ADDR_INF_D_GZ','1','ADDR_ID','地址ID','INT','','','','1','N','32596718','C1-4','3','');
insert into column_val (xmlid, col_xmlid, dataname, col_seq, colname, colcnname, datatype, length, precision_val, party_seq, isprimarykey, isnullable, remark, filed_type_child, sensitive_level, policyid) values ('TO_R_ADDR_INF_D_GZ','TO_R_ADDR_INF_D_GZ_2017092','TO_R_ADDR_INF_D_GZ','2','ADDR_NAM','本级地址名称','STRING','','','','','Y','197号','C1-4','3','');
insert into column_val (xmlid, col_xmlid, dataname, col_seq, colname, colcnname, datatype, length, precision_val, party_seq, isprimarykey, isnullable, remark, filed_type_child, sensitive_level, policyid) values ('TO_R_ADDR_INF_D_GZ','TO_R_ADDR_INF_D_GZ_2017093','TO_R_ADDR_INF_D_GZ','3','GRADE','地址级别','INT','','','','','Y','4','C1-4','3','');
insert into column_val (xmlid, col_xmlid, dataname, col_seq, colname, colcnname, datatype, length, precision_val, party_seq, isprimarykey, isnullable, remark, filed_type_child, sensitive_level, policyid) values ('TO_R_ADDR_INF_D_GZ','TO_R_ADDR_INF_D_GZ_2017094','TO_R_ADDR_INF_D_GZ','4','JP','　JP','STRING','','','','','Y','','C1-4','3','');
insert into column_val (xmlid, col_xmlid, dataname, col_seq, colname, colcnname, datatype, length, precision_val, party_seq, isprimarykey, isnullable, remark, filed_type_child, sensitive_level, policyid) values ('TO_R_ADDR_INF_D_GZ','TO_R_ADDR_INF_D_GZ_2017095','TO_R_ADDR_INF_D_GZ','5','WB','　WB','STRING','','','','','Y','','C1-4','3','');
insert into column_val (xmlid, col_xmlid, dataname, col_seq, colname, colcnname, datatype, length, precision_val, party_seq, isprimarykey, isnullable, remark, filed_type_child, sensitive_level, policyid) values ('TO_R_ADDR_INF_D_GZ','TO_R_ADDR_INF_D_GZ_2017096','TO_R_ADDR_INF_D_GZ','6','SUPER_ID','父级地址ID','INT','','','','','Y','1255656','C1-4','3','');
insert into column_val (xmlid, col_xmlid, dataname, col_seq, colname, colcnname, datatype, length, precision_val, party_seq, isprimarykey, isnullable, remark, filed_type_child, sensitive_level, policyid) values ('TO_R_ADDR_INF_D_GZ','TO_R_ADDR_INF_D_GZ_2017097','TO_R_ADDR_INF_D_GZ','7','ALIAS_ADDR','地址别名','STRING','','','','','Y','','C1-4','3','');
insert into column_val (xmlid, col_xmlid, dataname, col_seq, colname, colcnname, datatype, length, precision_val, party_seq, isprimarykey, isnullable, remark, filed_type_child, sensitive_level, policyid) values ('TO_R_ADDR_INF_D_GZ','TO_R_ADDR_INF_D_GZ_2017098','TO_R_ADDR_INF_D_GZ','8','OLD_ADDR','旧地址','INT','','','','','Y','','C1-4','3','');
insert into column_val (xmlid, col_xmlid, dataname, col_seq, colname, colcnname, datatype, length, precision_val, party_seq, isprimarykey, isnullable, remark, filed_type_child, sensitive_level, policyid) values ('TO_R_ADDR_INF_D_GZ','TO_R_ADDR_INF_D_GZ_2017099','TO_R_ADDR_INF_D_GZ','9','IS_CONFIRM','是否有效','INT','','','','','Y','1','C1-4','3','');
insert into column_val (xmlid, col_xmlid, dataname, col_seq, colname, colcnname, datatype, length, precision_val, party_seq, isprimarykey, isnullable, remark, filed_type_child, sensitive_level, policyid) values ('TO_R_ADDR_INF_D_GZ','TO_R_ADDR_INF_D_GZ_20170910','TO_R_ADDR_INF_D_GZ','10','ADDR','地址全称','STRING','','','','','Y','广州市越秀区站前路197号','C1-4','3','');
insert into column_val (xmlid, col_xmlid, dataname, col_seq, colname, colcnname, datatype, length, precision_val, party_seq, isprimarykey, isnullable, remark, filed_type_child, sensitive_level, policyid) values ('TO_R_ADDR_INF_D_GZ','TO_R_ADDR_INF_D_GZ_20170911','TO_R_ADDR_INF_D_GZ','11','ADDR_PY','ADDR_PY','STRING','','','','','Y','','C1-4','3','');
insert into column_val (xmlid, col_xmlid, dataname, col_seq, colname, colcnname, datatype, length, precision_val, party_seq, isprimarykey, isnullable, remark, filed_type_child, sensitive_level, policyid) values ('TO_R_ADDR_INF_D_GZ','TO_R_ADDR_INF_D_GZ_20170912','TO_R_ADDR_INF_D_GZ','12','ALIAS_ADDR_PY','ALIAS_ADDR_PY','STRING','','','','','Y','','C1-4','3','');
insert into column_val (xmlid, col_xmlid, dataname, col_seq, colname, colcnname, datatype, length, precision_val, party_seq, isprimarykey, isnullable, remark, filed_type_child, sensitive_level, policyid) values ('TO_R_ADDR_INF_D_GZ','TO_R_ADDR_INF_D_GZ_20170913','TO_R_ADDR_INF_D_GZ','13','CONFIRM_DATE','有效日期','STRING','','','','','Y','','C1-4','3','');
insert into column_val (xmlid, col_xmlid, dataname, col_seq, colname, colcnname, datatype, length, precision_val, party_seq, isprimarykey, isnullable, remark, filed_type_child, sensitive_level, policyid) values ('TO_R_ADDR_INF_D_GZ','TO_R_ADDR_INF_D_GZ_20170914','TO_R_ADDR_INF_D_GZ','14','CONFIRM_DATE2','有效日期2','STRING','','','','','Y','','C1-4','3','');
insert into column_val (xmlid, col_xmlid, dataname, col_seq, colname, colcnname, datatype, length, precision_val, party_seq, isprimarykey, isnullable, remark, filed_type_child, sensitive_level, policyid) values ('TO_R_ADDR_INF_D_GZ','TO_R_ADDR_INF_D_GZ_20170915','TO_R_ADDR_INF_D_GZ','15','AMEND','整理状态','SMALLINT','','','','','Y','(0,未整理;1,已整理)','C1-4','3','');
insert into column_val (xmlid, col_xmlid, dataname, col_seq, colname, colcnname, datatype, length, precision_val, party_seq, isprimarykey, isnullable, remark, filed_type_child, sensitive_level, policyid) values ('TO_R_ADDR_INF_D_GZ','TO_R_ADDR_INF_D_GZ_20170916','TO_R_ADDR_INF_D_GZ','16','RECDATE','受理时间','STRING','','','','','Y','','C1-4','3','');
insert into column_val (xmlid, col_xmlid, dataname, col_seq, colname, colcnname, datatype, length, precision_val, party_seq, isprimarykey, isnullable, remark, filed_type_child, sensitive_level, policyid) values ('TO_R_ADDR_INF_D_GZ','TO_R_ADDR_INF_D_GZ_20170917','TO_R_ADDR_INF_D_GZ','17','SUBDEP_NAME','SUBDEPNAME','STRING','','','','','Y','','C1-4','3','');
insert into column_val (xmlid, col_xmlid, dataname, col_seq, colname, colcnname, datatype, length, precision_val, party_seq, isprimarykey, isnullable, remark, filed_type_child, sensitive_level, policyid) values ('TO_R_ADDR_INF_D_GZ','TO_R_ADDR_INF_D_GZ_20170918','TO_R_ADDR_INF_D_GZ','18','SYSFLAG','SYSFLAG','SMALLINT','','','','','Y','','C1-4','3','');
insert into column_val (xmlid, col_xmlid, dataname, col_seq, colname, colcnname, datatype, length, precision_val, party_seq, isprimarykey, isnullable, remark, filed_type_child, sensitive_level, policyid) values ('TO_R_ADDR_INF_D_GZ','TO_R_ADDR_INF_D_GZ_20170919','TO_R_ADDR_INF_D_GZ','19','POSTNUMBER','邮政编码','STRING','','','','','Y','','C1-4','3','');
insert into column_val (xmlid, col_xmlid, dataname, col_seq, colname, colcnname, datatype, length, precision_val, party_seq, isprimarykey, isnullable, remark, filed_type_child, sensitive_level, policyid) values ('TO_R_ADDR_INF_D_GZ','TO_R_ADDR_INF_D_GZ_20170920','TO_R_ADDR_INF_D_GZ','20','STYPE','STYPE','STRING','','','','','Y','','C1-4','3','');
insert into column_val (xmlid, col_xmlid, dataname, col_seq, colname, colcnname, datatype, length, precision_val, party_seq, isprimarykey, isnullable, remark, filed_type_child, sensitive_level, policyid) values ('TO_R_ADDR_INF_D_GZ','TO_R_ADDR_INF_D_GZ_20170921','TO_R_ADDR_INF_D_GZ','21','NUM','NUM','STRING','','','','','Y','','C1-4','3','');
insert into column_val (xmlid, col_xmlid, dataname, col_seq, colname, colcnname, datatype, length, precision_val, party_seq, isprimarykey, isnullable, remark, filed_type_child, sensitive_level, policyid) values ('TO_R_ADDR_INF_D_GZ','TO_R_ADDR_INF_D_GZ_20170922','TO_R_ADDR_INF_D_GZ','22','TAG','TAG','INT','','','','','Y','','C1-4','3','');
insert into column_val (xmlid, col_xmlid, dataname, col_seq, colname, colcnname, datatype, length, precision_val, party_seq, isprimarykey, isnullable, remark, filed_type_child, sensitive_level, policyid) values ('TO_R_ADDR_INF_D_GZ','TO_R_ADDR_INF_D_GZ_20170923','TO_R_ADDR_INF_D_GZ','23','IBSS_ADDR_ID','IBSSADDRID','INT','','','','','Y','','C1-4','3','');
insert into column_val (xmlid, col_xmlid, dataname, col_seq, colname, colcnname, datatype, length, precision_val, party_seq, isprimarykey, isnullable, remark, filed_type_child, sensitive_level, policyid) values ('TO_R_ADDR_INF_D_GZ','TO_R_ADDR_INF_D_GZ_20170924','TO_R_ADDR_INF_D_GZ','24','IBSEND','IBSEND','INT','','','','','Y','','C1-4','3','');
insert into column_val (xmlid, col_xmlid, dataname, col_seq, colname, colcnname, datatype, length, precision_val, party_seq, isprimarykey, isnullable, remark, filed_type_child, sensitive_level, policyid) values ('TO_R_ADDR_INF_D_GZ','TO_R_ADDR_INF_D_GZ_20170925','TO_R_ADDR_INF_D_GZ','25','OLD_PARENTID','OLD_PARENTID','INT','','','','','Y','','C1-4','3','');
insert into column_val (xmlid, col_xmlid, dataname, col_seq, colname, colcnname, datatype, length, precision_val, party_seq, isprimarykey, isnullable, remark, filed_type_child, sensitive_level, policyid) values ('TO_R_ADDR_INF_D_GZ','TO_R_ADDR_INF_D_GZ_20170926','TO_R_ADDR_INF_D_GZ','26','SPLIT_FLAGC','SPLIT_FLAGC','INT','','','','','Y','','C1-4','3','');
insert into column_val (xmlid, col_xmlid, dataname, col_seq, colname, colcnname, datatype, length, precision_val, party_seq, isprimarykey, isnullable, remark, filed_type_child, sensitive_level, policyid) values ('TO_R_ADDR_INF_D_GZ','TO_R_ADDR_INF_D_GZ_20170927','TO_R_ADDR_INF_D_GZ','27','SPLIT_FLAG','SPLIT_FLAG','INT','','','','','Y','','C1-4','3','');
insert into column_val (xmlid, col_xmlid, dataname, col_seq, colname, colcnname, datatype, length, precision_val, party_seq, isprimarykey, isnullable, remark, filed_type_child, sensitive_level, policyid) values ('TO_R_ADDR_INF_D_GZ','TO_R_ADDR_INF_D_GZ_20170928','TO_R_ADDR_INF_D_GZ','28','ADDRTYPE','ADDRTYPE','INT','','','','','Y','','C1-4','3','');
insert into column_val (xmlid, col_xmlid, dataname, col_seq, colname, colcnname, datatype, length, precision_val, party_seq, isprimarykey, isnullable, remark, filed_type_child, sensitive_level, policyid) values ('TO_R_ADDR_INF_D_GZ','TO_R_ADDR_INF_D_GZ_20170929','TO_R_ADDR_INF_D_GZ','29','REGIONID','地市ID','INT','','','','','Y','200','C1-4','3','');
insert into column_val (xmlid, col_xmlid, dataname, col_seq, colname, colcnname, datatype, length, precision_val, party_seq, isprimarykey, isnullable, remark, filed_type_child, sensitive_level, policyid) values ('TO_R_ADDR_INF_D_GZ','TO_R_ADDR_INF_D_GZ_20170930','TO_R_ADDR_INF_D_GZ','30','IMPORTFLAG','导入批次','STRING','','','','','Y','2.01303E+13','C1-4','3','');
insert into column_val (xmlid, col_xmlid, dataname, col_seq, colname, colcnname, datatype, length, precision_val, party_seq, isprimarykey, isnullable, remark, filed_type_child, sensitive_level, policyid) values ('TO_R_ADDR_INF_D_GZ','TO_R_ADDR_INF_D_GZ_20170931','TO_R_ADDR_INF_D_GZ','31','INTSID1','第一级','STRING','','','','','Y','广州市','C1-4','3','');
insert into column_val (xmlid, col_xmlid, dataname, col_seq, colname, colcnname, datatype, length, precision_val, party_seq, isprimarykey, isnullable, remark, filed_type_child, sensitive_level, policyid) values ('TO_R_ADDR_INF_D_GZ','TO_R_ADDR_INF_D_GZ_20170932','TO_R_ADDR_INF_D_GZ','32','INTSID2','第二级','STRING','','','','','Y','越秀区','C1-4','3','');
insert into column_val (xmlid, col_xmlid, dataname, col_seq, colname, colcnname, datatype, length, precision_val, party_seq, isprimarykey, isnullable, remark, filed_type_child, sensitive_level, policyid) values ('TO_R_ADDR_INF_D_GZ','TO_R_ADDR_INF_D_GZ_20170933','TO_R_ADDR_INF_D_GZ','33','INTSID3','第三级','STRING','','','','','Y','站前路','C1-4','3','');
insert into column_val (xmlid, col_xmlid, dataname, col_seq, colname, colcnname, datatype, length, precision_val, party_seq, isprimarykey, isnullable, remark, filed_type_child, sensitive_level, policyid) values ('TO_R_ADDR_INF_D_GZ','TO_R_ADDR_INF_D_GZ_20170934','TO_R_ADDR_INF_D_GZ','34','INTSID4','第四级','STRING','','','','','Y','197号','C1-4','3','');
insert into column_val (xmlid, col_xmlid, dataname, col_seq, colname, colcnname, datatype, length, precision_val, party_seq, isprimarykey, isnullable, remark, filed_type_child, sensitive_level, policyid) values ('TO_R_ADDR_INF_D_GZ','TO_R_ADDR_INF_D_GZ_20170935','TO_R_ADDR_INF_D_GZ','35','INTSID5','第五级','STRING','','','','','Y','','C1-4','3','');
insert into column_val (xmlid, col_xmlid, dataname, col_seq, colname, colcnname, datatype, length, precision_val, party_seq, isprimarykey, isnullable, remark, filed_type_child, sensitive_level, policyid) values ('TO_R_ADDR_INF_D_GZ','TO_R_ADDR_INF_D_GZ_20170936','TO_R_ADDR_INF_D_GZ','36','INTSID6','第六级','STRING','','','','','Y','','C1-4','3','');
insert into column_val (xmlid, col_xmlid, dataname, col_seq, colname, colcnname, datatype, length, precision_val, party_seq, isprimarykey, isnullable, remark, filed_type_child, sensitive_level, policyid) values ('TO_R_ADDR_INF_D_GZ','TO_R_ADDR_INF_D_GZ_20170937','TO_R_ADDR_INF_D_GZ','37','INTSID7','第七级','STRING','','','','','Y','','C1-4','3','');
insert into column_val (xmlid, col_xmlid, dataname, col_seq, colname, colcnname, datatype, length, precision_val, party_seq, isprimarykey, isnullable, remark, filed_type_child, sensitive_level, policyid) values ('TO_R_ADDR_INF_D_GZ','TO_R_ADDR_INF_D_GZ_20170938','TO_R_ADDR_INF_D_GZ','38','ADDR_TYPE_EX','ADDRTYPEEX','INT','','','','','Y','','C1-4','3','');
insert into column_val (xmlid, col_xmlid, dataname, col_seq, colname, colcnname, datatype, length, precision_val, party_seq, isprimarykey, isnullable, remark, filed_type_child, sensitive_level, policyid) values ('TO_R_ADDR_INF_D_GZ','TO_R_ADDR_INF_D_GZ_20170939','TO_R_ADDR_INF_D_GZ','39','ADDR_TYPE_EX_2','ADDRTYPEEX_2','INT','','','','','Y','','C1-4','3','');
insert into column_val (xmlid, col_xmlid, dataname, col_seq, colname, colcnname, datatype, length, precision_val, party_seq, isprimarykey, isnullable, remark, filed_type_child, sensitive_level, policyid) values ('TO_R_ADDR_INF_D_GZ','TO_R_ADDR_INF_D_GZ_20170940','TO_R_ADDR_INF_D_GZ','40','GREEN_LABEL','GREEN_LABEL','INT','','','','','Y','','C1-4','3','');
insert into column_val (xmlid, col_xmlid, dataname, col_seq, colname, colcnname, datatype, length, precision_val, party_seq, isprimarykey, isnullable, remark, filed_type_child, sensitive_level, policyid) values ('TO_R_ADDR_INF_D_GZ','TO_R_ADDR_INF_D_GZ_20170941','TO_R_ADDR_INF_D_GZ','41','GRADE3ID','GRADE3ID','INT','','','','','Y','','C1-4','3','');
insert into column_val (xmlid, col_xmlid, dataname, col_seq, colname, colcnname, datatype, length, precision_val, party_seq, isprimarykey, isnullable, remark, filed_type_child, sensitive_level, policyid) values ('TO_R_ADDR_INF_D_GZ','TO_R_ADDR_INF_D_GZ_20170942','TO_R_ADDR_INF_D_GZ','42','LONGITUDE','经度','STRING','','','','','Y','113.253285','C1-4','3','PID_all');
insert into column_val (xmlid, col_xmlid, dataname, col_seq, colname, colcnname, datatype, length, precision_val, party_seq, isprimarykey, isnullable, remark, filed_type_child, sensitive_level, policyid) values ('TO_R_ADDR_INF_D_GZ','TO_R_ADDR_INF_D_GZ_20170943','TO_R_ADDR_INF_D_GZ','43','LATITUDE','纬度','STRING','','','','','Y','23.145451','C1-4','3','PID_all');
insert into column_val (xmlid, col_xmlid, dataname, col_seq, colname, colcnname, datatype, length, precision_val, party_seq, isprimarykey, isnullable, remark, filed_type_child, sensitive_level, policyid) values ('TO_R_ADDR_INF_D_GZ','TO_R_ADDR_INF_D_GZ_20170944','TO_R_ADDR_INF_D_GZ','44','BELONG_CELL_ID','所属小区','STRING','','','','','Y','','C1-4','3','');
insert into column_val (xmlid, col_xmlid, dataname, col_seq, colname, colcnname, datatype, length, precision_val, party_seq, isprimarykey, isnullable, remark, filed_type_child, sensitive_level, policyid) values ('TO_R_ADDR_INF_D_GZ','TO_R_ADDR_INF_D_GZ_20170945','TO_R_ADDR_INF_D_GZ','45','RES_TYP_CD','资源类型','SMALLINT','','','','','Y','　(1:自建宽带、2:广电宽带 （局端合作）、3:广电宽带 （末端合作）、5:第三方合作、6:第三方合作（客服服务）、9:铁通ADSL改造)','C1-4','3','');
insert into column_val (xmlid, col_xmlid, dataname, col_seq, colname, colcnname, datatype, length, precision_val, party_seq, isprimarykey, isnullable, remark, filed_type_child, sensitive_level, policyid) values ('TO_R_ADDR_INF_D_GZ','TO_R_ADDR_INF_D_GZ_20170946','TO_R_ADDR_INF_D_GZ','46','BS_TYP','楼宇类型','SMALLINT','','','','','Y','　(1、家庭楼宇 2、商业楼宇)','C1-4','3','');
insert into column_val (xmlid, col_xmlid, dataname, col_seq, colname, colcnname, datatype, length, precision_val, party_seq, isprimarykey, isnullable, remark, filed_type_child, sensitive_level, policyid) values ('TO_R_ADDR_INF_D_GZ','TO_R_ADDR_INF_D_GZ_20170947','TO_R_ADDR_INF_D_GZ','47','THRD_NAM','第三方名称','STRING','','','','','Y','','C1-4','3','');
insert into column_val (xmlid, col_xmlid, dataname, col_seq, colname, colcnname, datatype, length, precision_val, party_seq, isprimarykey, isnullable, remark, filed_type_child, sensitive_level, policyid) values ('TO_R_ADDR_INF_D_GZ','TO_R_ADDR_INF_D_GZ_20170948','TO_R_ADDR_INF_D_GZ','48','THIRD_NBR','第三方联系方式','STRING','','','','','Y','','C1-4','3','');
insert into column_val (xmlid, col_xmlid, dataname, col_seq, colname, colcnname, datatype, length, precision_val, party_seq, isprimarykey, isnullable, remark, filed_type_child, sensitive_level, policyid) values ('TO_R_ADDR_INF_D_GZ','TO_R_ADDR_INF_D_GZ_20170949','TO_R_ADDR_INF_D_GZ','49','PICTURE_LINK','图片链接','STRING','','','','','Y','','C1-4','3','');
insert into column_val (xmlid, col_xmlid, dataname, col_seq, colname, colcnname, datatype, length, precision_val, party_seq, isprimarykey, isnullable, remark, filed_type_child, sensitive_level, policyid) values ('TO_R_ADDR_INF_D_GZ','TO_R_ADDR_INF_D_GZ_20170950','TO_R_ADDR_INF_D_GZ','50','ADDR_SOURCE','地址来源','INT','','','','','Y','　集客预覆盖流程（3）、家客预覆盖流程（4）、集客开通流程（2，esop变更为该枚举值）、资源呈现系统（1，可视化变更为该枚举值）','C1-4','3','');
insert into column_val (xmlid, col_xmlid, dataname, col_seq, colname, colcnname, datatype, length, precision_val, party_seq, isprimarykey, isnullable, remark, filed_type_child, sensitive_level, policyid) values ('TO_R_ADDR_INF_D_GZ','TO_R_ADDR_INF_D_GZ_20170951','TO_R_ADDR_INF_D_GZ','51','STATUS','状态','INT','','','','','Y','　(1,资源录入;2,已建设楼宇;3,已开业务)','C1-4','3','');
insert into column_val (xmlid, col_xmlid, dataname, col_seq, colname, colcnname, datatype, length, precision_val, party_seq, isprimarykey, isnullable, remark, filed_type_child, sensitive_level, policyid) values ('TO_R_ADDR_INF_D_GZ','TO_R_ADDR_INF_D_GZ_20170952','TO_R_ADDR_INF_D_GZ','52','HCOVERMODE','覆盖场景','INT','','','','','Y','　商务楼宇（1、 高价值写字楼，2、 普通写字楼，3、 专业市场，4、 机关单位、大企业、星级酒店，5、 学校、厂区、医院、政府办公区，6、 工业园厂区）家庭楼宇（7、住宅小区，8、城中村，9、独栋楼宇，10、沿街商铺，11、农村）','C1-4','3','');
insert into column_val (xmlid, col_xmlid, dataname, col_seq, colname, colcnname, datatype, length, precision_val, party_seq, isprimarykey, isnullable, remark, filed_type_child, sensitive_level, policyid) values ('TO_R_ADDR_INF_D_GZ','TO_R_ADDR_INF_D_GZ_20170953','TO_R_ADDR_INF_D_GZ','53','REMARKS','备注','STRING','','','','','Y','','C1-4','3','');
insert into column_val (xmlid, col_xmlid, dataname, col_seq, colname, colcnname, datatype, length, precision_val, party_seq, isprimarykey, isnullable, remark, filed_type_child, sensitive_level, policyid) values ('TO_R_ADDR_INF_D_GZ','TO_R_ADDR_INF_D_GZ_20170954','TO_R_ADDR_INF_D_GZ','54','SHIELD_OPEN_SERVICE','屏蔽开通业务','STRING','','','','','Y','（是/否，默认为否）','C1-4','3','');
insert into column_val (xmlid, col_xmlid, dataname, col_seq, colname, colcnname, datatype, length, precision_val, party_seq, isprimarykey, isnullable, remark, filed_type_child, sensitive_level, policyid) values ('TO_R_ADDR_INF_D_GZ','TO_R_ADDR_INF_D_GZ_20170955','TO_R_ADDR_INF_D_GZ','55','CN_WAY','接入方式','STRING','','','','','Y','FTTH、FTTB','C1-4','3','');
insert into column_val (xmlid, col_xmlid, dataname, col_seq, colname, colcnname, datatype, length, precision_val, party_seq, isprimarykey, isnullable, remark, filed_type_child, sensitive_level, policyid) values ('TO_R_ADDR_INF_D_GZ','TO_R_ADDR_INF_D_GZ_20170956','TO_R_ADDR_INF_D_GZ','56','REGION_ATTRI','地域属性','INT','','','','','Y','','C1-4','3','');
insert into column_val (xmlid, col_xmlid, dataname, col_seq, colname, colcnname, datatype, length, precision_val, party_seq, isprimarykey, isnullable, remark, filed_type_child, sensitive_level, policyid) values ('TO_R_ADDR_INF_D_GZ','TO_R_ADDR_INF_D_GZ_20170957','TO_R_ADDR_INF_D_GZ','57','CMCC_BRANCH_CD','地市编码','STRING','','','','','Y','示例：GZ','C1-4','3','');

insert into tablefile (xmlid, dbname, dataname, datacnname, state, cycletype, topiccode, extend_cfg, rightlevel, creater, curdutyer, eff_date, state_date, team_code, open_state, remark) values ('TO_R_ADDR_INF_D_SZ','BD_B','TO_R_ADDR_INF_D_SZ','ODS_标准地址日全量','NEW','day','LAYERI_IRES','{"EXTERNAL":"y","LOCATION":"/tenant/BIGDATA/JCFW/JRCL/BD_B/ODS/TO_R_ADDR_INF_D/branch=SZ","FILEFORMAT":"PARQUET","DELIMITER":"&"}','其他','谢英俊','谢英俊', TIMESTAMP '0006-10-17 12:00:00', TIMESTAMP '0006-10-17 12:00:00','f2999fd5-c34e-402e-9b28-fec9fca13044','','基础层-资源主题域');
insert into column_val (xmlid, col_xmlid, dataname, col_seq, colname, colcnname, datatype, length, precision_val, party_seq, isprimarykey, isnullable, remark, filed_type_child, sensitive_level, policyid) values ('TO_R_ADDR_INF_D_SZ','TO_R_ADDR_INF_D_SZ_2017091','TO_R_ADDR_INF_D_SZ','1','ADDR_ID','地址ID','INT','','','','1','N','32596718','C1-4','3','');
insert into column_val (xmlid, col_xmlid, dataname, col_seq, colname, colcnname, datatype, length, precision_val, party_seq, isprimarykey, isnullable, remark, filed_type_child, sensitive_level, policyid) values ('TO_R_ADDR_INF_D_SZ','TO_R_ADDR_INF_D_SZ_2017092','TO_R_ADDR_INF_D_SZ','2','ADDR_NAM','本级地址名称','STRING','','','','','Y','197号','C1-4','3','');
insert into column_val (xmlid, col_xmlid, dataname, col_seq, colname, colcnname, datatype, length, precision_val, party_seq, isprimarykey, isnullable, remark, filed_type_child, sensitive_level, policyid) values ('TO_R_ADDR_INF_D_SZ','TO_R_ADDR_INF_D_SZ_2017093','TO_R_ADDR_INF_D_SZ','3','GRADE','地址级别','INT','','','','','Y','4','C1-4','3','');
insert into column_val (xmlid, col_xmlid, dataname, col_seq, colname, colcnname, datatype, length, precision_val, party_seq, isprimarykey, isnullable, remark, filed_type_child, sensitive_level, policyid) values ('TO_R_ADDR_INF_D_SZ','TO_R_ADDR_INF_D_SZ_2017094','TO_R_ADDR_INF_D_SZ','4','JP','　JP','STRING','','','','','Y','','C1-4','3','');
insert into column_val (xmlid, col_xmlid, dataname, col_seq, colname, colcnname, datatype, length, precision_val, party_seq, isprimarykey, isnullable, remark, filed_type_child, sensitive_level, policyid) values ('TO_R_ADDR_INF_D_SZ','TO_R_ADDR_INF_D_SZ_2017095','TO_R_ADDR_INF_D_SZ','5','WB','　WB','STRING','','','','','Y','','C1-4','3','');
insert into column_val (xmlid, col_xmlid, dataname, col_seq, colname, colcnname, datatype, length, precision_val, party_seq, isprimarykey, isnullable, remark, filed_type_child, sensitive_level, policyid) values ('TO_R_ADDR_INF_D_SZ','TO_R_ADDR_INF_D_SZ_2017096','TO_R_ADDR_INF_D_SZ','6','SUPER_ID','父级地址ID','INT','','','','','Y','1255656','C1-4','3','');
insert into column_val (xmlid, col_xmlid, dataname, col_seq, colname, colcnname, datatype, length, precision_val, party_seq, isprimarykey, isnullable, remark, filed_type_child, sensitive_level, policyid) values ('TO_R_ADDR_INF_D_SZ','TO_R_ADDR_INF_D_SZ_2017097','TO_R_ADDR_INF_D_SZ','7','ALIAS_ADDR','地址别名','STRING','','','','','Y','','C1-4','3','');
insert into column_val (xmlid, col_xmlid, dataname, col_seq, colname, colcnname, datatype, length, precision_val, party_seq, isprimarykey, isnullable, remark, filed_type_child, sensitive_level, policyid) values ('TO_R_ADDR_INF_D_SZ','TO_R_ADDR_INF_D_SZ_2017098','TO_R_ADDR_INF_D_SZ','8','OLD_ADDR','旧地址','INT','','','','','Y','','C1-4','3','');
insert into column_val (xmlid, col_xmlid, dataname, col_seq, colname, colcnname, datatype, length, precision_val, party_seq, isprimarykey, isnullable, remark, filed_type_child, sensitive_level, policyid) values ('TO_R_ADDR_INF_D_SZ','TO_R_ADDR_INF_D_SZ_2017099','TO_R_ADDR_INF_D_SZ','9','IS_CONFIRM','是否有效','INT','','','','','Y','1','C1-4','3','');
insert into column_val (xmlid, col_xmlid, dataname, col_seq, colname, colcnname, datatype, length, precision_val, party_seq, isprimarykey, isnullable, remark, filed_type_child, sensitive_level, policyid) values ('TO_R_ADDR_INF_D_SZ','TO_R_ADDR_INF_D_SZ_20170910','TO_R_ADDR_INF_D_SZ','10','ADDR','地址全称','STRING','','','','','Y','广州市越秀区站前路197号','C1-4','3','');
insert into column_val (xmlid, col_xmlid, dataname, col_seq, colname, colcnname, datatype, length, precision_val, party_seq, isprimarykey, isnullable, remark, filed_type_child, sensitive_level, policyid) values ('TO_R_ADDR_INF_D_SZ','TO_R_ADDR_INF_D_SZ_20170911','TO_R_ADDR_INF_D_SZ','11','ADDR_PY','ADDR_PY','STRING','','','','','Y','','C1-4','3','');
insert into column_val (xmlid, col_xmlid, dataname, col_seq, colname, colcnname, datatype, length, precision_val, party_seq, isprimarykey, isnullable, remark, filed_type_child, sensitive_level, policyid) values ('TO_R_ADDR_INF_D_SZ','TO_R_ADDR_INF_D_SZ_20170912','TO_R_ADDR_INF_D_SZ','12','ALIAS_ADDR_PY','ALIAS_ADDR_PY','STRING','','','','','Y','','C1-4','3','');
insert into column_val (xmlid, col_xmlid, dataname, col_seq, colname, colcnname, datatype, length, precision_val, party_seq, isprimarykey, isnullable, remark, filed_type_child, sensitive_level, policyid) values ('TO_R_ADDR_INF_D_SZ','TO_R_ADDR_INF_D_SZ_20170913','TO_R_ADDR_INF_D_SZ','13','CONFIRM_DATE','有效日期','STRING','','','','','Y','','C1-4','3','');
insert into column_val (xmlid, col_xmlid, dataname, col_seq, colname, colcnname, datatype, length, precision_val, party_seq, isprimarykey, isnullable, remark, filed_type_child, sensitive_level, policyid) values ('TO_R_ADDR_INF_D_SZ','TO_R_ADDR_INF_D_SZ_20170914','TO_R_ADDR_INF_D_SZ','14','CONFIRM_DATE2','有效日期2','STRING','','','','','Y','','C1-4','3','');
insert into column_val (xmlid, col_xmlid, dataname, col_seq, colname, colcnname, datatype, length, precision_val, party_seq, isprimarykey, isnullable, remark, filed_type_child, sensitive_level, policyid) values ('TO_R_ADDR_INF_D_SZ','TO_R_ADDR_INF_D_SZ_20170915','TO_R_ADDR_INF_D_SZ','15','AMEND','整理状态','SMALLINT','','','','','Y','(0,未整理;1,已整理)','C1-4','3','');
insert into column_val (xmlid, col_xmlid, dataname, col_seq, colname, colcnname, datatype, length, precision_val, party_seq, isprimarykey, isnullable, remark, filed_type_child, sensitive_level, policyid) values ('TO_R_ADDR_INF_D_SZ','TO_R_ADDR_INF_D_SZ_20170916','TO_R_ADDR_INF_D_SZ','16','RECDATE','受理时间','STRING','','','','','Y','','C1-4','3','');
insert into column_val (xmlid, col_xmlid, dataname, col_seq, colname, colcnname, datatype, length, precision_val, party_seq, isprimarykey, isnullable, remark, filed_type_child, sensitive_level, policyid) values ('TO_R_ADDR_INF_D_SZ','TO_R_ADDR_INF_D_SZ_20170917','TO_R_ADDR_INF_D_SZ','17','SUBDEP_NAME','SUBDEPNAME','STRING','','','','','Y','','C1-4','3','');
insert into column_val (xmlid, col_xmlid, dataname, col_seq, colname, colcnname, datatype, length, precision_val, party_seq, isprimarykey, isnullable, remark, filed_type_child, sensitive_level, policyid) values ('TO_R_ADDR_INF_D_SZ','TO_R_ADDR_INF_D_SZ_20170918','TO_R_ADDR_INF_D_SZ','18','SYSFLAG','SYSFLAG','SMALLINT','','','','','Y','','C1-4','3','');
insert into column_val (xmlid, col_xmlid, dataname, col_seq, colname, colcnname, datatype, length, precision_val, party_seq, isprimarykey, isnullable, remark, filed_type_child, sensitive_level, policyid) values ('TO_R_ADDR_INF_D_SZ','TO_R_ADDR_INF_D_SZ_20170919','TO_R_ADDR_INF_D_SZ','19','POSTNUMBER','邮政编码','STRING','','','','','Y','','C1-4','3','');
insert into column_val (xmlid, col_xmlid, dataname, col_seq, colname, colcnname, datatype, length, precision_val, party_seq, isprimarykey, isnullable, remark, filed_type_child, sensitive_level, policyid) values ('TO_R_ADDR_INF_D_SZ','TO_R_ADDR_INF_D_SZ_20170920','TO_R_ADDR_INF_D_SZ','20','STYPE','STYPE','STRING','','','','','Y','','C1-4','3','');
insert into column_val (xmlid, col_xmlid, dataname, col_seq, colname, colcnname, datatype, length, precision_val, party_seq, isprimarykey, isnullable, remark, filed_type_child, sensitive_level, policyid) values ('TO_R_ADDR_INF_D_SZ','TO_R_ADDR_INF_D_SZ_20170921','TO_R_ADDR_INF_D_SZ','21','NUM','NUM','STRING','','','','','Y','','C1-4','3','');
insert into column_val (xmlid, col_xmlid, dataname, col_seq, colname, colcnname, datatype, length, precision_val, party_seq, isprimarykey, isnullable, remark, filed_type_child, sensitive_level, policyid) values ('TO_R_ADDR_INF_D_SZ','TO_R_ADDR_INF_D_SZ_20170922','TO_R_ADDR_INF_D_SZ','22','TAG','TAG','INT','','','','','Y','','C1-4','3','');
insert into column_val (xmlid, col_xmlid, dataname, col_seq, colname, colcnname, datatype, length, precision_val, party_seq, isprimarykey, isnullable, remark, filed_type_child, sensitive_level, policyid) values ('TO_R_ADDR_INF_D_SZ','TO_R_ADDR_INF_D_SZ_20170923','TO_R_ADDR_INF_D_SZ','23','IBSS_ADDR_ID','IBSSADDRID','INT','','','','','Y','','C1-4','3','');
insert into column_val (xmlid, col_xmlid, dataname, col_seq, colname, colcnname, datatype, length, precision_val, party_seq, isprimarykey, isnullable, remark, filed_type_child, sensitive_level, policyid) values ('TO_R_ADDR_INF_D_SZ','TO_R_ADDR_INF_D_SZ_20170924','TO_R_ADDR_INF_D_SZ','24','IBSEND','IBSEND','INT','','','','','Y','','C1-4','3','');
insert into column_val (xmlid, col_xmlid, dataname, col_seq, colname, colcnname, datatype, length, precision_val, party_seq, isprimarykey, isnullable, remark, filed_type_child, sensitive_level, policyid) values ('TO_R_ADDR_INF_D_SZ','TO_R_ADDR_INF_D_SZ_20170925','TO_R_ADDR_INF_D_SZ','25','OLD_PARENTID','OLD_PARENTID','INT','','','','','Y','','C1-4','3','');
insert into column_val (xmlid, col_xmlid, dataname, col_seq, colname, colcnname, datatype, length, precision_val, party_seq, isprimarykey, isnullable, remark, filed_type_child, sensitive_level, policyid) values ('TO_R_ADDR_INF_D_SZ','TO_R_ADDR_INF_D_SZ_20170926','TO_R_ADDR_INF_D_SZ','26','SPLIT_FLAGC','SPLIT_FLAGC','INT','','','','','Y','','C1-4','3','');
insert into column_val (xmlid, col_xmlid, dataname, col_seq, colname, colcnname, datatype, length, precision_val, party_seq, isprimarykey, isnullable, remark, filed_type_child, sensitive_level, policyid) values ('TO_R_ADDR_INF_D_SZ','TO_R_ADDR_INF_D_SZ_20170927','TO_R_ADDR_INF_D_SZ','27','SPLIT_FLAG','SPLIT_FLAG','INT','','','','','Y','','C1-4','3','');
insert into column_val (xmlid, col_xmlid, dataname, col_seq, colname, colcnname, datatype, length, precision_val, party_seq, isprimarykey, isnullable, remark, filed_type_child, sensitive_level, policyid) values ('TO_R_ADDR_INF_D_SZ','TO_R_ADDR_INF_D_SZ_20170928','TO_R_ADDR_INF_D_SZ','28','ADDRTYPE','ADDRTYPE','INT','','','','','Y','','C1-4','3','');
insert into column_val (xmlid, col_xmlid, dataname, col_seq, colname, colcnname, datatype, length, precision_val, party_seq, isprimarykey, isnullable, remark, filed_type_child, sensitive_level, policyid) values ('TO_R_ADDR_INF_D_SZ','TO_R_ADDR_INF_D_SZ_20170929','TO_R_ADDR_INF_D_SZ','29','REGIONID','地市ID','INT','','','','','Y','200','C1-4','3','');
insert into column_val (xmlid, col_xmlid, dataname, col_seq, colname, colcnname, datatype, length, precision_val, party_seq, isprimarykey, isnullable, remark, filed_type_child, sensitive_level, policyid) values ('TO_R_ADDR_INF_D_SZ','TO_R_ADDR_INF_D_SZ_20170930','TO_R_ADDR_INF_D_SZ','30','IMPORTFLAG','导入批次','STRING','','','','','Y','2.01303E+13','C1-4','3','');
insert into column_val (xmlid, col_xmlid, dataname, col_seq, colname, colcnname, datatype, length, precision_val, party_seq, isprimarykey, isnullable, remark, filed_type_child, sensitive_level, policyid) values ('TO_R_ADDR_INF_D_SZ','TO_R_ADDR_INF_D_SZ_20170931','TO_R_ADDR_INF_D_SZ','31','INTSID1','第一级','STRING','','','','','Y','广州市','C1-4','3','');
insert into column_val (xmlid, col_xmlid, dataname, col_seq, colname, colcnname, datatype, length, precision_val, party_seq, isprimarykey, isnullable, remark, filed_type_child, sensitive_level, policyid) values ('TO_R_ADDR_INF_D_SZ','TO_R_ADDR_INF_D_SZ_20170932','TO_R_ADDR_INF_D_SZ','32','INTSID2','第二级','STRING','','','','','Y','越秀区','C1-4','3','');
insert into column_val (xmlid, col_xmlid, dataname, col_seq, colname, colcnname, datatype, length, precision_val, party_seq, isprimarykey, isnullable, remark, filed_type_child, sensitive_level, policyid) values ('TO_R_ADDR_INF_D_SZ','TO_R_ADDR_INF_D_SZ_20170933','TO_R_ADDR_INF_D_SZ','33','INTSID3','第三级','STRING','','','','','Y','站前路','C1-4','3','');
insert into column_val (xmlid, col_xmlid, dataname, col_seq, colname, colcnname, datatype, length, precision_val, party_seq, isprimarykey, isnullable, remark, filed_type_child, sensitive_level, policyid) values ('TO_R_ADDR_INF_D_SZ','TO_R_ADDR_INF_D_SZ_20170934','TO_R_ADDR_INF_D_SZ','34','INTSID4','第四级','STRING','','','','','Y','197号','C1-4','3','');
insert into column_val (xmlid, col_xmlid, dataname, col_seq, colname, colcnname, datatype, length, precision_val, party_seq, isprimarykey, isnullable, remark, filed_type_child, sensitive_level, policyid) values ('TO_R_ADDR_INF_D_SZ','TO_R_ADDR_INF_D_SZ_20170935','TO_R_ADDR_INF_D_SZ','35','INTSID5','第五级','STRING','','','','','Y','','C1-4','3','');
insert into column_val (xmlid, col_xmlid, dataname, col_seq, colname, colcnname, datatype, length, precision_val, party_seq, isprimarykey, isnullable, remark, filed_type_child, sensitive_level, policyid) values ('TO_R_ADDR_INF_D_SZ','TO_R_ADDR_INF_D_SZ_20170936','TO_R_ADDR_INF_D_SZ','36','INTSID6','第六级','STRING','','','','','Y','','C1-4','3','');
insert into column_val (xmlid, col_xmlid, dataname, col_seq, colname, colcnname, datatype, length, precision_val, party_seq, isprimarykey, isnullable, remark, filed_type_child, sensitive_level, policyid) values ('TO_R_ADDR_INF_D_SZ','TO_R_ADDR_INF_D_SZ_20170937','TO_R_ADDR_INF_D_SZ','37','INTSID7','第七级','STRING','','','','','Y','','C1-4','3','');
insert into column_val (xmlid, col_xmlid, dataname, col_seq, colname, colcnname, datatype, length, precision_val, party_seq, isprimarykey, isnullable, remark, filed_type_child, sensitive_level, policyid) values ('TO_R_ADDR_INF_D_SZ','TO_R_ADDR_INF_D_SZ_20170938','TO_R_ADDR_INF_D_SZ','38','ADDR_TYPE_EX','ADDRTYPEEX','INT','','','','','Y','','C1-4','3','');
insert into column_val (xmlid, col_xmlid, dataname, col_seq, colname, colcnname, datatype, length, precision_val, party_seq, isprimarykey, isnullable, remark, filed_type_child, sensitive_level, policyid) values ('TO_R_ADDR_INF_D_SZ','TO_R_ADDR_INF_D_SZ_20170939','TO_R_ADDR_INF_D_SZ','39','ADDR_TYPE_EX_2','ADDRTYPEEX_2','INT','','','','','Y','','C1-4','3','');
insert into column_val (xmlid, col_xmlid, dataname, col_seq, colname, colcnname, datatype, length, precision_val, party_seq, isprimarykey, isnullable, remark, filed_type_child, sensitive_level, policyid) values ('TO_R_ADDR_INF_D_SZ','TO_R_ADDR_INF_D_SZ_20170940','TO_R_ADDR_INF_D_SZ','40','GREEN_LABEL','GREEN_LABEL','INT','','','','','Y','','C1-4','3','');
insert into column_val (xmlid, col_xmlid, dataname, col_seq, colname, colcnname, datatype, length, precision_val, party_seq, isprimarykey, isnullable, remark, filed_type_child, sensitive_level, policyid) values ('TO_R_ADDR_INF_D_SZ','TO_R_ADDR_INF_D_SZ_20170941','TO_R_ADDR_INF_D_SZ','41','GRADE3ID','GRADE3ID','INT','','','','','Y','','C1-4','3','');
insert into column_val (xmlid, col_xmlid, dataname, col_seq, colname, colcnname, datatype, length, precision_val, party_seq, isprimarykey, isnullable, remark, filed_type_child, sensitive_level, policyid) values ('TO_R_ADDR_INF_D_SZ','TO_R_ADDR_INF_D_SZ_20170942','TO_R_ADDR_INF_D_SZ','42','LONGITUDE','经度','STRING','','','','','Y','113.253285','C1-4','3','PID_all');
insert into column_val (xmlid, col_xmlid, dataname, col_seq, colname, colcnname, datatype, length, precision_val, party_seq, isprimarykey, isnullable, remark, filed_type_child, sensitive_level, policyid) values ('TO_R_ADDR_INF_D_SZ','TO_R_ADDR_INF_D_SZ_20170943','TO_R_ADDR_INF_D_SZ','43','LATITUDE','纬度','STRING','','','','','Y','23.145451','C1-4','3','PID_all');
insert into column_val (xmlid, col_xmlid, dataname, col_seq, colname, colcnname, datatype, length, precision_val, party_seq, isprimarykey, isnullable, remark, filed_type_child, sensitive_level, policyid) values ('TO_R_ADDR_INF_D_SZ','TO_R_ADDR_INF_D_SZ_20170944','TO_R_ADDR_INF_D_SZ','44','BELONG_CELL_ID','所属小区','STRING','','','','','Y','','C1-4','3','');
insert into column_val (xmlid, col_xmlid, dataname, col_seq, colname, colcnname, datatype, length, precision_val, party_seq, isprimarykey, isnullable, remark, filed_type_child, sensitive_level, policyid) values ('TO_R_ADDR_INF_D_SZ','TO_R_ADDR_INF_D_SZ_20170945','TO_R_ADDR_INF_D_SZ','45','RES_TYP_CD','资源类型','SMALLINT','','','','','Y','　(1:自建宽带、2:广电宽带 （局端合作）、3:广电宽带 （末端合作）、5:第三方合作、6:第三方合作（客服服务）、9:铁通ADSL改造)','C1-4','3','');
insert into column_val (xmlid, col_xmlid, dataname, col_seq, colname, colcnname, datatype, length, precision_val, party_seq, isprimarykey, isnullable, remark, filed_type_child, sensitive_level, policyid) values ('TO_R_ADDR_INF_D_SZ','TO_R_ADDR_INF_D_SZ_20170946','TO_R_ADDR_INF_D_SZ','46','BS_TYP','楼宇类型','SMALLINT','','','','','Y','　(1、家庭楼宇 2、商业楼宇)','C1-4','3','');
insert into column_val (xmlid, col_xmlid, dataname, col_seq, colname, colcnname, datatype, length, precision_val, party_seq, isprimarykey, isnullable, remark, filed_type_child, sensitive_level, policyid) values ('TO_R_ADDR_INF_D_SZ','TO_R_ADDR_INF_D_SZ_20170947','TO_R_ADDR_INF_D_SZ','47','THRD_NAM','第三方名称','STRING','','','','','Y','','C1-4','3','');
insert into column_val (xmlid, col_xmlid, dataname, col_seq, colname, colcnname, datatype, length, precision_val, party_seq, isprimarykey, isnullable, remark, filed_type_child, sensitive_level, policyid) values ('TO_R_ADDR_INF_D_SZ','TO_R_ADDR_INF_D_SZ_20170948','TO_R_ADDR_INF_D_SZ','48','THIRD_NBR','第三方联系方式','STRING','','','','','Y','','C1-4','3','');
insert into column_val (xmlid, col_xmlid, dataname, col_seq, colname, colcnname, datatype, length, precision_val, party_seq, isprimarykey, isnullable, remark, filed_type_child, sensitive_level, policyid) values ('TO_R_ADDR_INF_D_SZ','TO_R_ADDR_INF_D_SZ_20170949','TO_R_ADDR_INF_D_SZ','49','PICTURE_LINK','图片链接','STRING','','','','','Y','','C1-4','3','');
insert into column_val (xmlid, col_xmlid, dataname, col_seq, colname, colcnname, datatype, length, precision_val, party_seq, isprimarykey, isnullable, remark, filed_type_child, sensitive_level, policyid) values ('TO_R_ADDR_INF_D_SZ','TO_R_ADDR_INF_D_SZ_20170950','TO_R_ADDR_INF_D_SZ','50','ADDR_SOURCE','地址来源','INT','','','','','Y','　集客预覆盖流程（3）、家客预覆盖流程（4）、集客开通流程（2，esop变更为该枚举值）、资源呈现系统（1，可视化变更为该枚举值）','C1-4','3','');
insert into column_val (xmlid, col_xmlid, dataname, col_seq, colname, colcnname, datatype, length, precision_val, party_seq, isprimarykey, isnullable, remark, filed_type_child, sensitive_level, policyid) values ('TO_R_ADDR_INF_D_SZ','TO_R_ADDR_INF_D_SZ_20170951','TO_R_ADDR_INF_D_SZ','51','STATUS','状态','INT','','','','','Y','　(1,资源录入;2,已建设楼宇;3,已开业务)','C1-4','3','');
insert into column_val (xmlid, col_xmlid, dataname, col_seq, colname, colcnname, datatype, length, precision_val, party_seq, isprimarykey, isnullable, remark, filed_type_child, sensitive_level, policyid) values ('TO_R_ADDR_INF_D_SZ','TO_R_ADDR_INF_D_SZ_20170952','TO_R_ADDR_INF_D_SZ','52','HCOVERMODE','覆盖场景','INT','','','','','Y','　商务楼宇（1、 高价值写字楼，2、 普通写字楼，3、 专业市场，4、 机关单位、大企业、星级酒店，5、 学校、厂区、医院、政府办公区，6、 工业园厂区）家庭楼宇（7、住宅小区，8、城中村，9、独栋楼宇，10、沿街商铺，11、农村）','C1-4','3','');
insert into column_val (xmlid, col_xmlid, dataname, col_seq, colname, colcnname, datatype, length, precision_val, party_seq, isprimarykey, isnullable, remark, filed_type_child, sensitive_level, policyid) values ('TO_R_ADDR_INF_D_SZ','TO_R_ADDR_INF_D_SZ_20170953','TO_R_ADDR_INF_D_SZ','53','REMARKS','备注','STRING','','','','','Y','','C1-4','3','');
insert into column_val (xmlid, col_xmlid, dataname, col_seq, colname, colcnname, datatype, length, precision_val, party_seq, isprimarykey, isnullable, remark, filed_type_child, sensitive_level, policyid) values ('TO_R_ADDR_INF_D_SZ','TO_R_ADDR_INF_D_SZ_20170954','TO_R_ADDR_INF_D_SZ','54','SHIELD_OPEN_SERVICE','屏蔽开通业务','STRING','','','','','Y','（是/否，默认为否）','C1-4','3','');
insert into column_val (xmlid, col_xmlid, dataname, col_seq, colname, colcnname, datatype, length, precision_val, party_seq, isprimarykey, isnullable, remark, filed_type_child, sensitive_level, policyid) values ('TO_R_ADDR_INF_D_SZ','TO_R_ADDR_INF_D_SZ_20170955','TO_R_ADDR_INF_D_SZ','55','CN_WAY','接入方式','STRING','','','','','Y','FTTH、FTTB','C1-4','3','');
insert into column_val (xmlid, col_xmlid, dataname, col_seq, colname, colcnname, datatype, length, precision_val, party_seq, isprimarykey, isnullable, remark, filed_type_child, sensitive_level, policyid) values ('TO_R_ADDR_INF_D_SZ','TO_R_ADDR_INF_D_SZ_20170956','TO_R_ADDR_INF_D_SZ','56','REGION_ATTRI','地域属性','INT','','','','','Y','','C1-4','3','');
insert into column_val (xmlid, col_xmlid, dataname, col_seq, colname, colcnname, datatype, length, precision_val, party_seq, isprimarykey, isnullable, remark, filed_type_child, sensitive_level, policyid) values ('TO_R_ADDR_INF_D_SZ','TO_R_ADDR_INF_D_SZ_20170957','TO_R_ADDR_INF_D_SZ','57','CMCC_BRANCH_CD','地市编码','STRING','','','','','Y','示例：GZ','C1-4','3','');

insert into tablefile (xmlid, dbname, dataname, datacnname, state, cycletype, topiccode, extend_cfg, rightlevel, creater, curdutyer, eff_date, state_date, team_code, open_state, remark) values ('TO_R_ADDR_INF_D_DG','BD_B','TO_R_ADDR_INF_D_DG','ODS_标准地址日全量','NEW','day','LAYERI_IRES','{"EXTERNAL":"y","LOCATION":"/tenant/BIGDATA/JCFW/JRCL/BD_B/ODS/TO_R_ADDR_INF_D/branch=DG","FILEFORMAT":"PARQUET","DELIMITER":"&"}','其他','谢英俊','谢英俊', TIMESTAMP '0006-10-17 12:00:00', TIMESTAMP '0006-10-17 12:00:00','f2999fd5-c34e-402e-9b28-fec9fca13044','','基础层-资源主题域');
insert into column_val (xmlid, col_xmlid, dataname, col_seq, colname, colcnname, datatype, length, precision_val, party_seq, isprimarykey, isnullable, remark, filed_type_child, sensitive_level, policyid) values ('TO_R_ADDR_INF_D_DG','TO_R_ADDR_INF_D_DG_2017091','TO_R_ADDR_INF_D_DG','1','ADDR_ID','地址ID','INT','','','','1','N','32596718','C1-4','3','');
insert into column_val (xmlid, col_xmlid, dataname, col_seq, colname, colcnname, datatype, length, precision_val, party_seq, isprimarykey, isnullable, remark, filed_type_child, sensitive_level, policyid) values ('TO_R_ADDR_INF_D_DG','TO_R_ADDR_INF_D_DG_2017092','TO_R_ADDR_INF_D_DG','2','ADDR_NAM','本级地址名称','STRING','','','','','Y','197号','C1-4','3','');
insert into column_val (xmlid, col_xmlid, dataname, col_seq, colname, colcnname, datatype, length, precision_val, party_seq, isprimarykey, isnullable, remark, filed_type_child, sensitive_level, policyid) values ('TO_R_ADDR_INF_D_DG','TO_R_ADDR_INF_D_DG_2017093','TO_R_ADDR_INF_D_DG','3','GRADE','地址级别','INT','','','','','Y','4','C1-4','3','');
insert into column_val (xmlid, col_xmlid, dataname, col_seq, colname, colcnname, datatype, length, precision_val, party_seq, isprimarykey, isnullable, remark, filed_type_child, sensitive_level, policyid) values ('TO_R_ADDR_INF_D_DG','TO_R_ADDR_INF_D_DG_2017094','TO_R_ADDR_INF_D_DG','4','JP','　JP','STRING','','','','','Y','','C1-4','3','');
insert into column_val (xmlid, col_xmlid, dataname, col_seq, colname, colcnname, datatype, length, precision_val, party_seq, isprimarykey, isnullable, remark, filed_type_child, sensitive_level, policyid) values ('TO_R_ADDR_INF_D_DG','TO_R_ADDR_INF_D_DG_2017095','TO_R_ADDR_INF_D_DG','5','WB','　WB','STRING','','','','','Y','','C1-4','3','');
insert into column_val (xmlid, col_xmlid, dataname, col_seq, colname, colcnname, datatype, length, precision_val, party_seq, isprimarykey, isnullable, remark, filed_type_child, sensitive_level, policyid) values ('TO_R_ADDR_INF_D_DG','TO_R_ADDR_INF_D_DG_2017096','TO_R_ADDR_INF_D_DG','6','SUPER_ID','父级地址ID','INT','','','','','Y','1255656','C1-4','3','');
insert into column_val (xmlid, col_xmlid, dataname, col_seq, colname, colcnname, datatype, length, precision_val, party_seq, isprimarykey, isnullable, remark, filed_type_child, sensitive_level, policyid) values ('TO_R_ADDR_INF_D_DG','TO_R_ADDR_INF_D_DG_2017097','TO_R_ADDR_INF_D_DG','7','ALIAS_ADDR','地址别名','STRING','','','','','Y','','C1-4','3','');
insert into column_val (xmlid, col_xmlid, dataname, col_seq, colname, colcnname, datatype, length, precision_val, party_seq, isprimarykey, isnullable, remark, filed_type_child, sensitive_level, policyid) values ('TO_R_ADDR_INF_D_DG','TO_R_ADDR_INF_D_DG_2017098','TO_R_ADDR_INF_D_DG','8','OLD_ADDR','旧地址','INT','','','','','Y','','C1-4','3','');
insert into column_val (xmlid, col_xmlid, dataname, col_seq, colname, colcnname, datatype, length, precision_val, party_seq, isprimarykey, isnullable, remark, filed_type_child, sensitive_level, policyid) values ('TO_R_ADDR_INF_D_DG','TO_R_ADDR_INF_D_DG_2017099','TO_R_ADDR_INF_D_DG','9','IS_CONFIRM','是否有效','INT','','','','','Y','1','C1-4','3','');
insert into column_val (xmlid, col_xmlid, dataname, col_seq, colname, colcnname, datatype, length, precision_val, party_seq, isprimarykey, isnullable, remark, filed_type_child, sensitive_level, policyid) values ('TO_R_ADDR_INF_D_DG','TO_R_ADDR_INF_D_DG_20170910','TO_R_ADDR_INF_D_DG','10','ADDR','地址全称','STRING','','','','','Y','广州市越秀区站前路197号','C1-4','3','');
insert into column_val (xmlid, col_xmlid, dataname, col_seq, colname, colcnname, datatype, length, precision_val, party_seq, isprimarykey, isnullable, remark, filed_type_child, sensitive_level, policyid) values ('TO_R_ADDR_INF_D_DG','TO_R_ADDR_INF_D_DG_20170911','TO_R_ADDR_INF_D_DG','11','ADDR_PY','ADDR_PY','STRING','','','','','Y','','C1-4','3','');
insert into column_val (xmlid, col_xmlid, dataname, col_seq, colname, colcnname, datatype, length, precision_val, party_seq, isprimarykey, isnullable, remark, filed_type_child, sensitive_level, policyid) values ('TO_R_ADDR_INF_D_DG','TO_R_ADDR_INF_D_DG_20170912','TO_R_ADDR_INF_D_DG','12','ALIAS_ADDR_PY','ALIAS_ADDR_PY','STRING','','','','','Y','','C1-4','3','');
insert into column_val (xmlid, col_xmlid, dataname, col_seq, colname, colcnname, datatype, length, precision_val, party_seq, isprimarykey, isnullable, remark, filed_type_child, sensitive_level, policyid) values ('TO_R_ADDR_INF_D_DG','TO_R_ADDR_INF_D_DG_20170913','TO_R_ADDR_INF_D_DG','13','CONFIRM_DATE','有效日期','STRING','','','','','Y','','C1-4','3','');
insert into column_val (xmlid, col_xmlid, dataname, col_seq, colname, colcnname, datatype, length, precision_val, party_seq, isprimarykey, isnullable, remark, filed_type_child, sensitive_level, policyid) values ('TO_R_ADDR_INF_D_DG','TO_R_ADDR_INF_D_DG_20170914','TO_R_ADDR_INF_D_DG','14','CONFIRM_DATE2','有效日期2','STRING','','','','','Y','','C1-4','3','');
insert into column_val (xmlid, col_xmlid, dataname, col_seq, colname, colcnname, datatype, length, precision_val, party_seq, isprimarykey, isnullable, remark, filed_type_child, sensitive_level, policyid) values ('TO_R_ADDR_INF_D_DG','TO_R_ADDR_INF_D_DG_20170915','TO_R_ADDR_INF_D_DG','15','AMEND','整理状态','SMALLINT','','','','','Y','(0,未整理;1,已整理)','C1-4','3','');
insert into column_val (xmlid, col_xmlid, dataname, col_seq, colname, colcnname, datatype, length, precision_val, party_seq, isprimarykey, isnullable, remark, filed_type_child, sensitive_level, policyid) values ('TO_R_ADDR_INF_D_DG','TO_R_ADDR_INF_D_DG_20170916','TO_R_ADDR_INF_D_DG','16','RECDATE','受理时间','STRING','','','','','Y','','C1-4','3','');
insert into column_val (xmlid, col_xmlid, dataname, col_seq, colname, colcnname, datatype, length, precision_val, party_seq, isprimarykey, isnullable, remark, filed_type_child, sensitive_level, policyid) values ('TO_R_ADDR_INF_D_DG','TO_R_ADDR_INF_D_DG_20170917','TO_R_ADDR_INF_D_DG','17','SUBDEP_NAME','SUBDEPNAME','STRING','','','','','Y','','C1-4','3','');
insert into column_val (xmlid, col_xmlid, dataname, col_seq, colname, colcnname, datatype, length, precision_val, party_seq, isprimarykey, isnullable, remark, filed_type_child, sensitive_level, policyid) values ('TO_R_ADDR_INF_D_DG','TO_R_ADDR_INF_D_DG_20170918','TO_R_ADDR_INF_D_DG','18','SYSFLAG','SYSFLAG','SMALLINT','','','','','Y','','C1-4','3','');
insert into column_val (xmlid, col_xmlid, dataname, col_seq, colname, colcnname, datatype, length, precision_val, party_seq, isprimarykey, isnullable, remark, filed_type_child, sensitive_level, policyid) values ('TO_R_ADDR_INF_D_DG','TO_R_ADDR_INF_D_DG_20170919','TO_R_ADDR_INF_D_DG','19','POSTNUMBER','邮政编码','STRING','','','','','Y','','C1-4','3','');
insert into column_val (xmlid, col_xmlid, dataname, col_seq, colname, colcnname, datatype, length, precision_val, party_seq, isprimarykey, isnullable, remark, filed_type_child, sensitive_level, policyid) values ('TO_R_ADDR_INF_D_DG','TO_R_ADDR_INF_D_DG_20170920','TO_R_ADDR_INF_D_DG','20','STYPE','STYPE','STRING','','','','','Y','','C1-4','3','');
insert into column_val (xmlid, col_xmlid, dataname, col_seq, colname, colcnname, datatype, length, precision_val, party_seq, isprimarykey, isnullable, remark, filed_type_child, sensitive_level, policyid) values ('TO_R_ADDR_INF_D_DG','TO_R_ADDR_INF_D_DG_20170921','TO_R_ADDR_INF_D_DG','21','NUM','NUM','STRING','','','','','Y','','C1-4','3','');
insert into column_val (xmlid, col_xmlid, dataname, col_seq, colname, colcnname, datatype, length, precision_val, party_seq, isprimarykey, isnullable, remark, filed_type_child, sensitive_level, policyid) values ('TO_R_ADDR_INF_D_DG','TO_R_ADDR_INF_D_DG_20170922','TO_R_ADDR_INF_D_DG','22','TAG','TAG','INT','','','','','Y','','C1-4','3','');
insert into column_val (xmlid, col_xmlid, dataname, col_seq, colname, colcnname, datatype, length, precision_val, party_seq, isprimarykey, isnullable, remark, filed_type_child, sensitive_level, policyid) values ('TO_R_ADDR_INF_D_DG','TO_R_ADDR_INF_D_DG_20170923','TO_R_ADDR_INF_D_DG','23','IBSS_ADDR_ID','IBSSADDRID','INT','','','','','Y','','C1-4','3','');
insert into column_val (xmlid, col_xmlid, dataname, col_seq, colname, colcnname, datatype, length, precision_val, party_seq, isprimarykey, isnullable, remark, filed_type_child, sensitive_level, policyid) values ('TO_R_ADDR_INF_D_DG','TO_R_ADDR_INF_D_DG_20170924','TO_R_ADDR_INF_D_DG','24','IBSEND','IBSEND','INT','','','','','Y','','C1-4','3','');
insert into column_val (xmlid, col_xmlid, dataname, col_seq, colname, colcnname, datatype, length, precision_val, party_seq, isprimarykey, isnullable, remark, filed_type_child, sensitive_level, policyid) values ('TO_R_ADDR_INF_D_DG','TO_R_ADDR_INF_D_DG_20170925','TO_R_ADDR_INF_D_DG','25','OLD_PARENTID','OLD_PARENTID','INT','','','','','Y','','C1-4','3','');
insert into column_val (xmlid, col_xmlid, dataname, col_seq, colname, colcnname, datatype, length, precision_val, party_seq, isprimarykey, isnullable, remark, filed_type_child, sensitive_level, policyid) values ('TO_R_ADDR_INF_D_DG','TO_R_ADDR_INF_D_DG_20170926','TO_R_ADDR_INF_D_DG','26','SPLIT_FLAGC','SPLIT_FLAGC','INT','','','','','Y','','C1-4','3','');
insert into column_val (xmlid, col_xmlid, dataname, col_seq, colname, colcnname, datatype, length, precision_val, party_seq, isprimarykey, isnullable, remark, filed_type_child, sensitive_level, policyid) values ('TO_R_ADDR_INF_D_DG','TO_R_ADDR_INF_D_DG_20170927','TO_R_ADDR_INF_D_DG','27','SPLIT_FLAG','SPLIT_FLAG','INT','','','','','Y','','C1-4','3','');
insert into column_val (xmlid, col_xmlid, dataname, col_seq, colname, colcnname, datatype, length, precision_val, party_seq, isprimarykey, isnullable, remark, filed_type_child, sensitive_level, policyid) values ('TO_R_ADDR_INF_D_DG','TO_R_ADDR_INF_D_DG_20170928','TO_R_ADDR_INF_D_DG','28','ADDRTYPE','ADDRTYPE','INT','','','','','Y','','C1-4','3','');
insert into column_val (xmlid, col_xmlid, dataname, col_seq, colname, colcnname, datatype, length, precision_val, party_seq, isprimarykey, isnullable, remark, filed_type_child, sensitive_level, policyid) values ('TO_R_ADDR_INF_D_DG','TO_R_ADDR_INF_D_DG_20170929','TO_R_ADDR_INF_D_DG','29','REGIONID','地市ID','INT','','','','','Y','200','C1-4','3','');
insert into column_val (xmlid, col_xmlid, dataname, col_seq, colname, colcnname, datatype, length, precision_val, party_seq, isprimarykey, isnullable, remark, filed_type_child, sensitive_level, policyid) values ('TO_R_ADDR_INF_D_DG','TO_R_ADDR_INF_D_DG_20170930','TO_R_ADDR_INF_D_DG','30','IMPORTFLAG','导入批次','STRING','','','','','Y','2.01303E+13','C1-4','3','');
insert into column_val (xmlid, col_xmlid, dataname, col_seq, colname, colcnname, datatype, length, precision_val, party_seq, isprimarykey, isnullable, remark, filed_type_child, sensitive_level, policyid) values ('TO_R_ADDR_INF_D_DG','TO_R_ADDR_INF_D_DG_20170931','TO_R_ADDR_INF_D_DG','31','INTSID1','第一级','STRING','','','','','Y','广州市','C1-4','3','');
insert into column_val (xmlid, col_xmlid, dataname, col_seq, colname, colcnname, datatype, length, precision_val, party_seq, isprimarykey, isnullable, remark, filed_type_child, sensitive_level, policyid) values ('TO_R_ADDR_INF_D_DG','TO_R_ADDR_INF_D_DG_20170932','TO_R_ADDR_INF_D_DG','32','INTSID2','第二级','STRING','','','','','Y','越秀区','C1-4','3','');
insert into column_val (xmlid, col_xmlid, dataname, col_seq, colname, colcnname, datatype, length, precision_val, party_seq, isprimarykey, isnullable, remark, filed_type_child, sensitive_level, policyid) values ('TO_R_ADDR_INF_D_DG','TO_R_ADDR_INF_D_DG_20170933','TO_R_ADDR_INF_D_DG','33','INTSID3','第三级','STRING','','','','','Y','站前路','C1-4','3','');
insert into column_val (xmlid, col_xmlid, dataname, col_seq, colname, colcnname, datatype, length, precision_val, party_seq, isprimarykey, isnullable, remark, filed_type_child, sensitive_level, policyid) values ('TO_R_ADDR_INF_D_DG','TO_R_ADDR_INF_D_DG_20170934','TO_R_ADDR_INF_D_DG','34','INTSID4','第四级','STRING','','','','','Y','197号','C1-4','3','');
insert into column_val (xmlid, col_xmlid, dataname, col_seq, colname, colcnname, datatype, length, precision_val, party_seq, isprimarykey, isnullable, remark, filed_type_child, sensitive_level, policyid) values ('TO_R_ADDR_INF_D_DG','TO_R_ADDR_INF_D_DG_20170935','TO_R_ADDR_INF_D_DG','35','INTSID5','第五级','STRING','','','','','Y','','C1-4','3','');
insert into column_val (xmlid, col_xmlid, dataname, col_seq, colname, colcnname, datatype, length, precision_val, party_seq, isprimarykey, isnullable, remark, filed_type_child, sensitive_level, policyid) values ('TO_R_ADDR_INF_D_DG','TO_R_ADDR_INF_D_DG_20170936','TO_R_ADDR_INF_D_DG','36','INTSID6','第六级','STRING','','','','','Y','','C1-4','3','');
insert into column_val (xmlid, col_xmlid, dataname, col_seq, colname, colcnname, datatype, length, precision_val, party_seq, isprimarykey, isnullable, remark, filed_type_child, sensitive_level, policyid) values ('TO_R_ADDR_INF_D_DG','TO_R_ADDR_INF_D_DG_20170937','TO_R_ADDR_INF_D_DG','37','INTSID7','第七级','STRING','','','','','Y','','C1-4','3','');
insert into column_val (xmlid, col_xmlid, dataname, col_seq, colname, colcnname, datatype, length, precision_val, party_seq, isprimarykey, isnullable, remark, filed_type_child, sensitive_level, policyid) values ('TO_R_ADDR_INF_D_DG','TO_R_ADDR_INF_D_DG_20170938','TO_R_ADDR_INF_D_DG','38','ADDR_TYPE_EX','ADDRTYPEEX','INT','','','','','Y','','C1-4','3','');
insert into column_val (xmlid, col_xmlid, dataname, col_seq, colname, colcnname, datatype, length, precision_val, party_seq, isprimarykey, isnullable, remark, filed_type_child, sensitive_level, policyid) values ('TO_R_ADDR_INF_D_DG','TO_R_ADDR_INF_D_DG_20170939','TO_R_ADDR_INF_D_DG','39','ADDR_TYPE_EX_2','ADDRTYPEEX_2','INT','','','','','Y','','C1-4','3','');
insert into column_val (xmlid, col_xmlid, dataname, col_seq, colname, colcnname, datatype, length, precision_val, party_seq, isprimarykey, isnullable, remark, filed_type_child, sensitive_level, policyid) values ('TO_R_ADDR_INF_D_DG','TO_R_ADDR_INF_D_DG_20170940','TO_R_ADDR_INF_D_DG','40','GREEN_LABEL','GREEN_LABEL','INT','','','','','Y','','C1-4','3','');
insert into column_val (xmlid, col_xmlid, dataname, col_seq, colname, colcnname, datatype, length, precision_val, party_seq, isprimarykey, isnullable, remark, filed_type_child, sensitive_level, policyid) values ('TO_R_ADDR_INF_D_DG','TO_R_ADDR_INF_D_DG_20170941','TO_R_ADDR_INF_D_DG','41','GRADE3ID','GRADE3ID','INT','','','','','Y','','C1-4','3','');
insert into column_val (xmlid, col_xmlid, dataname, col_seq, colname, colcnname, datatype, length, precision_val, party_seq, isprimarykey, isnullable, remark, filed_type_child, sensitive_level, policyid) values ('TO_R_ADDR_INF_D_DG','TO_R_ADDR_INF_D_DG_20170942','TO_R_ADDR_INF_D_DG','42','LONGITUDE','经度','STRING','','','','','Y','113.253285','C1-4','3','PID_all');
insert into column_val (xmlid, col_xmlid, dataname, col_seq, colname, colcnname, datatype, length, precision_val, party_seq, isprimarykey, isnullable, remark, filed_type_child, sensitive_level, policyid) values ('TO_R_ADDR_INF_D_DG','TO_R_ADDR_INF_D_DG_20170943','TO_R_ADDR_INF_D_DG','43','LATITUDE','纬度','STRING','','','','','Y','23.145451','C1-4','3','PID_all');
insert into column_val (xmlid, col_xmlid, dataname, col_seq, colname, colcnname, datatype, length, precision_val, party_seq, isprimarykey, isnullable, remark, filed_type_child, sensitive_level, policyid) values ('TO_R_ADDR_INF_D_DG','TO_R_ADDR_INF_D_DG_20170944','TO_R_ADDR_INF_D_DG','44','BELONG_CELL_ID','所属小区','STRING','','','','','Y','','C1-4','3','');
insert into column_val (xmlid, col_xmlid, dataname, col_seq, colname, colcnname, datatype, length, precision_val, party_seq, isprimarykey, isnullable, remark, filed_type_child, sensitive_level, policyid) values ('TO_R_ADDR_INF_D_DG','TO_R_ADDR_INF_D_DG_20170945','TO_R_ADDR_INF_D_DG','45','RES_TYP_CD','资源类型','SMALLINT','','','','','Y','　(1:自建宽带、2:广电宽带 （局端合作）、3:广电宽带 （末端合作）、5:第三方合作、6:第三方合作（客服服务）、9:铁通ADSL改造)','C1-4','3','');
insert into column_val (xmlid, col_xmlid, dataname, col_seq, colname, colcnname, datatype, length, precision_val, party_seq, isprimarykey, isnullable, remark, filed_type_child, sensitive_level, policyid) values ('TO_R_ADDR_INF_D_DG','TO_R_ADDR_INF_D_DG_20170946','TO_R_ADDR_INF_D_DG','46','BS_TYP','楼宇类型','SMALLINT','','','','','Y','　(1、家庭楼宇 2、商业楼宇)','C1-4','3','');
insert into column_val (xmlid, col_xmlid, dataname, col_seq, colname, colcnname, datatype, length, precision_val, party_seq, isprimarykey, isnullable, remark, filed_type_child, sensitive_level, policyid) values ('TO_R_ADDR_INF_D_DG','TO_R_ADDR_INF_D_DG_20170947','TO_R_ADDR_INF_D_DG','47','THRD_NAM','第三方名称','STRING','','','','','Y','','C1-4','3','');
insert into column_val (xmlid, col_xmlid, dataname, col_seq, colname, colcnname, datatype, length, precision_val, party_seq, isprimarykey, isnullable, remark, filed_type_child, sensitive_level, policyid) values ('TO_R_ADDR_INF_D_DG','TO_R_ADDR_INF_D_DG_20170948','TO_R_ADDR_INF_D_DG','48','THIRD_NBR','第三方联系方式','STRING','','','','','Y','','C1-4','3','');
insert into column_val (xmlid, col_xmlid, dataname, col_seq, colname, colcnname, datatype, length, precision_val, party_seq, isprimarykey, isnullable, remark, filed_type_child, sensitive_level, policyid) values ('TO_R_ADDR_INF_D_DG','TO_R_ADDR_INF_D_DG_20170949','TO_R_ADDR_INF_D_DG','49','PICTURE_LINK','图片链接','STRING','','','','','Y','','C1-4','3','');
insert into column_val (xmlid, col_xmlid, dataname, col_seq, colname, colcnname, datatype, length, precision_val, party_seq, isprimarykey, isnullable, remark, filed_type_child, sensitive_level, policyid) values ('TO_R_ADDR_INF_D_DG','TO_R_ADDR_INF_D_DG_20170950','TO_R_ADDR_INF_D_DG','50','ADDR_SOURCE','地址来源','INT','','','','','Y','　集客预覆盖流程（3）、家客预覆盖流程（4）、集客开通流程（2，esop变更为该枚举值）、资源呈现系统（1，可视化变更为该枚举值）','C1-4','3','');
insert into column_val (xmlid, col_xmlid, dataname, col_seq, colname, colcnname, datatype, length, precision_val, party_seq, isprimarykey, isnullable, remark, filed_type_child, sensitive_level, policyid) values ('TO_R_ADDR_INF_D_DG','TO_R_ADDR_INF_D_DG_20170951','TO_R_ADDR_INF_D_DG','51','STATUS','状态','INT','','','','','Y','　(1,资源录入;2,已建设楼宇;3,已开业务)','C1-4','3','');
insert into column_val (xmlid, col_xmlid, dataname, col_seq, colname, colcnname, datatype, length, precision_val, party_seq, isprimarykey, isnullable, remark, filed_type_child, sensitive_level, policyid) values ('TO_R_ADDR_INF_D_DG','TO_R_ADDR_INF_D_DG_20170952','TO_R_ADDR_INF_D_DG','52','HCOVERMODE','覆盖场景','INT','','','','','Y','　商务楼宇（1、 高价值写字楼，2、 普通写字楼，3、 专业市场，4、 机关单位、大企业、星级酒店，5、 学校、厂区、医院、政府办公区，6、 工业园厂区）家庭楼宇（7、住宅小区，8、城中村，9、独栋楼宇，10、沿街商铺，11、农村）','C1-4','3','');
insert into column_val (xmlid, col_xmlid, dataname, col_seq, colname, colcnname, datatype, length, precision_val, party_seq, isprimarykey, isnullable, remark, filed_type_child, sensitive_level, policyid) values ('TO_R_ADDR_INF_D_DG','TO_R_ADDR_INF_D_DG_20170953','TO_R_ADDR_INF_D_DG','53','REMARKS','备注','STRING','','','','','Y','','C1-4','3','');
insert into column_val (xmlid, col_xmlid, dataname, col_seq, colname, colcnname, datatype, length, precision_val, party_seq, isprimarykey, isnullable, remark, filed_type_child, sensitive_level, policyid) values ('TO_R_ADDR_INF_D_DG','TO_R_ADDR_INF_D_DG_20170954','TO_R_ADDR_INF_D_DG','54','SHIELD_OPEN_SERVICE','屏蔽开通业务','STRING','','','','','Y','（是/否，默认为否）','C1-4','3','');
insert into column_val (xmlid, col_xmlid, dataname, col_seq, colname, colcnname, datatype, length, precision_val, party_seq, isprimarykey, isnullable, remark, filed_type_child, sensitive_level, policyid) values ('TO_R_ADDR_INF_D_DG','TO_R_ADDR_INF_D_DG_20170955','TO_R_ADDR_INF_D_DG','55','CN_WAY','接入方式','STRING','','','','','Y','FTTH、FTTB','C1-4','3','');
insert into column_val (xmlid, col_xmlid, dataname, col_seq, colname, colcnname, datatype, length, precision_val, party_seq, isprimarykey, isnullable, remark, filed_type_child, sensitive_level, policyid) values ('TO_R_ADDR_INF_D_DG','TO_R_ADDR_INF_D_DG_20170956','TO_R_ADDR_INF_D_DG','56','REGION_ATTRI','地域属性','INT','','','','','Y','','C1-4','3','');
insert into column_val (xmlid, col_xmlid, dataname, col_seq, colname, colcnname, datatype, length, precision_val, party_seq, isprimarykey, isnullable, remark, filed_type_child, sensitive_level, policyid) values ('TO_R_ADDR_INF_D_DG','TO_R_ADDR_INF_D_DG_20170957','TO_R_ADDR_INF_D_DG','57','CMCC_BRANCH_CD','地市编码','STRING','','','','','Y','示例：GZ','C1-4','3','');

insert into tablefile (xmlid, dbname, dataname, datacnname, state, cycletype, topiccode, extend_cfg, rightlevel, creater, curdutyer, eff_date, state_date, team_code, open_state, remark) values ('TO_R_ADDR_INF_D_FS','BD_B','TO_R_ADDR_INF_D_FS','ODS_标准地址日全量','NEW','day','LAYERI_IRES','{"EXTERNAL":"y","LOCATION":"/tenant/BIGDATA/JCFW/JRCL/BD_B/ODS/TO_R_ADDR_INF_D/branch=FS","FILEFORMAT":"PARQUET","DELIMITER":"&"}','其他','谢英俊','谢英俊', TIMESTAMP '0006-10-17 12:00:00', TIMESTAMP '0006-10-17 12:00:00','f2999fd5-c34e-402e-9b28-fec9fca13044','','基础层-资源主题域');
insert into column_val (xmlid, col_xmlid, dataname, col_seq, colname, colcnname, datatype, length, precision_val, party_seq, isprimarykey, isnullable, remark, filed_type_child, sensitive_level, policyid) values ('TO_R_ADDR_INF_D_FS','TO_R_ADDR_INF_D_FS_2017091','TO_R_ADDR_INF_D_FS','1','ADDR_ID','地址ID','INT','','','','1','N','32596718','C1-4','3','');
insert into column_val (xmlid, col_xmlid, dataname, col_seq, colname, colcnname, datatype, length, precision_val, party_seq, isprimarykey, isnullable, remark, filed_type_child, sensitive_level, policyid) values ('TO_R_ADDR_INF_D_FS','TO_R_ADDR_INF_D_FS_2017092','TO_R_ADDR_INF_D_FS','2','ADDR_NAM','本级地址名称','STRING','','','','','Y','197号','C1-4','3','');
insert into column_val (xmlid, col_xmlid, dataname, col_seq, colname, colcnname, datatype, length, precision_val, party_seq, isprimarykey, isnullable, remark, filed_type_child, sensitive_level, policyid) values ('TO_R_ADDR_INF_D_FS','TO_R_ADDR_INF_D_FS_2017093','TO_R_ADDR_INF_D_FS','3','GRADE','地址级别','INT','','','','','Y','4','C1-4','3','');
insert into column_val (xmlid, col_xmlid, dataname, col_seq, colname, colcnname, datatype, length, precision_val, party_seq, isprimarykey, isnullable, remark, filed_type_child, sensitive_level, policyid) values ('TO_R_ADDR_INF_D_FS','TO_R_ADDR_INF_D_FS_2017094','TO_R_ADDR_INF_D_FS','4','JP','　JP','STRING','','','','','Y','','C1-4','3','');
insert into column_val (xmlid, col_xmlid, dataname, col_seq, colname, colcnname, datatype, length, precision_val, party_seq, isprimarykey, isnullable, remark, filed_type_child, sensitive_level, policyid) values ('TO_R_ADDR_INF_D_FS','TO_R_ADDR_INF_D_FS_2017095','TO_R_ADDR_INF_D_FS','5','WB','　WB','STRING','','','','','Y','','C1-4','3','');
insert into column_val (xmlid, col_xmlid, dataname, col_seq, colname, colcnname, datatype, length, precision_val, party_seq, isprimarykey, isnullable, remark, filed_type_child, sensitive_level, policyid) values ('TO_R_ADDR_INF_D_FS','TO_R_ADDR_INF_D_FS_2017096','TO_R_ADDR_INF_D_FS','6','SUPER_ID','父级地址ID','INT','','','','','Y','1255656','C1-4','3','');
insert into column_val (xmlid, col_xmlid, dataname, col_seq, colname, colcnname, datatype, length, precision_val, party_seq, isprimarykey, isnullable, remark, filed_type_child, sensitive_level, policyid) values ('TO_R_ADDR_INF_D_FS','TO_R_ADDR_INF_D_FS_2017097','TO_R_ADDR_INF_D_FS','7','ALIAS_ADDR','地址别名','STRING','','','','','Y','','C1-4','3','');
insert into column_val (xmlid, col_xmlid, dataname, col_seq, colname, colcnname, datatype, length, precision_val, party_seq, isprimarykey, isnullable, remark, filed_type_child, sensitive_level, policyid) values ('TO_R_ADDR_INF_D_FS','TO_R_ADDR_INF_D_FS_2017098','TO_R_ADDR_INF_D_FS','8','OLD_ADDR','旧地址','INT','','','','','Y','','C1-4','3','');
insert into column_val (xmlid, col_xmlid, dataname, col_seq, colname, colcnname, datatype, length, precision_val, party_seq, isprimarykey, isnullable, remark, filed_type_child, sensitive_level, policyid) values ('TO_R_ADDR_INF_D_FS','TO_R_ADDR_INF_D_FS_2017099','TO_R_ADDR_INF_D_FS','9','IS_CONFIRM','是否有效','INT','','','','','Y','1','C1-4','3','');
insert into column_val (xmlid, col_xmlid, dataname, col_seq, colname, colcnname, datatype, length, precision_val, party_seq, isprimarykey, isnullable, remark, filed_type_child, sensitive_level, policyid) values ('TO_R_ADDR_INF_D_FS','TO_R_ADDR_INF_D_FS_20170910','TO_R_ADDR_INF_D_FS','10','ADDR','地址全称','STRING','','','','','Y','广州市越秀区站前路197号','C1-4','3','');
insert into column_val (xmlid, col_xmlid, dataname, col_seq, colname, colcnname, datatype, length, precision_val, party_seq, isprimarykey, isnullable, remark, filed_type_child, sensitive_level, policyid) values ('TO_R_ADDR_INF_D_FS','TO_R_ADDR_INF_D_FS_20170911','TO_R_ADDR_INF_D_FS','11','ADDR_PY','ADDR_PY','STRING','','','','','Y','','C1-4','3','');
insert into column_val (xmlid, col_xmlid, dataname, col_seq, colname, colcnname, datatype, length, precision_val, party_seq, isprimarykey, isnullable, remark, filed_type_child, sensitive_level, policyid) values ('TO_R_ADDR_INF_D_FS','TO_R_ADDR_INF_D_FS_20170912','TO_R_ADDR_INF_D_FS','12','ALIAS_ADDR_PY','ALIAS_ADDR_PY','STRING','','','','','Y','','C1-4','3','');
insert into column_val (xmlid, col_xmlid, dataname, col_seq, colname, colcnname, datatype, length, precision_val, party_seq, isprimarykey, isnullable, remark, filed_type_child, sensitive_level, policyid) values ('TO_R_ADDR_INF_D_FS','TO_R_ADDR_INF_D_FS_20170913','TO_R_ADDR_INF_D_FS','13','CONFIRM_DATE','有效日期','STRING','','','','','Y','','C1-4','3','');
insert into column_val (xmlid, col_xmlid, dataname, col_seq, colname, colcnname, datatype, length, precision_val, party_seq, isprimarykey, isnullable, remark, filed_type_child, sensitive_level, policyid) values ('TO_R_ADDR_INF_D_FS','TO_R_ADDR_INF_D_FS_20170914','TO_R_ADDR_INF_D_FS','14','CONFIRM_DATE2','有效日期2','STRING','','','','','Y','','C1-4','3','');
insert into column_val (xmlid, col_xmlid, dataname, col_seq, colname, colcnname, datatype, length, precision_val, party_seq, isprimarykey, isnullable, remark, filed_type_child, sensitive_level, policyid) values ('TO_R_ADDR_INF_D_FS','TO_R_ADDR_INF_D_FS_20170915','TO_R_ADDR_INF_D_FS','15','AMEND','整理状态','SMALLINT','','','','','Y','(0,未整理;1,已整理)','C1-4','3','');
insert into column_val (xmlid, col_xmlid, dataname, col_seq, colname, colcnname, datatype, length, precision_val, party_seq, isprimarykey, isnullable, remark, filed_type_child, sensitive_level, policyid) values ('TO_R_ADDR_INF_D_FS','TO_R_ADDR_INF_D_FS_20170916','TO_R_ADDR_INF_D_FS','16','RECDATE','受理时间','STRING','','','','','Y','','C1-4','3','');
insert into column_val (xmlid, col_xmlid, dataname, col_seq, colname, colcnname, datatype, length, precision_val, party_seq, isprimarykey, isnullable, remark, filed_type_child, sensitive_level, policyid) values ('TO_R_ADDR_INF_D_FS','TO_R_ADDR_INF_D_FS_20170917','TO_R_ADDR_INF_D_FS','17','SUBDEP_NAME','SUBDEPNAME','STRING','','','','','Y','','C1-4','3','');
insert into column_val (xmlid, col_xmlid, dataname, col_seq, colname, colcnname, datatype, length, precision_val, party_seq, isprimarykey, isnullable, remark, filed_type_child, sensitive_level, policyid) values ('TO_R_ADDR_INF_D_FS','TO_R_ADDR_INF_D_FS_20170918','TO_R_ADDR_INF_D_FS','18','SYSFLAG','SYSFLAG','SMALLINT','','','','','Y','','C1-4','3','');
insert into column_val (xmlid, col_xmlid, dataname, col_seq, colname, colcnname, datatype, length, precision_val, party_seq, isprimarykey, isnullable, remark, filed_type_child, sensitive_level, policyid) values ('TO_R_ADDR_INF_D_FS','TO_R_ADDR_INF_D_FS_20170919','TO_R_ADDR_INF_D_FS','19','POSTNUMBER','邮政编码','STRING','','','','','Y','','C1-4','3','');
insert into column_val (xmlid, col_xmlid, dataname, col_seq, colname, colcnname, datatype, length, precision_val, party_seq, isprimarykey, isnullable, remark, filed_type_child, sensitive_level, policyid) values ('TO_R_ADDR_INF_D_FS','TO_R_ADDR_INF_D_FS_20170920','TO_R_ADDR_INF_D_FS','20','STYPE','STYPE','STRING','','','','','Y','','C1-4','3','');
insert into column_val (xmlid, col_xmlid, dataname, col_seq, colname, colcnname, datatype, length, precision_val, party_seq, isprimarykey, isnullable, remark, filed_type_child, sensitive_level, policyid) values ('TO_R_ADDR_INF_D_FS','TO_R_ADDR_INF_D_FS_20170921','TO_R_ADDR_INF_D_FS','21','NUM','NUM','STRING','','','','','Y','','C1-4','3','');
insert into column_val (xmlid, col_xmlid, dataname, col_seq, colname, colcnname, datatype, length, precision_val, party_seq, isprimarykey, isnullable, remark, filed_type_child, sensitive_level, policyid) values ('TO_R_ADDR_INF_D_FS','TO_R_ADDR_INF_D_FS_20170922','TO_R_ADDR_INF_D_FS','22','TAG','TAG','INT','','','','','Y','','C1-4','3','');
insert into column_val (xmlid, col_xmlid, dataname, col_seq, colname, colcnname, datatype, length, precision_val, party_seq, isprimarykey, isnullable, remark, filed_type_child, sensitive_level, policyid) values ('TO_R_ADDR_INF_D_FS','TO_R_ADDR_INF_D_FS_20170923','TO_R_ADDR_INF_D_FS','23','IBSS_ADDR_ID','IBSSADDRID','INT','','','','','Y','','C1-4','3','');
insert into column_val (xmlid, col_xmlid, dataname, col_seq, colname, colcnname, datatype, length, precision_val, party_seq, isprimarykey, isnullable, remark, filed_type_child, sensitive_level, policyid) values ('TO_R_ADDR_INF_D_FS','TO_R_ADDR_INF_D_FS_20170924','TO_R_ADDR_INF_D_FS','24','IBSEND','IBSEND','INT','','','','','Y','','C1-4','3','');
insert into column_val (xmlid, col_xmlid, dataname, col_seq, colname, colcnname, datatype, length, precision_val, party_seq, isprimarykey, isnullable, remark, filed_type_child, sensitive_level, policyid) values ('TO_R_ADDR_INF_D_FS','TO_R_ADDR_INF_D_FS_20170925','TO_R_ADDR_INF_D_FS','25','OLD_PARENTID','OLD_PARENTID','INT','','','','','Y','','C1-4','3','');
insert into column_val (xmlid, col_xmlid, dataname, col_seq, colname, colcnname, datatype, length, precision_val, party_seq, isprimarykey, isnullable, remark, filed_type_child, sensitive_level, policyid) values ('TO_R_ADDR_INF_D_FS','TO_R_ADDR_INF_D_FS_20170926','TO_R_ADDR_INF_D_FS','26','SPLIT_FLAGC','SPLIT_FLAGC','INT','','','','','Y','','C1-4','3','');
insert into column_val (xmlid, col_xmlid, dataname, col_seq, colname, colcnname, datatype, length, precision_val, party_seq, isprimarykey, isnullable, remark, filed_type_child, sensitive_level, policyid) values ('TO_R_ADDR_INF_D_FS','TO_R_ADDR_INF_D_FS_20170927','TO_R_ADDR_INF_D_FS','27','SPLIT_FLAG','SPLIT_FLAG','INT','','','','','Y','','C1-4','3','');
insert into column_val (xmlid, col_xmlid, dataname, col_seq, colname, colcnname, datatype, length, precision_val, party_seq, isprimarykey, isnullable, remark, filed_type_child, sensitive_level, policyid) values ('TO_R_ADDR_INF_D_FS','TO_R_ADDR_INF_D_FS_20170928','TO_R_ADDR_INF_D_FS','28','ADDRTYPE','ADDRTYPE','INT','','','','','Y','','C1-4','3','');
insert into column_val (xmlid, col_xmlid, dataname, col_seq, colname, colcnname, datatype, length, precision_val, party_seq, isprimarykey, isnullable, remark, filed_type_child, sensitive_level, policyid) values ('TO_R_ADDR_INF_D_FS','TO_R_ADDR_INF_D_FS_20170929','TO_R_ADDR_INF_D_FS','29','REGIONID','地市ID','INT','','','','','Y','200','C1-4','3','');
insert into column_val (xmlid, col_xmlid, dataname, col_seq, colname, colcnname, datatype, length, precision_val, party_seq, isprimarykey, isnullable, remark, filed_type_child, sensitive_level, policyid) values ('TO_R_ADDR_INF_D_FS','TO_R_ADDR_INF_D_FS_20170930','TO_R_ADDR_INF_D_FS','30','IMPORTFLAG','导入批次','STRING','','','','','Y','2.01303E+13','C1-4','3','');
insert into column_val (xmlid, col_xmlid, dataname, col_seq, colname, colcnname, datatype, length, precision_val, party_seq, isprimarykey, isnullable, remark, filed_type_child, sensitive_level, policyid) values ('TO_R_ADDR_INF_D_FS','TO_R_ADDR_INF_D_FS_20170931','TO_R_ADDR_INF_D_FS','31','INTSID1','第一级','STRING','','','','','Y','广州市','C1-4','3','');
insert into column_val (xmlid, col_xmlid, dataname, col_seq, colname, colcnname, datatype, length, precision_val, party_seq, isprimarykey, isnullable, remark, filed_type_child, sensitive_level, policyid) values ('TO_R_ADDR_INF_D_FS','TO_R_ADDR_INF_D_FS_20170932','TO_R_ADDR_INF_D_FS','32','INTSID2','第二级','STRING','','','','','Y','越秀区','C1-4','3','');
insert into column_val (xmlid, col_xmlid, dataname, col_seq, colname, colcnname, datatype, length, precision_val, party_seq, isprimarykey, isnullable, remark, filed_type_child, sensitive_level, policyid) values ('TO_R_ADDR_INF_D_FS','TO_R_ADDR_INF_D_FS_20170933','TO_R_ADDR_INF_D_FS','33','INTSID3','第三级','STRING','','','','','Y','站前路','C1-4','3','');
insert into column_val (xmlid, col_xmlid, dataname, col_seq, colname, colcnname, datatype, length, precision_val, party_seq, isprimarykey, isnullable, remark, filed_type_child, sensitive_level, policyid) values ('TO_R_ADDR_INF_D_FS','TO_R_ADDR_INF_D_FS_20170934','TO_R_ADDR_INF_D_FS','34','INTSID4','第四级','STRING','','','','','Y','197号','C1-4','3','');
insert into column_val (xmlid, col_xmlid, dataname, col_seq, colname, colcnname, datatype, length, precision_val, party_seq, isprimarykey, isnullable, remark, filed_type_child, sensitive_level, policyid) values ('TO_R_ADDR_INF_D_FS','TO_R_ADDR_INF_D_FS_20170935','TO_R_ADDR_INF_D_FS','35','INTSID5','第五级','STRING','','','','','Y','','C1-4','3','');
insert into column_val (xmlid, col_xmlid, dataname, col_seq, colname, colcnname, datatype, length, precision_val, party_seq, isprimarykey, isnullable, remark, filed_type_child, sensitive_level, policyid) values ('TO_R_ADDR_INF_D_FS','TO_R_ADDR_INF_D_FS_20170936','TO_R_ADDR_INF_D_FS','36','INTSID6','第六级','STRING','','','','','Y','','C1-4','3','');
insert into column_val (xmlid, col_xmlid, dataname, col_seq, colname, colcnname, datatype, length, precision_val, party_seq, isprimarykey, isnullable, remark, filed_type_child, sensitive_level, policyid) values ('TO_R_ADDR_INF_D_FS','TO_R_ADDR_INF_D_FS_20170937','TO_R_ADDR_INF_D_FS','37','INTSID7','第七级','STRING','','','','','Y','','C1-4','3','');
insert into column_val (xmlid, col_xmlid, dataname, col_seq, colname, colcnname, datatype, length, precision_val, party_seq, isprimarykey, isnullable, remark, filed_type_child, sensitive_level, policyid) values ('TO_R_ADDR_INF_D_FS','TO_R_ADDR_INF_D_FS_20170938','TO_R_ADDR_INF_D_FS','38','ADDR_TYPE_EX','ADDRTYPEEX','INT','','','','','Y','','C1-4','3','');
insert into column_val (xmlid, col_xmlid, dataname, col_seq, colname, colcnname, datatype, length, precision_val, party_seq, isprimarykey, isnullable, remark, filed_type_child, sensitive_level, policyid) values ('TO_R_ADDR_INF_D_FS','TO_R_ADDR_INF_D_FS_20170939','TO_R_ADDR_INF_D_FS','39','ADDR_TYPE_EX_2','ADDRTYPEEX_2','INT','','','','','Y','','C1-4','3','');
insert into column_val (xmlid, col_xmlid, dataname, col_seq, colname, colcnname, datatype, length, precision_val, party_seq, isprimarykey, isnullable, remark, filed_type_child, sensitive_level, policyid) values ('TO_R_ADDR_INF_D_FS','TO_R_ADDR_INF_D_FS_20170940','TO_R_ADDR_INF_D_FS','40','GREEN_LABEL','GREEN_LABEL','INT','','','','','Y','','C1-4','3','');
insert into column_val (xmlid, col_xmlid, dataname, col_seq, colname, colcnname, datatype, length, precision_val, party_seq, isprimarykey, isnullable, remark, filed_type_child, sensitive_level, policyid) values ('TO_R_ADDR_INF_D_FS','TO_R_ADDR_INF_D_FS_20170941','TO_R_ADDR_INF_D_FS','41','GRADE3ID','GRADE3ID','INT','','','','','Y','','C1-4','3','');
insert into column_val (xmlid, col_xmlid, dataname, col_seq, colname, colcnname, datatype, length, precision_val, party_seq, isprimarykey, isnullable, remark, filed_type_child, sensitive_level, policyid) values ('TO_R_ADDR_INF_D_FS','TO_R_ADDR_INF_D_FS_20170942','TO_R_ADDR_INF_D_FS','42','LONGITUDE','经度','STRING','','','','','Y','113.253285','C1-4','3','PID_all');
insert into column_val (xmlid, col_xmlid, dataname, col_seq, colname, colcnname, datatype, length, precision_val, party_seq, isprimarykey, isnullable, remark, filed_type_child, sensitive_level, policyid) values ('TO_R_ADDR_INF_D_FS','TO_R_ADDR_INF_D_FS_20170943','TO_R_ADDR_INF_D_FS','43','LATITUDE','纬度','STRING','','','','','Y','23.145451','C1-4','3','PID_all');
insert into column_val (xmlid, col_xmlid, dataname, col_seq, colname, colcnname, datatype, length, precision_val, party_seq, isprimarykey, isnullable, remark, filed_type_child, sensitive_level, policyid) values ('TO_R_ADDR_INF_D_FS','TO_R_ADDR_INF_D_FS_20170944','TO_R_ADDR_INF_D_FS','44','BELONG_CELL_ID','所属小区','STRING','','','','','Y','','C1-4','3','');
insert into column_val (xmlid, col_xmlid, dataname, col_seq, colname, colcnname, datatype, length, precision_val, party_seq, isprimarykey, isnullable, remark, filed_type_child, sensitive_level, policyid) values ('TO_R_ADDR_INF_D_FS','TO_R_ADDR_INF_D_FS_20170945','TO_R_ADDR_INF_D_FS','45','RES_TYP_CD','资源类型','SMALLINT','','','','','Y','　(1:自建宽带、2:广电宽带 （局端合作）、3:广电宽带 （末端合作）、5:第三方合作、6:第三方合作（客服服务）、9:铁通ADSL改造)','C1-4','3','');
insert into column_val (xmlid, col_xmlid, dataname, col_seq, colname, colcnname, datatype, length, precision_val, party_seq, isprimarykey, isnullable, remark, filed_type_child, sensitive_level, policyid) values ('TO_R_ADDR_INF_D_FS','TO_R_ADDR_INF_D_FS_20170946','TO_R_ADDR_INF_D_FS','46','BS_TYP','楼宇类型','SMALLINT','','','','','Y','　(1、家庭楼宇 2、商业楼宇)','C1-4','3','');
insert into column_val (xmlid, col_xmlid, dataname, col_seq, colname, colcnname, datatype, length, precision_val, party_seq, isprimarykey, isnullable, remark, filed_type_child, sensitive_level, policyid) values ('TO_R_ADDR_INF_D_FS','TO_R_ADDR_INF_D_FS_20170947','TO_R_ADDR_INF_D_FS','47','THRD_NAM','第三方名称','STRING','','','','','Y','','C1-4','3','');
insert into column_val (xmlid, col_xmlid, dataname, col_seq, colname, colcnname, datatype, length, precision_val, party_seq, isprimarykey, isnullable, remark, filed_type_child, sensitive_level, policyid) values ('TO_R_ADDR_INF_D_FS','TO_R_ADDR_INF_D_FS_20170948','TO_R_ADDR_INF_D_FS','48','THIRD_NBR','第三方联系方式','STRING','','','','','Y','','C1-4','3','');
insert into column_val (xmlid, col_xmlid, dataname, col_seq, colname, colcnname, datatype, length, precision_val, party_seq, isprimarykey, isnullable, remark, filed_type_child, sensitive_level, policyid) values ('TO_R_ADDR_INF_D_FS','TO_R_ADDR_INF_D_FS_20170949','TO_R_ADDR_INF_D_FS','49','PICTURE_LINK','图片链接','STRING','','','','','Y','','C1-4','3','');
insert into column_val (xmlid, col_xmlid, dataname, col_seq, colname, colcnname, datatype, length, precision_val, party_seq, isprimarykey, isnullable, remark, filed_type_child, sensitive_level, policyid) values ('TO_R_ADDR_INF_D_FS','TO_R_ADDR_INF_D_FS_20170950','TO_R_ADDR_INF_D_FS','50','ADDR_SOURCE','地址来源','INT','','','','','Y','　集客预覆盖流程（3）、家客预覆盖流程（4）、集客开通流程（2，esop变更为该枚举值）、资源呈现系统（1，可视化变更为该枚举值）','C1-4','3','');
insert into column_val (xmlid, col_xmlid, dataname, col_seq, colname, colcnname, datatype, length, precision_val, party_seq, isprimarykey, isnullable, remark, filed_type_child, sensitive_level, policyid) values ('TO_R_ADDR_INF_D_FS','TO_R_ADDR_INF_D_FS_20170951','TO_R_ADDR_INF_D_FS','51','STATUS','状态','INT','','','','','Y','　(1,资源录入;2,已建设楼宇;3,已开业务)','C1-4','3','');
insert into column_val (xmlid, col_xmlid, dataname, col_seq, colname, colcnname, datatype, length, precision_val, party_seq, isprimarykey, isnullable, remark, filed_type_child, sensitive_level, policyid) values ('TO_R_ADDR_INF_D_FS','TO_R_ADDR_INF_D_FS_20170952','TO_R_ADDR_INF_D_FS','52','HCOVERMODE','覆盖场景','INT','','','','','Y','　商务楼宇（1、 高价值写字楼，2、 普通写字楼，3、 专业市场，4、 机关单位、大企业、星级酒店，5、 学校、厂区、医院、政府办公区，6、 工业园厂区）家庭楼宇（7、住宅小区，8、城中村，9、独栋楼宇，10、沿街商铺，11、农村）','C1-4','3','');
insert into column_val (xmlid, col_xmlid, dataname, col_seq, colname, colcnname, datatype, length, precision_val, party_seq, isprimarykey, isnullable, remark, filed_type_child, sensitive_level, policyid) values ('TO_R_ADDR_INF_D_FS','TO_R_ADDR_INF_D_FS_20170953','TO_R_ADDR_INF_D_FS','53','REMARKS','备注','STRING','','','','','Y','','C1-4','3','');
insert into column_val (xmlid, col_xmlid, dataname, col_seq, colname, colcnname, datatype, length, precision_val, party_seq, isprimarykey, isnullable, remark, filed_type_child, sensitive_level, policyid) values ('TO_R_ADDR_INF_D_FS','TO_R_ADDR_INF_D_FS_20170954','TO_R_ADDR_INF_D_FS','54','SHIELD_OPEN_SERVICE','屏蔽开通业务','STRING','','','','','Y','（是/否，默认为否）','C1-4','3','');
insert into column_val (xmlid, col_xmlid, dataname, col_seq, colname, colcnname, datatype, length, precision_val, party_seq, isprimarykey, isnullable, remark, filed_type_child, sensitive_level, policyid) values ('TO_R_ADDR_INF_D_FS','TO_R_ADDR_INF_D_FS_20170955','TO_R_ADDR_INF_D_FS','55','CN_WAY','接入方式','STRING','','','','','Y','FTTH、FTTB','C1-4','3','');
insert into column_val (xmlid, col_xmlid, dataname, col_seq, colname, colcnname, datatype, length, precision_val, party_seq, isprimarykey, isnullable, remark, filed_type_child, sensitive_level, policyid) values ('TO_R_ADDR_INF_D_FS','TO_R_ADDR_INF_D_FS_20170956','TO_R_ADDR_INF_D_FS','56','REGION_ATTRI','地域属性','INT','','','','','Y','','C1-4','3','');
insert into column_val (xmlid, col_xmlid, dataname, col_seq, colname, colcnname, datatype, length, precision_val, party_seq, isprimarykey, isnullable, remark, filed_type_child, sensitive_level, policyid) values ('TO_R_ADDR_INF_D_FS','TO_R_ADDR_INF_D_FS_20170957','TO_R_ADDR_INF_D_FS','57','CMCC_BRANCH_CD','地市编码','STRING','','','','','Y','示例：GZ','C1-4','3','');

insert into tablefile (xmlid, dbname, dataname, datacnname, state, cycletype, topiccode, extend_cfg, rightlevel, creater, curdutyer, eff_date, state_date, team_code, open_state, remark) values ('TO_R_ADDR_INF_D_ST','BD_B','TO_R_ADDR_INF_D_ST','ODS_标准地址日全量','NEW','day','LAYERI_IRES','{"EXTERNAL":"y","LOCATION":"/tenant/BIGDATA/JCFW/JRCL/BD_B/ODS/TO_R_ADDR_INF_D/branch=ST","FILEFORMAT":"PARQUET","DELIMITER":"&"}','其他','谢英俊','谢英俊', TIMESTAMP '0006-10-17 12:00:00', TIMESTAMP '0006-10-17 12:00:00','f2999fd5-c34e-402e-9b28-fec9fca13044','','基础层-资源主题域');
insert into column_val (xmlid, col_xmlid, dataname, col_seq, colname, colcnname, datatype, length, precision_val, party_seq, isprimarykey, isnullable, remark, filed_type_child, sensitive_level, policyid) values ('TO_R_ADDR_INF_D_ST','TO_R_ADDR_INF_D_ST_2017091','TO_R_ADDR_INF_D_ST','1','ADDR_ID','地址ID','INT','','','','1','N','32596718','C1-4','3','');
insert into column_val (xmlid, col_xmlid, dataname, col_seq, colname, colcnname, datatype, length, precision_val, party_seq, isprimarykey, isnullable, remark, filed_type_child, sensitive_level, policyid) values ('TO_R_ADDR_INF_D_ST','TO_R_ADDR_INF_D_ST_2017092','TO_R_ADDR_INF_D_ST','2','ADDR_NAM','本级地址名称','STRING','','','','','Y','197号','C1-4','3','');
insert into column_val (xmlid, col_xmlid, dataname, col_seq, colname, colcnname, datatype, length, precision_val, party_seq, isprimarykey, isnullable, remark, filed_type_child, sensitive_level, policyid) values ('TO_R_ADDR_INF_D_ST','TO_R_ADDR_INF_D_ST_2017093','TO_R_ADDR_INF_D_ST','3','GRADE','地址级别','INT','','','','','Y','4','C1-4','3','');
insert into column_val (xmlid, col_xmlid, dataname, col_seq, colname, colcnname, datatype, length, precision_val, party_seq, isprimarykey, isnullable, remark, filed_type_child, sensitive_level, policyid) values ('TO_R_ADDR_INF_D_ST','TO_R_ADDR_INF_D_ST_2017094','TO_R_ADDR_INF_D_ST','4','JP','　JP','STRING','','','','','Y','','C1-4','3','');
insert into column_val (xmlid, col_xmlid, dataname, col_seq, colname, colcnname, datatype, length, precision_val, party_seq, isprimarykey, isnullable, remark, filed_type_child, sensitive_level, policyid) values ('TO_R_ADDR_INF_D_ST','TO_R_ADDR_INF_D_ST_2017095','TO_R_ADDR_INF_D_ST','5','WB','　WB','STRING','','','','','Y','','C1-4','3','');
insert into column_val (xmlid, col_xmlid, dataname, col_seq, colname, colcnname, datatype, length, precision_val, party_seq, isprimarykey, isnullable, remark, filed_type_child, sensitive_level, policyid) values ('TO_R_ADDR_INF_D_ST','TO_R_ADDR_INF_D_ST_2017096','TO_R_ADDR_INF_D_ST','6','SUPER_ID','父级地址ID','INT','','','','','Y','1255656','C1-4','3','');
insert into column_val (xmlid, col_xmlid, dataname, col_seq, colname, colcnname, datatype, length, precision_val, party_seq, isprimarykey, isnullable, remark, filed_type_child, sensitive_level, policyid) values ('TO_R_ADDR_INF_D_ST','TO_R_ADDR_INF_D_ST_2017097','TO_R_ADDR_INF_D_ST','7','ALIAS_ADDR','地址别名','STRING','','','','','Y','','C1-4','3','');
insert into column_val (xmlid, col_xmlid, dataname, col_seq, colname, colcnname, datatype, length, precision_val, party_seq, isprimarykey, isnullable, remark, filed_type_child, sensitive_level, policyid) values ('TO_R_ADDR_INF_D_ST','TO_R_ADDR_INF_D_ST_2017098','TO_R_ADDR_INF_D_ST','8','OLD_ADDR','旧地址','INT','','','','','Y','','C1-4','3','');
insert into column_val (xmlid, col_xmlid, dataname, col_seq, colname, colcnname, datatype, length, precision_val, party_seq, isprimarykey, isnullable, remark, filed_type_child, sensitive_level, policyid) values ('TO_R_ADDR_INF_D_ST','TO_R_ADDR_INF_D_ST_2017099','TO_R_ADDR_INF_D_ST','9','IS_CONFIRM','是否有效','INT','','','','','Y','1','C1-4','3','');
insert into column_val (xmlid, col_xmlid, dataname, col_seq, colname, colcnname, datatype, length, precision_val, party_seq, isprimarykey, isnullable, remark, filed_type_child, sensitive_level, policyid) values ('TO_R_ADDR_INF_D_ST','TO_R_ADDR_INF_D_ST_20170910','TO_R_ADDR_INF_D_ST','10','ADDR','地址全称','STRING','','','','','Y','广州市越秀区站前路197号','C1-4','3','');
insert into column_val (xmlid, col_xmlid, dataname, col_seq, colname, colcnname, datatype, length, precision_val, party_seq, isprimarykey, isnullable, remark, filed_type_child, sensitive_level, policyid) values ('TO_R_ADDR_INF_D_ST','TO_R_ADDR_INF_D_ST_20170911','TO_R_ADDR_INF_D_ST','11','ADDR_PY','ADDR_PY','STRING','','','','','Y','','C1-4','3','');
insert into column_val (xmlid, col_xmlid, dataname, col_seq, colname, colcnname, datatype, length, precision_val, party_seq, isprimarykey, isnullable, remark, filed_type_child, sensitive_level, policyid) values ('TO_R_ADDR_INF_D_ST','TO_R_ADDR_INF_D_ST_20170912','TO_R_ADDR_INF_D_ST','12','ALIAS_ADDR_PY','ALIAS_ADDR_PY','STRING','','','','','Y','','C1-4','3','');
insert into column_val (xmlid, col_xmlid, dataname, col_seq, colname, colcnname, datatype, length, precision_val, party_seq, isprimarykey, isnullable, remark, filed_type_child, sensitive_level, policyid) values ('TO_R_ADDR_INF_D_ST','TO_R_ADDR_INF_D_ST_20170913','TO_R_ADDR_INF_D_ST','13','CONFIRM_DATE','有效日期','STRING','','','','','Y','','C1-4','3','');
insert into column_val (xmlid, col_xmlid, dataname, col_seq, colname, colcnname, datatype, length, precision_val, party_seq, isprimarykey, isnullable, remark, filed_type_child, sensitive_level, policyid) values ('TO_R_ADDR_INF_D_ST','TO_R_ADDR_INF_D_ST_20170914','TO_R_ADDR_INF_D_ST','14','CONFIRM_DATE2','有效日期2','STRING','','','','','Y','','C1-4','3','');
insert into column_val (xmlid, col_xmlid, dataname, col_seq, colname, colcnname, datatype, length, precision_val, party_seq, isprimarykey, isnullable, remark, filed_type_child, sensitive_level, policyid) values ('TO_R_ADDR_INF_D_ST','TO_R_ADDR_INF_D_ST_20170915','TO_R_ADDR_INF_D_ST','15','AMEND','整理状态','SMALLINT','','','','','Y','(0,未整理;1,已整理)','C1-4','3','');
insert into column_val (xmlid, col_xmlid, dataname, col_seq, colname, colcnname, datatype, length, precision_val, party_seq, isprimarykey, isnullable, remark, filed_type_child, sensitive_level, policyid) values ('TO_R_ADDR_INF_D_ST','TO_R_ADDR_INF_D_ST_20170916','TO_R_ADDR_INF_D_ST','16','RECDATE','受理时间','STRING','','','','','Y','','C1-4','3','');
insert into column_val (xmlid, col_xmlid, dataname, col_seq, colname, colcnname, datatype, length, precision_val, party_seq, isprimarykey, isnullable, remark, filed_type_child, sensitive_level, policyid) values ('TO_R_ADDR_INF_D_ST','TO_R_ADDR_INF_D_ST_20170917','TO_R_ADDR_INF_D_ST','17','SUBDEP_NAME','SUBDEPNAME','STRING','','','','','Y','','C1-4','3','');
insert into column_val (xmlid, col_xmlid, dataname, col_seq, colname, colcnname, datatype, length, precision_val, party_seq, isprimarykey, isnullable, remark, filed_type_child, sensitive_level, policyid) values ('TO_R_ADDR_INF_D_ST','TO_R_ADDR_INF_D_ST_20170918','TO_R_ADDR_INF_D_ST','18','SYSFLAG','SYSFLAG','SMALLINT','','','','','Y','','C1-4','3','');
insert into column_val (xmlid, col_xmlid, dataname, col_seq, colname, colcnname, datatype, length, precision_val, party_seq, isprimarykey, isnullable, remark, filed_type_child, sensitive_level, policyid) values ('TO_R_ADDR_INF_D_ST','TO_R_ADDR_INF_D_ST_20170919','TO_R_ADDR_INF_D_ST','19','POSTNUMBER','邮政编码','STRING','','','','','Y','','C1-4','3','');
insert into column_val (xmlid, col_xmlid, dataname, col_seq, colname, colcnname, datatype, length, precision_val, party_seq, isprimarykey, isnullable, remark, filed_type_child, sensitive_level, policyid) values ('TO_R_ADDR_INF_D_ST','TO_R_ADDR_INF_D_ST_20170920','TO_R_ADDR_INF_D_ST','20','STYPE','STYPE','STRING','','','','','Y','','C1-4','3','');
insert into column_val (xmlid, col_xmlid, dataname, col_seq, colname, colcnname, datatype, length, precision_val, party_seq, isprimarykey, isnullable, remark, filed_type_child, sensitive_level, policyid) values ('TO_R_ADDR_INF_D_ST','TO_R_ADDR_INF_D_ST_20170921','TO_R_ADDR_INF_D_ST','21','NUM','NUM','STRING','','','','','Y','','C1-4','3','');
insert into column_val (xmlid, col_xmlid, dataname, col_seq, colname, colcnname, datatype, length, precision_val, party_seq, isprimarykey, isnullable, remark, filed_type_child, sensitive_level, policyid) values ('TO_R_ADDR_INF_D_ST','TO_R_ADDR_INF_D_ST_20170922','TO_R_ADDR_INF_D_ST','22','TAG','TAG','INT','','','','','Y','','C1-4','3','');
insert into column_val (xmlid, col_xmlid, dataname, col_seq, colname, colcnname, datatype, length, precision_val, party_seq, isprimarykey, isnullable, remark, filed_type_child, sensitive_level, policyid) values ('TO_R_ADDR_INF_D_ST','TO_R_ADDR_INF_D_ST_20170923','TO_R_ADDR_INF_D_ST','23','IBSS_ADDR_ID','IBSSADDRID','INT','','','','','Y','','C1-4','3','');
insert into column_val (xmlid, col_xmlid, dataname, col_seq, colname, colcnname, datatype, length, precision_val, party_seq, isprimarykey, isnullable, remark, filed_type_child, sensitive_level, policyid) values ('TO_R_ADDR_INF_D_ST','TO_R_ADDR_INF_D_ST_20170924','TO_R_ADDR_INF_D_ST','24','IBSEND','IBSEND','INT','','','','','Y','','C1-4','3','');
insert into column_val (xmlid, col_xmlid, dataname, col_seq, colname, colcnname, datatype, length, precision_val, party_seq, isprimarykey, isnullable, remark, filed_type_child, sensitive_level, policyid) values ('TO_R_ADDR_INF_D_ST','TO_R_ADDR_INF_D_ST_20170925','TO_R_ADDR_INF_D_ST','25','OLD_PARENTID','OLD_PARENTID','INT','','','','','Y','','C1-4','3','');
insert into column_val (xmlid, col_xmlid, dataname, col_seq, colname, colcnname, datatype, length, precision_val, party_seq, isprimarykey, isnullable, remark, filed_type_child, sensitive_level, policyid) values ('TO_R_ADDR_INF_D_ST','TO_R_ADDR_INF_D_ST_20170926','TO_R_ADDR_INF_D_ST','26','SPLIT_FLAGC','SPLIT_FLAGC','INT','','','','','Y','','C1-4','3','');
insert into column_val (xmlid, col_xmlid, dataname, col_seq, colname, colcnname, datatype, length, precision_val, party_seq, isprimarykey, isnullable, remark, filed_type_child, sensitive_level, policyid) values ('TO_R_ADDR_INF_D_ST','TO_R_ADDR_INF_D_ST_20170927','TO_R_ADDR_INF_D_ST','27','SPLIT_FLAG','SPLIT_FLAG','INT','','','','','Y','','C1-4','3','');
insert into column_val (xmlid, col_xmlid, dataname, col_seq, colname, colcnname, datatype, length, precision_val, party_seq, isprimarykey, isnullable, remark, filed_type_child, sensitive_level, policyid) values ('TO_R_ADDR_INF_D_ST','TO_R_ADDR_INF_D_ST_20170928','TO_R_ADDR_INF_D_ST','28','ADDRTYPE','ADDRTYPE','INT','','','','','Y','','C1-4','3','');
insert into column_val (xmlid, col_xmlid, dataname, col_seq, colname, colcnname, datatype, length, precision_val, party_seq, isprimarykey, isnullable, remark, filed_type_child, sensitive_level, policyid) values ('TO_R_ADDR_INF_D_ST','TO_R_ADDR_INF_D_ST_20170929','TO_R_ADDR_INF_D_ST','29','REGIONID','地市ID','INT','','','','','Y','200','C1-4','3','');
insert into column_val (xmlid, col_xmlid, dataname, col_seq, colname, colcnname, datatype, length, precision_val, party_seq, isprimarykey, isnullable, remark, filed_type_child, sensitive_level, policyid) values ('TO_R_ADDR_INF_D_ST','TO_R_ADDR_INF_D_ST_20170930','TO_R_ADDR_INF_D_ST','30','IMPORTFLAG','导入批次','STRING','','','','','Y','2.01303E+13','C1-4','3','');
insert into column_val (xmlid, col_xmlid, dataname, col_seq, colname, colcnname, datatype, length, precision_val, party_seq, isprimarykey, isnullable, remark, filed_type_child, sensitive_level, policyid) values ('TO_R_ADDR_INF_D_ST','TO_R_ADDR_INF_D_ST_20170931','TO_R_ADDR_INF_D_ST','31','INTSID1','第一级','STRING','','','','','Y','广州市','C1-4','3','');
insert into column_val (xmlid, col_xmlid, dataname, col_seq, colname, colcnname, datatype, length, precision_val, party_seq, isprimarykey, isnullable, remark, filed_type_child, sensitive_level, policyid) values ('TO_R_ADDR_INF_D_ST','TO_R_ADDR_INF_D_ST_20170932','TO_R_ADDR_INF_D_ST','32','INTSID2','第二级','STRING','','','','','Y','越秀区','C1-4','3','');
insert into column_val (xmlid, col_xmlid, dataname, col_seq, colname, colcnname, datatype, length, precision_val, party_seq, isprimarykey, isnullable, remark, filed_type_child, sensitive_level, policyid) values ('TO_R_ADDR_INF_D_ST','TO_R_ADDR_INF_D_ST_20170933','TO_R_ADDR_INF_D_ST','33','INTSID3','第三级','STRING','','','','','Y','站前路','C1-4','3','');
insert into column_val (xmlid, col_xmlid, dataname, col_seq, colname, colcnname, datatype, length, precision_val, party_seq, isprimarykey, isnullable, remark, filed_type_child, sensitive_level, policyid) values ('TO_R_ADDR_INF_D_ST','TO_R_ADDR_INF_D_ST_20170934','TO_R_ADDR_INF_D_ST','34','INTSID4','第四级','STRING','','','','','Y','197号','C1-4','3','');
insert into column_val (xmlid, col_xmlid, dataname, col_seq, colname, colcnname, datatype, length, precision_val, party_seq, isprimarykey, isnullable, remark, filed_type_child, sensitive_level, policyid) values ('TO_R_ADDR_INF_D_ST','TO_R_ADDR_INF_D_ST_20170935','TO_R_ADDR_INF_D_ST','35','INTSID5','第五级','STRING','','','','','Y','','C1-4','3','');
insert into column_val (xmlid, col_xmlid, dataname, col_seq, colname, colcnname, datatype, length, precision_val, party_seq, isprimarykey, isnullable, remark, filed_type_child, sensitive_level, policyid) values ('TO_R_ADDR_INF_D_ST','TO_R_ADDR_INF_D_ST_20170936','TO_R_ADDR_INF_D_ST','36','INTSID6','第六级','STRING','','','','','Y','','C1-4','3','');
insert into column_val (xmlid, col_xmlid, dataname, col_seq, colname, colcnname, datatype, length, precision_val, party_seq, isprimarykey, isnullable, remark, filed_type_child, sensitive_level, policyid) values ('TO_R_ADDR_INF_D_ST','TO_R_ADDR_INF_D_ST_20170937','TO_R_ADDR_INF_D_ST','37','INTSID7','第七级','STRING','','','','','Y','','C1-4','3','');
insert into column_val (xmlid, col_xmlid, dataname, col_seq, colname, colcnname, datatype, length, precision_val, party_seq, isprimarykey, isnullable, remark, filed_type_child, sensitive_level, policyid) values ('TO_R_ADDR_INF_D_ST','TO_R_ADDR_INF_D_ST_20170938','TO_R_ADDR_INF_D_ST','38','ADDR_TYPE_EX','ADDRTYPEEX','INT','','','','','Y','','C1-4','3','');
insert into column_val (xmlid, col_xmlid, dataname, col_seq, colname, colcnname, datatype, length, precision_val, party_seq, isprimarykey, isnullable, remark, filed_type_child, sensitive_level, policyid) values ('TO_R_ADDR_INF_D_ST','TO_R_ADDR_INF_D_ST_20170939','TO_R_ADDR_INF_D_ST','39','ADDR_TYPE_EX_2','ADDRTYPEEX_2','INT','','','','','Y','','C1-4','3','');
insert into column_val (xmlid, col_xmlid, dataname, col_seq, colname, colcnname, datatype, length, precision_val, party_seq, isprimarykey, isnullable, remark, filed_type_child, sensitive_level, policyid) values ('TO_R_ADDR_INF_D_ST','TO_R_ADDR_INF_D_ST_20170940','TO_R_ADDR_INF_D_ST','40','GREEN_LABEL','GREEN_LABEL','INT','','','','','Y','','C1-4','3','');
insert into column_val (xmlid, col_xmlid, dataname, col_seq, colname, colcnname, datatype, length, precision_val, party_seq, isprimarykey, isnullable, remark, filed_type_child, sensitive_level, policyid) values ('TO_R_ADDR_INF_D_ST','TO_R_ADDR_INF_D_ST_20170941','TO_R_ADDR_INF_D_ST','41','GRADE3ID','GRADE3ID','INT','','','','','Y','','C1-4','3','');
insert into column_val (xmlid, col_xmlid, dataname, col_seq, colname, colcnname, datatype, length, precision_val, party_seq, isprimarykey, isnullable, remark, filed_type_child, sensitive_level, policyid) values ('TO_R_ADDR_INF_D_ST','TO_R_ADDR_INF_D_ST_20170942','TO_R_ADDR_INF_D_ST','42','LONGITUDE','经度','STRING','','','','','Y','113.253285','C1-4','3','PID_all');
insert into column_val (xmlid, col_xmlid, dataname, col_seq, colname, colcnname, datatype, length, precision_val, party_seq, isprimarykey, isnullable, remark, filed_type_child, sensitive_level, policyid) values ('TO_R_ADDR_INF_D_ST','TO_R_ADDR_INF_D_ST_20170943','TO_R_ADDR_INF_D_ST','43','LATITUDE','纬度','STRING','','','','','Y','23.145451','C1-4','3','PID_all');
insert into column_val (xmlid, col_xmlid, dataname, col_seq, colname, colcnname, datatype, length, precision_val, party_seq, isprimarykey, isnullable, remark, filed_type_child, sensitive_level, policyid) values ('TO_R_ADDR_INF_D_ST','TO_R_ADDR_INF_D_ST_20170944','TO_R_ADDR_INF_D_ST','44','BELONG_CELL_ID','所属小区','STRING','','','','','Y','','C1-4','3','');
insert into column_val (xmlid, col_xmlid, dataname, col_seq, colname, colcnname, datatype, length, precision_val, party_seq, isprimarykey, isnullable, remark, filed_type_child, sensitive_level, policyid) values ('TO_R_ADDR_INF_D_ST','TO_R_ADDR_INF_D_ST_20170945','TO_R_ADDR_INF_D_ST','45','RES_TYP_CD','资源类型','SMALLINT','','','','','Y','　(1:自建宽带、2:广电宽带 （局端合作）、3:广电宽带 （末端合作）、5:第三方合作、6:第三方合作（客服服务）、9:铁通ADSL改造)','C1-4','3','');
insert into column_val (xmlid, col_xmlid, dataname, col_seq, colname, colcnname, datatype, length, precision_val, party_seq, isprimarykey, isnullable, remark, filed_type_child, sensitive_level, policyid) values ('TO_R_ADDR_INF_D_ST','TO_R_ADDR_INF_D_ST_20170946','TO_R_ADDR_INF_D_ST','46','BS_TYP','楼宇类型','SMALLINT','','','','','Y','　(1、家庭楼宇 2、商业楼宇)','C1-4','3','');
insert into column_val (xmlid, col_xmlid, dataname, col_seq, colname, colcnname, datatype, length, precision_val, party_seq, isprimarykey, isnullable, remark, filed_type_child, sensitive_level, policyid) values ('TO_R_ADDR_INF_D_ST','TO_R_ADDR_INF_D_ST_20170947','TO_R_ADDR_INF_D_ST','47','THRD_NAM','第三方名称','STRING','','','','','Y','','C1-4','3','');
insert into column_val (xmlid, col_xmlid, dataname, col_seq, colname, colcnname, datatype, length, precision_val, party_seq, isprimarykey, isnullable, remark, filed_type_child, sensitive_level, policyid) values ('TO_R_ADDR_INF_D_ST','TO_R_ADDR_INF_D_ST_20170948','TO_R_ADDR_INF_D_ST','48','THIRD_NBR','第三方联系方式','STRING','','','','','Y','','C1-4','3','');
insert into column_val (xmlid, col_xmlid, dataname, col_seq, colname, colcnname, datatype, length, precision_val, party_seq, isprimarykey, isnullable, remark, filed_type_child, sensitive_level, policyid) values ('TO_R_ADDR_INF_D_ST','TO_R_ADDR_INF_D_ST_20170949','TO_R_ADDR_INF_D_ST','49','PICTURE_LINK','图片链接','STRING','','','','','Y','','C1-4','3','');
insert into column_val (xmlid, col_xmlid, dataname, col_seq, colname, colcnname, datatype, length, precision_val, party_seq, isprimarykey, isnullable, remark, filed_type_child, sensitive_level, policyid) values ('TO_R_ADDR_INF_D_ST','TO_R_ADDR_INF_D_ST_20170950','TO_R_ADDR_INF_D_ST','50','ADDR_SOURCE','地址来源','INT','','','','','Y','　集客预覆盖流程（3）、家客预覆盖流程（4）、集客开通流程（2，esop变更为该枚举值）、资源呈现系统（1，可视化变更为该枚举值）','C1-4','3','');
insert into column_val (xmlid, col_xmlid, dataname, col_seq, colname, colcnname, datatype, length, precision_val, party_seq, isprimarykey, isnullable, remark, filed_type_child, sensitive_level, policyid) values ('TO_R_ADDR_INF_D_ST','TO_R_ADDR_INF_D_ST_20170951','TO_R_ADDR_INF_D_ST','51','STATUS','状态','INT','','','','','Y','　(1,资源录入;2,已建设楼宇;3,已开业务)','C1-4','3','');
insert into column_val (xmlid, col_xmlid, dataname, col_seq, colname, colcnname, datatype, length, precision_val, party_seq, isprimarykey, isnullable, remark, filed_type_child, sensitive_level, policyid) values ('TO_R_ADDR_INF_D_ST','TO_R_ADDR_INF_D_ST_20170952','TO_R_ADDR_INF_D_ST','52','HCOVERMODE','覆盖场景','INT','','','','','Y','　商务楼宇（1、 高价值写字楼，2、 普通写字楼，3、 专业市场，4、 机关单位、大企业、星级酒店，5、 学校、厂区、医院、政府办公区，6、 工业园厂区）家庭楼宇（7、住宅小区，8、城中村，9、独栋楼宇，10、沿街商铺，11、农村）','C1-4','3','');
insert into column_val (xmlid, col_xmlid, dataname, col_seq, colname, colcnname, datatype, length, precision_val, party_seq, isprimarykey, isnullable, remark, filed_type_child, sensitive_level, policyid) values ('TO_R_ADDR_INF_D_ST','TO_R_ADDR_INF_D_ST_20170953','TO_R_ADDR_INF_D_ST','53','REMARKS','备注','STRING','','','','','Y','','C1-4','3','');
insert into column_val (xmlid, col_xmlid, dataname, col_seq, colname, colcnname, datatype, length, precision_val, party_seq, isprimarykey, isnullable, remark, filed_type_child, sensitive_level, policyid) values ('TO_R_ADDR_INF_D_ST','TO_R_ADDR_INF_D_ST_20170954','TO_R_ADDR_INF_D_ST','54','SHIELD_OPEN_SERVICE','屏蔽开通业务','STRING','','','','','Y','（是/否，默认为否）','C1-4','3','');
insert into column_val (xmlid, col_xmlid, dataname, col_seq, colname, colcnname, datatype, length, precision_val, party_seq, isprimarykey, isnullable, remark, filed_type_child, sensitive_level, policyid) values ('TO_R_ADDR_INF_D_ST','TO_R_ADDR_INF_D_ST_20170955','TO_R_ADDR_INF_D_ST','55','CN_WAY','接入方式','STRING','','','','','Y','FTTH、FTTB','C1-4','3','');
insert into column_val (xmlid, col_xmlid, dataname, col_seq, colname, colcnname, datatype, length, precision_val, party_seq, isprimarykey, isnullable, remark, filed_type_child, sensitive_level, policyid) values ('TO_R_ADDR_INF_D_ST','TO_R_ADDR_INF_D_ST_20170956','TO_R_ADDR_INF_D_ST','56','REGION_ATTRI','地域属性','INT','','','','','Y','','C1-4','3','');
insert into column_val (xmlid, col_xmlid, dataname, col_seq, colname, colcnname, datatype, length, precision_val, party_seq, isprimarykey, isnullable, remark, filed_type_child, sensitive_level, policyid) values ('TO_R_ADDR_INF_D_ST','TO_R_ADDR_INF_D_ST_20170957','TO_R_ADDR_INF_D_ST','57','CMCC_BRANCH_CD','地市编码','STRING','','','','','Y','示例：GZ','C1-4','3','');

insert into tablefile (xmlid, dbname, dataname, datacnname, state, cycletype, topiccode, extend_cfg, rightlevel, creater, curdutyer, eff_date, state_date, team_code, open_state, remark) values ('TO_R_ADDR_INF_D_ZH','BD_B','TO_R_ADDR_INF_D_ZH','ODS_标准地址日全量','NEW','day','LAYERI_IRES','{"EXTERNAL":"y","LOCATION":"/tenant/BIGDATA/JCFW/JRCL/BD_B/ODS/TO_R_ADDR_INF_D/branch=ZH","FILEFORMAT":"PARQUET","DELIMITER":"&"}','其他','谢英俊','谢英俊', TIMESTAMP '0006-10-17 12:00:00', TIMESTAMP '0006-10-17 12:00:00','f2999fd5-c34e-402e-9b28-fec9fca13044','','基础层-资源主题域');
insert into column_val (xmlid, col_xmlid, dataname, col_seq, colname, colcnname, datatype, length, precision_val, party_seq, isprimarykey, isnullable, remark, filed_type_child, sensitive_level, policyid) values ('TO_R_ADDR_INF_D_ZH','TO_R_ADDR_INF_D_ZH_2017091','TO_R_ADDR_INF_D_ZH','1','ADDR_ID','地址ID','INT','','','','1','N','32596718','C1-4','3','');
insert into column_val (xmlid, col_xmlid, dataname, col_seq, colname, colcnname, datatype, length, precision_val, party_seq, isprimarykey, isnullable, remark, filed_type_child, sensitive_level, policyid) values ('TO_R_ADDR_INF_D_ZH','TO_R_ADDR_INF_D_ZH_2017092','TO_R_ADDR_INF_D_ZH','2','ADDR_NAM','本级地址名称','STRING','','','','','Y','197号','C1-4','3','');
insert into column_val (xmlid, col_xmlid, dataname, col_seq, colname, colcnname, datatype, length, precision_val, party_seq, isprimarykey, isnullable, remark, filed_type_child, sensitive_level, policyid) values ('TO_R_ADDR_INF_D_ZH','TO_R_ADDR_INF_D_ZH_2017093','TO_R_ADDR_INF_D_ZH','3','GRADE','地址级别','INT','','','','','Y','4','C1-4','3','');
insert into column_val (xmlid, col_xmlid, dataname, col_seq, colname, colcnname, datatype, length, precision_val, party_seq, isprimarykey, isnullable, remark, filed_type_child, sensitive_level, policyid) values ('TO_R_ADDR_INF_D_ZH','TO_R_ADDR_INF_D_ZH_2017094','TO_R_ADDR_INF_D_ZH','4','JP','　JP','STRING','','','','','Y','','C1-4','3','');
insert into column_val (xmlid, col_xmlid, dataname, col_seq, colname, colcnname, datatype, length, precision_val, party_seq, isprimarykey, isnullable, remark, filed_type_child, sensitive_level, policyid) values ('TO_R_ADDR_INF_D_ZH','TO_R_ADDR_INF_D_ZH_2017095','TO_R_ADDR_INF_D_ZH','5','WB','　WB','STRING','','','','','Y','','C1-4','3','');
insert into column_val (xmlid, col_xmlid, dataname, col_seq, colname, colcnname, datatype, length, precision_val, party_seq, isprimarykey, isnullable, remark, filed_type_child, sensitive_level, policyid) values ('TO_R_ADDR_INF_D_ZH','TO_R_ADDR_INF_D_ZH_2017096','TO_R_ADDR_INF_D_ZH','6','SUPER_ID','父级地址ID','INT','','','','','Y','1255656','C1-4','3','');
insert into column_val (xmlid, col_xmlid, dataname, col_seq, colname, colcnname, datatype, length, precision_val, party_seq, isprimarykey, isnullable, remark, filed_type_child, sensitive_level, policyid) values ('TO_R_ADDR_INF_D_ZH','TO_R_ADDR_INF_D_ZH_2017097','TO_R_ADDR_INF_D_ZH','7','ALIAS_ADDR','地址别名','STRING','','','','','Y','','C1-4','3','');
insert into column_val (xmlid, col_xmlid, dataname, col_seq, colname, colcnname, datatype, length, precision_val, party_seq, isprimarykey, isnullable, remark, filed_type_child, sensitive_level, policyid) values ('TO_R_ADDR_INF_D_ZH','TO_R_ADDR_INF_D_ZH_2017098','TO_R_ADDR_INF_D_ZH','8','OLD_ADDR','旧地址','INT','','','','','Y','','C1-4','3','');
insert into column_val (xmlid, col_xmlid, dataname, col_seq, colname, colcnname, datatype, length, precision_val, party_seq, isprimarykey, isnullable, remark, filed_type_child, sensitive_level, policyid) values ('TO_R_ADDR_INF_D_ZH','TO_R_ADDR_INF_D_ZH_2017099','TO_R_ADDR_INF_D_ZH','9','IS_CONFIRM','是否有效','INT','','','','','Y','1','C1-4','3','');
insert into column_val (xmlid, col_xmlid, dataname, col_seq, colname, colcnname, datatype, length, precision_val, party_seq, isprimarykey, isnullable, remark, filed_type_child, sensitive_level, policyid) values ('TO_R_ADDR_INF_D_ZH','TO_R_ADDR_INF_D_ZH_20170910','TO_R_ADDR_INF_D_ZH','10','ADDR','地址全称','STRING','','','','','Y','广州市越秀区站前路197号','C1-4','3','');
insert into column_val (xmlid, col_xmlid, dataname, col_seq, colname, colcnname, datatype, length, precision_val, party_seq, isprimarykey, isnullable, remark, filed_type_child, sensitive_level, policyid) values ('TO_R_ADDR_INF_D_ZH','TO_R_ADDR_INF_D_ZH_20170911','TO_R_ADDR_INF_D_ZH','11','ADDR_PY','ADDR_PY','STRING','','','','','Y','','C1-4','3','');
insert into column_val (xmlid, col_xmlid, dataname, col_seq, colname, colcnname, datatype, length, precision_val, party_seq, isprimarykey, isnullable, remark, filed_type_child, sensitive_level, policyid) values ('TO_R_ADDR_INF_D_ZH','TO_R_ADDR_INF_D_ZH_20170912','TO_R_ADDR_INF_D_ZH','12','ALIAS_ADDR_PY','ALIAS_ADDR_PY','STRING','','','','','Y','','C1-4','3','');
insert into column_val (xmlid, col_xmlid, dataname, col_seq, colname, colcnname, datatype, length, precision_val, party_seq, isprimarykey, isnullable, remark, filed_type_child, sensitive_level, policyid) values ('TO_R_ADDR_INF_D_ZH','TO_R_ADDR_INF_D_ZH_20170913','TO_R_ADDR_INF_D_ZH','13','CONFIRM_DATE','有效日期','STRING','','','','','Y','','C1-4','3','');
insert into column_val (xmlid, col_xmlid, dataname, col_seq, colname, colcnname, datatype, length, precision_val, party_seq, isprimarykey, isnullable, remark, filed_type_child, sensitive_level, policyid) values ('TO_R_ADDR_INF_D_ZH','TO_R_ADDR_INF_D_ZH_20170914','TO_R_ADDR_INF_D_ZH','14','CONFIRM_DATE2','有效日期2','STRING','','','','','Y','','C1-4','3','');
insert into column_val (xmlid, col_xmlid, dataname, col_seq, colname, colcnname, datatype, length, precision_val, party_seq, isprimarykey, isnullable, remark, filed_type_child, sensitive_level, policyid) values ('TO_R_ADDR_INF_D_ZH','TO_R_ADDR_INF_D_ZH_20170915','TO_R_ADDR_INF_D_ZH','15','AMEND','整理状态','SMALLINT','','','','','Y','(0,未整理;1,已整理)','C1-4','3','');
insert into column_val (xmlid, col_xmlid, dataname, col_seq, colname, colcnname, datatype, length, precision_val, party_seq, isprimarykey, isnullable, remark, filed_type_child, sensitive_level, policyid) values ('TO_R_ADDR_INF_D_ZH','TO_R_ADDR_INF_D_ZH_20170916','TO_R_ADDR_INF_D_ZH','16','RECDATE','受理时间','STRING','','','','','Y','','C1-4','3','');
insert into column_val (xmlid, col_xmlid, dataname, col_seq, colname, colcnname, datatype, length, precision_val, party_seq, isprimarykey, isnullable, remark, filed_type_child, sensitive_level, policyid) values ('TO_R_ADDR_INF_D_ZH','TO_R_ADDR_INF_D_ZH_20170917','TO_R_ADDR_INF_D_ZH','17','SUBDEP_NAME','SUBDEPNAME','STRING','','','','','Y','','C1-4','3','');
insert into column_val (xmlid, col_xmlid, dataname, col_seq, colname, colcnname, datatype, length, precision_val, party_seq, isprimarykey, isnullable, remark, filed_type_child, sensitive_level, policyid) values ('TO_R_ADDR_INF_D_ZH','TO_R_ADDR_INF_D_ZH_20170918','TO_R_ADDR_INF_D_ZH','18','SYSFLAG','SYSFLAG','SMALLINT','','','','','Y','','C1-4','3','');
insert into column_val (xmlid, col_xmlid, dataname, col_seq, colname, colcnname, datatype, length, precision_val, party_seq, isprimarykey, isnullable, remark, filed_type_child, sensitive_level, policyid) values ('TO_R_ADDR_INF_D_ZH','TO_R_ADDR_INF_D_ZH_20170919','TO_R_ADDR_INF_D_ZH','19','POSTNUMBER','邮政编码','STRING','','','','','Y','','C1-4','3','');
insert into column_val (xmlid, col_xmlid, dataname, col_seq, colname, colcnname, datatype, length, precision_val, party_seq, isprimarykey, isnullable, remark, filed_type_child, sensitive_level, policyid) values ('TO_R_ADDR_INF_D_ZH','TO_R_ADDR_INF_D_ZH_20170920','TO_R_ADDR_INF_D_ZH','20','STYPE','STYPE','STRING','','','','','Y','','C1-4','3','');
insert into column_val (xmlid, col_xmlid, dataname, col_seq, colname, colcnname, datatype, length, precision_val, party_seq, isprimarykey, isnullable, remark, filed_type_child, sensitive_level, policyid) values ('TO_R_ADDR_INF_D_ZH','TO_R_ADDR_INF_D_ZH_20170921','TO_R_ADDR_INF_D_ZH','21','NUM','NUM','STRING','','','','','Y','','C1-4','3','');
insert into column_val (xmlid, col_xmlid, dataname, col_seq, colname, colcnname, datatype, length, precision_val, party_seq, isprimarykey, isnullable, remark, filed_type_child, sensitive_level, policyid) values ('TO_R_ADDR_INF_D_ZH','TO_R_ADDR_INF_D_ZH_20170922','TO_R_ADDR_INF_D_ZH','22','TAG','TAG','INT','','','','','Y','','C1-4','3','');
insert into column_val (xmlid, col_xmlid, dataname, col_seq, colname, colcnname, datatype, length, precision_val, party_seq, isprimarykey, isnullable, remark, filed_type_child, sensitive_level, policyid) values ('TO_R_ADDR_INF_D_ZH','TO_R_ADDR_INF_D_ZH_20170923','TO_R_ADDR_INF_D_ZH','23','IBSS_ADDR_ID','IBSSADDRID','INT','','','','','Y','','C1-4','3','');
insert into column_val (xmlid, col_xmlid, dataname, col_seq, colname, colcnname, datatype, length, precision_val, party_seq, isprimarykey, isnullable, remark, filed_type_child, sensitive_level, policyid) values ('TO_R_ADDR_INF_D_ZH','TO_R_ADDR_INF_D_ZH_20170924','TO_R_ADDR_INF_D_ZH','24','IBSEND','IBSEND','INT','','','','','Y','','C1-4','3','');
insert into column_val (xmlid, col_xmlid, dataname, col_seq, colname, colcnname, datatype, length, precision_val, party_seq, isprimarykey, isnullable, remark, filed_type_child, sensitive_level, policyid) values ('TO_R_ADDR_INF_D_ZH','TO_R_ADDR_INF_D_ZH_20170925','TO_R_ADDR_INF_D_ZH','25','OLD_PARENTID','OLD_PARENTID','INT','','','','','Y','','C1-4','3','');
insert into column_val (xmlid, col_xmlid, dataname, col_seq, colname, colcnname, datatype, length, precision_val, party_seq, isprimarykey, isnullable, remark, filed_type_child, sensitive_level, policyid) values ('TO_R_ADDR_INF_D_ZH','TO_R_ADDR_INF_D_ZH_20170926','TO_R_ADDR_INF_D_ZH','26','SPLIT_FLAGC','SPLIT_FLAGC','INT','','','','','Y','','C1-4','3','');
insert into column_val (xmlid, col_xmlid, dataname, col_seq, colname, colcnname, datatype, length, precision_val, party_seq, isprimarykey, isnullable, remark, filed_type_child, sensitive_level, policyid) values ('TO_R_ADDR_INF_D_ZH','TO_R_ADDR_INF_D_ZH_20170927','TO_R_ADDR_INF_D_ZH','27','SPLIT_FLAG','SPLIT_FLAG','INT','','','','','Y','','C1-4','3','');
insert into column_val (xmlid, col_xmlid, dataname, col_seq, colname, colcnname, datatype, length, precision_val, party_seq, isprimarykey, isnullable, remark, filed_type_child, sensitive_level, policyid) values ('TO_R_ADDR_INF_D_ZH','TO_R_ADDR_INF_D_ZH_20170928','TO_R_ADDR_INF_D_ZH','28','ADDRTYPE','ADDRTYPE','INT','','','','','Y','','C1-4','3','');
insert into column_val (xmlid, col_xmlid, dataname, col_seq, colname, colcnname, datatype, length, precision_val, party_seq, isprimarykey, isnullable, remark, filed_type_child, sensitive_level, policyid) values ('TO_R_ADDR_INF_D_ZH','TO_R_ADDR_INF_D_ZH_20170929','TO_R_ADDR_INF_D_ZH','29','REGIONID','地市ID','INT','','','','','Y','200','C1-4','3','');
insert into column_val (xmlid, col_xmlid, dataname, col_seq, colname, colcnname, datatype, length, precision_val, party_seq, isprimarykey, isnullable, remark, filed_type_child, sensitive_level, policyid) values ('TO_R_ADDR_INF_D_ZH','TO_R_ADDR_INF_D_ZH_20170930','TO_R_ADDR_INF_D_ZH','30','IMPORTFLAG','导入批次','STRING','','','','','Y','2.01303E+13','C1-4','3','');
insert into column_val (xmlid, col_xmlid, dataname, col_seq, colname, colcnname, datatype, length, precision_val, party_seq, isprimarykey, isnullable, remark, filed_type_child, sensitive_level, policyid) values ('TO_R_ADDR_INF_D_ZH','TO_R_ADDR_INF_D_ZH_20170931','TO_R_ADDR_INF_D_ZH','31','INTSID1','第一级','STRING','','','','','Y','广州市','C1-4','3','');
insert into column_val (xmlid, col_xmlid, dataname, col_seq, colname, colcnname, datatype, length, precision_val, party_seq, isprimarykey, isnullable, remark, filed_type_child, sensitive_level, policyid) values ('TO_R_ADDR_INF_D_ZH','TO_R_ADDR_INF_D_ZH_20170932','TO_R_ADDR_INF_D_ZH','32','INTSID2','第二级','STRING','','','','','Y','越秀区','C1-4','3','');
insert into column_val (xmlid, col_xmlid, dataname, col_seq, colname, colcnname, datatype, length, precision_val, party_seq, isprimarykey, isnullable, remark, filed_type_child, sensitive_level, policyid) values ('TO_R_ADDR_INF_D_ZH','TO_R_ADDR_INF_D_ZH_20170933','TO_R_ADDR_INF_D_ZH','33','INTSID3','第三级','STRING','','','','','Y','站前路','C1-4','3','');
insert into column_val (xmlid, col_xmlid, dataname, col_seq, colname, colcnname, datatype, length, precision_val, party_seq, isprimarykey, isnullable, remark, filed_type_child, sensitive_level, policyid) values ('TO_R_ADDR_INF_D_ZH','TO_R_ADDR_INF_D_ZH_20170934','TO_R_ADDR_INF_D_ZH','34','INTSID4','第四级','STRING','','','','','Y','197号','C1-4','3','');
insert into column_val (xmlid, col_xmlid, dataname, col_seq, colname, colcnname, datatype, length, precision_val, party_seq, isprimarykey, isnullable, remark, filed_type_child, sensitive_level, policyid) values ('TO_R_ADDR_INF_D_ZH','TO_R_ADDR_INF_D_ZH_20170935','TO_R_ADDR_INF_D_ZH','35','INTSID5','第五级','STRING','','','','','Y','','C1-4','3','');
insert into column_val (xmlid, col_xmlid, dataname, col_seq, colname, colcnname, datatype, length, precision_val, party_seq, isprimarykey, isnullable, remark, filed_type_child, sensitive_level, policyid) values ('TO_R_ADDR_INF_D_ZH','TO_R_ADDR_INF_D_ZH_20170936','TO_R_ADDR_INF_D_ZH','36','INTSID6','第六级','STRING','','','','','Y','','C1-4','3','');
insert into column_val (xmlid, col_xmlid, dataname, col_seq, colname, colcnname, datatype, length, precision_val, party_seq, isprimarykey, isnullable, remark, filed_type_child, sensitive_level, policyid) values ('TO_R_ADDR_INF_D_ZH','TO_R_ADDR_INF_D_ZH_20170937','TO_R_ADDR_INF_D_ZH','37','INTSID7','第七级','STRING','','','','','Y','','C1-4','3','');
insert into column_val (xmlid, col_xmlid, dataname, col_seq, colname, colcnname, datatype, length, precision_val, party_seq, isprimarykey, isnullable, remark, filed_type_child, sensitive_level, policyid) values ('TO_R_ADDR_INF_D_ZH','TO_R_ADDR_INF_D_ZH_20170938','TO_R_ADDR_INF_D_ZH','38','ADDR_TYPE_EX','ADDRTYPEEX','INT','','','','','Y','','C1-4','3','');
insert into column_val (xmlid, col_xmlid, dataname, col_seq, colname, colcnname, datatype, length, precision_val, party_seq, isprimarykey, isnullable, remark, filed_type_child, sensitive_level, policyid) values ('TO_R_ADDR_INF_D_ZH','TO_R_ADDR_INF_D_ZH_20170939','TO_R_ADDR_INF_D_ZH','39','ADDR_TYPE_EX_2','ADDRTYPEEX_2','INT','','','','','Y','','C1-4','3','');
insert into column_val (xmlid, col_xmlid, dataname, col_seq, colname, colcnname, datatype, length, precision_val, party_seq, isprimarykey, isnullable, remark, filed_type_child, sensitive_level, policyid) values ('TO_R_ADDR_INF_D_ZH','TO_R_ADDR_INF_D_ZH_20170940','TO_R_ADDR_INF_D_ZH','40','GREEN_LABEL','GREEN_LABEL','INT','','','','','Y','','C1-4','3','');
insert into column_val (xmlid, col_xmlid, dataname, col_seq, colname, colcnname, datatype, length, precision_val, party_seq, isprimarykey, isnullable, remark, filed_type_child, sensitive_level, policyid) values ('TO_R_ADDR_INF_D_ZH','TO_R_ADDR_INF_D_ZH_20170941','TO_R_ADDR_INF_D_ZH','41','GRADE3ID','GRADE3ID','INT','','','','','Y','','C1-4','3','');
insert into column_val (xmlid, col_xmlid, dataname, col_seq, colname, colcnname, datatype, length, precision_val, party_seq, isprimarykey, isnullable, remark, filed_type_child, sensitive_level, policyid) values ('TO_R_ADDR_INF_D_ZH','TO_R_ADDR_INF_D_ZH_20170942','TO_R_ADDR_INF_D_ZH','42','LONGITUDE','经度','STRING','','','','','Y','113.253285','C1-4','3','PID_all');
insert into column_val (xmlid, col_xmlid, dataname, col_seq, colname, colcnname, datatype, length, precision_val, party_seq, isprimarykey, isnullable, remark, filed_type_child, sensitive_level, policyid) values ('TO_R_ADDR_INF_D_ZH','TO_R_ADDR_INF_D_ZH_20170943','TO_R_ADDR_INF_D_ZH','43','LATITUDE','纬度','STRING','','','','','Y','23.145451','C1-4','3','PID_all');
insert into column_val (xmlid, col_xmlid, dataname, col_seq, colname, colcnname, datatype, length, precision_val, party_seq, isprimarykey, isnullable, remark, filed_type_child, sensitive_level, policyid) values ('TO_R_ADDR_INF_D_ZH','TO_R_ADDR_INF_D_ZH_20170944','TO_R_ADDR_INF_D_ZH','44','BELONG_CELL_ID','所属小区','STRING','','','','','Y','','C1-4','3','');
insert into column_val (xmlid, col_xmlid, dataname, col_seq, colname, colcnname, datatype, length, precision_val, party_seq, isprimarykey, isnullable, remark, filed_type_child, sensitive_level, policyid) values ('TO_R_ADDR_INF_D_ZH','TO_R_ADDR_INF_D_ZH_20170945','TO_R_ADDR_INF_D_ZH','45','RES_TYP_CD','资源类型','SMALLINT','','','','','Y','　(1:自建宽带、2:广电宽带 （局端合作）、3:广电宽带 （末端合作）、5:第三方合作、6:第三方合作（客服服务）、9:铁通ADSL改造)','C1-4','3','');
insert into column_val (xmlid, col_xmlid, dataname, col_seq, colname, colcnname, datatype, length, precision_val, party_seq, isprimarykey, isnullable, remark, filed_type_child, sensitive_level, policyid) values ('TO_R_ADDR_INF_D_ZH','TO_R_ADDR_INF_D_ZH_20170946','TO_R_ADDR_INF_D_ZH','46','BS_TYP','楼宇类型','SMALLINT','','','','','Y','　(1、家庭楼宇 2、商业楼宇)','C1-4','3','');
insert into column_val (xmlid, col_xmlid, dataname, col_seq, colname, colcnname, datatype, length, precision_val, party_seq, isprimarykey, isnullable, remark, filed_type_child, sensitive_level, policyid) values ('TO_R_ADDR_INF_D_ZH','TO_R_ADDR_INF_D_ZH_20170947','TO_R_ADDR_INF_D_ZH','47','THRD_NAM','第三方名称','STRING','','','','','Y','','C1-4','3','');
insert into column_val (xmlid, col_xmlid, dataname, col_seq, colname, colcnname, datatype, length, precision_val, party_seq, isprimarykey, isnullable, remark, filed_type_child, sensitive_level, policyid) values ('TO_R_ADDR_INF_D_ZH','TO_R_ADDR_INF_D_ZH_20170948','TO_R_ADDR_INF_D_ZH','48','THIRD_NBR','第三方联系方式','STRING','','','','','Y','','C1-4','3','');
insert into column_val (xmlid, col_xmlid, dataname, col_seq, colname, colcnname, datatype, length, precision_val, party_seq, isprimarykey, isnullable, remark, filed_type_child, sensitive_level, policyid) values ('TO_R_ADDR_INF_D_ZH','TO_R_ADDR_INF_D_ZH_20170949','TO_R_ADDR_INF_D_ZH','49','PICTURE_LINK','图片链接','STRING','','','','','Y','','C1-4','3','');
insert into column_val (xmlid, col_xmlid, dataname, col_seq, colname, colcnname, datatype, length, precision_val, party_seq, isprimarykey, isnullable, remark, filed_type_child, sensitive_level, policyid) values ('TO_R_ADDR_INF_D_ZH','TO_R_ADDR_INF_D_ZH_20170950','TO_R_ADDR_INF_D_ZH','50','ADDR_SOURCE','地址来源','INT','','','','','Y','　集客预覆盖流程（3）、家客预覆盖流程（4）、集客开通流程（2，esop变更为该枚举值）、资源呈现系统（1，可视化变更为该枚举值）','C1-4','3','');
insert into column_val (xmlid, col_xmlid, dataname, col_seq, colname, colcnname, datatype, length, precision_val, party_seq, isprimarykey, isnullable, remark, filed_type_child, sensitive_level, policyid) values ('TO_R_ADDR_INF_D_ZH','TO_R_ADDR_INF_D_ZH_20170951','TO_R_ADDR_INF_D_ZH','51','STATUS','状态','INT','','','','','Y','　(1,资源录入;2,已建设楼宇;3,已开业务)','C1-4','3','');
insert into column_val (xmlid, col_xmlid, dataname, col_seq, colname, colcnname, datatype, length, precision_val, party_seq, isprimarykey, isnullable, remark, filed_type_child, sensitive_level, policyid) values ('TO_R_ADDR_INF_D_ZH','TO_R_ADDR_INF_D_ZH_20170952','TO_R_ADDR_INF_D_ZH','52','HCOVERMODE','覆盖场景','INT','','','','','Y','　商务楼宇（1、 高价值写字楼，2、 普通写字楼，3、 专业市场，4、 机关单位、大企业、星级酒店，5、 学校、厂区、医院、政府办公区，6、 工业园厂区）家庭楼宇（7、住宅小区，8、城中村，9、独栋楼宇，10、沿街商铺，11、农村）','C1-4','3','');
insert into column_val (xmlid, col_xmlid, dataname, col_seq, colname, colcnname, datatype, length, precision_val, party_seq, isprimarykey, isnullable, remark, filed_type_child, sensitive_level, policyid) values ('TO_R_ADDR_INF_D_ZH','TO_R_ADDR_INF_D_ZH_20170953','TO_R_ADDR_INF_D_ZH','53','REMARKS','备注','STRING','','','','','Y','','C1-4','3','');
insert into column_val (xmlid, col_xmlid, dataname, col_seq, colname, colcnname, datatype, length, precision_val, party_seq, isprimarykey, isnullable, remark, filed_type_child, sensitive_level, policyid) values ('TO_R_ADDR_INF_D_ZH','TO_R_ADDR_INF_D_ZH_20170954','TO_R_ADDR_INF_D_ZH','54','SHIELD_OPEN_SERVICE','屏蔽开通业务','STRING','','','','','Y','（是/否，默认为否）','C1-4','3','');
insert into column_val (xmlid, col_xmlid, dataname, col_seq, colname, colcnname, datatype, length, precision_val, party_seq, isprimarykey, isnullable, remark, filed_type_child, sensitive_level, policyid) values ('TO_R_ADDR_INF_D_ZH','TO_R_ADDR_INF_D_ZH_20170955','TO_R_ADDR_INF_D_ZH','55','CN_WAY','接入方式','STRING','','','','','Y','FTTH、FTTB','C1-4','3','');
insert into column_val (xmlid, col_xmlid, dataname, col_seq, colname, colcnname, datatype, length, precision_val, party_seq, isprimarykey, isnullable, remark, filed_type_child, sensitive_level, policyid) values ('TO_R_ADDR_INF_D_ZH','TO_R_ADDR_INF_D_ZH_20170956','TO_R_ADDR_INF_D_ZH','56','REGION_ATTRI','地域属性','INT','','','','','Y','','C1-4','3','');
insert into column_val (xmlid, col_xmlid, dataname, col_seq, colname, colcnname, datatype, length, precision_val, party_seq, isprimarykey, isnullable, remark, filed_type_child, sensitive_level, policyid) values ('TO_R_ADDR_INF_D_ZH','TO_R_ADDR_INF_D_ZH_20170957','TO_R_ADDR_INF_D_ZH','57','CMCC_BRANCH_CD','地市编码','STRING','','','','','Y','示例：GZ','C1-4','3','');

insert into tablefile (xmlid, dbname, dataname, datacnname, state, cycletype, topiccode, extend_cfg, rightlevel, creater, curdutyer, eff_date, state_date, team_code, open_state, remark) values ('TO_R_ADDR_INF_D_HZ','BD_B','TO_R_ADDR_INF_D_HZ','ODS_标准地址日全量','NEW','day','LAYERI_IRES','{"EXTERNAL":"y","LOCATION":"/tenant/BIGDATA/JCFW/JRCL/BD_B/ODS/TO_R_ADDR_INF_D/branch=HZ","FILEFORMAT":"PARQUET","DELIMITER":"&"}','其他','谢英俊','谢英俊', TIMESTAMP '0006-10-17 12:00:00', TIMESTAMP '0006-10-17 12:00:00','f2999fd5-c34e-402e-9b28-fec9fca13044','','基础层-资源主题域');
insert into column_val (xmlid, col_xmlid, dataname, col_seq, colname, colcnname, datatype, length, precision_val, party_seq, isprimarykey, isnullable, remark, filed_type_child, sensitive_level, policyid) values ('TO_R_ADDR_INF_D_HZ','TO_R_ADDR_INF_D_HZ_2017091','TO_R_ADDR_INF_D_HZ','1','ADDR_ID','地址ID','INT','','','','1','N','32596718','C1-4','3','');
insert into column_val (xmlid, col_xmlid, dataname, col_seq, colname, colcnname, datatype, length, precision_val, party_seq, isprimarykey, isnullable, remark, filed_type_child, sensitive_level, policyid) values ('TO_R_ADDR_INF_D_HZ','TO_R_ADDR_INF_D_HZ_2017092','TO_R_ADDR_INF_D_HZ','2','ADDR_NAM','本级地址名称','STRING','','','','','Y','197号','C1-4','3','');
insert into column_val (xmlid, col_xmlid, dataname, col_seq, colname, colcnname, datatype, length, precision_val, party_seq, isprimarykey, isnullable, remark, filed_type_child, sensitive_level, policyid) values ('TO_R_ADDR_INF_D_HZ','TO_R_ADDR_INF_D_HZ_2017093','TO_R_ADDR_INF_D_HZ','3','GRADE','地址级别','INT','','','','','Y','4','C1-4','3','');
insert into column_val (xmlid, col_xmlid, dataname, col_seq, colname, colcnname, datatype, length, precision_val, party_seq, isprimarykey, isnullable, remark, filed_type_child, sensitive_level, policyid) values ('TO_R_ADDR_INF_D_HZ','TO_R_ADDR_INF_D_HZ_2017094','TO_R_ADDR_INF_D_HZ','4','JP','　JP','STRING','','','','','Y','','C1-4','3','');
insert into column_val (xmlid, col_xmlid, dataname, col_seq, colname, colcnname, datatype, length, precision_val, party_seq, isprimarykey, isnullable, remark, filed_type_child, sensitive_level, policyid) values ('TO_R_ADDR_INF_D_HZ','TO_R_ADDR_INF_D_HZ_2017095','TO_R_ADDR_INF_D_HZ','5','WB','　WB','STRING','','','','','Y','','C1-4','3','');
insert into column_val (xmlid, col_xmlid, dataname, col_seq, colname, colcnname, datatype, length, precision_val, party_seq, isprimarykey, isnullable, remark, filed_type_child, sensitive_level, policyid) values ('TO_R_ADDR_INF_D_HZ','TO_R_ADDR_INF_D_HZ_2017096','TO_R_ADDR_INF_D_HZ','6','SUPER_ID','父级地址ID','INT','','','','','Y','1255656','C1-4','3','');
insert into column_val (xmlid, col_xmlid, dataname, col_seq, colname, colcnname, datatype, length, precision_val, party_seq, isprimarykey, isnullable, remark, filed_type_child, sensitive_level, policyid) values ('TO_R_ADDR_INF_D_HZ','TO_R_ADDR_INF_D_HZ_2017097','TO_R_ADDR_INF_D_HZ','7','ALIAS_ADDR','地址别名','STRING','','','','','Y','','C1-4','3','');
insert into column_val (xmlid, col_xmlid, dataname, col_seq, colname, colcnname, datatype, length, precision_val, party_seq, isprimarykey, isnullable, remark, filed_type_child, sensitive_level, policyid) values ('TO_R_ADDR_INF_D_HZ','TO_R_ADDR_INF_D_HZ_2017098','TO_R_ADDR_INF_D_HZ','8','OLD_ADDR','旧地址','INT','','','','','Y','','C1-4','3','');
insert into column_val (xmlid, col_xmlid, dataname, col_seq, colname, colcnname, datatype, length, precision_val, party_seq, isprimarykey, isnullable, remark, filed_type_child, sensitive_level, policyid) values ('TO_R_ADDR_INF_D_HZ','TO_R_ADDR_INF_D_HZ_2017099','TO_R_ADDR_INF_D_HZ','9','IS_CONFIRM','是否有效','INT','','','','','Y','1','C1-4','3','');
insert into column_val (xmlid, col_xmlid, dataname, col_seq, colname, colcnname, datatype, length, precision_val, party_seq, isprimarykey, isnullable, remark, filed_type_child, sensitive_level, policyid) values ('TO_R_ADDR_INF_D_HZ','TO_R_ADDR_INF_D_HZ_20170910','TO_R_ADDR_INF_D_HZ','10','ADDR','地址全称','STRING','','','','','Y','广州市越秀区站前路197号','C1-4','3','');
insert into column_val (xmlid, col_xmlid, dataname, col_seq, colname, colcnname, datatype, length, precision_val, party_seq, isprimarykey, isnullable, remark, filed_type_child, sensitive_level, policyid) values ('TO_R_ADDR_INF_D_HZ','TO_R_ADDR_INF_D_HZ_20170911','TO_R_ADDR_INF_D_HZ','11','ADDR_PY','ADDR_PY','STRING','','','','','Y','','C1-4','3','');
insert into column_val (xmlid, col_xmlid, dataname, col_seq, colname, colcnname, datatype, length, precision_val, party_seq, isprimarykey, isnullable, remark, filed_type_child, sensitive_level, policyid) values ('TO_R_ADDR_INF_D_HZ','TO_R_ADDR_INF_D_HZ_20170912','TO_R_ADDR_INF_D_HZ','12','ALIAS_ADDR_PY','ALIAS_ADDR_PY','STRING','','','','','Y','','C1-4','3','');
insert into column_val (xmlid, col_xmlid, dataname, col_seq, colname, colcnname, datatype, length, precision_val, party_seq, isprimarykey, isnullable, remark, filed_type_child, sensitive_level, policyid) values ('TO_R_ADDR_INF_D_HZ','TO_R_ADDR_INF_D_HZ_20170913','TO_R_ADDR_INF_D_HZ','13','CONFIRM_DATE','有效日期','STRING','','','','','Y','','C1-4','3','');
insert into column_val (xmlid, col_xmlid, dataname, col_seq, colname, colcnname, datatype, length, precision_val, party_seq, isprimarykey, isnullable, remark, filed_type_child, sensitive_level, policyid) values ('TO_R_ADDR_INF_D_HZ','TO_R_ADDR_INF_D_HZ_20170914','TO_R_ADDR_INF_D_HZ','14','CONFIRM_DATE2','有效日期2','STRING','','','','','Y','','C1-4','3','');
insert into column_val (xmlid, col_xmlid, dataname, col_seq, colname, colcnname, datatype, length, precision_val, party_seq, isprimarykey, isnullable, remark, filed_type_child, sensitive_level, policyid) values ('TO_R_ADDR_INF_D_HZ','TO_R_ADDR_INF_D_HZ_20170915','TO_R_ADDR_INF_D_HZ','15','AMEND','整理状态','SMALLINT','','','','','Y','(0,未整理;1,已整理)','C1-4','3','');
insert into column_val (xmlid, col_xmlid, dataname, col_seq, colname, colcnname, datatype, length, precision_val, party_seq, isprimarykey, isnullable, remark, filed_type_child, sensitive_level, policyid) values ('TO_R_ADDR_INF_D_HZ','TO_R_ADDR_INF_D_HZ_20170916','TO_R_ADDR_INF_D_HZ','16','RECDATE','受理时间','STRING','','','','','Y','','C1-4','3','');
insert into column_val (xmlid, col_xmlid, dataname, col_seq, colname, colcnname, datatype, length, precision_val, party_seq, isprimarykey, isnullable, remark, filed_type_child, sensitive_level, policyid) values ('TO_R_ADDR_INF_D_HZ','TO_R_ADDR_INF_D_HZ_20170917','TO_R_ADDR_INF_D_HZ','17','SUBDEP_NAME','SUBDEPNAME','STRING','','','','','Y','','C1-4','3','');
insert into column_val (xmlid, col_xmlid, dataname, col_seq, colname, colcnname, datatype, length, precision_val, party_seq, isprimarykey, isnullable, remark, filed_type_child, sensitive_level, policyid) values ('TO_R_ADDR_INF_D_HZ','TO_R_ADDR_INF_D_HZ_20170918','TO_R_ADDR_INF_D_HZ','18','SYSFLAG','SYSFLAG','SMALLINT','','','','','Y','','C1-4','3','');
insert into column_val (xmlid, col_xmlid, dataname, col_seq, colname, colcnname, datatype, length, precision_val, party_seq, isprimarykey, isnullable, remark, filed_type_child, sensitive_level, policyid) values ('TO_R_ADDR_INF_D_HZ','TO_R_ADDR_INF_D_HZ_20170919','TO_R_ADDR_INF_D_HZ','19','POSTNUMBER','邮政编码','STRING','','','','','Y','','C1-4','3','');
insert into column_val (xmlid, col_xmlid, dataname, col_seq, colname, colcnname, datatype, length, precision_val, party_seq, isprimarykey, isnullable, remark, filed_type_child, sensitive_level, policyid) values ('TO_R_ADDR_INF_D_HZ','TO_R_ADDR_INF_D_HZ_20170920','TO_R_ADDR_INF_D_HZ','20','STYPE','STYPE','STRING','','','','','Y','','C1-4','3','');
insert into column_val (xmlid, col_xmlid, dataname, col_seq, colname, colcnname, datatype, length, precision_val, party_seq, isprimarykey, isnullable, remark, filed_type_child, sensitive_level, policyid) values ('TO_R_ADDR_INF_D_HZ','TO_R_ADDR_INF_D_HZ_20170921','TO_R_ADDR_INF_D_HZ','21','NUM','NUM','STRING','','','','','Y','','C1-4','3','');
insert into column_val (xmlid, col_xmlid, dataname, col_seq, colname, colcnname, datatype, length, precision_val, party_seq, isprimarykey, isnullable, remark, filed_type_child, sensitive_level, policyid) values ('TO_R_ADDR_INF_D_HZ','TO_R_ADDR_INF_D_HZ_20170922','TO_R_ADDR_INF_D_HZ','22','TAG','TAG','INT','','','','','Y','','C1-4','3','');
insert into column_val (xmlid, col_xmlid, dataname, col_seq, colname, colcnname, datatype, length, precision_val, party_seq, isprimarykey, isnullable, remark, filed_type_child, sensitive_level, policyid) values ('TO_R_ADDR_INF_D_HZ','TO_R_ADDR_INF_D_HZ_20170923','TO_R_ADDR_INF_D_HZ','23','IBSS_ADDR_ID','IBSSADDRID','INT','','','','','Y','','C1-4','3','');
insert into column_val (xmlid, col_xmlid, dataname, col_seq, colname, colcnname, datatype, length, precision_val, party_seq, isprimarykey, isnullable, remark, filed_type_child, sensitive_level, policyid) values ('TO_R_ADDR_INF_D_HZ','TO_R_ADDR_INF_D_HZ_20170924','TO_R_ADDR_INF_D_HZ','24','IBSEND','IBSEND','INT','','','','','Y','','C1-4','3','');
insert into column_val (xmlid, col_xmlid, dataname, col_seq, colname, colcnname, datatype, length, precision_val, party_seq, isprimarykey, isnullable, remark, filed_type_child, sensitive_level, policyid) values ('TO_R_ADDR_INF_D_HZ','TO_R_ADDR_INF_D_HZ_20170925','TO_R_ADDR_INF_D_HZ','25','OLD_PARENTID','OLD_PARENTID','INT','','','','','Y','','C1-4','3','');
insert into column_val (xmlid, col_xmlid, dataname, col_seq, colname, colcnname, datatype, length, precision_val, party_seq, isprimarykey, isnullable, remark, filed_type_child, sensitive_level, policyid) values ('TO_R_ADDR_INF_D_HZ','TO_R_ADDR_INF_D_HZ_20170926','TO_R_ADDR_INF_D_HZ','26','SPLIT_FLAGC','SPLIT_FLAGC','INT','','','','','Y','','C1-4','3','');
insert into column_val (xmlid, col_xmlid, dataname, col_seq, colname, colcnname, datatype, length, precision_val, party_seq, isprimarykey, isnullable, remark, filed_type_child, sensitive_level, policyid) values ('TO_R_ADDR_INF_D_HZ','TO_R_ADDR_INF_D_HZ_20170927','TO_R_ADDR_INF_D_HZ','27','SPLIT_FLAG','SPLIT_FLAG','INT','','','','','Y','','C1-4','3','');
insert into column_val (xmlid, col_xmlid, dataname, col_seq, colname, colcnname, datatype, length, precision_val, party_seq, isprimarykey, isnullable, remark, filed_type_child, sensitive_level, policyid) values ('TO_R_ADDR_INF_D_HZ','TO_R_ADDR_INF_D_HZ_20170928','TO_R_ADDR_INF_D_HZ','28','ADDRTYPE','ADDRTYPE','INT','','','','','Y','','C1-4','3','');
insert into column_val (xmlid, col_xmlid, dataname, col_seq, colname, colcnname, datatype, length, precision_val, party_seq, isprimarykey, isnullable, remark, filed_type_child, sensitive_level, policyid) values ('TO_R_ADDR_INF_D_HZ','TO_R_ADDR_INF_D_HZ_20170929','TO_R_ADDR_INF_D_HZ','29','REGIONID','地市ID','INT','','','','','Y','200','C1-4','3','');
insert into column_val (xmlid, col_xmlid, dataname, col_seq, colname, colcnname, datatype, length, precision_val, party_seq, isprimarykey, isnullable, remark, filed_type_child, sensitive_level, policyid) values ('TO_R_ADDR_INF_D_HZ','TO_R_ADDR_INF_D_HZ_20170930','TO_R_ADDR_INF_D_HZ','30','IMPORTFLAG','导入批次','STRING','','','','','Y','2.01303E+13','C1-4','3','');
insert into column_val (xmlid, col_xmlid, dataname, col_seq, colname, colcnname, datatype, length, precision_val, party_seq, isprimarykey, isnullable, remark, filed_type_child, sensitive_level, policyid) values ('TO_R_ADDR_INF_D_HZ','TO_R_ADDR_INF_D_HZ_20170931','TO_R_ADDR_INF_D_HZ','31','INTSID1','第一级','STRING','','','','','Y','广州市','C1-4','3','');
insert into column_val (xmlid, col_xmlid, dataname, col_seq, colname, colcnname, datatype, length, precision_val, party_seq, isprimarykey, isnullable, remark, filed_type_child, sensitive_level, policyid) values ('TO_R_ADDR_INF_D_HZ','TO_R_ADDR_INF_D_HZ_20170932','TO_R_ADDR_INF_D_HZ','32','INTSID2','第二级','STRING','','','','','Y','越秀区','C1-4','3','');
insert into column_val (xmlid, col_xmlid, dataname, col_seq, colname, colcnname, datatype, length, precision_val, party_seq, isprimarykey, isnullable, remark, filed_type_child, sensitive_level, policyid) values ('TO_R_ADDR_INF_D_HZ','TO_R_ADDR_INF_D_HZ_20170933','TO_R_ADDR_INF_D_HZ','33','INTSID3','第三级','STRING','','','','','Y','站前路','C1-4','3','');
insert into column_val (xmlid, col_xmlid, dataname, col_seq, colname, colcnname, datatype, length, precision_val, party_seq, isprimarykey, isnullable, remark, filed_type_child, sensitive_level, policyid) values ('TO_R_ADDR_INF_D_HZ','TO_R_ADDR_INF_D_HZ_20170934','TO_R_ADDR_INF_D_HZ','34','INTSID4','第四级','STRING','','','','','Y','197号','C1-4','3','');
insert into column_val (xmlid, col_xmlid, dataname, col_seq, colname, colcnname, datatype, length, precision_val, party_seq, isprimarykey, isnullable, remark, filed_type_child, sensitive_level, policyid) values ('TO_R_ADDR_INF_D_HZ','TO_R_ADDR_INF_D_HZ_20170935','TO_R_ADDR_INF_D_HZ','35','INTSID5','第五级','STRING','','','','','Y','','C1-4','3','');
insert into column_val (xmlid, col_xmlid, dataname, col_seq, colname, colcnname, datatype, length, precision_val, party_seq, isprimarykey, isnullable, remark, filed_type_child, sensitive_level, policyid) values ('TO_R_ADDR_INF_D_HZ','TO_R_ADDR_INF_D_HZ_20170936','TO_R_ADDR_INF_D_HZ','36','INTSID6','第六级','STRING','','','','','Y','','C1-4','3','');
insert into column_val (xmlid, col_xmlid, dataname, col_seq, colname, colcnname, datatype, length, precision_val, party_seq, isprimarykey, isnullable, remark, filed_type_child, sensitive_level, policyid) values ('TO_R_ADDR_INF_D_HZ','TO_R_ADDR_INF_D_HZ_20170937','TO_R_ADDR_INF_D_HZ','37','INTSID7','第七级','STRING','','','','','Y','','C1-4','3','');
insert into column_val (xmlid, col_xmlid, dataname, col_seq, colname, colcnname, datatype, length, precision_val, party_seq, isprimarykey, isnullable, remark, filed_type_child, sensitive_level, policyid) values ('TO_R_ADDR_INF_D_HZ','TO_R_ADDR_INF_D_HZ_20170938','TO_R_ADDR_INF_D_HZ','38','ADDR_TYPE_EX','ADDRTYPEEX','INT','','','','','Y','','C1-4','3','');
insert into column_val (xmlid, col_xmlid, dataname, col_seq, colname, colcnname, datatype, length, precision_val, party_seq, isprimarykey, isnullable, remark, filed_type_child, sensitive_level, policyid) values ('TO_R_ADDR_INF_D_HZ','TO_R_ADDR_INF_D_HZ_20170939','TO_R_ADDR_INF_D_HZ','39','ADDR_TYPE_EX_2','ADDRTYPEEX_2','INT','','','','','Y','','C1-4','3','');
insert into column_val (xmlid, col_xmlid, dataname, col_seq, colname, colcnname, datatype, length, precision_val, party_seq, isprimarykey, isnullable, remark, filed_type_child, sensitive_level, policyid) values ('TO_R_ADDR_INF_D_HZ','TO_R_ADDR_INF_D_HZ_20170940','TO_R_ADDR_INF_D_HZ','40','GREEN_LABEL','GREEN_LABEL','INT','','','','','Y','','C1-4','3','');
insert into column_val (xmlid, col_xmlid, dataname, col_seq, colname, colcnname, datatype, length, precision_val, party_seq, isprimarykey, isnullable, remark, filed_type_child, sensitive_level, policyid) values ('TO_R_ADDR_INF_D_HZ','TO_R_ADDR_INF_D_HZ_20170941','TO_R_ADDR_INF_D_HZ','41','GRADE3ID','GRADE3ID','INT','','','','','Y','','C1-4','3','');
insert into column_val (xmlid, col_xmlid, dataname, col_seq, colname, colcnname, datatype, length, precision_val, party_seq, isprimarykey, isnullable, remark, filed_type_child, sensitive_level, policyid) values ('TO_R_ADDR_INF_D_HZ','TO_R_ADDR_INF_D_HZ_20170942','TO_R_ADDR_INF_D_HZ','42','LONGITUDE','经度','STRING','','','','','Y','113.253285','C1-4','3','PID_all');
insert into column_val (xmlid, col_xmlid, dataname, col_seq, colname, colcnname, datatype, length, precision_val, party_seq, isprimarykey, isnullable, remark, filed_type_child, sensitive_level, policyid) values ('TO_R_ADDR_INF_D_HZ','TO_R_ADDR_INF_D_HZ_20170943','TO_R_ADDR_INF_D_HZ','43','LATITUDE','纬度','STRING','','','','','Y','23.145451','C1-4','3','PID_all');
insert into column_val (xmlid, col_xmlid, dataname, col_seq, colname, colcnname, datatype, length, precision_val, party_seq, isprimarykey, isnullable, remark, filed_type_child, sensitive_level, policyid) values ('TO_R_ADDR_INF_D_HZ','TO_R_ADDR_INF_D_HZ_20170944','TO_R_ADDR_INF_D_HZ','44','BELONG_CELL_ID','所属小区','STRING','','','','','Y','','C1-4','3','');
insert into column_val (xmlid, col_xmlid, dataname, col_seq, colname, colcnname, datatype, length, precision_val, party_seq, isprimarykey, isnullable, remark, filed_type_child, sensitive_level, policyid) values ('TO_R_ADDR_INF_D_HZ','TO_R_ADDR_INF_D_HZ_20170945','TO_R_ADDR_INF_D_HZ','45','RES_TYP_CD','资源类型','SMALLINT','','','','','Y','　(1:自建宽带、2:广电宽带 （局端合作）、3:广电宽带 （末端合作）、5:第三方合作、6:第三方合作（客服服务）、9:铁通ADSL改造)','C1-4','3','');
insert into column_val (xmlid, col_xmlid, dataname, col_seq, colname, colcnname, datatype, length, precision_val, party_seq, isprimarykey, isnullable, remark, filed_type_child, sensitive_level, policyid) values ('TO_R_ADDR_INF_D_HZ','TO_R_ADDR_INF_D_HZ_20170946','TO_R_ADDR_INF_D_HZ','46','BS_TYP','楼宇类型','SMALLINT','','','','','Y','　(1、家庭楼宇 2、商业楼宇)','C1-4','3','');
insert into column_val (xmlid, col_xmlid, dataname, col_seq, colname, colcnname, datatype, length, precision_val, party_seq, isprimarykey, isnullable, remark, filed_type_child, sensitive_level, policyid) values ('TO_R_ADDR_INF_D_HZ','TO_R_ADDR_INF_D_HZ_20170947','TO_R_ADDR_INF_D_HZ','47','THRD_NAM','第三方名称','STRING','','','','','Y','','C1-4','3','');
insert into column_val (xmlid, col_xmlid, dataname, col_seq, colname, colcnname, datatype, length, precision_val, party_seq, isprimarykey, isnullable, remark, filed_type_child, sensitive_level, policyid) values ('TO_R_ADDR_INF_D_HZ','TO_R_ADDR_INF_D_HZ_20170948','TO_R_ADDR_INF_D_HZ','48','THIRD_NBR','第三方联系方式','STRING','','','','','Y','','C1-4','3','');
insert into column_val (xmlid, col_xmlid, dataname, col_seq, colname, colcnname, datatype, length, precision_val, party_seq, isprimarykey, isnullable, remark, filed_type_child, sensitive_level, policyid) values ('TO_R_ADDR_INF_D_HZ','TO_R_ADDR_INF_D_HZ_20170949','TO_R_ADDR_INF_D_HZ','49','PICTURE_LINK','图片链接','STRING','','','','','Y','','C1-4','3','');
insert into column_val (xmlid, col_xmlid, dataname, col_seq, colname, colcnname, datatype, length, precision_val, party_seq, isprimarykey, isnullable, remark, filed_type_child, sensitive_level, policyid) values ('TO_R_ADDR_INF_D_HZ','TO_R_ADDR_INF_D_HZ_20170950','TO_R_ADDR_INF_D_HZ','50','ADDR_SOURCE','地址来源','INT','','','','','Y','　集客预覆盖流程（3）、家客预覆盖流程（4）、集客开通流程（2，esop变更为该枚举值）、资源呈现系统（1，可视化变更为该枚举值）','C1-4','3','');
insert into column_val (xmlid, col_xmlid, dataname, col_seq, colname, colcnname, datatype, length, precision_val, party_seq, isprimarykey, isnullable, remark, filed_type_child, sensitive_level, policyid) values ('TO_R_ADDR_INF_D_HZ','TO_R_ADDR_INF_D_HZ_20170951','TO_R_ADDR_INF_D_HZ','51','STATUS','状态','INT','','','','','Y','　(1,资源录入;2,已建设楼宇;3,已开业务)','C1-4','3','');
insert into column_val (xmlid, col_xmlid, dataname, col_seq, colname, colcnname, datatype, length, precision_val, party_seq, isprimarykey, isnullable, remark, filed_type_child, sensitive_level, policyid) values ('TO_R_ADDR_INF_D_HZ','TO_R_ADDR_INF_D_HZ_20170952','TO_R_ADDR_INF_D_HZ','52','HCOVERMODE','覆盖场景','INT','','','','','Y','　商务楼宇（1、 高价值写字楼，2、 普通写字楼，3、 专业市场，4、 机关单位、大企业、星级酒店，5、 学校、厂区、医院、政府办公区，6、 工业园厂区）家庭楼宇（7、住宅小区，8、城中村，9、独栋楼宇，10、沿街商铺，11、农村）','C1-4','3','');
insert into column_val (xmlid, col_xmlid, dataname, col_seq, colname, colcnname, datatype, length, precision_val, party_seq, isprimarykey, isnullable, remark, filed_type_child, sensitive_level, policyid) values ('TO_R_ADDR_INF_D_HZ','TO_R_ADDR_INF_D_HZ_20170953','TO_R_ADDR_INF_D_HZ','53','REMARKS','备注','STRING','','','','','Y','','C1-4','3','');
insert into column_val (xmlid, col_xmlid, dataname, col_seq, colname, colcnname, datatype, length, precision_val, party_seq, isprimarykey, isnullable, remark, filed_type_child, sensitive_level, policyid) values ('TO_R_ADDR_INF_D_HZ','TO_R_ADDR_INF_D_HZ_20170954','TO_R_ADDR_INF_D_HZ','54','SHIELD_OPEN_SERVICE','屏蔽开通业务','STRING','','','','','Y','（是/否，默认为否）','C1-4','3','');
insert into column_val (xmlid, col_xmlid, dataname, col_seq, colname, colcnname, datatype, length, precision_val, party_seq, isprimarykey, isnullable, remark, filed_type_child, sensitive_level, policyid) values ('TO_R_ADDR_INF_D_HZ','TO_R_ADDR_INF_D_HZ_20170955','TO_R_ADDR_INF_D_HZ','55','CN_WAY','接入方式','STRING','','','','','Y','FTTH、FTTB','C1-4','3','');
insert into column_val (xmlid, col_xmlid, dataname, col_seq, colname, colcnname, datatype, length, precision_val, party_seq, isprimarykey, isnullable, remark, filed_type_child, sensitive_level, policyid) values ('TO_R_ADDR_INF_D_HZ','TO_R_ADDR_INF_D_HZ_20170956','TO_R_ADDR_INF_D_HZ','56','REGION_ATTRI','地域属性','INT','','','','','Y','','C1-4','3','');
insert into column_val (xmlid, col_xmlid, dataname, col_seq, colname, colcnname, datatype, length, precision_val, party_seq, isprimarykey, isnullable, remark, filed_type_child, sensitive_level, policyid) values ('TO_R_ADDR_INF_D_HZ','TO_R_ADDR_INF_D_HZ_20170957','TO_R_ADDR_INF_D_HZ','57','CMCC_BRANCH_CD','地市编码','STRING','','','','','Y','示例：GZ','C1-4','3','');

insert into tablefile (xmlid, dbname, dataname, datacnname, state, cycletype, topiccode, extend_cfg, rightlevel, creater, curdutyer, eff_date, state_date, team_code, open_state, remark) values ('TO_R_ADDR_INF_D_ZS','BD_B','TO_R_ADDR_INF_D_ZS','ODS_标准地址日全量','NEW','day','LAYERI_IRES','{"EXTERNAL":"y","LOCATION":"/tenant/BIGDATA/JCFW/JRCL/BD_B/ODS/TO_R_ADDR_INF_D/branch=ZS","FILEFORMAT":"PARQUET","DELIMITER":"&"}','其他','谢英俊','谢英俊', TIMESTAMP '0006-10-17 12:00:00', TIMESTAMP '0006-10-17 12:00:00','f2999fd5-c34e-402e-9b28-fec9fca13044','','基础层-资源主题域');
insert into column_val (xmlid, col_xmlid, dataname, col_seq, colname, colcnname, datatype, length, precision_val, party_seq, isprimarykey, isnullable, remark, filed_type_child, sensitive_level, policyid) values ('TO_R_ADDR_INF_D_ZS','TO_R_ADDR_INF_D_ZS_2017091','TO_R_ADDR_INF_D_ZS','1','ADDR_ID','地址ID','INT','','','','1','N','32596718','C1-4','3','');
insert into column_val (xmlid, col_xmlid, dataname, col_seq, colname, colcnname, datatype, length, precision_val, party_seq, isprimarykey, isnullable, remark, filed_type_child, sensitive_level, policyid) values ('TO_R_ADDR_INF_D_ZS','TO_R_ADDR_INF_D_ZS_2017092','TO_R_ADDR_INF_D_ZS','2','ADDR_NAM','本级地址名称','STRING','','','','','Y','197号','C1-4','3','');
insert into column_val (xmlid, col_xmlid, dataname, col_seq, colname, colcnname, datatype, length, precision_val, party_seq, isprimarykey, isnullable, remark, filed_type_child, sensitive_level, policyid) values ('TO_R_ADDR_INF_D_ZS','TO_R_ADDR_INF_D_ZS_2017093','TO_R_ADDR_INF_D_ZS','3','GRADE','地址级别','INT','','','','','Y','4','C1-4','3','');
insert into column_val (xmlid, col_xmlid, dataname, col_seq, colname, colcnname, datatype, length, precision_val, party_seq, isprimarykey, isnullable, remark, filed_type_child, sensitive_level, policyid) values ('TO_R_ADDR_INF_D_ZS','TO_R_ADDR_INF_D_ZS_2017094','TO_R_ADDR_INF_D_ZS','4','JP','　JP','STRING','','','','','Y','','C1-4','3','');
insert into column_val (xmlid, col_xmlid, dataname, col_seq, colname, colcnname, datatype, length, precision_val, party_seq, isprimarykey, isnullable, remark, filed_type_child, sensitive_level, policyid) values ('TO_R_ADDR_INF_D_ZS','TO_R_ADDR_INF_D_ZS_2017095','TO_R_ADDR_INF_D_ZS','5','WB','　WB','STRING','','','','','Y','','C1-4','3','');
insert into column_val (xmlid, col_xmlid, dataname, col_seq, colname, colcnname, datatype, length, precision_val, party_seq, isprimarykey, isnullable, remark, filed_type_child, sensitive_level, policyid) values ('TO_R_ADDR_INF_D_ZS','TO_R_ADDR_INF_D_ZS_2017096','TO_R_ADDR_INF_D_ZS','6','SUPER_ID','父级地址ID','INT','','','','','Y','1255656','C1-4','3','');
insert into column_val (xmlid, col_xmlid, dataname, col_seq, colname, colcnname, datatype, length, precision_val, party_seq, isprimarykey, isnullable, remark, filed_type_child, sensitive_level, policyid) values ('TO_R_ADDR_INF_D_ZS','TO_R_ADDR_INF_D_ZS_2017097','TO_R_ADDR_INF_D_ZS','7','ALIAS_ADDR','地址别名','STRING','','','','','Y','','C1-4','3','');
insert into column_val (xmlid, col_xmlid, dataname, col_seq, colname, colcnname, datatype, length, precision_val, party_seq, isprimarykey, isnullable, remark, filed_type_child, sensitive_level, policyid) values ('TO_R_ADDR_INF_D_ZS','TO_R_ADDR_INF_D_ZS_2017098','TO_R_ADDR_INF_D_ZS','8','OLD_ADDR','旧地址','INT','','','','','Y','','C1-4','3','');
insert into column_val (xmlid, col_xmlid, dataname, col_seq, colname, colcnname, datatype, length, precision_val, party_seq, isprimarykey, isnullable, remark, filed_type_child, sensitive_level, policyid) values ('TO_R_ADDR_INF_D_ZS','TO_R_ADDR_INF_D_ZS_2017099','TO_R_ADDR_INF_D_ZS','9','IS_CONFIRM','是否有效','INT','','','','','Y','1','C1-4','3','');
insert into column_val (xmlid, col_xmlid, dataname, col_seq, colname, colcnname, datatype, length, precision_val, party_seq, isprimarykey, isnullable, remark, filed_type_child, sensitive_level, policyid) values ('TO_R_ADDR_INF_D_ZS','TO_R_ADDR_INF_D_ZS_20170910','TO_R_ADDR_INF_D_ZS','10','ADDR','地址全称','STRING','','','','','Y','广州市越秀区站前路197号','C1-4','3','');
insert into column_val (xmlid, col_xmlid, dataname, col_seq, colname, colcnname, datatype, length, precision_val, party_seq, isprimarykey, isnullable, remark, filed_type_child, sensitive_level, policyid) values ('TO_R_ADDR_INF_D_ZS','TO_R_ADDR_INF_D_ZS_20170911','TO_R_ADDR_INF_D_ZS','11','ADDR_PY','ADDR_PY','STRING','','','','','Y','','C1-4','3','');
insert into column_val (xmlid, col_xmlid, dataname, col_seq, colname, colcnname, datatype, length, precision_val, party_seq, isprimarykey, isnullable, remark, filed_type_child, sensitive_level, policyid) values ('TO_R_ADDR_INF_D_ZS','TO_R_ADDR_INF_D_ZS_20170912','TO_R_ADDR_INF_D_ZS','12','ALIAS_ADDR_PY','ALIAS_ADDR_PY','STRING','','','','','Y','','C1-4','3','');
insert into column_val (xmlid, col_xmlid, dataname, col_seq, colname, colcnname, datatype, length, precision_val, party_seq, isprimarykey, isnullable, remark, filed_type_child, sensitive_level, policyid) values ('TO_R_ADDR_INF_D_ZS','TO_R_ADDR_INF_D_ZS_20170913','TO_R_ADDR_INF_D_ZS','13','CONFIRM_DATE','有效日期','STRING','','','','','Y','','C1-4','3','');
insert into column_val (xmlid, col_xmlid, dataname, col_seq, colname, colcnname, datatype, length, precision_val, party_seq, isprimarykey, isnullable, remark, filed_type_child, sensitive_level, policyid) values ('TO_R_ADDR_INF_D_ZS','TO_R_ADDR_INF_D_ZS_20170914','TO_R_ADDR_INF_D_ZS','14','CONFIRM_DATE2','有效日期2','STRING','','','','','Y','','C1-4','3','');
insert into column_val (xmlid, col_xmlid, dataname, col_seq, colname, colcnname, datatype, length, precision_val, party_seq, isprimarykey, isnullable, remark, filed_type_child, sensitive_level, policyid) values ('TO_R_ADDR_INF_D_ZS','TO_R_ADDR_INF_D_ZS_20170915','TO_R_ADDR_INF_D_ZS','15','AMEND','整理状态','SMALLINT','','','','','Y','(0,未整理;1,已整理)','C1-4','3','');
insert into column_val (xmlid, col_xmlid, dataname, col_seq, colname, colcnname, datatype, length, precision_val, party_seq, isprimarykey, isnullable, remark, filed_type_child, sensitive_level, policyid) values ('TO_R_ADDR_INF_D_ZS','TO_R_ADDR_INF_D_ZS_20170916','TO_R_ADDR_INF_D_ZS','16','RECDATE','受理时间','STRING','','','','','Y','','C1-4','3','');
insert into column_val (xmlid, col_xmlid, dataname, col_seq, colname, colcnname, datatype, length, precision_val, party_seq, isprimarykey, isnullable, remark, filed_type_child, sensitive_level, policyid) values ('TO_R_ADDR_INF_D_ZS','TO_R_ADDR_INF_D_ZS_20170917','TO_R_ADDR_INF_D_ZS','17','SUBDEP_NAME','SUBDEPNAME','STRING','','','','','Y','','C1-4','3','');
insert into column_val (xmlid, col_xmlid, dataname, col_seq, colname, colcnname, datatype, length, precision_val, party_seq, isprimarykey, isnullable, remark, filed_type_child, sensitive_level, policyid) values ('TO_R_ADDR_INF_D_ZS','TO_R_ADDR_INF_D_ZS_20170918','TO_R_ADDR_INF_D_ZS','18','SYSFLAG','SYSFLAG','SMALLINT','','','','','Y','','C1-4','3','');
insert into column_val (xmlid, col_xmlid, dataname, col_seq, colname, colcnname, datatype, length, precision_val, party_seq, isprimarykey, isnullable, remark, filed_type_child, sensitive_level, policyid) values ('TO_R_ADDR_INF_D_ZS','TO_R_ADDR_INF_D_ZS_20170919','TO_R_ADDR_INF_D_ZS','19','POSTNUMBER','邮政编码','STRING','','','','','Y','','C1-4','3','');
insert into column_val (xmlid, col_xmlid, dataname, col_seq, colname, colcnname, datatype, length, precision_val, party_seq, isprimarykey, isnullable, remark, filed_type_child, sensitive_level, policyid) values ('TO_R_ADDR_INF_D_ZS','TO_R_ADDR_INF_D_ZS_20170920','TO_R_ADDR_INF_D_ZS','20','STYPE','STYPE','STRING','','','','','Y','','C1-4','3','');
insert into column_val (xmlid, col_xmlid, dataname, col_seq, colname, colcnname, datatype, length, precision_val, party_seq, isprimarykey, isnullable, remark, filed_type_child, sensitive_level, policyid) values ('TO_R_ADDR_INF_D_ZS','TO_R_ADDR_INF_D_ZS_20170921','TO_R_ADDR_INF_D_ZS','21','NUM','NUM','STRING','','','','','Y','','C1-4','3','');
insert into column_val (xmlid, col_xmlid, dataname, col_seq, colname, colcnname, datatype, length, precision_val, party_seq, isprimarykey, isnullable, remark, filed_type_child, sensitive_level, policyid) values ('TO_R_ADDR_INF_D_ZS','TO_R_ADDR_INF_D_ZS_20170922','TO_R_ADDR_INF_D_ZS','22','TAG','TAG','INT','','','','','Y','','C1-4','3','');
insert into column_val (xmlid, col_xmlid, dataname, col_seq, colname, colcnname, datatype, length, precision_val, party_seq, isprimarykey, isnullable, remark, filed_type_child, sensitive_level, policyid) values ('TO_R_ADDR_INF_D_ZS','TO_R_ADDR_INF_D_ZS_20170923','TO_R_ADDR_INF_D_ZS','23','IBSS_ADDR_ID','IBSSADDRID','INT','','','','','Y','','C1-4','3','');
insert into column_val (xmlid, col_xmlid, dataname, col_seq, colname, colcnname, datatype, length, precision_val, party_seq, isprimarykey, isnullable, remark, filed_type_child, sensitive_level, policyid) values ('TO_R_ADDR_INF_D_ZS','TO_R_ADDR_INF_D_ZS_20170924','TO_R_ADDR_INF_D_ZS','24','IBSEND','IBSEND','INT','','','','','Y','','C1-4','3','');
insert into column_val (xmlid, col_xmlid, dataname, col_seq, colname, colcnname, datatype, length, precision_val, party_seq, isprimarykey, isnullable, remark, filed_type_child, sensitive_level, policyid) values ('TO_R_ADDR_INF_D_ZS','TO_R_ADDR_INF_D_ZS_20170925','TO_R_ADDR_INF_D_ZS','25','OLD_PARENTID','OLD_PARENTID','INT','','','','','Y','','C1-4','3','');
insert into column_val (xmlid, col_xmlid, dataname, col_seq, colname, colcnname, datatype, length, precision_val, party_seq, isprimarykey, isnullable, remark, filed_type_child, sensitive_level, policyid) values ('TO_R_ADDR_INF_D_ZS','TO_R_ADDR_INF_D_ZS_20170926','TO_R_ADDR_INF_D_ZS','26','SPLIT_FLAGC','SPLIT_FLAGC','INT','','','','','Y','','C1-4','3','');
insert into column_val (xmlid, col_xmlid, dataname, col_seq, colname, colcnname, datatype, length, precision_val, party_seq, isprimarykey, isnullable, remark, filed_type_child, sensitive_level, policyid) values ('TO_R_ADDR_INF_D_ZS','TO_R_ADDR_INF_D_ZS_20170927','TO_R_ADDR_INF_D_ZS','27','SPLIT_FLAG','SPLIT_FLAG','INT','','','','','Y','','C1-4','3','');
insert into column_val (xmlid, col_xmlid, dataname, col_seq, colname, colcnname, datatype, length, precision_val, party_seq, isprimarykey, isnullable, remark, filed_type_child, sensitive_level, policyid) values ('TO_R_ADDR_INF_D_ZS','TO_R_ADDR_INF_D_ZS_20170928','TO_R_ADDR_INF_D_ZS','28','ADDRTYPE','ADDRTYPE','INT','','','','','Y','','C1-4','3','');
insert into column_val (xmlid, col_xmlid, dataname, col_seq, colname, colcnname, datatype, length, precision_val, party_seq, isprimarykey, isnullable, remark, filed_type_child, sensitive_level, policyid) values ('TO_R_ADDR_INF_D_ZS','TO_R_ADDR_INF_D_ZS_20170929','TO_R_ADDR_INF_D_ZS','29','REGIONID','地市ID','INT','','','','','Y','200','C1-4','3','');
insert into column_val (xmlid, col_xmlid, dataname, col_seq, colname, colcnname, datatype, length, precision_val, party_seq, isprimarykey, isnullable, remark, filed_type_child, sensitive_level, policyid) values ('TO_R_ADDR_INF_D_ZS','TO_R_ADDR_INF_D_ZS_20170930','TO_R_ADDR_INF_D_ZS','30','IMPORTFLAG','导入批次','STRING','','','','','Y','2.01303E+13','C1-4','3','');
insert into column_val (xmlid, col_xmlid, dataname, col_seq, colname, colcnname, datatype, length, precision_val, party_seq, isprimarykey, isnullable, remark, filed_type_child, sensitive_level, policyid) values ('TO_R_ADDR_INF_D_ZS','TO_R_ADDR_INF_D_ZS_20170931','TO_R_ADDR_INF_D_ZS','31','INTSID1','第一级','STRING','','','','','Y','广州市','C1-4','3','');
insert into column_val (xmlid, col_xmlid, dataname, col_seq, colname, colcnname, datatype, length, precision_val, party_seq, isprimarykey, isnullable, remark, filed_type_child, sensitive_level, policyid) values ('TO_R_ADDR_INF_D_ZS','TO_R_ADDR_INF_D_ZS_20170932','TO_R_ADDR_INF_D_ZS','32','INTSID2','第二级','STRING','','','','','Y','越秀区','C1-4','3','');
insert into column_val (xmlid, col_xmlid, dataname, col_seq, colname, colcnname, datatype, length, precision_val, party_seq, isprimarykey, isnullable, remark, filed_type_child, sensitive_level, policyid) values ('TO_R_ADDR_INF_D_ZS','TO_R_ADDR_INF_D_ZS_20170933','TO_R_ADDR_INF_D_ZS','33','INTSID3','第三级','STRING','','','','','Y','站前路','C1-4','3','');
insert into column_val (xmlid, col_xmlid, dataname, col_seq, colname, colcnname, datatype, length, precision_val, party_seq, isprimarykey, isnullable, remark, filed_type_child, sensitive_level, policyid) values ('TO_R_ADDR_INF_D_ZS','TO_R_ADDR_INF_D_ZS_20170934','TO_R_ADDR_INF_D_ZS','34','INTSID4','第四级','STRING','','','','','Y','197号','C1-4','3','');
insert into column_val (xmlid, col_xmlid, dataname, col_seq, colname, colcnname, datatype, length, precision_val, party_seq, isprimarykey, isnullable, remark, filed_type_child, sensitive_level, policyid) values ('TO_R_ADDR_INF_D_ZS','TO_R_ADDR_INF_D_ZS_20170935','TO_R_ADDR_INF_D_ZS','35','INTSID5','第五级','STRING','','','','','Y','','C1-4','3','');
insert into column_val (xmlid, col_xmlid, dataname, col_seq, colname, colcnname, datatype, length, precision_val, party_seq, isprimarykey, isnullable, remark, filed_type_child, sensitive_level, policyid) values ('TO_R_ADDR_INF_D_ZS','TO_R_ADDR_INF_D_ZS_20170936','TO_R_ADDR_INF_D_ZS','36','INTSID6','第六级','STRING','','','','','Y','','C1-4','3','');
insert into column_val (xmlid, col_xmlid, dataname, col_seq, colname, colcnname, datatype, length, precision_val, party_seq, isprimarykey, isnullable, remark, filed_type_child, sensitive_level, policyid) values ('TO_R_ADDR_INF_D_ZS','TO_R_ADDR_INF_D_ZS_20170937','TO_R_ADDR_INF_D_ZS','37','INTSID7','第七级','STRING','','','','','Y','','C1-4','3','');
insert into column_val (xmlid, col_xmlid, dataname, col_seq, colname, colcnname, datatype, length, precision_val, party_seq, isprimarykey, isnullable, remark, filed_type_child, sensitive_level, policyid) values ('TO_R_ADDR_INF_D_ZS','TO_R_ADDR_INF_D_ZS_20170938','TO_R_ADDR_INF_D_ZS','38','ADDR_TYPE_EX','ADDRTYPEEX','INT','','','','','Y','','C1-4','3','');
insert into column_val (xmlid, col_xmlid, dataname, col_seq, colname, colcnname, datatype, length, precision_val, party_seq, isprimarykey, isnullable, remark, filed_type_child, sensitive_level, policyid) values ('TO_R_ADDR_INF_D_ZS','TO_R_ADDR_INF_D_ZS_20170939','TO_R_ADDR_INF_D_ZS','39','ADDR_TYPE_EX_2','ADDRTYPEEX_2','INT','','','','','Y','','C1-4','3','');
insert into column_val (xmlid, col_xmlid, dataname, col_seq, colname, colcnname, datatype, length, precision_val, party_seq, isprimarykey, isnullable, remark, filed_type_child, sensitive_level, policyid) values ('TO_R_ADDR_INF_D_ZS','TO_R_ADDR_INF_D_ZS_20170940','TO_R_ADDR_INF_D_ZS','40','GREEN_LABEL','GREEN_LABEL','INT','','','','','Y','','C1-4','3','');
insert into column_val (xmlid, col_xmlid, dataname, col_seq, colname, colcnname, datatype, length, precision_val, party_seq, isprimarykey, isnullable, remark, filed_type_child, sensitive_level, policyid) values ('TO_R_ADDR_INF_D_ZS','TO_R_ADDR_INF_D_ZS_20170941','TO_R_ADDR_INF_D_ZS','41','GRADE3ID','GRADE3ID','INT','','','','','Y','','C1-4','3','');
insert into column_val (xmlid, col_xmlid, dataname, col_seq, colname, colcnname, datatype, length, precision_val, party_seq, isprimarykey, isnullable, remark, filed_type_child, sensitive_level, policyid) values ('TO_R_ADDR_INF_D_ZS','TO_R_ADDR_INF_D_ZS_20170942','TO_R_ADDR_INF_D_ZS','42','LONGITUDE','经度','STRING','','','','','Y','113.253285','C1-4','3','PID_all');
insert into column_val (xmlid, col_xmlid, dataname, col_seq, colname, colcnname, datatype, length, precision_val, party_seq, isprimarykey, isnullable, remark, filed_type_child, sensitive_level, policyid) values ('TO_R_ADDR_INF_D_ZS','TO_R_ADDR_INF_D_ZS_20170943','TO_R_ADDR_INF_D_ZS','43','LATITUDE','纬度','STRING','','','','','Y','23.145451','C1-4','3','PID_all');
insert into column_val (xmlid, col_xmlid, dataname, col_seq, colname, colcnname, datatype, length, precision_val, party_seq, isprimarykey, isnullable, remark, filed_type_child, sensitive_level, policyid) values ('TO_R_ADDR_INF_D_ZS','TO_R_ADDR_INF_D_ZS_20170944','TO_R_ADDR_INF_D_ZS','44','BELONG_CELL_ID','所属小区','STRING','','','','','Y','','C1-4','3','');
insert into column_val (xmlid, col_xmlid, dataname, col_seq, colname, colcnname, datatype, length, precision_val, party_seq, isprimarykey, isnullable, remark, filed_type_child, sensitive_level, policyid) values ('TO_R_ADDR_INF_D_ZS','TO_R_ADDR_INF_D_ZS_20170945','TO_R_ADDR_INF_D_ZS','45','RES_TYP_CD','资源类型','SMALLINT','','','','','Y','　(1:自建宽带、2:广电宽带 （局端合作）、3:广电宽带 （末端合作）、5:第三方合作、6:第三方合作（客服服务）、9:铁通ADSL改造)','C1-4','3','');
insert into column_val (xmlid, col_xmlid, dataname, col_seq, colname, colcnname, datatype, length, precision_val, party_seq, isprimarykey, isnullable, remark, filed_type_child, sensitive_level, policyid) values ('TO_R_ADDR_INF_D_ZS','TO_R_ADDR_INF_D_ZS_20170946','TO_R_ADDR_INF_D_ZS','46','BS_TYP','楼宇类型','SMALLINT','','','','','Y','　(1、家庭楼宇 2、商业楼宇)','C1-4','3','');
insert into column_val (xmlid, col_xmlid, dataname, col_seq, colname, colcnname, datatype, length, precision_val, party_seq, isprimarykey, isnullable, remark, filed_type_child, sensitive_level, policyid) values ('TO_R_ADDR_INF_D_ZS','TO_R_ADDR_INF_D_ZS_20170947','TO_R_ADDR_INF_D_ZS','47','THRD_NAM','第三方名称','STRING','','','','','Y','','C1-4','3','');
insert into column_val (xmlid, col_xmlid, dataname, col_seq, colname, colcnname, datatype, length, precision_val, party_seq, isprimarykey, isnullable, remark, filed_type_child, sensitive_level, policyid) values ('TO_R_ADDR_INF_D_ZS','TO_R_ADDR_INF_D_ZS_20170948','TO_R_ADDR_INF_D_ZS','48','THIRD_NBR','第三方联系方式','STRING','','','','','Y','','C1-4','3','');
insert into column_val (xmlid, col_xmlid, dataname, col_seq, colname, colcnname, datatype, length, precision_val, party_seq, isprimarykey, isnullable, remark, filed_type_child, sensitive_level, policyid) values ('TO_R_ADDR_INF_D_ZS','TO_R_ADDR_INF_D_ZS_20170949','TO_R_ADDR_INF_D_ZS','49','PICTURE_LINK','图片链接','STRING','','','','','Y','','C1-4','3','');
insert into column_val (xmlid, col_xmlid, dataname, col_seq, colname, colcnname, datatype, length, precision_val, party_seq, isprimarykey, isnullable, remark, filed_type_child, sensitive_level, policyid) values ('TO_R_ADDR_INF_D_ZS','TO_R_ADDR_INF_D_ZS_20170950','TO_R_ADDR_INF_D_ZS','50','ADDR_SOURCE','地址来源','INT','','','','','Y','　集客预覆盖流程（3）、家客预覆盖流程（4）、集客开通流程（2，esop变更为该枚举值）、资源呈现系统（1，可视化变更为该枚举值）','C1-4','3','');
insert into column_val (xmlid, col_xmlid, dataname, col_seq, colname, colcnname, datatype, length, precision_val, party_seq, isprimarykey, isnullable, remark, filed_type_child, sensitive_level, policyid) values ('TO_R_ADDR_INF_D_ZS','TO_R_ADDR_INF_D_ZS_20170951','TO_R_ADDR_INF_D_ZS','51','STATUS','状态','INT','','','','','Y','　(1,资源录入;2,已建设楼宇;3,已开业务)','C1-4','3','');
insert into column_val (xmlid, col_xmlid, dataname, col_seq, colname, colcnname, datatype, length, precision_val, party_seq, isprimarykey, isnullable, remark, filed_type_child, sensitive_level, policyid) values ('TO_R_ADDR_INF_D_ZS','TO_R_ADDR_INF_D_ZS_20170952','TO_R_ADDR_INF_D_ZS','52','HCOVERMODE','覆盖场景','INT','','','','','Y','　商务楼宇（1、 高价值写字楼，2、 普通写字楼，3、 专业市场，4、 机关单位、大企业、星级酒店，5、 学校、厂区、医院、政府办公区，6、 工业园厂区）家庭楼宇（7、住宅小区，8、城中村，9、独栋楼宇，10、沿街商铺，11、农村）','C1-4','3','');
insert into column_val (xmlid, col_xmlid, dataname, col_seq, colname, colcnname, datatype, length, precision_val, party_seq, isprimarykey, isnullable, remark, filed_type_child, sensitive_level, policyid) values ('TO_R_ADDR_INF_D_ZS','TO_R_ADDR_INF_D_ZS_20170953','TO_R_ADDR_INF_D_ZS','53','REMARKS','备注','STRING','','','','','Y','','C1-4','3','');
insert into column_val (xmlid, col_xmlid, dataname, col_seq, colname, colcnname, datatype, length, precision_val, party_seq, isprimarykey, isnullable, remark, filed_type_child, sensitive_level, policyid) values ('TO_R_ADDR_INF_D_ZS','TO_R_ADDR_INF_D_ZS_20170954','TO_R_ADDR_INF_D_ZS','54','SHIELD_OPEN_SERVICE','屏蔽开通业务','STRING','','','','','Y','（是/否，默认为否）','C1-4','3','');
insert into column_val (xmlid, col_xmlid, dataname, col_seq, colname, colcnname, datatype, length, precision_val, party_seq, isprimarykey, isnullable, remark, filed_type_child, sensitive_level, policyid) values ('TO_R_ADDR_INF_D_ZS','TO_R_ADDR_INF_D_ZS_20170955','TO_R_ADDR_INF_D_ZS','55','CN_WAY','接入方式','STRING','','','','','Y','FTTH、FTTB','C1-4','3','');
insert into column_val (xmlid, col_xmlid, dataname, col_seq, colname, colcnname, datatype, length, precision_val, party_seq, isprimarykey, isnullable, remark, filed_type_child, sensitive_level, policyid) values ('TO_R_ADDR_INF_D_ZS','TO_R_ADDR_INF_D_ZS_20170956','TO_R_ADDR_INF_D_ZS','56','REGION_ATTRI','地域属性','INT','','','','','Y','','C1-4','3','');
insert into column_val (xmlid, col_xmlid, dataname, col_seq, colname, colcnname, datatype, length, precision_val, party_seq, isprimarykey, isnullable, remark, filed_type_child, sensitive_level, policyid) values ('TO_R_ADDR_INF_D_ZS','TO_R_ADDR_INF_D_ZS_20170957','TO_R_ADDR_INF_D_ZS','57','CMCC_BRANCH_CD','地市编码','STRING','','','','','Y','示例：GZ','C1-4','3','');

insert into tablefile (xmlid, dbname, dataname, datacnname, state, cycletype, topiccode, extend_cfg, rightlevel, creater, curdutyer, eff_date, state_date, team_code, open_state, remark) values ('TO_R_ADDR_INF_D_JM','BD_B','TO_R_ADDR_INF_D_JM','ODS_标准地址日全量','NEW','day','LAYERI_IRES','{"EXTERNAL":"y","LOCATION":"/tenant/BIGDATA/JCFW/JRCL/BD_B/ODS/TO_R_ADDR_INF_D/branch=JM","FILEFORMAT":"PARQUET","DELIMITER":"&"}','其他','谢英俊','谢英俊', TIMESTAMP '0006-10-17 12:00:00', TIMESTAMP '0006-10-17 12:00:00','f2999fd5-c34e-402e-9b28-fec9fca13044','','基础层-资源主题域');
insert into column_val (xmlid, col_xmlid, dataname, col_seq, colname, colcnname, datatype, length, precision_val, party_seq, isprimarykey, isnullable, remark, filed_type_child, sensitive_level, policyid) values ('TO_R_ADDR_INF_D_JM','TO_R_ADDR_INF_D_JM_2017091','TO_R_ADDR_INF_D_JM','1','ADDR_ID','地址ID','INT','','','','1','N','32596718','C1-4','3','');
insert into column_val (xmlid, col_xmlid, dataname, col_seq, colname, colcnname, datatype, length, precision_val, party_seq, isprimarykey, isnullable, remark, filed_type_child, sensitive_level, policyid) values ('TO_R_ADDR_INF_D_JM','TO_R_ADDR_INF_D_JM_2017092','TO_R_ADDR_INF_D_JM','2','ADDR_NAM','本级地址名称','STRING','','','','','Y','197号','C1-4','3','');
insert into column_val (xmlid, col_xmlid, dataname, col_seq, colname, colcnname, datatype, length, precision_val, party_seq, isprimarykey, isnullable, remark, filed_type_child, sensitive_level, policyid) values ('TO_R_ADDR_INF_D_JM','TO_R_ADDR_INF_D_JM_2017093','TO_R_ADDR_INF_D_JM','3','GRADE','地址级别','INT','','','','','Y','4','C1-4','3','');
insert into column_val (xmlid, col_xmlid, dataname, col_seq, colname, colcnname, datatype, length, precision_val, party_seq, isprimarykey, isnullable, remark, filed_type_child, sensitive_level, policyid) values ('TO_R_ADDR_INF_D_JM','TO_R_ADDR_INF_D_JM_2017094','TO_R_ADDR_INF_D_JM','4','JP','　JP','STRING','','','','','Y','','C1-4','3','');
insert into column_val (xmlid, col_xmlid, dataname, col_seq, colname, colcnname, datatype, length, precision_val, party_seq, isprimarykey, isnullable, remark, filed_type_child, sensitive_level, policyid) values ('TO_R_ADDR_INF_D_JM','TO_R_ADDR_INF_D_JM_2017095','TO_R_ADDR_INF_D_JM','5','WB','　WB','STRING','','','','','Y','','C1-4','3','');
insert into column_val (xmlid, col_xmlid, dataname, col_seq, colname, colcnname, datatype, length, precision_val, party_seq, isprimarykey, isnullable, remark, filed_type_child, sensitive_level, policyid) values ('TO_R_ADDR_INF_D_JM','TO_R_ADDR_INF_D_JM_2017096','TO_R_ADDR_INF_D_JM','6','SUPER_ID','父级地址ID','INT','','','','','Y','1255656','C1-4','3','');
insert into column_val (xmlid, col_xmlid, dataname, col_seq, colname, colcnname, datatype, length, precision_val, party_seq, isprimarykey, isnullable, remark, filed_type_child, sensitive_level, policyid) values ('TO_R_ADDR_INF_D_JM','TO_R_ADDR_INF_D_JM_2017097','TO_R_ADDR_INF_D_JM','7','ALIAS_ADDR','地址别名','STRING','','','','','Y','','C1-4','3','');
insert into column_val (xmlid, col_xmlid, dataname, col_seq, colname, colcnname, datatype, length, precision_val, party_seq, isprimarykey, isnullable, remark, filed_type_child, sensitive_level, policyid) values ('TO_R_ADDR_INF_D_JM','TO_R_ADDR_INF_D_JM_2017098','TO_R_ADDR_INF_D_JM','8','OLD_ADDR','旧地址','INT','','','','','Y','','C1-4','3','');
insert into column_val (xmlid, col_xmlid, dataname, col_seq, colname, colcnname, datatype, length, precision_val, party_seq, isprimarykey, isnullable, remark, filed_type_child, sensitive_level, policyid) values ('TO_R_ADDR_INF_D_JM','TO_R_ADDR_INF_D_JM_2017099','TO_R_ADDR_INF_D_JM','9','IS_CONFIRM','是否有效','INT','','','','','Y','1','C1-4','3','');
insert into column_val (xmlid, col_xmlid, dataname, col_seq, colname, colcnname, datatype, length, precision_val, party_seq, isprimarykey, isnullable, remark, filed_type_child, sensitive_level, policyid) values ('TO_R_ADDR_INF_D_JM','TO_R_ADDR_INF_D_JM_20170910','TO_R_ADDR_INF_D_JM','10','ADDR','地址全称','STRING','','','','','Y','广州市越秀区站前路197号','C1-4','3','');
insert into column_val (xmlid, col_xmlid, dataname, col_seq, colname, colcnname, datatype, length, precision_val, party_seq, isprimarykey, isnullable, remark, filed_type_child, sensitive_level, policyid) values ('TO_R_ADDR_INF_D_JM','TO_R_ADDR_INF_D_JM_20170911','TO_R_ADDR_INF_D_JM','11','ADDR_PY','ADDR_PY','STRING','','','','','Y','','C1-4','3','');
insert into column_val (xmlid, col_xmlid, dataname, col_seq, colname, colcnname, datatype, length, precision_val, party_seq, isprimarykey, isnullable, remark, filed_type_child, sensitive_level, policyid) values ('TO_R_ADDR_INF_D_JM','TO_R_ADDR_INF_D_JM_20170912','TO_R_ADDR_INF_D_JM','12','ALIAS_ADDR_PY','ALIAS_ADDR_PY','STRING','','','','','Y','','C1-4','3','');
insert into column_val (xmlid, col_xmlid, dataname, col_seq, colname, colcnname, datatype, length, precision_val, party_seq, isprimarykey, isnullable, remark, filed_type_child, sensitive_level, policyid) values ('TO_R_ADDR_INF_D_JM','TO_R_ADDR_INF_D_JM_20170913','TO_R_ADDR_INF_D_JM','13','CONFIRM_DATE','有效日期','STRING','','','','','Y','','C1-4','3','');
insert into column_val (xmlid, col_xmlid, dataname, col_seq, colname, colcnname, datatype, length, precision_val, party_seq, isprimarykey, isnullable, remark, filed_type_child, sensitive_level, policyid) values ('TO_R_ADDR_INF_D_JM','TO_R_ADDR_INF_D_JM_20170914','TO_R_ADDR_INF_D_JM','14','CONFIRM_DATE2','有效日期2','STRING','','','','','Y','','C1-4','3','');
insert into column_val (xmlid, col_xmlid, dataname, col_seq, colname, colcnname, datatype, length, precision_val, party_seq, isprimarykey, isnullable, remark, filed_type_child, sensitive_level, policyid) values ('TO_R_ADDR_INF_D_JM','TO_R_ADDR_INF_D_JM_20170915','TO_R_ADDR_INF_D_JM','15','AMEND','整理状态','SMALLINT','','','','','Y','(0,未整理;1,已整理)','C1-4','3','');
insert into column_val (xmlid, col_xmlid, dataname, col_seq, colname, colcnname, datatype, length, precision_val, party_seq, isprimarykey, isnullable, remark, filed_type_child, sensitive_level, policyid) values ('TO_R_ADDR_INF_D_JM','TO_R_ADDR_INF_D_JM_20170916','TO_R_ADDR_INF_D_JM','16','RECDATE','受理时间','STRING','','','','','Y','','C1-4','3','');
insert into column_val (xmlid, col_xmlid, dataname, col_seq, colname, colcnname, datatype, length, precision_val, party_seq, isprimarykey, isnullable, remark, filed_type_child, sensitive_level, policyid) values ('TO_R_ADDR_INF_D_JM','TO_R_ADDR_INF_D_JM_20170917','TO_R_ADDR_INF_D_JM','17','SUBDEP_NAME','SUBDEPNAME','STRING','','','','','Y','','C1-4','3','');
insert into column_val (xmlid, col_xmlid, dataname, col_seq, colname, colcnname, datatype, length, precision_val, party_seq, isprimarykey, isnullable, remark, filed_type_child, sensitive_level, policyid) values ('TO_R_ADDR_INF_D_JM','TO_R_ADDR_INF_D_JM_20170918','TO_R_ADDR_INF_D_JM','18','SYSFLAG','SYSFLAG','SMALLINT','','','','','Y','','C1-4','3','');
insert into column_val (xmlid, col_xmlid, dataname, col_seq, colname, colcnname, datatype, length, precision_val, party_seq, isprimarykey, isnullable, remark, filed_type_child, sensitive_level, policyid) values ('TO_R_ADDR_INF_D_JM','TO_R_ADDR_INF_D_JM_20170919','TO_R_ADDR_INF_D_JM','19','POSTNUMBER','邮政编码','STRING','','','','','Y','','C1-4','3','');
insert into column_val (xmlid, col_xmlid, dataname, col_seq, colname, colcnname, datatype, length, precision_val, party_seq, isprimarykey, isnullable, remark, filed_type_child, sensitive_level, policyid) values ('TO_R_ADDR_INF_D_JM','TO_R_ADDR_INF_D_JM_20170920','TO_R_ADDR_INF_D_JM','20','STYPE','STYPE','STRING','','','','','Y','','C1-4','3','');
insert into column_val (xmlid, col_xmlid, dataname, col_seq, colname, colcnname, datatype, length, precision_val, party_seq, isprimarykey, isnullable, remark, filed_type_child, sensitive_level, policyid) values ('TO_R_ADDR_INF_D_JM','TO_R_ADDR_INF_D_JM_20170921','TO_R_ADDR_INF_D_JM','21','NUM','NUM','STRING','','','','','Y','','C1-4','3','');
insert into column_val (xmlid, col_xmlid, dataname, col_seq, colname, colcnname, datatype, length, precision_val, party_seq, isprimarykey, isnullable, remark, filed_type_child, sensitive_level, policyid) values ('TO_R_ADDR_INF_D_JM','TO_R_ADDR_INF_D_JM_20170922','TO_R_ADDR_INF_D_JM','22','TAG','TAG','INT','','','','','Y','','C1-4','3','');
insert into column_val (xmlid, col_xmlid, dataname, col_seq, colname, colcnname, datatype, length, precision_val, party_seq, isprimarykey, isnullable, remark, filed_type_child, sensitive_level, policyid) values ('TO_R_ADDR_INF_D_JM','TO_R_ADDR_INF_D_JM_20170923','TO_R_ADDR_INF_D_JM','23','IBSS_ADDR_ID','IBSSADDRID','INT','','','','','Y','','C1-4','3','');
insert into column_val (xmlid, col_xmlid, dataname, col_seq, colname, colcnname, datatype, length, precision_val, party_seq, isprimarykey, isnullable, remark, filed_type_child, sensitive_level, policyid) values ('TO_R_ADDR_INF_D_JM','TO_R_ADDR_INF_D_JM_20170924','TO_R_ADDR_INF_D_JM','24','IBSEND','IBSEND','INT','','','','','Y','','C1-4','3','');
insert into column_val (xmlid, col_xmlid, dataname, col_seq, colname, colcnname, datatype, length, precision_val, party_seq, isprimarykey, isnullable, remark, filed_type_child, sensitive_level, policyid) values ('TO_R_ADDR_INF_D_JM','TO_R_ADDR_INF_D_JM_20170925','TO_R_ADDR_INF_D_JM','25','OLD_PARENTID','OLD_PARENTID','INT','','','','','Y','','C1-4','3','');
insert into column_val (xmlid, col_xmlid, dataname, col_seq, colname, colcnname, datatype, length, precision_val, party_seq, isprimarykey, isnullable, remark, filed_type_child, sensitive_level, policyid) values ('TO_R_ADDR_INF_D_JM','TO_R_ADDR_INF_D_JM_20170926','TO_R_ADDR_INF_D_JM','26','SPLIT_FLAGC','SPLIT_FLAGC','INT','','','','','Y','','C1-4','3','');
insert into column_val (xmlid, col_xmlid, dataname, col_seq, colname, colcnname, datatype, length, precision_val, party_seq, isprimarykey, isnullable, remark, filed_type_child, sensitive_level, policyid) values ('TO_R_ADDR_INF_D_JM','TO_R_ADDR_INF_D_JM_20170927','TO_R_ADDR_INF_D_JM','27','SPLIT_FLAG','SPLIT_FLAG','INT','','','','','Y','','C1-4','3','');
insert into column_val (xmlid, col_xmlid, dataname, col_seq, colname, colcnname, datatype, length, precision_val, party_seq, isprimarykey, isnullable, remark, filed_type_child, sensitive_level, policyid) values ('TO_R_ADDR_INF_D_JM','TO_R_ADDR_INF_D_JM_20170928','TO_R_ADDR_INF_D_JM','28','ADDRTYPE','ADDRTYPE','INT','','','','','Y','','C1-4','3','');
insert into column_val (xmlid, col_xmlid, dataname, col_seq, colname, colcnname, datatype, length, precision_val, party_seq, isprimarykey, isnullable, remark, filed_type_child, sensitive_level, policyid) values ('TO_R_ADDR_INF_D_JM','TO_R_ADDR_INF_D_JM_20170929','TO_R_ADDR_INF_D_JM','29','REGIONID','地市ID','INT','','','','','Y','200','C1-4','3','');
insert into column_val (xmlid, col_xmlid, dataname, col_seq, colname, colcnname, datatype, length, precision_val, party_seq, isprimarykey, isnullable, remark, filed_type_child, sensitive_level, policyid) values ('TO_R_ADDR_INF_D_JM','TO_R_ADDR_INF_D_JM_20170930','TO_R_ADDR_INF_D_JM','30','IMPORTFLAG','导入批次','STRING','','','','','Y','2.01303E+13','C1-4','3','');
insert into column_val (xmlid, col_xmlid, dataname, col_seq, colname, colcnname, datatype, length, precision_val, party_seq, isprimarykey, isnullable, remark, filed_type_child, sensitive_level, policyid) values ('TO_R_ADDR_INF_D_JM','TO_R_ADDR_INF_D_JM_20170931','TO_R_ADDR_INF_D_JM','31','INTSID1','第一级','STRING','','','','','Y','广州市','C1-4','3','');
insert into column_val (xmlid, col_xmlid, dataname, col_seq, colname, colcnname, datatype, length, precision_val, party_seq, isprimarykey, isnullable, remark, filed_type_child, sensitive_level, policyid) values ('TO_R_ADDR_INF_D_JM','TO_R_ADDR_INF_D_JM_20170932','TO_R_ADDR_INF_D_JM','32','INTSID2','第二级','STRING','','','','','Y','越秀区','C1-4','3','');
insert into column_val (xmlid, col_xmlid, dataname, col_seq, colname, colcnname, datatype, length, precision_val, party_seq, isprimarykey, isnullable, remark, filed_type_child, sensitive_level, policyid) values ('TO_R_ADDR_INF_D_JM','TO_R_ADDR_INF_D_JM_20170933','TO_R_ADDR_INF_D_JM','33','INTSID3','第三级','STRING','','','','','Y','站前路','C1-4','3','');
insert into column_val (xmlid, col_xmlid, dataname, col_seq, colname, colcnname, datatype, length, precision_val, party_seq, isprimarykey, isnullable, remark, filed_type_child, sensitive_level, policyid) values ('TO_R_ADDR_INF_D_JM','TO_R_ADDR_INF_D_JM_20170934','TO_R_ADDR_INF_D_JM','34','INTSID4','第四级','STRING','','','','','Y','197号','C1-4','3','');
insert into column_val (xmlid, col_xmlid, dataname, col_seq, colname, colcnname, datatype, length, precision_val, party_seq, isprimarykey, isnullable, remark, filed_type_child, sensitive_level, policyid) values ('TO_R_ADDR_INF_D_JM','TO_R_ADDR_INF_D_JM_20170935','TO_R_ADDR_INF_D_JM','35','INTSID5','第五级','STRING','','','','','Y','','C1-4','3','');
insert into column_val (xmlid, col_xmlid, dataname, col_seq, colname, colcnname, datatype, length, precision_val, party_seq, isprimarykey, isnullable, remark, filed_type_child, sensitive_level, policyid) values ('TO_R_ADDR_INF_D_JM','TO_R_ADDR_INF_D_JM_20170936','TO_R_ADDR_INF_D_JM','36','INTSID6','第六级','STRING','','','','','Y','','C1-4','3','');
insert into column_val (xmlid, col_xmlid, dataname, col_seq, colname, colcnname, datatype, length, precision_val, party_seq, isprimarykey, isnullable, remark, filed_type_child, sensitive_level, policyid) values ('TO_R_ADDR_INF_D_JM','TO_R_ADDR_INF_D_JM_20170937','TO_R_ADDR_INF_D_JM','37','INTSID7','第七级','STRING','','','','','Y','','C1-4','3','');
insert into column_val (xmlid, col_xmlid, dataname, col_seq, colname, colcnname, datatype, length, precision_val, party_seq, isprimarykey, isnullable, remark, filed_type_child, sensitive_level, policyid) values ('TO_R_ADDR_INF_D_JM','TO_R_ADDR_INF_D_JM_20170938','TO_R_ADDR_INF_D_JM','38','ADDR_TYPE_EX','ADDRTYPEEX','INT','','','','','Y','','C1-4','3','');
insert into column_val (xmlid, col_xmlid, dataname, col_seq, colname, colcnname, datatype, length, precision_val, party_seq, isprimarykey, isnullable, remark, filed_type_child, sensitive_level, policyid) values ('TO_R_ADDR_INF_D_JM','TO_R_ADDR_INF_D_JM_20170939','TO_R_ADDR_INF_D_JM','39','ADDR_TYPE_EX_2','ADDRTYPEEX_2','INT','','','','','Y','','C1-4','3','');
insert into column_val (xmlid, col_xmlid, dataname, col_seq, colname, colcnname, datatype, length, precision_val, party_seq, isprimarykey, isnullable, remark, filed_type_child, sensitive_level, policyid) values ('TO_R_ADDR_INF_D_JM','TO_R_ADDR_INF_D_JM_20170940','TO_R_ADDR_INF_D_JM','40','GREEN_LABEL','GREEN_LABEL','INT','','','','','Y','','C1-4','3','');
insert into column_val (xmlid, col_xmlid, dataname, col_seq, colname, colcnname, datatype, length, precision_val, party_seq, isprimarykey, isnullable, remark, filed_type_child, sensitive_level, policyid) values ('TO_R_ADDR_INF_D_JM','TO_R_ADDR_INF_D_JM_20170941','TO_R_ADDR_INF_D_JM','41','GRADE3ID','GRADE3ID','INT','','','','','Y','','C1-4','3','');
insert into column_val (xmlid, col_xmlid, dataname, col_seq, colname, colcnname, datatype, length, precision_val, party_seq, isprimarykey, isnullable, remark, filed_type_child, sensitive_level, policyid) values ('TO_R_ADDR_INF_D_JM','TO_R_ADDR_INF_D_JM_20170942','TO_R_ADDR_INF_D_JM','42','LONGITUDE','经度','STRING','','','','','Y','113.253285','C1-4','3','PID_all');
insert into column_val (xmlid, col_xmlid, dataname, col_seq, colname, colcnname, datatype, length, precision_val, party_seq, isprimarykey, isnullable, remark, filed_type_child, sensitive_level, policyid) values ('TO_R_ADDR_INF_D_JM','TO_R_ADDR_INF_D_JM_20170943','TO_R_ADDR_INF_D_JM','43','LATITUDE','纬度','STRING','','','','','Y','23.145451','C1-4','3','PID_all');
insert into column_val (xmlid, col_xmlid, dataname, col_seq, colname, colcnname, datatype, length, precision_val, party_seq, isprimarykey, isnullable, remark, filed_type_child, sensitive_level, policyid) values ('TO_R_ADDR_INF_D_JM','TO_R_ADDR_INF_D_JM_20170944','TO_R_ADDR_INF_D_JM','44','BELONG_CELL_ID','所属小区','STRING','','','','','Y','','C1-4','3','');
insert into column_val (xmlid, col_xmlid, dataname, col_seq, colname, colcnname, datatype, length, precision_val, party_seq, isprimarykey, isnullable, remark, filed_type_child, sensitive_level, policyid) values ('TO_R_ADDR_INF_D_JM','TO_R_ADDR_INF_D_JM_20170945','TO_R_ADDR_INF_D_JM','45','RES_TYP_CD','资源类型','SMALLINT','','','','','Y','　(1:自建宽带、2:广电宽带 （局端合作）、3:广电宽带 （末端合作）、5:第三方合作、6:第三方合作（客服服务）、9:铁通ADSL改造)','C1-4','3','');
insert into column_val (xmlid, col_xmlid, dataname, col_seq, colname, colcnname, datatype, length, precision_val, party_seq, isprimarykey, isnullable, remark, filed_type_child, sensitive_level, policyid) values ('TO_R_ADDR_INF_D_JM','TO_R_ADDR_INF_D_JM_20170946','TO_R_ADDR_INF_D_JM','46','BS_TYP','楼宇类型','SMALLINT','','','','','Y','　(1、家庭楼宇 2、商业楼宇)','C1-4','3','');
insert into column_val (xmlid, col_xmlid, dataname, col_seq, colname, colcnname, datatype, length, precision_val, party_seq, isprimarykey, isnullable, remark, filed_type_child, sensitive_level, policyid) values ('TO_R_ADDR_INF_D_JM','TO_R_ADDR_INF_D_JM_20170947','TO_R_ADDR_INF_D_JM','47','THRD_NAM','第三方名称','STRING','','','','','Y','','C1-4','3','');
insert into column_val (xmlid, col_xmlid, dataname, col_seq, colname, colcnname, datatype, length, precision_val, party_seq, isprimarykey, isnullable, remark, filed_type_child, sensitive_level, policyid) values ('TO_R_ADDR_INF_D_JM','TO_R_ADDR_INF_D_JM_20170948','TO_R_ADDR_INF_D_JM','48','THIRD_NBR','第三方联系方式','STRING','','','','','Y','','C1-4','3','');
insert into column_val (xmlid, col_xmlid, dataname, col_seq, colname, colcnname, datatype, length, precision_val, party_seq, isprimarykey, isnullable, remark, filed_type_child, sensitive_level, policyid) values ('TO_R_ADDR_INF_D_JM','TO_R_ADDR_INF_D_JM_20170949','TO_R_ADDR_INF_D_JM','49','PICTURE_LINK','图片链接','STRING','','','','','Y','','C1-4','3','');
insert into column_val (xmlid, col_xmlid, dataname, col_seq, colname, colcnname, datatype, length, precision_val, party_seq, isprimarykey, isnullable, remark, filed_type_child, sensitive_level, policyid) values ('TO_R_ADDR_INF_D_JM','TO_R_ADDR_INF_D_JM_20170950','TO_R_ADDR_INF_D_JM','50','ADDR_SOURCE','地址来源','INT','','','','','Y','　集客预覆盖流程（3）、家客预覆盖流程（4）、集客开通流程（2，esop变更为该枚举值）、资源呈现系统（1，可视化变更为该枚举值）','C1-4','3','');
insert into column_val (xmlid, col_xmlid, dataname, col_seq, colname, colcnname, datatype, length, precision_val, party_seq, isprimarykey, isnullable, remark, filed_type_child, sensitive_level, policyid) values ('TO_R_ADDR_INF_D_JM','TO_R_ADDR_INF_D_JM_20170951','TO_R_ADDR_INF_D_JM','51','STATUS','状态','INT','','','','','Y','　(1,资源录入;2,已建设楼宇;3,已开业务)','C1-4','3','');
insert into column_val (xmlid, col_xmlid, dataname, col_seq, colname, colcnname, datatype, length, precision_val, party_seq, isprimarykey, isnullable, remark, filed_type_child, sensitive_level, policyid) values ('TO_R_ADDR_INF_D_JM','TO_R_ADDR_INF_D_JM_20170952','TO_R_ADDR_INF_D_JM','52','HCOVERMODE','覆盖场景','INT','','','','','Y','　商务楼宇（1、 高价值写字楼，2、 普通写字楼，3、 专业市场，4、 机关单位、大企业、星级酒店，5、 学校、厂区、医院、政府办公区，6、 工业园厂区）家庭楼宇（7、住宅小区，8、城中村，9、独栋楼宇，10、沿街商铺，11、农村）','C1-4','3','');
insert into column_val (xmlid, col_xmlid, dataname, col_seq, colname, colcnname, datatype, length, precision_val, party_seq, isprimarykey, isnullable, remark, filed_type_child, sensitive_level, policyid) values ('TO_R_ADDR_INF_D_JM','TO_R_ADDR_INF_D_JM_20170953','TO_R_ADDR_INF_D_JM','53','REMARKS','备注','STRING','','','','','Y','','C1-4','3','');
insert into column_val (xmlid, col_xmlid, dataname, col_seq, colname, colcnname, datatype, length, precision_val, party_seq, isprimarykey, isnullable, remark, filed_type_child, sensitive_level, policyid) values ('TO_R_ADDR_INF_D_JM','TO_R_ADDR_INF_D_JM_20170954','TO_R_ADDR_INF_D_JM','54','SHIELD_OPEN_SERVICE','屏蔽开通业务','STRING','','','','','Y','（是/否，默认为否）','C1-4','3','');
insert into column_val (xmlid, col_xmlid, dataname, col_seq, colname, colcnname, datatype, length, precision_val, party_seq, isprimarykey, isnullable, remark, filed_type_child, sensitive_level, policyid) values ('TO_R_ADDR_INF_D_JM','TO_R_ADDR_INF_D_JM_20170955','TO_R_ADDR_INF_D_JM','55','CN_WAY','接入方式','STRING','','','','','Y','FTTH、FTTB','C1-4','3','');
insert into column_val (xmlid, col_xmlid, dataname, col_seq, colname, colcnname, datatype, length, precision_val, party_seq, isprimarykey, isnullable, remark, filed_type_child, sensitive_level, policyid) values ('TO_R_ADDR_INF_D_JM','TO_R_ADDR_INF_D_JM_20170956','TO_R_ADDR_INF_D_JM','56','REGION_ATTRI','地域属性','INT','','','','','Y','','C1-4','3','');
insert into column_val (xmlid, col_xmlid, dataname, col_seq, colname, colcnname, datatype, length, precision_val, party_seq, isprimarykey, isnullable, remark, filed_type_child, sensitive_level, policyid) values ('TO_R_ADDR_INF_D_JM','TO_R_ADDR_INF_D_JM_20170957','TO_R_ADDR_INF_D_JM','57','CMCC_BRANCH_CD','地市编码','STRING','','','','','Y','示例：GZ','C1-4','3','');

insert into tablefile (xmlid, dbname, dataname, datacnname, state, cycletype, topiccode, extend_cfg, rightlevel, creater, curdutyer, eff_date, state_date, team_code, open_state, remark) values ('TO_R_ADDR_INF_D_ZJ','BD_B','TO_R_ADDR_INF_D_ZJ','ODS_标准地址日全量','NEW','day','LAYERI_IRES','{"EXTERNAL":"y","LOCATION":"/tenant/BIGDATA/JCFW/JRCL/BD_B/ODS/TO_R_ADDR_INF_D/branch=ZJ","FILEFORMAT":"PARQUET","DELIMITER":"&"}','其他','谢英俊','谢英俊', TIMESTAMP '0006-10-17 12:00:00', TIMESTAMP '0006-10-17 12:00:00','f2999fd5-c34e-402e-9b28-fec9fca13044','','基础层-资源主题域');
insert into column_val (xmlid, col_xmlid, dataname, col_seq, colname, colcnname, datatype, length, precision_val, party_seq, isprimarykey, isnullable, remark, filed_type_child, sensitive_level, policyid) values ('TO_R_ADDR_INF_D_ZJ','TO_R_ADDR_INF_D_ZJ_2017091','TO_R_ADDR_INF_D_ZJ','1','ADDR_ID','地址ID','INT','','','','1','N','32596718','C1-4','3','');
insert into column_val (xmlid, col_xmlid, dataname, col_seq, colname, colcnname, datatype, length, precision_val, party_seq, isprimarykey, isnullable, remark, filed_type_child, sensitive_level, policyid) values ('TO_R_ADDR_INF_D_ZJ','TO_R_ADDR_INF_D_ZJ_2017092','TO_R_ADDR_INF_D_ZJ','2','ADDR_NAM','本级地址名称','STRING','','','','','Y','197号','C1-4','3','');
insert into column_val (xmlid, col_xmlid, dataname, col_seq, colname, colcnname, datatype, length, precision_val, party_seq, isprimarykey, isnullable, remark, filed_type_child, sensitive_level, policyid) values ('TO_R_ADDR_INF_D_ZJ','TO_R_ADDR_INF_D_ZJ_2017093','TO_R_ADDR_INF_D_ZJ','3','GRADE','地址级别','INT','','','','','Y','4','C1-4','3','');
insert into column_val (xmlid, col_xmlid, dataname, col_seq, colname, colcnname, datatype, length, precision_val, party_seq, isprimarykey, isnullable, remark, filed_type_child, sensitive_level, policyid) values ('TO_R_ADDR_INF_D_ZJ','TO_R_ADDR_INF_D_ZJ_2017094','TO_R_ADDR_INF_D_ZJ','4','JP','　JP','STRING','','','','','Y','','C1-4','3','');
insert into column_val (xmlid, col_xmlid, dataname, col_seq, colname, colcnname, datatype, length, precision_val, party_seq, isprimarykey, isnullable, remark, filed_type_child, sensitive_level, policyid) values ('TO_R_ADDR_INF_D_ZJ','TO_R_ADDR_INF_D_ZJ_2017095','TO_R_ADDR_INF_D_ZJ','5','WB','　WB','STRING','','','','','Y','','C1-4','3','');
insert into column_val (xmlid, col_xmlid, dataname, col_seq, colname, colcnname, datatype, length, precision_val, party_seq, isprimarykey, isnullable, remark, filed_type_child, sensitive_level, policyid) values ('TO_R_ADDR_INF_D_ZJ','TO_R_ADDR_INF_D_ZJ_2017096','TO_R_ADDR_INF_D_ZJ','6','SUPER_ID','父级地址ID','INT','','','','','Y','1255656','C1-4','3','');
insert into column_val (xmlid, col_xmlid, dataname, col_seq, colname, colcnname, datatype, length, precision_val, party_seq, isprimarykey, isnullable, remark, filed_type_child, sensitive_level, policyid) values ('TO_R_ADDR_INF_D_ZJ','TO_R_ADDR_INF_D_ZJ_2017097','TO_R_ADDR_INF_D_ZJ','7','ALIAS_ADDR','地址别名','STRING','','','','','Y','','C1-4','3','');
insert into column_val (xmlid, col_xmlid, dataname, col_seq, colname, colcnname, datatype, length, precision_val, party_seq, isprimarykey, isnullable, remark, filed_type_child, sensitive_level, policyid) values ('TO_R_ADDR_INF_D_ZJ','TO_R_ADDR_INF_D_ZJ_2017098','TO_R_ADDR_INF_D_ZJ','8','OLD_ADDR','旧地址','INT','','','','','Y','','C1-4','3','');
insert into column_val (xmlid, col_xmlid, dataname, col_seq, colname, colcnname, datatype, length, precision_val, party_seq, isprimarykey, isnullable, remark, filed_type_child, sensitive_level, policyid) values ('TO_R_ADDR_INF_D_ZJ','TO_R_ADDR_INF_D_ZJ_2017099','TO_R_ADDR_INF_D_ZJ','9','IS_CONFIRM','是否有效','INT','','','','','Y','1','C1-4','3','');
insert into column_val (xmlid, col_xmlid, dataname, col_seq, colname, colcnname, datatype, length, precision_val, party_seq, isprimarykey, isnullable, remark, filed_type_child, sensitive_level, policyid) values ('TO_R_ADDR_INF_D_ZJ','TO_R_ADDR_INF_D_ZJ_20170910','TO_R_ADDR_INF_D_ZJ','10','ADDR','地址全称','STRING','','','','','Y','广州市越秀区站前路197号','C1-4','3','');
insert into column_val (xmlid, col_xmlid, dataname, col_seq, colname, colcnname, datatype, length, precision_val, party_seq, isprimarykey, isnullable, remark, filed_type_child, sensitive_level, policyid) values ('TO_R_ADDR_INF_D_ZJ','TO_R_ADDR_INF_D_ZJ_20170911','TO_R_ADDR_INF_D_ZJ','11','ADDR_PY','ADDR_PY','STRING','','','','','Y','','C1-4','3','');
insert into column_val (xmlid, col_xmlid, dataname, col_seq, colname, colcnname, datatype, length, precision_val, party_seq, isprimarykey, isnullable, remark, filed_type_child, sensitive_level, policyid) values ('TO_R_ADDR_INF_D_ZJ','TO_R_ADDR_INF_D_ZJ_20170912','TO_R_ADDR_INF_D_ZJ','12','ALIAS_ADDR_PY','ALIAS_ADDR_PY','STRING','','','','','Y','','C1-4','3','');
insert into column_val (xmlid, col_xmlid, dataname, col_seq, colname, colcnname, datatype, length, precision_val, party_seq, isprimarykey, isnullable, remark, filed_type_child, sensitive_level, policyid) values ('TO_R_ADDR_INF_D_ZJ','TO_R_ADDR_INF_D_ZJ_20170913','TO_R_ADDR_INF_D_ZJ','13','CONFIRM_DATE','有效日期','STRING','','','','','Y','','C1-4','3','');
insert into column_val (xmlid, col_xmlid, dataname, col_seq, colname, colcnname, datatype, length, precision_val, party_seq, isprimarykey, isnullable, remark, filed_type_child, sensitive_level, policyid) values ('TO_R_ADDR_INF_D_ZJ','TO_R_ADDR_INF_D_ZJ_20170914','TO_R_ADDR_INF_D_ZJ','14','CONFIRM_DATE2','有效日期2','STRING','','','','','Y','','C1-4','3','');
insert into column_val (xmlid, col_xmlid, dataname, col_seq, colname, colcnname, datatype, length, precision_val, party_seq, isprimarykey, isnullable, remark, filed_type_child, sensitive_level, policyid) values ('TO_R_ADDR_INF_D_ZJ','TO_R_ADDR_INF_D_ZJ_20170915','TO_R_ADDR_INF_D_ZJ','15','AMEND','整理状态','SMALLINT','','','','','Y','(0,未整理;1,已整理)','C1-4','3','');
insert into column_val (xmlid, col_xmlid, dataname, col_seq, colname, colcnname, datatype, length, precision_val, party_seq, isprimarykey, isnullable, remark, filed_type_child, sensitive_level, policyid) values ('TO_R_ADDR_INF_D_ZJ','TO_R_ADDR_INF_D_ZJ_20170916','TO_R_ADDR_INF_D_ZJ','16','RECDATE','受理时间','STRING','','','','','Y','','C1-4','3','');
insert into column_val (xmlid, col_xmlid, dataname, col_seq, colname, colcnname, datatype, length, precision_val, party_seq, isprimarykey, isnullable, remark, filed_type_child, sensitive_level, policyid) values ('TO_R_ADDR_INF_D_ZJ','TO_R_ADDR_INF_D_ZJ_20170917','TO_R_ADDR_INF_D_ZJ','17','SUBDEP_NAME','SUBDEPNAME','STRING','','','','','Y','','C1-4','3','');
insert into column_val (xmlid, col_xmlid, dataname, col_seq, colname, colcnname, datatype, length, precision_val, party_seq, isprimarykey, isnullable, remark, filed_type_child, sensitive_level, policyid) values ('TO_R_ADDR_INF_D_ZJ','TO_R_ADDR_INF_D_ZJ_20170918','TO_R_ADDR_INF_D_ZJ','18','SYSFLAG','SYSFLAG','SMALLINT','','','','','Y','','C1-4','3','');
insert into column_val (xmlid, col_xmlid, dataname, col_seq, colname, colcnname, datatype, length, precision_val, party_seq, isprimarykey, isnullable, remark, filed_type_child, sensitive_level, policyid) values ('TO_R_ADDR_INF_D_ZJ','TO_R_ADDR_INF_D_ZJ_20170919','TO_R_ADDR_INF_D_ZJ','19','POSTNUMBER','邮政编码','STRING','','','','','Y','','C1-4','3','');
insert into column_val (xmlid, col_xmlid, dataname, col_seq, colname, colcnname, datatype, length, precision_val, party_seq, isprimarykey, isnullable, remark, filed_type_child, sensitive_level, policyid) values ('TO_R_ADDR_INF_D_ZJ','TO_R_ADDR_INF_D_ZJ_20170920','TO_R_ADDR_INF_D_ZJ','20','STYPE','STYPE','STRING','','','','','Y','','C1-4','3','');
insert into column_val (xmlid, col_xmlid, dataname, col_seq, colname, colcnname, datatype, length, precision_val, party_seq, isprimarykey, isnullable, remark, filed_type_child, sensitive_level, policyid) values ('TO_R_ADDR_INF_D_ZJ','TO_R_ADDR_INF_D_ZJ_20170921','TO_R_ADDR_INF_D_ZJ','21','NUM','NUM','STRING','','','','','Y','','C1-4','3','');
insert into column_val (xmlid, col_xmlid, dataname, col_seq, colname, colcnname, datatype, length, precision_val, party_seq, isprimarykey, isnullable, remark, filed_type_child, sensitive_level, policyid) values ('TO_R_ADDR_INF_D_ZJ','TO_R_ADDR_INF_D_ZJ_20170922','TO_R_ADDR_INF_D_ZJ','22','TAG','TAG','INT','','','','','Y','','C1-4','3','');
insert into column_val (xmlid, col_xmlid, dataname, col_seq, colname, colcnname, datatype, length, precision_val, party_seq, isprimarykey, isnullable, remark, filed_type_child, sensitive_level, policyid) values ('TO_R_ADDR_INF_D_ZJ','TO_R_ADDR_INF_D_ZJ_20170923','TO_R_ADDR_INF_D_ZJ','23','IBSS_ADDR_ID','IBSSADDRID','INT','','','','','Y','','C1-4','3','');
insert into column_val (xmlid, col_xmlid, dataname, col_seq, colname, colcnname, datatype, length, precision_val, party_seq, isprimarykey, isnullable, remark, filed_type_child, sensitive_level, policyid) values ('TO_R_ADDR_INF_D_ZJ','TO_R_ADDR_INF_D_ZJ_20170924','TO_R_ADDR_INF_D_ZJ','24','IBSEND','IBSEND','INT','','','','','Y','','C1-4','3','');
insert into column_val (xmlid, col_xmlid, dataname, col_seq, colname, colcnname, datatype, length, precision_val, party_seq, isprimarykey, isnullable, remark, filed_type_child, sensitive_level, policyid) values ('TO_R_ADDR_INF_D_ZJ','TO_R_ADDR_INF_D_ZJ_20170925','TO_R_ADDR_INF_D_ZJ','25','OLD_PARENTID','OLD_PARENTID','INT','','','','','Y','','C1-4','3','');
insert into column_val (xmlid, col_xmlid, dataname, col_seq, colname, colcnname, datatype, length, precision_val, party_seq, isprimarykey, isnullable, remark, filed_type_child, sensitive_level, policyid) values ('TO_R_ADDR_INF_D_ZJ','TO_R_ADDR_INF_D_ZJ_20170926','TO_R_ADDR_INF_D_ZJ','26','SPLIT_FLAGC','SPLIT_FLAGC','INT','','','','','Y','','C1-4','3','');
insert into column_val (xmlid, col_xmlid, dataname, col_seq, colname, colcnname, datatype, length, precision_val, party_seq, isprimarykey, isnullable, remark, filed_type_child, sensitive_level, policyid) values ('TO_R_ADDR_INF_D_ZJ','TO_R_ADDR_INF_D_ZJ_20170927','TO_R_ADDR_INF_D_ZJ','27','SPLIT_FLAG','SPLIT_FLAG','INT','','','','','Y','','C1-4','3','');
insert into column_val (xmlid, col_xmlid, dataname, col_seq, colname, colcnname, datatype, length, precision_val, party_seq, isprimarykey, isnullable, remark, filed_type_child, sensitive_level, policyid) values ('TO_R_ADDR_INF_D_ZJ','TO_R_ADDR_INF_D_ZJ_20170928','TO_R_ADDR_INF_D_ZJ','28','ADDRTYPE','ADDRTYPE','INT','','','','','Y','','C1-4','3','');
insert into column_val (xmlid, col_xmlid, dataname, col_seq, colname, colcnname, datatype, length, precision_val, party_seq, isprimarykey, isnullable, remark, filed_type_child, sensitive_level, policyid) values ('TO_R_ADDR_INF_D_ZJ','TO_R_ADDR_INF_D_ZJ_20170929','TO_R_ADDR_INF_D_ZJ','29','REGIONID','地市ID','INT','','','','','Y','200','C1-4','3','');
insert into column_val (xmlid, col_xmlid, dataname, col_seq, colname, colcnname, datatype, length, precision_val, party_seq, isprimarykey, isnullable, remark, filed_type_child, sensitive_level, policyid) values ('TO_R_ADDR_INF_D_ZJ','TO_R_ADDR_INF_D_ZJ_20170930','TO_R_ADDR_INF_D_ZJ','30','IMPORTFLAG','导入批次','STRING','','','','','Y','2.01303E+13','C1-4','3','');
insert into column_val (xmlid, col_xmlid, dataname, col_seq, colname, colcnname, datatype, length, precision_val, party_seq, isprimarykey, isnullable, remark, filed_type_child, sensitive_level, policyid) values ('TO_R_ADDR_INF_D_ZJ','TO_R_ADDR_INF_D_ZJ_20170931','TO_R_ADDR_INF_D_ZJ','31','INTSID1','第一级','STRING','','','','','Y','广州市','C1-4','3','');
insert into column_val (xmlid, col_xmlid, dataname, col_seq, colname, colcnname, datatype, length, precision_val, party_seq, isprimarykey, isnullable, remark, filed_type_child, sensitive_level, policyid) values ('TO_R_ADDR_INF_D_ZJ','TO_R_ADDR_INF_D_ZJ_20170932','TO_R_ADDR_INF_D_ZJ','32','INTSID2','第二级','STRING','','','','','Y','越秀区','C1-4','3','');
insert into column_val (xmlid, col_xmlid, dataname, col_seq, colname, colcnname, datatype, length, precision_val, party_seq, isprimarykey, isnullable, remark, filed_type_child, sensitive_level, policyid) values ('TO_R_ADDR_INF_D_ZJ','TO_R_ADDR_INF_D_ZJ_20170933','TO_R_ADDR_INF_D_ZJ','33','INTSID3','第三级','STRING','','','','','Y','站前路','C1-4','3','');
insert into column_val (xmlid, col_xmlid, dataname, col_seq, colname, colcnname, datatype, length, precision_val, party_seq, isprimarykey, isnullable, remark, filed_type_child, sensitive_level, policyid) values ('TO_R_ADDR_INF_D_ZJ','TO_R_ADDR_INF_D_ZJ_20170934','TO_R_ADDR_INF_D_ZJ','34','INTSID4','第四级','STRING','','','','','Y','197号','C1-4','3','');
insert into column_val (xmlid, col_xmlid, dataname, col_seq, colname, colcnname, datatype, length, precision_val, party_seq, isprimarykey, isnullable, remark, filed_type_child, sensitive_level, policyid) values ('TO_R_ADDR_INF_D_ZJ','TO_R_ADDR_INF_D_ZJ_20170935','TO_R_ADDR_INF_D_ZJ','35','INTSID5','第五级','STRING','','','','','Y','','C1-4','3','');
insert into column_val (xmlid, col_xmlid, dataname, col_seq, colname, colcnname, datatype, length, precision_val, party_seq, isprimarykey, isnullable, remark, filed_type_child, sensitive_level, policyid) values ('TO_R_ADDR_INF_D_ZJ','TO_R_ADDR_INF_D_ZJ_20170936','TO_R_ADDR_INF_D_ZJ','36','INTSID6','第六级','STRING','','','','','Y','','C1-4','3','');
insert into column_val (xmlid, col_xmlid, dataname, col_seq, colname, colcnname, datatype, length, precision_val, party_seq, isprimarykey, isnullable, remark, filed_type_child, sensitive_level, policyid) values ('TO_R_ADDR_INF_D_ZJ','TO_R_ADDR_INF_D_ZJ_20170937','TO_R_ADDR_INF_D_ZJ','37','INTSID7','第七级','STRING','','','','','Y','','C1-4','3','');
insert into column_val (xmlid, col_xmlid, dataname, col_seq, colname, colcnname, datatype, length, precision_val, party_seq, isprimarykey, isnullable, remark, filed_type_child, sensitive_level, policyid) values ('TO_R_ADDR_INF_D_ZJ','TO_R_ADDR_INF_D_ZJ_20170938','TO_R_ADDR_INF_D_ZJ','38','ADDR_TYPE_EX','ADDRTYPEEX','INT','','','','','Y','','C1-4','3','');
insert into column_val (xmlid, col_xmlid, dataname, col_seq, colname, colcnname, datatype, length, precision_val, party_seq, isprimarykey, isnullable, remark, filed_type_child, sensitive_level, policyid) values ('TO_R_ADDR_INF_D_ZJ','TO_R_ADDR_INF_D_ZJ_20170939','TO_R_ADDR_INF_D_ZJ','39','ADDR_TYPE_EX_2','ADDRTYPEEX_2','INT','','','','','Y','','C1-4','3','');
insert into column_val (xmlid, col_xmlid, dataname, col_seq, colname, colcnname, datatype, length, precision_val, party_seq, isprimarykey, isnullable, remark, filed_type_child, sensitive_level, policyid) values ('TO_R_ADDR_INF_D_ZJ','TO_R_ADDR_INF_D_ZJ_20170940','TO_R_ADDR_INF_D_ZJ','40','GREEN_LABEL','GREEN_LABEL','INT','','','','','Y','','C1-4','3','');
insert into column_val (xmlid, col_xmlid, dataname, col_seq, colname, colcnname, datatype, length, precision_val, party_seq, isprimarykey, isnullable, remark, filed_type_child, sensitive_level, policyid) values ('TO_R_ADDR_INF_D_ZJ','TO_R_ADDR_INF_D_ZJ_20170941','TO_R_ADDR_INF_D_ZJ','41','GRADE3ID','GRADE3ID','INT','','','','','Y','','C1-4','3','');
insert into column_val (xmlid, col_xmlid, dataname, col_seq, colname, colcnname, datatype, length, precision_val, party_seq, isprimarykey, isnullable, remark, filed_type_child, sensitive_level, policyid) values ('TO_R_ADDR_INF_D_ZJ','TO_R_ADDR_INF_D_ZJ_20170942','TO_R_ADDR_INF_D_ZJ','42','LONGITUDE','经度','STRING','','','','','Y','113.253285','C1-4','3','PID_all');
insert into column_val (xmlid, col_xmlid, dataname, col_seq, colname, colcnname, datatype, length, precision_val, party_seq, isprimarykey, isnullable, remark, filed_type_child, sensitive_level, policyid) values ('TO_R_ADDR_INF_D_ZJ','TO_R_ADDR_INF_D_ZJ_20170943','TO_R_ADDR_INF_D_ZJ','43','LATITUDE','纬度','STRING','','','','','Y','23.145451','C1-4','3','PID_all');
insert into column_val (xmlid, col_xmlid, dataname, col_seq, colname, colcnname, datatype, length, precision_val, party_seq, isprimarykey, isnullable, remark, filed_type_child, sensitive_level, policyid) values ('TO_R_ADDR_INF_D_ZJ','TO_R_ADDR_INF_D_ZJ_20170944','TO_R_ADDR_INF_D_ZJ','44','BELONG_CELL_ID','所属小区','STRING','','','','','Y','','C1-4','3','');
insert into column_val (xmlid, col_xmlid, dataname, col_seq, colname, colcnname, datatype, length, precision_val, party_seq, isprimarykey, isnullable, remark, filed_type_child, sensitive_level, policyid) values ('TO_R_ADDR_INF_D_ZJ','TO_R_ADDR_INF_D_ZJ_20170945','TO_R_ADDR_INF_D_ZJ','45','RES_TYP_CD','资源类型','SMALLINT','','','','','Y','　(1:自建宽带、2:广电宽带 （局端合作）、3:广电宽带 （末端合作）、5:第三方合作、6:第三方合作（客服服务）、9:铁通ADSL改造)','C1-4','3','');
insert into column_val (xmlid, col_xmlid, dataname, col_seq, colname, colcnname, datatype, length, precision_val, party_seq, isprimarykey, isnullable, remark, filed_type_child, sensitive_level, policyid) values ('TO_R_ADDR_INF_D_ZJ','TO_R_ADDR_INF_D_ZJ_20170946','TO_R_ADDR_INF_D_ZJ','46','BS_TYP','楼宇类型','SMALLINT','','','','','Y','　(1、家庭楼宇 2、商业楼宇)','C1-4','3','');
insert into column_val (xmlid, col_xmlid, dataname, col_seq, colname, colcnname, datatype, length, precision_val, party_seq, isprimarykey, isnullable, remark, filed_type_child, sensitive_level, policyid) values ('TO_R_ADDR_INF_D_ZJ','TO_R_ADDR_INF_D_ZJ_20170947','TO_R_ADDR_INF_D_ZJ','47','THRD_NAM','第三方名称','STRING','','','','','Y','','C1-4','3','');
insert into column_val (xmlid, col_xmlid, dataname, col_seq, colname, colcnname, datatype, length, precision_val, party_seq, isprimarykey, isnullable, remark, filed_type_child, sensitive_level, policyid) values ('TO_R_ADDR_INF_D_ZJ','TO_R_ADDR_INF_D_ZJ_20170948','TO_R_ADDR_INF_D_ZJ','48','THIRD_NBR','第三方联系方式','STRING','','','','','Y','','C1-4','3','');
insert into column_val (xmlid, col_xmlid, dataname, col_seq, colname, colcnname, datatype, length, precision_val, party_seq, isprimarykey, isnullable, remark, filed_type_child, sensitive_level, policyid) values ('TO_R_ADDR_INF_D_ZJ','TO_R_ADDR_INF_D_ZJ_20170949','TO_R_ADDR_INF_D_ZJ','49','PICTURE_LINK','图片链接','STRING','','','','','Y','','C1-4','3','');
insert into column_val (xmlid, col_xmlid, dataname, col_seq, colname, colcnname, datatype, length, precision_val, party_seq, isprimarykey, isnullable, remark, filed_type_child, sensitive_level, policyid) values ('TO_R_ADDR_INF_D_ZJ','TO_R_ADDR_INF_D_ZJ_20170950','TO_R_ADDR_INF_D_ZJ','50','ADDR_SOURCE','地址来源','INT','','','','','Y','　集客预覆盖流程（3）、家客预覆盖流程（4）、集客开通流程（2，esop变更为该枚举值）、资源呈现系统（1，可视化变更为该枚举值）','C1-4','3','');
insert into column_val (xmlid, col_xmlid, dataname, col_seq, colname, colcnname, datatype, length, precision_val, party_seq, isprimarykey, isnullable, remark, filed_type_child, sensitive_level, policyid) values ('TO_R_ADDR_INF_D_ZJ','TO_R_ADDR_INF_D_ZJ_20170951','TO_R_ADDR_INF_D_ZJ','51','STATUS','状态','INT','','','','','Y','　(1,资源录入;2,已建设楼宇;3,已开业务)','C1-4','3','');
insert into column_val (xmlid, col_xmlid, dataname, col_seq, colname, colcnname, datatype, length, precision_val, party_seq, isprimarykey, isnullable, remark, filed_type_child, sensitive_level, policyid) values ('TO_R_ADDR_INF_D_ZJ','TO_R_ADDR_INF_D_ZJ_20170952','TO_R_ADDR_INF_D_ZJ','52','HCOVERMODE','覆盖场景','INT','','','','','Y','　商务楼宇（1、 高价值写字楼，2、 普通写字楼，3、 专业市场，4、 机关单位、大企业、星级酒店，5、 学校、厂区、医院、政府办公区，6、 工业园厂区）家庭楼宇（7、住宅小区，8、城中村，9、独栋楼宇，10、沿街商铺，11、农村）','C1-4','3','');
insert into column_val (xmlid, col_xmlid, dataname, col_seq, colname, colcnname, datatype, length, precision_val, party_seq, isprimarykey, isnullable, remark, filed_type_child, sensitive_level, policyid) values ('TO_R_ADDR_INF_D_ZJ','TO_R_ADDR_INF_D_ZJ_20170953','TO_R_ADDR_INF_D_ZJ','53','REMARKS','备注','STRING','','','','','Y','','C1-4','3','');
insert into column_val (xmlid, col_xmlid, dataname, col_seq, colname, colcnname, datatype, length, precision_val, party_seq, isprimarykey, isnullable, remark, filed_type_child, sensitive_level, policyid) values ('TO_R_ADDR_INF_D_ZJ','TO_R_ADDR_INF_D_ZJ_20170954','TO_R_ADDR_INF_D_ZJ','54','SHIELD_OPEN_SERVICE','屏蔽开通业务','STRING','','','','','Y','（是/否，默认为否）','C1-4','3','');
insert into column_val (xmlid, col_xmlid, dataname, col_seq, colname, colcnname, datatype, length, precision_val, party_seq, isprimarykey, isnullable, remark, filed_type_child, sensitive_level, policyid) values ('TO_R_ADDR_INF_D_ZJ','TO_R_ADDR_INF_D_ZJ_20170955','TO_R_ADDR_INF_D_ZJ','55','CN_WAY','接入方式','STRING','','','','','Y','FTTH、FTTB','C1-4','3','');
insert into column_val (xmlid, col_xmlid, dataname, col_seq, colname, colcnname, datatype, length, precision_val, party_seq, isprimarykey, isnullable, remark, filed_type_child, sensitive_level, policyid) values ('TO_R_ADDR_INF_D_ZJ','TO_R_ADDR_INF_D_ZJ_20170956','TO_R_ADDR_INF_D_ZJ','56','REGION_ATTRI','地域属性','INT','','','','','Y','','C1-4','3','');
insert into column_val (xmlid, col_xmlid, dataname, col_seq, colname, colcnname, datatype, length, precision_val, party_seq, isprimarykey, isnullable, remark, filed_type_child, sensitive_level, policyid) values ('TO_R_ADDR_INF_D_ZJ','TO_R_ADDR_INF_D_ZJ_20170957','TO_R_ADDR_INF_D_ZJ','57','CMCC_BRANCH_CD','地市编码','STRING','','','','','Y','示例：GZ','C1-4','3','');

insert into tablefile (xmlid, dbname, dataname, datacnname, state, cycletype, topiccode, extend_cfg, rightlevel, creater, curdutyer, eff_date, state_date, team_code, open_state, remark) values ('TO_R_ADDR_INF_D_SG','BD_B','TO_R_ADDR_INF_D_SG','ODS_标准地址日全量','NEW','day','LAYERI_IRES','{"EXTERNAL":"y","LOCATION":"/tenant/BIGDATA/JCFW/JRCL/BD_B/ODS/TO_R_ADDR_INF_D/branch=SG","FILEFORMAT":"PARQUET","DELIMITER":"&"}','其他','谢英俊','谢英俊', TIMESTAMP '0006-10-17 12:00:00', TIMESTAMP '0006-10-17 12:00:00','f2999fd5-c34e-402e-9b28-fec9fca13044','','基础层-资源主题域');
insert into column_val (xmlid, col_xmlid, dataname, col_seq, colname, colcnname, datatype, length, precision_val, party_seq, isprimarykey, isnullable, remark, filed_type_child, sensitive_level, policyid) values ('TO_R_ADDR_INF_D_SG','TO_R_ADDR_INF_D_SG_2017091','TO_R_ADDR_INF_D_SG','1','ADDR_ID','地址ID','INT','','','','1','N','32596718','C1-4','3','');
insert into column_val (xmlid, col_xmlid, dataname, col_seq, colname, colcnname, datatype, length, precision_val, party_seq, isprimarykey, isnullable, remark, filed_type_child, sensitive_level, policyid) values ('TO_R_ADDR_INF_D_SG','TO_R_ADDR_INF_D_SG_2017092','TO_R_ADDR_INF_D_SG','2','ADDR_NAM','本级地址名称','STRING','','','','','Y','197号','C1-4','3','');
insert into column_val (xmlid, col_xmlid, dataname, col_seq, colname, colcnname, datatype, length, precision_val, party_seq, isprimarykey, isnullable, remark, filed_type_child, sensitive_level, policyid) values ('TO_R_ADDR_INF_D_SG','TO_R_ADDR_INF_D_SG_2017093','TO_R_ADDR_INF_D_SG','3','GRADE','地址级别','INT','','','','','Y','4','C1-4','3','');
insert into column_val (xmlid, col_xmlid, dataname, col_seq, colname, colcnname, datatype, length, precision_val, party_seq, isprimarykey, isnullable, remark, filed_type_child, sensitive_level, policyid) values ('TO_R_ADDR_INF_D_SG','TO_R_ADDR_INF_D_SG_2017094','TO_R_ADDR_INF_D_SG','4','JP','　JP','STRING','','','','','Y','','C1-4','3','');
insert into column_val (xmlid, col_xmlid, dataname, col_seq, colname, colcnname, datatype, length, precision_val, party_seq, isprimarykey, isnullable, remark, filed_type_child, sensitive_level, policyid) values ('TO_R_ADDR_INF_D_SG','TO_R_ADDR_INF_D_SG_2017095','TO_R_ADDR_INF_D_SG','5','WB','　WB','STRING','','','','','Y','','C1-4','3','');
insert into column_val (xmlid, col_xmlid, dataname, col_seq, colname, colcnname, datatype, length, precision_val, party_seq, isprimarykey, isnullable, remark, filed_type_child, sensitive_level, policyid) values ('TO_R_ADDR_INF_D_SG','TO_R_ADDR_INF_D_SG_2017096','TO_R_ADDR_INF_D_SG','6','SUPER_ID','父级地址ID','INT','','','','','Y','1255656','C1-4','3','');
insert into column_val (xmlid, col_xmlid, dataname, col_seq, colname, colcnname, datatype, length, precision_val, party_seq, isprimarykey, isnullable, remark, filed_type_child, sensitive_level, policyid) values ('TO_R_ADDR_INF_D_SG','TO_R_ADDR_INF_D_SG_2017097','TO_R_ADDR_INF_D_SG','7','ALIAS_ADDR','地址别名','STRING','','','','','Y','','C1-4','3','');
insert into column_val (xmlid, col_xmlid, dataname, col_seq, colname, colcnname, datatype, length, precision_val, party_seq, isprimarykey, isnullable, remark, filed_type_child, sensitive_level, policyid) values ('TO_R_ADDR_INF_D_SG','TO_R_ADDR_INF_D_SG_2017098','TO_R_ADDR_INF_D_SG','8','OLD_ADDR','旧地址','INT','','','','','Y','','C1-4','3','');
insert into column_val (xmlid, col_xmlid, dataname, col_seq, colname, colcnname, datatype, length, precision_val, party_seq, isprimarykey, isnullable, remark, filed_type_child, sensitive_level, policyid) values ('TO_R_ADDR_INF_D_SG','TO_R_ADDR_INF_D_SG_2017099','TO_R_ADDR_INF_D_SG','9','IS_CONFIRM','是否有效','INT','','','','','Y','1','C1-4','3','');
insert into column_val (xmlid, col_xmlid, dataname, col_seq, colname, colcnname, datatype, length, precision_val, party_seq, isprimarykey, isnullable, remark, filed_type_child, sensitive_level, policyid) values ('TO_R_ADDR_INF_D_SG','TO_R_ADDR_INF_D_SG_20170910','TO_R_ADDR_INF_D_SG','10','ADDR','地址全称','STRING','','','','','Y','广州市越秀区站前路197号','C1-4','3','');
insert into column_val (xmlid, col_xmlid, dataname, col_seq, colname, colcnname, datatype, length, precision_val, party_seq, isprimarykey, isnullable, remark, filed_type_child, sensitive_level, policyid) values ('TO_R_ADDR_INF_D_SG','TO_R_ADDR_INF_D_SG_20170911','TO_R_ADDR_INF_D_SG','11','ADDR_PY','ADDR_PY','STRING','','','','','Y','','C1-4','3','');
insert into column_val (xmlid, col_xmlid, dataname, col_seq, colname, colcnname, datatype, length, precision_val, party_seq, isprimarykey, isnullable, remark, filed_type_child, sensitive_level, policyid) values ('TO_R_ADDR_INF_D_SG','TO_R_ADDR_INF_D_SG_20170912','TO_R_ADDR_INF_D_SG','12','ALIAS_ADDR_PY','ALIAS_ADDR_PY','STRING','','','','','Y','','C1-4','3','');
insert into column_val (xmlid, col_xmlid, dataname, col_seq, colname, colcnname, datatype, length, precision_val, party_seq, isprimarykey, isnullable, remark, filed_type_child, sensitive_level, policyid) values ('TO_R_ADDR_INF_D_SG','TO_R_ADDR_INF_D_SG_20170913','TO_R_ADDR_INF_D_SG','13','CONFIRM_DATE','有效日期','STRING','','','','','Y','','C1-4','3','');
insert into column_val (xmlid, col_xmlid, dataname, col_seq, colname, colcnname, datatype, length, precision_val, party_seq, isprimarykey, isnullable, remark, filed_type_child, sensitive_level, policyid) values ('TO_R_ADDR_INF_D_SG','TO_R_ADDR_INF_D_SG_20170914','TO_R_ADDR_INF_D_SG','14','CONFIRM_DATE2','有效日期2','STRING','','','','','Y','','C1-4','3','');
insert into column_val (xmlid, col_xmlid, dataname, col_seq, colname, colcnname, datatype, length, precision_val, party_seq, isprimarykey, isnullable, remark, filed_type_child, sensitive_level, policyid) values ('TO_R_ADDR_INF_D_SG','TO_R_ADDR_INF_D_SG_20170915','TO_R_ADDR_INF_D_SG','15','AMEND','整理状态','SMALLINT','','','','','Y','(0,未整理;1,已整理)','C1-4','3','');
insert into column_val (xmlid, col_xmlid, dataname, col_seq, colname, colcnname, datatype, length, precision_val, party_seq, isprimarykey, isnullable, remark, filed_type_child, sensitive_level, policyid) values ('TO_R_ADDR_INF_D_SG','TO_R_ADDR_INF_D_SG_20170916','TO_R_ADDR_INF_D_SG','16','RECDATE','受理时间','STRING','','','','','Y','','C1-4','3','');
insert into column_val (xmlid, col_xmlid, dataname, col_seq, colname, colcnname, datatype, length, precision_val, party_seq, isprimarykey, isnullable, remark, filed_type_child, sensitive_level, policyid) values ('TO_R_ADDR_INF_D_SG','TO_R_ADDR_INF_D_SG_20170917','TO_R_ADDR_INF_D_SG','17','SUBDEP_NAME','SUBDEPNAME','STRING','','','','','Y','','C1-4','3','');
insert into column_val (xmlid, col_xmlid, dataname, col_seq, colname, colcnname, datatype, length, precision_val, party_seq, isprimarykey, isnullable, remark, filed_type_child, sensitive_level, policyid) values ('TO_R_ADDR_INF_D_SG','TO_R_ADDR_INF_D_SG_20170918','TO_R_ADDR_INF_D_SG','18','SYSFLAG','SYSFLAG','SMALLINT','','','','','Y','','C1-4','3','');
insert into column_val (xmlid, col_xmlid, dataname, col_seq, colname, colcnname, datatype, length, precision_val, party_seq, isprimarykey, isnullable, remark, filed_type_child, sensitive_level, policyid) values ('TO_R_ADDR_INF_D_SG','TO_R_ADDR_INF_D_SG_20170919','TO_R_ADDR_INF_D_SG','19','POSTNUMBER','邮政编码','STRING','','','','','Y','','C1-4','3','');
insert into column_val (xmlid, col_xmlid, dataname, col_seq, colname, colcnname, datatype, length, precision_val, party_seq, isprimarykey, isnullable, remark, filed_type_child, sensitive_level, policyid) values ('TO_R_ADDR_INF_D_SG','TO_R_ADDR_INF_D_SG_20170920','TO_R_ADDR_INF_D_SG','20','STYPE','STYPE','STRING','','','','','Y','','C1-4','3','');
insert into column_val (xmlid, col_xmlid, dataname, col_seq, colname, colcnname, datatype, length, precision_val, party_seq, isprimarykey, isnullable, remark, filed_type_child, sensitive_level, policyid) values ('TO_R_ADDR_INF_D_SG','TO_R_ADDR_INF_D_SG_20170921','TO_R_ADDR_INF_D_SG','21','NUM','NUM','STRING','','','','','Y','','C1-4','3','');
insert into column_val (xmlid, col_xmlid, dataname, col_seq, colname, colcnname, datatype, length, precision_val, party_seq, isprimarykey, isnullable, remark, filed_type_child, sensitive_level, policyid) values ('TO_R_ADDR_INF_D_SG','TO_R_ADDR_INF_D_SG_20170922','TO_R_ADDR_INF_D_SG','22','TAG','TAG','INT','','','','','Y','','C1-4','3','');
insert into column_val (xmlid, col_xmlid, dataname, col_seq, colname, colcnname, datatype, length, precision_val, party_seq, isprimarykey, isnullable, remark, filed_type_child, sensitive_level, policyid) values ('TO_R_ADDR_INF_D_SG','TO_R_ADDR_INF_D_SG_20170923','TO_R_ADDR_INF_D_SG','23','IBSS_ADDR_ID','IBSSADDRID','INT','','','','','Y','','C1-4','3','');
insert into column_val (xmlid, col_xmlid, dataname, col_seq, colname, colcnname, datatype, length, precision_val, party_seq, isprimarykey, isnullable, remark, filed_type_child, sensitive_level, policyid) values ('TO_R_ADDR_INF_D_SG','TO_R_ADDR_INF_D_SG_20170924','TO_R_ADDR_INF_D_SG','24','IBSEND','IBSEND','INT','','','','','Y','','C1-4','3','');
insert into column_val (xmlid, col_xmlid, dataname, col_seq, colname, colcnname, datatype, length, precision_val, party_seq, isprimarykey, isnullable, remark, filed_type_child, sensitive_level, policyid) values ('TO_R_ADDR_INF_D_SG','TO_R_ADDR_INF_D_SG_20170925','TO_R_ADDR_INF_D_SG','25','OLD_PARENTID','OLD_PARENTID','INT','','','','','Y','','C1-4','3','');
insert into column_val (xmlid, col_xmlid, dataname, col_seq, colname, colcnname, datatype, length, precision_val, party_seq, isprimarykey, isnullable, remark, filed_type_child, sensitive_level, policyid) values ('TO_R_ADDR_INF_D_SG','TO_R_ADDR_INF_D_SG_20170926','TO_R_ADDR_INF_D_SG','26','SPLIT_FLAGC','SPLIT_FLAGC','INT','','','','','Y','','C1-4','3','');
insert into column_val (xmlid, col_xmlid, dataname, col_seq, colname, colcnname, datatype, length, precision_val, party_seq, isprimarykey, isnullable, remark, filed_type_child, sensitive_level, policyid) values ('TO_R_ADDR_INF_D_SG','TO_R_ADDR_INF_D_SG_20170927','TO_R_ADDR_INF_D_SG','27','SPLIT_FLAG','SPLIT_FLAG','INT','','','','','Y','','C1-4','3','');
insert into column_val (xmlid, col_xmlid, dataname, col_seq, colname, colcnname, datatype, length, precision_val, party_seq, isprimarykey, isnullable, remark, filed_type_child, sensitive_level, policyid) values ('TO_R_ADDR_INF_D_SG','TO_R_ADDR_INF_D_SG_20170928','TO_R_ADDR_INF_D_SG','28','ADDRTYPE','ADDRTYPE','INT','','','','','Y','','C1-4','3','');
insert into column_val (xmlid, col_xmlid, dataname, col_seq, colname, colcnname, datatype, length, precision_val, party_seq, isprimarykey, isnullable, remark, filed_type_child, sensitive_level, policyid) values ('TO_R_ADDR_INF_D_SG','TO_R_ADDR_INF_D_SG_20170929','TO_R_ADDR_INF_D_SG','29','REGIONID','地市ID','INT','','','','','Y','200','C1-4','3','');
insert into column_val (xmlid, col_xmlid, dataname, col_seq, colname, colcnname, datatype, length, precision_val, party_seq, isprimarykey, isnullable, remark, filed_type_child, sensitive_level, policyid) values ('TO_R_ADDR_INF_D_SG','TO_R_ADDR_INF_D_SG_20170930','TO_R_ADDR_INF_D_SG','30','IMPORTFLAG','导入批次','STRING','','','','','Y','2.01303E+13','C1-4','3','');
insert into column_val (xmlid, col_xmlid, dataname, col_seq, colname, colcnname, datatype, length, precision_val, party_seq, isprimarykey, isnullable, remark, filed_type_child, sensitive_level, policyid) values ('TO_R_ADDR_INF_D_SG','TO_R_ADDR_INF_D_SG_20170931','TO_R_ADDR_INF_D_SG','31','INTSID1','第一级','STRING','','','','','Y','广州市','C1-4','3','');
insert into column_val (xmlid, col_xmlid, dataname, col_seq, colname, colcnname, datatype, length, precision_val, party_seq, isprimarykey, isnullable, remark, filed_type_child, sensitive_level, policyid) values ('TO_R_ADDR_INF_D_SG','TO_R_ADDR_INF_D_SG_20170932','TO_R_ADDR_INF_D_SG','32','INTSID2','第二级','STRING','','','','','Y','越秀区','C1-4','3','');
insert into column_val (xmlid, col_xmlid, dataname, col_seq, colname, colcnname, datatype, length, precision_val, party_seq, isprimarykey, isnullable, remark, filed_type_child, sensitive_level, policyid) values ('TO_R_ADDR_INF_D_SG','TO_R_ADDR_INF_D_SG_20170933','TO_R_ADDR_INF_D_SG','33','INTSID3','第三级','STRING','','','','','Y','站前路','C1-4','3','');
insert into column_val (xmlid, col_xmlid, dataname, col_seq, colname, colcnname, datatype, length, precision_val, party_seq, isprimarykey, isnullable, remark, filed_type_child, sensitive_level, policyid) values ('TO_R_ADDR_INF_D_SG','TO_R_ADDR_INF_D_SG_20170934','TO_R_ADDR_INF_D_SG','34','INTSID4','第四级','STRING','','','','','Y','197号','C1-4','3','');
insert into column_val (xmlid, col_xmlid, dataname, col_seq, colname, colcnname, datatype, length, precision_val, party_seq, isprimarykey, isnullable, remark, filed_type_child, sensitive_level, policyid) values ('TO_R_ADDR_INF_D_SG','TO_R_ADDR_INF_D_SG_20170935','TO_R_ADDR_INF_D_SG','35','INTSID5','第五级','STRING','','','','','Y','','C1-4','3','');
insert into column_val (xmlid, col_xmlid, dataname, col_seq, colname, colcnname, datatype, length, precision_val, party_seq, isprimarykey, isnullable, remark, filed_type_child, sensitive_level, policyid) values ('TO_R_ADDR_INF_D_SG','TO_R_ADDR_INF_D_SG_20170936','TO_R_ADDR_INF_D_SG','36','INTSID6','第六级','STRING','','','','','Y','','C1-4','3','');
insert into column_val (xmlid, col_xmlid, dataname, col_seq, colname, colcnname, datatype, length, precision_val, party_seq, isprimarykey, isnullable, remark, filed_type_child, sensitive_level, policyid) values ('TO_R_ADDR_INF_D_SG','TO_R_ADDR_INF_D_SG_20170937','TO_R_ADDR_INF_D_SG','37','INTSID7','第七级','STRING','','','','','Y','','C1-4','3','');
insert into column_val (xmlid, col_xmlid, dataname, col_seq, colname, colcnname, datatype, length, precision_val, party_seq, isprimarykey, isnullable, remark, filed_type_child, sensitive_level, policyid) values ('TO_R_ADDR_INF_D_SG','TO_R_ADDR_INF_D_SG_20170938','TO_R_ADDR_INF_D_SG','38','ADDR_TYPE_EX','ADDRTYPEEX','INT','','','','','Y','','C1-4','3','');
insert into column_val (xmlid, col_xmlid, dataname, col_seq, colname, colcnname, datatype, length, precision_val, party_seq, isprimarykey, isnullable, remark, filed_type_child, sensitive_level, policyid) values ('TO_R_ADDR_INF_D_SG','TO_R_ADDR_INF_D_SG_20170939','TO_R_ADDR_INF_D_SG','39','ADDR_TYPE_EX_2','ADDRTYPEEX_2','INT','','','','','Y','','C1-4','3','');
insert into column_val (xmlid, col_xmlid, dataname, col_seq, colname, colcnname, datatype, length, precision_val, party_seq, isprimarykey, isnullable, remark, filed_type_child, sensitive_level, policyid) values ('TO_R_ADDR_INF_D_SG','TO_R_ADDR_INF_D_SG_20170940','TO_R_ADDR_INF_D_SG','40','GREEN_LABEL','GREEN_LABEL','INT','','','','','Y','','C1-4','3','');
insert into column_val (xmlid, col_xmlid, dataname, col_seq, colname, colcnname, datatype, length, precision_val, party_seq, isprimarykey, isnullable, remark, filed_type_child, sensitive_level, policyid) values ('TO_R_ADDR_INF_D_SG','TO_R_ADDR_INF_D_SG_20170941','TO_R_ADDR_INF_D_SG','41','GRADE3ID','GRADE3ID','INT','','','','','Y','','C1-4','3','');
insert into column_val (xmlid, col_xmlid, dataname, col_seq, colname, colcnname, datatype, length, precision_val, party_seq, isprimarykey, isnullable, remark, filed_type_child, sensitive_level, policyid) values ('TO_R_ADDR_INF_D_SG','TO_R_ADDR_INF_D_SG_20170942','TO_R_ADDR_INF_D_SG','42','LONGITUDE','经度','STRING','','','','','Y','113.253285','C1-4','3','PID_all');
insert into column_val (xmlid, col_xmlid, dataname, col_seq, colname, colcnname, datatype, length, precision_val, party_seq, isprimarykey, isnullable, remark, filed_type_child, sensitive_level, policyid) values ('TO_R_ADDR_INF_D_SG','TO_R_ADDR_INF_D_SG_20170943','TO_R_ADDR_INF_D_SG','43','LATITUDE','纬度','STRING','','','','','Y','23.145451','C1-4','3','PID_all');
insert into column_val (xmlid, col_xmlid, dataname, col_seq, colname, colcnname, datatype, length, precision_val, party_seq, isprimarykey, isnullable, remark, filed_type_child, sensitive_level, policyid) values ('TO_R_ADDR_INF_D_SG','TO_R_ADDR_INF_D_SG_20170944','TO_R_ADDR_INF_D_SG','44','BELONG_CELL_ID','所属小区','STRING','','','','','Y','','C1-4','3','');
insert into column_val (xmlid, col_xmlid, dataname, col_seq, colname, colcnname, datatype, length, precision_val, party_seq, isprimarykey, isnullable, remark, filed_type_child, sensitive_level, policyid) values ('TO_R_ADDR_INF_D_SG','TO_R_ADDR_INF_D_SG_20170945','TO_R_ADDR_INF_D_SG','45','RES_TYP_CD','资源类型','SMALLINT','','','','','Y','　(1:自建宽带、2:广电宽带 （局端合作）、3:广电宽带 （末端合作）、5:第三方合作、6:第三方合作（客服服务）、9:铁通ADSL改造)','C1-4','3','');
insert into column_val (xmlid, col_xmlid, dataname, col_seq, colname, colcnname, datatype, length, precision_val, party_seq, isprimarykey, isnullable, remark, filed_type_child, sensitive_level, policyid) values ('TO_R_ADDR_INF_D_SG','TO_R_ADDR_INF_D_SG_20170946','TO_R_ADDR_INF_D_SG','46','BS_TYP','楼宇类型','SMALLINT','','','','','Y','　(1、家庭楼宇 2、商业楼宇)','C1-4','3','');
insert into column_val (xmlid, col_xmlid, dataname, col_seq, colname, colcnname, datatype, length, precision_val, party_seq, isprimarykey, isnullable, remark, filed_type_child, sensitive_level, policyid) values ('TO_R_ADDR_INF_D_SG','TO_R_ADDR_INF_D_SG_20170947','TO_R_ADDR_INF_D_SG','47','THRD_NAM','第三方名称','STRING','','','','','Y','','C1-4','3','');
insert into column_val (xmlid, col_xmlid, dataname, col_seq, colname, colcnname, datatype, length, precision_val, party_seq, isprimarykey, isnullable, remark, filed_type_child, sensitive_level, policyid) values ('TO_R_ADDR_INF_D_SG','TO_R_ADDR_INF_D_SG_20170948','TO_R_ADDR_INF_D_SG','48','THIRD_NBR','第三方联系方式','STRING','','','','','Y','','C1-4','3','');
insert into column_val (xmlid, col_xmlid, dataname, col_seq, colname, colcnname, datatype, length, precision_val, party_seq, isprimarykey, isnullable, remark, filed_type_child, sensitive_level, policyid) values ('TO_R_ADDR_INF_D_SG','TO_R_ADDR_INF_D_SG_20170949','TO_R_ADDR_INF_D_SG','49','PICTURE_LINK','图片链接','STRING','','','','','Y','','C1-4','3','');
insert into column_val (xmlid, col_xmlid, dataname, col_seq, colname, colcnname, datatype, length, precision_val, party_seq, isprimarykey, isnullable, remark, filed_type_child, sensitive_level, policyid) values ('TO_R_ADDR_INF_D_SG','TO_R_ADDR_INF_D_SG_20170950','TO_R_ADDR_INF_D_SG','50','ADDR_SOURCE','地址来源','INT','','','','','Y','　集客预覆盖流程（3）、家客预覆盖流程（4）、集客开通流程（2，esop变更为该枚举值）、资源呈现系统（1，可视化变更为该枚举值）','C1-4','3','');
insert into column_val (xmlid, col_xmlid, dataname, col_seq, colname, colcnname, datatype, length, precision_val, party_seq, isprimarykey, isnullable, remark, filed_type_child, sensitive_level, policyid) values ('TO_R_ADDR_INF_D_SG','TO_R_ADDR_INF_D_SG_20170951','TO_R_ADDR_INF_D_SG','51','STATUS','状态','INT','','','','','Y','　(1,资源录入;2,已建设楼宇;3,已开业务)','C1-4','3','');
insert into column_val (xmlid, col_xmlid, dataname, col_seq, colname, colcnname, datatype, length, precision_val, party_seq, isprimarykey, isnullable, remark, filed_type_child, sensitive_level, policyid) values ('TO_R_ADDR_INF_D_SG','TO_R_ADDR_INF_D_SG_20170952','TO_R_ADDR_INF_D_SG','52','HCOVERMODE','覆盖场景','INT','','','','','Y','　商务楼宇（1、 高价值写字楼，2、 普通写字楼，3、 专业市场，4、 机关单位、大企业、星级酒店，5、 学校、厂区、医院、政府办公区，6、 工业园厂区）家庭楼宇（7、住宅小区，8、城中村，9、独栋楼宇，10、沿街商铺，11、农村）','C1-4','3','');
insert into column_val (xmlid, col_xmlid, dataname, col_seq, colname, colcnname, datatype, length, precision_val, party_seq, isprimarykey, isnullable, remark, filed_type_child, sensitive_level, policyid) values ('TO_R_ADDR_INF_D_SG','TO_R_ADDR_INF_D_SG_20170953','TO_R_ADDR_INF_D_SG','53','REMARKS','备注','STRING','','','','','Y','','C1-4','3','');
insert into column_val (xmlid, col_xmlid, dataname, col_seq, colname, colcnname, datatype, length, precision_val, party_seq, isprimarykey, isnullable, remark, filed_type_child, sensitive_level, policyid) values ('TO_R_ADDR_INF_D_SG','TO_R_ADDR_INF_D_SG_20170954','TO_R_ADDR_INF_D_SG','54','SHIELD_OPEN_SERVICE','屏蔽开通业务','STRING','','','','','Y','（是/否，默认为否）','C1-4','3','');
insert into column_val (xmlid, col_xmlid, dataname, col_seq, colname, colcnname, datatype, length, precision_val, party_seq, isprimarykey, isnullable, remark, filed_type_child, sensitive_level, policyid) values ('TO_R_ADDR_INF_D_SG','TO_R_ADDR_INF_D_SG_20170955','TO_R_ADDR_INF_D_SG','55','CN_WAY','接入方式','STRING','','','','','Y','FTTH、FTTB','C1-4','3','');
insert into column_val (xmlid, col_xmlid, dataname, col_seq, colname, colcnname, datatype, length, precision_val, party_seq, isprimarykey, isnullable, remark, filed_type_child, sensitive_level, policyid) values ('TO_R_ADDR_INF_D_SG','TO_R_ADDR_INF_D_SG_20170956','TO_R_ADDR_INF_D_SG','56','REGION_ATTRI','地域属性','INT','','','','','Y','','C1-4','3','');
insert into column_val (xmlid, col_xmlid, dataname, col_seq, colname, colcnname, datatype, length, precision_val, party_seq, isprimarykey, isnullable, remark, filed_type_child, sensitive_level, policyid) values ('TO_R_ADDR_INF_D_SG','TO_R_ADDR_INF_D_SG_20170957','TO_R_ADDR_INF_D_SG','57','CMCC_BRANCH_CD','地市编码','STRING','','','','','Y','示例：GZ','C1-4','3','');

insert into tablefile (xmlid, dbname, dataname, datacnname, state, cycletype, topiccode, extend_cfg, rightlevel, creater, curdutyer, eff_date, state_date, team_code, open_state, remark) values ('TO_R_ADDR_INF_D_HY','BD_B','TO_R_ADDR_INF_D_HY','ODS_标准地址日全量','NEW','day','LAYERI_IRES','{"EXTERNAL":"y","LOCATION":"/tenant/BIGDATA/JCFW/JRCL/BD_B/ODS/TO_R_ADDR_INF_D/branch=HY","FILEFORMAT":"PARQUET","DELIMITER":"&"}','其他','谢英俊','谢英俊', TIMESTAMP '0006-10-17 12:00:00', TIMESTAMP '0006-10-17 12:00:00','f2999fd5-c34e-402e-9b28-fec9fca13044','','基础层-资源主题域');
insert into column_val (xmlid, col_xmlid, dataname, col_seq, colname, colcnname, datatype, length, precision_val, party_seq, isprimarykey, isnullable, remark, filed_type_child, sensitive_level, policyid) values ('TO_R_ADDR_INF_D_HY','TO_R_ADDR_INF_D_HY_2017091','TO_R_ADDR_INF_D_HY','1','ADDR_ID','地址ID','INT','','','','1','N','32596718','C1-4','3','');
insert into column_val (xmlid, col_xmlid, dataname, col_seq, colname, colcnname, datatype, length, precision_val, party_seq, isprimarykey, isnullable, remark, filed_type_child, sensitive_level, policyid) values ('TO_R_ADDR_INF_D_HY','TO_R_ADDR_INF_D_HY_2017092','TO_R_ADDR_INF_D_HY','2','ADDR_NAM','本级地址名称','STRING','','','','','Y','197号','C1-4','3','');
insert into column_val (xmlid, col_xmlid, dataname, col_seq, colname, colcnname, datatype, length, precision_val, party_seq, isprimarykey, isnullable, remark, filed_type_child, sensitive_level, policyid) values ('TO_R_ADDR_INF_D_HY','TO_R_ADDR_INF_D_HY_2017093','TO_R_ADDR_INF_D_HY','3','GRADE','地址级别','INT','','','','','Y','4','C1-4','3','');
insert into column_val (xmlid, col_xmlid, dataname, col_seq, colname, colcnname, datatype, length, precision_val, party_seq, isprimarykey, isnullable, remark, filed_type_child, sensitive_level, policyid) values ('TO_R_ADDR_INF_D_HY','TO_R_ADDR_INF_D_HY_2017094','TO_R_ADDR_INF_D_HY','4','JP','　JP','STRING','','','','','Y','','C1-4','3','');
insert into column_val (xmlid, col_xmlid, dataname, col_seq, colname, colcnname, datatype, length, precision_val, party_seq, isprimarykey, isnullable, remark, filed_type_child, sensitive_level, policyid) values ('TO_R_ADDR_INF_D_HY','TO_R_ADDR_INF_D_HY_2017095','TO_R_ADDR_INF_D_HY','5','WB','　WB','STRING','','','','','Y','','C1-4','3','');
insert into column_val (xmlid, col_xmlid, dataname, col_seq, colname, colcnname, datatype, length, precision_val, party_seq, isprimarykey, isnullable, remark, filed_type_child, sensitive_level, policyid) values ('TO_R_ADDR_INF_D_HY','TO_R_ADDR_INF_D_HY_2017096','TO_R_ADDR_INF_D_HY','6','SUPER_ID','父级地址ID','INT','','','','','Y','1255656','C1-4','3','');
insert into column_val (xmlid, col_xmlid, dataname, col_seq, colname, colcnname, datatype, length, precision_val, party_seq, isprimarykey, isnullable, remark, filed_type_child, sensitive_level, policyid) values ('TO_R_ADDR_INF_D_HY','TO_R_ADDR_INF_D_HY_2017097','TO_R_ADDR_INF_D_HY','7','ALIAS_ADDR','地址别名','STRING','','','','','Y','','C1-4','3','');
insert into column_val (xmlid, col_xmlid, dataname, col_seq, colname, colcnname, datatype, length, precision_val, party_seq, isprimarykey, isnullable, remark, filed_type_child, sensitive_level, policyid) values ('TO_R_ADDR_INF_D_HY','TO_R_ADDR_INF_D_HY_2017098','TO_R_ADDR_INF_D_HY','8','OLD_ADDR','旧地址','INT','','','','','Y','','C1-4','3','');
insert into column_val (xmlid, col_xmlid, dataname, col_seq, colname, colcnname, datatype, length, precision_val, party_seq, isprimarykey, isnullable, remark, filed_type_child, sensitive_level, policyid) values ('TO_R_ADDR_INF_D_HY','TO_R_ADDR_INF_D_HY_2017099','TO_R_ADDR_INF_D_HY','9','IS_CONFIRM','是否有效','INT','','','','','Y','1','C1-4','3','');
insert into column_val (xmlid, col_xmlid, dataname, col_seq, colname, colcnname, datatype, length, precision_val, party_seq, isprimarykey, isnullable, remark, filed_type_child, sensitive_level, policyid) values ('TO_R_ADDR_INF_D_HY','TO_R_ADDR_INF_D_HY_20170910','TO_R_ADDR_INF_D_HY','10','ADDR','地址全称','STRING','','','','','Y','广州市越秀区站前路197号','C1-4','3','');
insert into column_val (xmlid, col_xmlid, dataname, col_seq, colname, colcnname, datatype, length, precision_val, party_seq, isprimarykey, isnullable, remark, filed_type_child, sensitive_level, policyid) values ('TO_R_ADDR_INF_D_HY','TO_R_ADDR_INF_D_HY_20170911','TO_R_ADDR_INF_D_HY','11','ADDR_PY','ADDR_PY','STRING','','','','','Y','','C1-4','3','');
insert into column_val (xmlid, col_xmlid, dataname, col_seq, colname, colcnname, datatype, length, precision_val, party_seq, isprimarykey, isnullable, remark, filed_type_child, sensitive_level, policyid) values ('TO_R_ADDR_INF_D_HY','TO_R_ADDR_INF_D_HY_20170912','TO_R_ADDR_INF_D_HY','12','ALIAS_ADDR_PY','ALIAS_ADDR_PY','STRING','','','','','Y','','C1-4','3','');
insert into column_val (xmlid, col_xmlid, dataname, col_seq, colname, colcnname, datatype, length, precision_val, party_seq, isprimarykey, isnullable, remark, filed_type_child, sensitive_level, policyid) values ('TO_R_ADDR_INF_D_HY','TO_R_ADDR_INF_D_HY_20170913','TO_R_ADDR_INF_D_HY','13','CONFIRM_DATE','有效日期','STRING','','','','','Y','','C1-4','3','');
insert into column_val (xmlid, col_xmlid, dataname, col_seq, colname, colcnname, datatype, length, precision_val, party_seq, isprimarykey, isnullable, remark, filed_type_child, sensitive_level, policyid) values ('TO_R_ADDR_INF_D_HY','TO_R_ADDR_INF_D_HY_20170914','TO_R_ADDR_INF_D_HY','14','CONFIRM_DATE2','有效日期2','STRING','','','','','Y','','C1-4','3','');
insert into column_val (xmlid, col_xmlid, dataname, col_seq, colname, colcnname, datatype, length, precision_val, party_seq, isprimarykey, isnullable, remark, filed_type_child, sensitive_level, policyid) values ('TO_R_ADDR_INF_D_HY','TO_R_ADDR_INF_D_HY_20170915','TO_R_ADDR_INF_D_HY','15','AMEND','整理状态','SMALLINT','','','','','Y','(0,未整理;1,已整理)','C1-4','3','');
insert into column_val (xmlid, col_xmlid, dataname, col_seq, colname, colcnname, datatype, length, precision_val, party_seq, isprimarykey, isnullable, remark, filed_type_child, sensitive_level, policyid) values ('TO_R_ADDR_INF_D_HY','TO_R_ADDR_INF_D_HY_20170916','TO_R_ADDR_INF_D_HY','16','RECDATE','受理时间','STRING','','','','','Y','','C1-4','3','');
insert into column_val (xmlid, col_xmlid, dataname, col_seq, colname, colcnname, datatype, length, precision_val, party_seq, isprimarykey, isnullable, remark, filed_type_child, sensitive_level, policyid) values ('TO_R_ADDR_INF_D_HY','TO_R_ADDR_INF_D_HY_20170917','TO_R_ADDR_INF_D_HY','17','SUBDEP_NAME','SUBDEPNAME','STRING','','','','','Y','','C1-4','3','');
insert into column_val (xmlid, col_xmlid, dataname, col_seq, colname, colcnname, datatype, length, precision_val, party_seq, isprimarykey, isnullable, remark, filed_type_child, sensitive_level, policyid) values ('TO_R_ADDR_INF_D_HY','TO_R_ADDR_INF_D_HY_20170918','TO_R_ADDR_INF_D_HY','18','SYSFLAG','SYSFLAG','SMALLINT','','','','','Y','','C1-4','3','');
insert into column_val (xmlid, col_xmlid, dataname, col_seq, colname, colcnname, datatype, length, precision_val, party_seq, isprimarykey, isnullable, remark, filed_type_child, sensitive_level, policyid) values ('TO_R_ADDR_INF_D_HY','TO_R_ADDR_INF_D_HY_20170919','TO_R_ADDR_INF_D_HY','19','POSTNUMBER','邮政编码','STRING','','','','','Y','','C1-4','3','');
insert into column_val (xmlid, col_xmlid, dataname, col_seq, colname, colcnname, datatype, length, precision_val, party_seq, isprimarykey, isnullable, remark, filed_type_child, sensitive_level, policyid) values ('TO_R_ADDR_INF_D_HY','TO_R_ADDR_INF_D_HY_20170920','TO_R_ADDR_INF_D_HY','20','STYPE','STYPE','STRING','','','','','Y','','C1-4','3','');
insert into column_val (xmlid, col_xmlid, dataname, col_seq, colname, colcnname, datatype, length, precision_val, party_seq, isprimarykey, isnullable, remark, filed_type_child, sensitive_level, policyid) values ('TO_R_ADDR_INF_D_HY','TO_R_ADDR_INF_D_HY_20170921','TO_R_ADDR_INF_D_HY','21','NUM','NUM','STRING','','','','','Y','','C1-4','3','');
insert into column_val (xmlid, col_xmlid, dataname, col_seq, colname, colcnname, datatype, length, precision_val, party_seq, isprimarykey, isnullable, remark, filed_type_child, sensitive_level, policyid) values ('TO_R_ADDR_INF_D_HY','TO_R_ADDR_INF_D_HY_20170922','TO_R_ADDR_INF_D_HY','22','TAG','TAG','INT','','','','','Y','','C1-4','3','');
insert into column_val (xmlid, col_xmlid, dataname, col_seq, colname, colcnname, datatype, length, precision_val, party_seq, isprimarykey, isnullable, remark, filed_type_child, sensitive_level, policyid) values ('TO_R_ADDR_INF_D_HY','TO_R_ADDR_INF_D_HY_20170923','TO_R_ADDR_INF_D_HY','23','IBSS_ADDR_ID','IBSSADDRID','INT','','','','','Y','','C1-4','3','');
insert into column_val (xmlid, col_xmlid, dataname, col_seq, colname, colcnname, datatype, length, precision_val, party_seq, isprimarykey, isnullable, remark, filed_type_child, sensitive_level, policyid) values ('TO_R_ADDR_INF_D_HY','TO_R_ADDR_INF_D_HY_20170924','TO_R_ADDR_INF_D_HY','24','IBSEND','IBSEND','INT','','','','','Y','','C1-4','3','');
insert into column_val (xmlid, col_xmlid, dataname, col_seq, colname, colcnname, datatype, length, precision_val, party_seq, isprimarykey, isnullable, remark, filed_type_child, sensitive_level, policyid) values ('TO_R_ADDR_INF_D_HY','TO_R_ADDR_INF_D_HY_20170925','TO_R_ADDR_INF_D_HY','25','OLD_PARENTID','OLD_PARENTID','INT','','','','','Y','','C1-4','3','');
insert into column_val (xmlid, col_xmlid, dataname, col_seq, colname, colcnname, datatype, length, precision_val, party_seq, isprimarykey, isnullable, remark, filed_type_child, sensitive_level, policyid) values ('TO_R_ADDR_INF_D_HY','TO_R_ADDR_INF_D_HY_20170926','TO_R_ADDR_INF_D_HY','26','SPLIT_FLAGC','SPLIT_FLAGC','INT','','','','','Y','','C1-4','3','');
insert into column_val (xmlid, col_xmlid, dataname, col_seq, colname, colcnname, datatype, length, precision_val, party_seq, isprimarykey, isnullable, remark, filed_type_child, sensitive_level, policyid) values ('TO_R_ADDR_INF_D_HY','TO_R_ADDR_INF_D_HY_20170927','TO_R_ADDR_INF_D_HY','27','SPLIT_FLAG','SPLIT_FLAG','INT','','','','','Y','','C1-4','3','');
insert into column_val (xmlid, col_xmlid, dataname, col_seq, colname, colcnname, datatype, length, precision_val, party_seq, isprimarykey, isnullable, remark, filed_type_child, sensitive_level, policyid) values ('TO_R_ADDR_INF_D_HY','TO_R_ADDR_INF_D_HY_20170928','TO_R_ADDR_INF_D_HY','28','ADDRTYPE','ADDRTYPE','INT','','','','','Y','','C1-4','3','');
insert into column_val (xmlid, col_xmlid, dataname, col_seq, colname, colcnname, datatype, length, precision_val, party_seq, isprimarykey, isnullable, remark, filed_type_child, sensitive_level, policyid) values ('TO_R_ADDR_INF_D_HY','TO_R_ADDR_INF_D_HY_20170929','TO_R_ADDR_INF_D_HY','29','REGIONID','地市ID','INT','','','','','Y','200','C1-4','3','');
insert into column_val (xmlid, col_xmlid, dataname, col_seq, colname, colcnname, datatype, length, precision_val, party_seq, isprimarykey, isnullable, remark, filed_type_child, sensitive_level, policyid) values ('TO_R_ADDR_INF_D_HY','TO_R_ADDR_INF_D_HY_20170930','TO_R_ADDR_INF_D_HY','30','IMPORTFLAG','导入批次','STRING','','','','','Y','2.01303E+13','C1-4','3','');
insert into column_val (xmlid, col_xmlid, dataname, col_seq, colname, colcnname, datatype, length, precision_val, party_seq, isprimarykey, isnullable, remark, filed_type_child, sensitive_level, policyid) values ('TO_R_ADDR_INF_D_HY','TO_R_ADDR_INF_D_HY_20170931','TO_R_ADDR_INF_D_HY','31','INTSID1','第一级','STRING','','','','','Y','广州市','C1-4','3','');
insert into column_val (xmlid, col_xmlid, dataname, col_seq, colname, colcnname, datatype, length, precision_val, party_seq, isprimarykey, isnullable, remark, filed_type_child, sensitive_level, policyid) values ('TO_R_ADDR_INF_D_HY','TO_R_ADDR_INF_D_HY_20170932','TO_R_ADDR_INF_D_HY','32','INTSID2','第二级','STRING','','','','','Y','越秀区','C1-4','3','');
insert into column_val (xmlid, col_xmlid, dataname, col_seq, colname, colcnname, datatype, length, precision_val, party_seq, isprimarykey, isnullable, remark, filed_type_child, sensitive_level, policyid) values ('TO_R_ADDR_INF_D_HY','TO_R_ADDR_INF_D_HY_20170933','TO_R_ADDR_INF_D_HY','33','INTSID3','第三级','STRING','','','','','Y','站前路','C1-4','3','');
insert into column_val (xmlid, col_xmlid, dataname, col_seq, colname, colcnname, datatype, length, precision_val, party_seq, isprimarykey, isnullable, remark, filed_type_child, sensitive_level, policyid) values ('TO_R_ADDR_INF_D_HY','TO_R_ADDR_INF_D_HY_20170934','TO_R_ADDR_INF_D_HY','34','INTSID4','第四级','STRING','','','','','Y','197号','C1-4','3','');
insert into column_val (xmlid, col_xmlid, dataname, col_seq, colname, colcnname, datatype, length, precision_val, party_seq, isprimarykey, isnullable, remark, filed_type_child, sensitive_level, policyid) values ('TO_R_ADDR_INF_D_HY','TO_R_ADDR_INF_D_HY_20170935','TO_R_ADDR_INF_D_HY','35','INTSID5','第五级','STRING','','','','','Y','','C1-4','3','');
insert into column_val (xmlid, col_xmlid, dataname, col_seq, colname, colcnname, datatype, length, precision_val, party_seq, isprimarykey, isnullable, remark, filed_type_child, sensitive_level, policyid) values ('TO_R_ADDR_INF_D_HY','TO_R_ADDR_INF_D_HY_20170936','TO_R_ADDR_INF_D_HY','36','INTSID6','第六级','STRING','','','','','Y','','C1-4','3','');
insert into column_val (xmlid, col_xmlid, dataname, col_seq, colname, colcnname, datatype, length, precision_val, party_seq, isprimarykey, isnullable, remark, filed_type_child, sensitive_level, policyid) values ('TO_R_ADDR_INF_D_HY','TO_R_ADDR_INF_D_HY_20170937','TO_R_ADDR_INF_D_HY','37','INTSID7','第七级','STRING','','','','','Y','','C1-4','3','');
insert into column_val (xmlid, col_xmlid, dataname, col_seq, colname, colcnname, datatype, length, precision_val, party_seq, isprimarykey, isnullable, remark, filed_type_child, sensitive_level, policyid) values ('TO_R_ADDR_INF_D_HY','TO_R_ADDR_INF_D_HY_20170938','TO_R_ADDR_INF_D_HY','38','ADDR_TYPE_EX','ADDRTYPEEX','INT','','','','','Y','','C1-4','3','');
insert into column_val (xmlid, col_xmlid, dataname, col_seq, colname, colcnname, datatype, length, precision_val, party_seq, isprimarykey, isnullable, remark, filed_type_child, sensitive_level, policyid) values ('TO_R_ADDR_INF_D_HY','TO_R_ADDR_INF_D_HY_20170939','TO_R_ADDR_INF_D_HY','39','ADDR_TYPE_EX_2','ADDRTYPEEX_2','INT','','','','','Y','','C1-4','3','');
insert into column_val (xmlid, col_xmlid, dataname, col_seq, colname, colcnname, datatype, length, precision_val, party_seq, isprimarykey, isnullable, remark, filed_type_child, sensitive_level, policyid) values ('TO_R_ADDR_INF_D_HY','TO_R_ADDR_INF_D_HY_20170940','TO_R_ADDR_INF_D_HY','40','GREEN_LABEL','GREEN_LABEL','INT','','','','','Y','','C1-4','3','');
insert into column_val (xmlid, col_xmlid, dataname, col_seq, colname, colcnname, datatype, length, precision_val, party_seq, isprimarykey, isnullable, remark, filed_type_child, sensitive_level, policyid) values ('TO_R_ADDR_INF_D_HY','TO_R_ADDR_INF_D_HY_20170941','TO_R_ADDR_INF_D_HY','41','GRADE3ID','GRADE3ID','INT','','','','','Y','','C1-4','3','');
insert into column_val (xmlid, col_xmlid, dataname, col_seq, colname, colcnname, datatype, length, precision_val, party_seq, isprimarykey, isnullable, remark, filed_type_child, sensitive_level, policyid) values ('TO_R_ADDR_INF_D_HY','TO_R_ADDR_INF_D_HY_20170942','TO_R_ADDR_INF_D_HY','42','LONGITUDE','经度','STRING','','','','','Y','113.253285','C1-4','3','PID_all');
insert into column_val (xmlid, col_xmlid, dataname, col_seq, colname, colcnname, datatype, length, precision_val, party_seq, isprimarykey, isnullable, remark, filed_type_child, sensitive_level, policyid) values ('TO_R_ADDR_INF_D_HY','TO_R_ADDR_INF_D_HY_20170943','TO_R_ADDR_INF_D_HY','43','LATITUDE','纬度','STRING','','','','','Y','23.145451','C1-4','3','PID_all');
insert into column_val (xmlid, col_xmlid, dataname, col_seq, colname, colcnname, datatype, length, precision_val, party_seq, isprimarykey, isnullable, remark, filed_type_child, sensitive_level, policyid) values ('TO_R_ADDR_INF_D_HY','TO_R_ADDR_INF_D_HY_20170944','TO_R_ADDR_INF_D_HY','44','BELONG_CELL_ID','所属小区','STRING','','','','','Y','','C1-4','3','');
insert into column_val (xmlid, col_xmlid, dataname, col_seq, colname, colcnname, datatype, length, precision_val, party_seq, isprimarykey, isnullable, remark, filed_type_child, sensitive_level, policyid) values ('TO_R_ADDR_INF_D_HY','TO_R_ADDR_INF_D_HY_20170945','TO_R_ADDR_INF_D_HY','45','RES_TYP_CD','资源类型','SMALLINT','','','','','Y','　(1:自建宽带、2:广电宽带 （局端合作）、3:广电宽带 （末端合作）、5:第三方合作、6:第三方合作（客服服务）、9:铁通ADSL改造)','C1-4','3','');
insert into column_val (xmlid, col_xmlid, dataname, col_seq, colname, colcnname, datatype, length, precision_val, party_seq, isprimarykey, isnullable, remark, filed_type_child, sensitive_level, policyid) values ('TO_R_ADDR_INF_D_HY','TO_R_ADDR_INF_D_HY_20170946','TO_R_ADDR_INF_D_HY','46','BS_TYP','楼宇类型','SMALLINT','','','','','Y','　(1、家庭楼宇 2、商业楼宇)','C1-4','3','');
insert into column_val (xmlid, col_xmlid, dataname, col_seq, colname, colcnname, datatype, length, precision_val, party_seq, isprimarykey, isnullable, remark, filed_type_child, sensitive_level, policyid) values ('TO_R_ADDR_INF_D_HY','TO_R_ADDR_INF_D_HY_20170947','TO_R_ADDR_INF_D_HY','47','THRD_NAM','第三方名称','STRING','','','','','Y','','C1-4','3','');
insert into column_val (xmlid, col_xmlid, dataname, col_seq, colname, colcnname, datatype, length, precision_val, party_seq, isprimarykey, isnullable, remark, filed_type_child, sensitive_level, policyid) values ('TO_R_ADDR_INF_D_HY','TO_R_ADDR_INF_D_HY_20170948','TO_R_ADDR_INF_D_HY','48','THIRD_NBR','第三方联系方式','STRING','','','','','Y','','C1-4','3','');
insert into column_val (xmlid, col_xmlid, dataname, col_seq, colname, colcnname, datatype, length, precision_val, party_seq, isprimarykey, isnullable, remark, filed_type_child, sensitive_level, policyid) values ('TO_R_ADDR_INF_D_HY','TO_R_ADDR_INF_D_HY_20170949','TO_R_ADDR_INF_D_HY','49','PICTURE_LINK','图片链接','STRING','','','','','Y','','C1-4','3','');
insert into column_val (xmlid, col_xmlid, dataname, col_seq, colname, colcnname, datatype, length, precision_val, party_seq, isprimarykey, isnullable, remark, filed_type_child, sensitive_level, policyid) values ('TO_R_ADDR_INF_D_HY','TO_R_ADDR_INF_D_HY_20170950','TO_R_ADDR_INF_D_HY','50','ADDR_SOURCE','地址来源','INT','','','','','Y','　集客预覆盖流程（3）、家客预覆盖流程（4）、集客开通流程（2，esop变更为该枚举值）、资源呈现系统（1，可视化变更为该枚举值）','C1-4','3','');
insert into column_val (xmlid, col_xmlid, dataname, col_seq, colname, colcnname, datatype, length, precision_val, party_seq, isprimarykey, isnullable, remark, filed_type_child, sensitive_level, policyid) values ('TO_R_ADDR_INF_D_HY','TO_R_ADDR_INF_D_HY_20170951','TO_R_ADDR_INF_D_HY','51','STATUS','状态','INT','','','','','Y','　(1,资源录入;2,已建设楼宇;3,已开业务)','C1-4','3','');
insert into column_val (xmlid, col_xmlid, dataname, col_seq, colname, colcnname, datatype, length, precision_val, party_seq, isprimarykey, isnullable, remark, filed_type_child, sensitive_level, policyid) values ('TO_R_ADDR_INF_D_HY','TO_R_ADDR_INF_D_HY_20170952','TO_R_ADDR_INF_D_HY','52','HCOVERMODE','覆盖场景','INT','','','','','Y','　商务楼宇（1、 高价值写字楼，2、 普通写字楼，3、 专业市场，4、 机关单位、大企业、星级酒店，5、 学校、厂区、医院、政府办公区，6、 工业园厂区）家庭楼宇（7、住宅小区，8、城中村，9、独栋楼宇，10、沿街商铺，11、农村）','C1-4','3','');
insert into column_val (xmlid, col_xmlid, dataname, col_seq, colname, colcnname, datatype, length, precision_val, party_seq, isprimarykey, isnullable, remark, filed_type_child, sensitive_level, policyid) values ('TO_R_ADDR_INF_D_HY','TO_R_ADDR_INF_D_HY_20170953','TO_R_ADDR_INF_D_HY','53','REMARKS','备注','STRING','','','','','Y','','C1-4','3','');
insert into column_val (xmlid, col_xmlid, dataname, col_seq, colname, colcnname, datatype, length, precision_val, party_seq, isprimarykey, isnullable, remark, filed_type_child, sensitive_level, policyid) values ('TO_R_ADDR_INF_D_HY','TO_R_ADDR_INF_D_HY_20170954','TO_R_ADDR_INF_D_HY','54','SHIELD_OPEN_SERVICE','屏蔽开通业务','STRING','','','','','Y','（是/否，默认为否）','C1-4','3','');
insert into column_val (xmlid, col_xmlid, dataname, col_seq, colname, colcnname, datatype, length, precision_val, party_seq, isprimarykey, isnullable, remark, filed_type_child, sensitive_level, policyid) values ('TO_R_ADDR_INF_D_HY','TO_R_ADDR_INF_D_HY_20170955','TO_R_ADDR_INF_D_HY','55','CN_WAY','接入方式','STRING','','','','','Y','FTTH、FTTB','C1-4','3','');
insert into column_val (xmlid, col_xmlid, dataname, col_seq, colname, colcnname, datatype, length, precision_val, party_seq, isprimarykey, isnullable, remark, filed_type_child, sensitive_level, policyid) values ('TO_R_ADDR_INF_D_HY','TO_R_ADDR_INF_D_HY_20170956','TO_R_ADDR_INF_D_HY','56','REGION_ATTRI','地域属性','INT','','','','','Y','','C1-4','3','');
insert into column_val (xmlid, col_xmlid, dataname, col_seq, colname, colcnname, datatype, length, precision_val, party_seq, isprimarykey, isnullable, remark, filed_type_child, sensitive_level, policyid) values ('TO_R_ADDR_INF_D_HY','TO_R_ADDR_INF_D_HY_20170957','TO_R_ADDR_INF_D_HY','57','CMCC_BRANCH_CD','地市编码','STRING','','','','','Y','示例：GZ','C1-4','3','');

insert into tablefile (xmlid, dbname, dataname, datacnname, state, cycletype, topiccode, extend_cfg, rightlevel, creater, curdutyer, eff_date, state_date, team_code, open_state, remark) values ('TO_R_ADDR_INF_D_MZ','BD_B','TO_R_ADDR_INF_D_MZ','ODS_标准地址日全量','NEW','day','LAYERI_IRES','{"EXTERNAL":"y","LOCATION":"/tenant/BIGDATA/JCFW/JRCL/BD_B/ODS/TO_R_ADDR_INF_D/branch=MZ","FILEFORMAT":"PARQUET","DELIMITER":"&"}','其他','谢英俊','谢英俊', TIMESTAMP '0006-10-17 12:00:00', TIMESTAMP '0006-10-17 12:00:00','f2999fd5-c34e-402e-9b28-fec9fca13044','','基础层-资源主题域');
insert into column_val (xmlid, col_xmlid, dataname, col_seq, colname, colcnname, datatype, length, precision_val, party_seq, isprimarykey, isnullable, remark, filed_type_child, sensitive_level, policyid) values ('TO_R_ADDR_INF_D_MZ','TO_R_ADDR_INF_D_MZ_2017091','TO_R_ADDR_INF_D_MZ','1','ADDR_ID','地址ID','INT','','','','1','N','32596718','C1-4','3','');
insert into column_val (xmlid, col_xmlid, dataname, col_seq, colname, colcnname, datatype, length, precision_val, party_seq, isprimarykey, isnullable, remark, filed_type_child, sensitive_level, policyid) values ('TO_R_ADDR_INF_D_MZ','TO_R_ADDR_INF_D_MZ_2017092','TO_R_ADDR_INF_D_MZ','2','ADDR_NAM','本级地址名称','STRING','','','','','Y','197号','C1-4','3','');
insert into column_val (xmlid, col_xmlid, dataname, col_seq, colname, colcnname, datatype, length, precision_val, party_seq, isprimarykey, isnullable, remark, filed_type_child, sensitive_level, policyid) values ('TO_R_ADDR_INF_D_MZ','TO_R_ADDR_INF_D_MZ_2017093','TO_R_ADDR_INF_D_MZ','3','GRADE','地址级别','INT','','','','','Y','4','C1-4','3','');
insert into column_val (xmlid, col_xmlid, dataname, col_seq, colname, colcnname, datatype, length, precision_val, party_seq, isprimarykey, isnullable, remark, filed_type_child, sensitive_level, policyid) values ('TO_R_ADDR_INF_D_MZ','TO_R_ADDR_INF_D_MZ_2017094','TO_R_ADDR_INF_D_MZ','4','JP','　JP','STRING','','','','','Y','','C1-4','3','');
insert into column_val (xmlid, col_xmlid, dataname, col_seq, colname, colcnname, datatype, length, precision_val, party_seq, isprimarykey, isnullable, remark, filed_type_child, sensitive_level, policyid) values ('TO_R_ADDR_INF_D_MZ','TO_R_ADDR_INF_D_MZ_2017095','TO_R_ADDR_INF_D_MZ','5','WB','　WB','STRING','','','','','Y','','C1-4','3','');
insert into column_val (xmlid, col_xmlid, dataname, col_seq, colname, colcnname, datatype, length, precision_val, party_seq, isprimarykey, isnullable, remark, filed_type_child, sensitive_level, policyid) values ('TO_R_ADDR_INF_D_MZ','TO_R_ADDR_INF_D_MZ_2017096','TO_R_ADDR_INF_D_MZ','6','SUPER_ID','父级地址ID','INT','','','','','Y','1255656','C1-4','3','');
insert into column_val (xmlid, col_xmlid, dataname, col_seq, colname, colcnname, datatype, length, precision_val, party_seq, isprimarykey, isnullable, remark, filed_type_child, sensitive_level, policyid) values ('TO_R_ADDR_INF_D_MZ','TO_R_ADDR_INF_D_MZ_2017097','TO_R_ADDR_INF_D_MZ','7','ALIAS_ADDR','地址别名','STRING','','','','','Y','','C1-4','3','');
insert into column_val (xmlid, col_xmlid, dataname, col_seq, colname, colcnname, datatype, length, precision_val, party_seq, isprimarykey, isnullable, remark, filed_type_child, sensitive_level, policyid) values ('TO_R_ADDR_INF_D_MZ','TO_R_ADDR_INF_D_MZ_2017098','TO_R_ADDR_INF_D_MZ','8','OLD_ADDR','旧地址','INT','','','','','Y','','C1-4','3','');
insert into column_val (xmlid, col_xmlid, dataname, col_seq, colname, colcnname, datatype, length, precision_val, party_seq, isprimarykey, isnullable, remark, filed_type_child, sensitive_level, policyid) values ('TO_R_ADDR_INF_D_MZ','TO_R_ADDR_INF_D_MZ_2017099','TO_R_ADDR_INF_D_MZ','9','IS_CONFIRM','是否有效','INT','','','','','Y','1','C1-4','3','');
insert into column_val (xmlid, col_xmlid, dataname, col_seq, colname, colcnname, datatype, length, precision_val, party_seq, isprimarykey, isnullable, remark, filed_type_child, sensitive_level, policyid) values ('TO_R_ADDR_INF_D_MZ','TO_R_ADDR_INF_D_MZ_20170910','TO_R_ADDR_INF_D_MZ','10','ADDR','地址全称','STRING','','','','','Y','广州市越秀区站前路197号','C1-4','3','');
insert into column_val (xmlid, col_xmlid, dataname, col_seq, colname, colcnname, datatype, length, precision_val, party_seq, isprimarykey, isnullable, remark, filed_type_child, sensitive_level, policyid) values ('TO_R_ADDR_INF_D_MZ','TO_R_ADDR_INF_D_MZ_20170911','TO_R_ADDR_INF_D_MZ','11','ADDR_PY','ADDR_PY','STRING','','','','','Y','','C1-4','3','');
insert into column_val (xmlid, col_xmlid, dataname, col_seq, colname, colcnname, datatype, length, precision_val, party_seq, isprimarykey, isnullable, remark, filed_type_child, sensitive_level, policyid) values ('TO_R_ADDR_INF_D_MZ','TO_R_ADDR_INF_D_MZ_20170912','TO_R_ADDR_INF_D_MZ','12','ALIAS_ADDR_PY','ALIAS_ADDR_PY','STRING','','','','','Y','','C1-4','3','');
insert into column_val (xmlid, col_xmlid, dataname, col_seq, colname, colcnname, datatype, length, precision_val, party_seq, isprimarykey, isnullable, remark, filed_type_child, sensitive_level, policyid) values ('TO_R_ADDR_INF_D_MZ','TO_R_ADDR_INF_D_MZ_20170913','TO_R_ADDR_INF_D_MZ','13','CONFIRM_DATE','有效日期','STRING','','','','','Y','','C1-4','3','');
insert into column_val (xmlid, col_xmlid, dataname, col_seq, colname, colcnname, datatype, length, precision_val, party_seq, isprimarykey, isnullable, remark, filed_type_child, sensitive_level, policyid) values ('TO_R_ADDR_INF_D_MZ','TO_R_ADDR_INF_D_MZ_20170914','TO_R_ADDR_INF_D_MZ','14','CONFIRM_DATE2','有效日期2','STRING','','','','','Y','','C1-4','3','');
insert into column_val (xmlid, col_xmlid, dataname, col_seq, colname, colcnname, datatype, length, precision_val, party_seq, isprimarykey, isnullable, remark, filed_type_child, sensitive_level, policyid) values ('TO_R_ADDR_INF_D_MZ','TO_R_ADDR_INF_D_MZ_20170915','TO_R_ADDR_INF_D_MZ','15','AMEND','整理状态','SMALLINT','','','','','Y','(0,未整理;1,已整理)','C1-4','3','');
insert into column_val (xmlid, col_xmlid, dataname, col_seq, colname, colcnname, datatype, length, precision_val, party_seq, isprimarykey, isnullable, remark, filed_type_child, sensitive_level, policyid) values ('TO_R_ADDR_INF_D_MZ','TO_R_ADDR_INF_D_MZ_20170916','TO_R_ADDR_INF_D_MZ','16','RECDATE','受理时间','STRING','','','','','Y','','C1-4','3','');
insert into column_val (xmlid, col_xmlid, dataname, col_seq, colname, colcnname, datatype, length, precision_val, party_seq, isprimarykey, isnullable, remark, filed_type_child, sensitive_level, policyid) values ('TO_R_ADDR_INF_D_MZ','TO_R_ADDR_INF_D_MZ_20170917','TO_R_ADDR_INF_D_MZ','17','SUBDEP_NAME','SUBDEPNAME','STRING','','','','','Y','','C1-4','3','');
insert into column_val (xmlid, col_xmlid, dataname, col_seq, colname, colcnname, datatype, length, precision_val, party_seq, isprimarykey, isnullable, remark, filed_type_child, sensitive_level, policyid) values ('TO_R_ADDR_INF_D_MZ','TO_R_ADDR_INF_D_MZ_20170918','TO_R_ADDR_INF_D_MZ','18','SYSFLAG','SYSFLAG','SMALLINT','','','','','Y','','C1-4','3','');
insert into column_val (xmlid, col_xmlid, dataname, col_seq, colname, colcnname, datatype, length, precision_val, party_seq, isprimarykey, isnullable, remark, filed_type_child, sensitive_level, policyid) values ('TO_R_ADDR_INF_D_MZ','TO_R_ADDR_INF_D_MZ_20170919','TO_R_ADDR_INF_D_MZ','19','POSTNUMBER','邮政编码','STRING','','','','','Y','','C1-4','3','');
insert into column_val (xmlid, col_xmlid, dataname, col_seq, colname, colcnname, datatype, length, precision_val, party_seq, isprimarykey, isnullable, remark, filed_type_child, sensitive_level, policyid) values ('TO_R_ADDR_INF_D_MZ','TO_R_ADDR_INF_D_MZ_20170920','TO_R_ADDR_INF_D_MZ','20','STYPE','STYPE','STRING','','','','','Y','','C1-4','3','');
insert into column_val (xmlid, col_xmlid, dataname, col_seq, colname, colcnname, datatype, length, precision_val, party_seq, isprimarykey, isnullable, remark, filed_type_child, sensitive_level, policyid) values ('TO_R_ADDR_INF_D_MZ','TO_R_ADDR_INF_D_MZ_20170921','TO_R_ADDR_INF_D_MZ','21','NUM','NUM','STRING','','','','','Y','','C1-4','3','');
insert into column_val (xmlid, col_xmlid, dataname, col_seq, colname, colcnname, datatype, length, precision_val, party_seq, isprimarykey, isnullable, remark, filed_type_child, sensitive_level, policyid) values ('TO_R_ADDR_INF_D_MZ','TO_R_ADDR_INF_D_MZ_20170922','TO_R_ADDR_INF_D_MZ','22','TAG','TAG','INT','','','','','Y','','C1-4','3','');
insert into column_val (xmlid, col_xmlid, dataname, col_seq, colname, colcnname, datatype, length, precision_val, party_seq, isprimarykey, isnullable, remark, filed_type_child, sensitive_level, policyid) values ('TO_R_ADDR_INF_D_MZ','TO_R_ADDR_INF_D_MZ_20170923','TO_R_ADDR_INF_D_MZ','23','IBSS_ADDR_ID','IBSSADDRID','INT','','','','','Y','','C1-4','3','');
insert into column_val (xmlid, col_xmlid, dataname, col_seq, colname, colcnname, datatype, length, precision_val, party_seq, isprimarykey, isnullable, remark, filed_type_child, sensitive_level, policyid) values ('TO_R_ADDR_INF_D_MZ','TO_R_ADDR_INF_D_MZ_20170924','TO_R_ADDR_INF_D_MZ','24','IBSEND','IBSEND','INT','','','','','Y','','C1-4','3','');
insert into column_val (xmlid, col_xmlid, dataname, col_seq, colname, colcnname, datatype, length, precision_val, party_seq, isprimarykey, isnullable, remark, filed_type_child, sensitive_level, policyid) values ('TO_R_ADDR_INF_D_MZ','TO_R_ADDR_INF_D_MZ_20170925','TO_R_ADDR_INF_D_MZ','25','OLD_PARENTID','OLD_PARENTID','INT','','','','','Y','','C1-4','3','');
insert into column_val (xmlid, col_xmlid, dataname, col_seq, colname, colcnname, datatype, length, precision_val, party_seq, isprimarykey, isnullable, remark, filed_type_child, sensitive_level, policyid) values ('TO_R_ADDR_INF_D_MZ','TO_R_ADDR_INF_D_MZ_20170926','TO_R_ADDR_INF_D_MZ','26','SPLIT_FLAGC','SPLIT_FLAGC','INT','','','','','Y','','C1-4','3','');
insert into column_val (xmlid, col_xmlid, dataname, col_seq, colname, colcnname, datatype, length, precision_val, party_seq, isprimarykey, isnullable, remark, filed_type_child, sensitive_level, policyid) values ('TO_R_ADDR_INF_D_MZ','TO_R_ADDR_INF_D_MZ_20170927','TO_R_ADDR_INF_D_MZ','27','SPLIT_FLAG','SPLIT_FLAG','INT','','','','','Y','','C1-4','3','');
insert into column_val (xmlid, col_xmlid, dataname, col_seq, colname, colcnname, datatype, length, precision_val, party_seq, isprimarykey, isnullable, remark, filed_type_child, sensitive_level, policyid) values ('TO_R_ADDR_INF_D_MZ','TO_R_ADDR_INF_D_MZ_20170928','TO_R_ADDR_INF_D_MZ','28','ADDRTYPE','ADDRTYPE','INT','','','','','Y','','C1-4','3','');
insert into column_val (xmlid, col_xmlid, dataname, col_seq, colname, colcnname, datatype, length, precision_val, party_seq, isprimarykey, isnullable, remark, filed_type_child, sensitive_level, policyid) values ('TO_R_ADDR_INF_D_MZ','TO_R_ADDR_INF_D_MZ_20170929','TO_R_ADDR_INF_D_MZ','29','REGIONID','地市ID','INT','','','','','Y','200','C1-4','3','');
insert into column_val (xmlid, col_xmlid, dataname, col_seq, colname, colcnname, datatype, length, precision_val, party_seq, isprimarykey, isnullable, remark, filed_type_child, sensitive_level, policyid) values ('TO_R_ADDR_INF_D_MZ','TO_R_ADDR_INF_D_MZ_20170930','TO_R_ADDR_INF_D_MZ','30','IMPORTFLAG','导入批次','STRING','','','','','Y','2.01303E+13','C1-4','3','');
insert into column_val (xmlid, col_xmlid, dataname, col_seq, colname, colcnname, datatype, length, precision_val, party_seq, isprimarykey, isnullable, remark, filed_type_child, sensitive_level, policyid) values ('TO_R_ADDR_INF_D_MZ','TO_R_ADDR_INF_D_MZ_20170931','TO_R_ADDR_INF_D_MZ','31','INTSID1','第一级','STRING','','','','','Y','广州市','C1-4','3','');
insert into column_val (xmlid, col_xmlid, dataname, col_seq, colname, colcnname, datatype, length, precision_val, party_seq, isprimarykey, isnullable, remark, filed_type_child, sensitive_level, policyid) values ('TO_R_ADDR_INF_D_MZ','TO_R_ADDR_INF_D_MZ_20170932','TO_R_ADDR_INF_D_MZ','32','INTSID2','第二级','STRING','','','','','Y','越秀区','C1-4','3','');
insert into column_val (xmlid, col_xmlid, dataname, col_seq, colname, colcnname, datatype, length, precision_val, party_seq, isprimarykey, isnullable, remark, filed_type_child, sensitive_level, policyid) values ('TO_R_ADDR_INF_D_MZ','TO_R_ADDR_INF_D_MZ_20170933','TO_R_ADDR_INF_D_MZ','33','INTSID3','第三级','STRING','','','','','Y','站前路','C1-4','3','');
insert into column_val (xmlid, col_xmlid, dataname, col_seq, colname, colcnname, datatype, length, precision_val, party_seq, isprimarykey, isnullable, remark, filed_type_child, sensitive_level, policyid) values ('TO_R_ADDR_INF_D_MZ','TO_R_ADDR_INF_D_MZ_20170934','TO_R_ADDR_INF_D_MZ','34','INTSID4','第四级','STRING','','','','','Y','197号','C1-4','3','');
insert into column_val (xmlid, col_xmlid, dataname, col_seq, colname, colcnname, datatype, length, precision_val, party_seq, isprimarykey, isnullable, remark, filed_type_child, sensitive_level, policyid) values ('TO_R_ADDR_INF_D_MZ','TO_R_ADDR_INF_D_MZ_20170935','TO_R_ADDR_INF_D_MZ','35','INTSID5','第五级','STRING','','','','','Y','','C1-4','3','');
insert into column_val (xmlid, col_xmlid, dataname, col_seq, colname, colcnname, datatype, length, precision_val, party_seq, isprimarykey, isnullable, remark, filed_type_child, sensitive_level, policyid) values ('TO_R_ADDR_INF_D_MZ','TO_R_ADDR_INF_D_MZ_20170936','TO_R_ADDR_INF_D_MZ','36','INTSID6','第六级','STRING','','','','','Y','','C1-4','3','');
insert into column_val (xmlid, col_xmlid, dataname, col_seq, colname, colcnname, datatype, length, precision_val, party_seq, isprimarykey, isnullable, remark, filed_type_child, sensitive_level, policyid) values ('TO_R_ADDR_INF_D_MZ','TO_R_ADDR_INF_D_MZ_20170937','TO_R_ADDR_INF_D_MZ','37','INTSID7','第七级','STRING','','','','','Y','','C1-4','3','');
insert into column_val (xmlid, col_xmlid, dataname, col_seq, colname, colcnname, datatype, length, precision_val, party_seq, isprimarykey, isnullable, remark, filed_type_child, sensitive_level, policyid) values ('TO_R_ADDR_INF_D_MZ','TO_R_ADDR_INF_D_MZ_20170938','TO_R_ADDR_INF_D_MZ','38','ADDR_TYPE_EX','ADDRTYPEEX','INT','','','','','Y','','C1-4','3','');
insert into column_val (xmlid, col_xmlid, dataname, col_seq, colname, colcnname, datatype, length, precision_val, party_seq, isprimarykey, isnullable, remark, filed_type_child, sensitive_level, policyid) values ('TO_R_ADDR_INF_D_MZ','TO_R_ADDR_INF_D_MZ_20170939','TO_R_ADDR_INF_D_MZ','39','ADDR_TYPE_EX_2','ADDRTYPEEX_2','INT','','','','','Y','','C1-4','3','');
insert into column_val (xmlid, col_xmlid, dataname, col_seq, colname, colcnname, datatype, length, precision_val, party_seq, isprimarykey, isnullable, remark, filed_type_child, sensitive_level, policyid) values ('TO_R_ADDR_INF_D_MZ','TO_R_ADDR_INF_D_MZ_20170940','TO_R_ADDR_INF_D_MZ','40','GREEN_LABEL','GREEN_LABEL','INT','','','','','Y','','C1-4','3','');
insert into column_val (xmlid, col_xmlid, dataname, col_seq, colname, colcnname, datatype, length, precision_val, party_seq, isprimarykey, isnullable, remark, filed_type_child, sensitive_level, policyid) values ('TO_R_ADDR_INF_D_MZ','TO_R_ADDR_INF_D_MZ_20170941','TO_R_ADDR_INF_D_MZ','41','GRADE3ID','GRADE3ID','INT','','','','','Y','','C1-4','3','');
insert into column_val (xmlid, col_xmlid, dataname, col_seq, colname, colcnname, datatype, length, precision_val, party_seq, isprimarykey, isnullable, remark, filed_type_child, sensitive_level, policyid) values ('TO_R_ADDR_INF_D_MZ','TO_R_ADDR_INF_D_MZ_20170942','TO_R_ADDR_INF_D_MZ','42','LONGITUDE','经度','STRING','','','','','Y','113.253285','C1-4','3','PID_all');
insert into column_val (xmlid, col_xmlid, dataname, col_seq, colname, colcnname, datatype, length, precision_val, party_seq, isprimarykey, isnullable, remark, filed_type_child, sensitive_level, policyid) values ('TO_R_ADDR_INF_D_MZ','TO_R_ADDR_INF_D_MZ_20170943','TO_R_ADDR_INF_D_MZ','43','LATITUDE','纬度','STRING','','','','','Y','23.145451','C1-4','3','PID_all');
insert into column_val (xmlid, col_xmlid, dataname, col_seq, colname, colcnname, datatype, length, precision_val, party_seq, isprimarykey, isnullable, remark, filed_type_child, sensitive_level, policyid) values ('TO_R_ADDR_INF_D_MZ','TO_R_ADDR_INF_D_MZ_20170944','TO_R_ADDR_INF_D_MZ','44','BELONG_CELL_ID','所属小区','STRING','','','','','Y','','C1-4','3','');
insert into column_val (xmlid, col_xmlid, dataname, col_seq, colname, colcnname, datatype, length, precision_val, party_seq, isprimarykey, isnullable, remark, filed_type_child, sensitive_level, policyid) values ('TO_R_ADDR_INF_D_MZ','TO_R_ADDR_INF_D_MZ_20170945','TO_R_ADDR_INF_D_MZ','45','RES_TYP_CD','资源类型','SMALLINT','','','','','Y','　(1:自建宽带、2:广电宽带 （局端合作）、3:广电宽带 （末端合作）、5:第三方合作、6:第三方合作（客服服务）、9:铁通ADSL改造)','C1-4','3','');
insert into column_val (xmlid, col_xmlid, dataname, col_seq, colname, colcnname, datatype, length, precision_val, party_seq, isprimarykey, isnullable, remark, filed_type_child, sensitive_level, policyid) values ('TO_R_ADDR_INF_D_MZ','TO_R_ADDR_INF_D_MZ_20170946','TO_R_ADDR_INF_D_MZ','46','BS_TYP','楼宇类型','SMALLINT','','','','','Y','　(1、家庭楼宇 2、商业楼宇)','C1-4','3','');
insert into column_val (xmlid, col_xmlid, dataname, col_seq, colname, colcnname, datatype, length, precision_val, party_seq, isprimarykey, isnullable, remark, filed_type_child, sensitive_level, policyid) values ('TO_R_ADDR_INF_D_MZ','TO_R_ADDR_INF_D_MZ_20170947','TO_R_ADDR_INF_D_MZ','47','THRD_NAM','第三方名称','STRING','','','','','Y','','C1-4','3','');
insert into column_val (xmlid, col_xmlid, dataname, col_seq, colname, colcnname, datatype, length, precision_val, party_seq, isprimarykey, isnullable, remark, filed_type_child, sensitive_level, policyid) values ('TO_R_ADDR_INF_D_MZ','TO_R_ADDR_INF_D_MZ_20170948','TO_R_ADDR_INF_D_MZ','48','THIRD_NBR','第三方联系方式','STRING','','','','','Y','','C1-4','3','');
insert into column_val (xmlid, col_xmlid, dataname, col_seq, colname, colcnname, datatype, length, precision_val, party_seq, isprimarykey, isnullable, remark, filed_type_child, sensitive_level, policyid) values ('TO_R_ADDR_INF_D_MZ','TO_R_ADDR_INF_D_MZ_20170949','TO_R_ADDR_INF_D_MZ','49','PICTURE_LINK','图片链接','STRING','','','','','Y','','C1-4','3','');
insert into column_val (xmlid, col_xmlid, dataname, col_seq, colname, colcnname, datatype, length, precision_val, party_seq, isprimarykey, isnullable, remark, filed_type_child, sensitive_level, policyid) values ('TO_R_ADDR_INF_D_MZ','TO_R_ADDR_INF_D_MZ_20170950','TO_R_ADDR_INF_D_MZ','50','ADDR_SOURCE','地址来源','INT','','','','','Y','　集客预覆盖流程（3）、家客预覆盖流程（4）、集客开通流程（2，esop变更为该枚举值）、资源呈现系统（1，可视化变更为该枚举值）','C1-4','3','');
insert into column_val (xmlid, col_xmlid, dataname, col_seq, colname, colcnname, datatype, length, precision_val, party_seq, isprimarykey, isnullable, remark, filed_type_child, sensitive_level, policyid) values ('TO_R_ADDR_INF_D_MZ','TO_R_ADDR_INF_D_MZ_20170951','TO_R_ADDR_INF_D_MZ','51','STATUS','状态','INT','','','','','Y','　(1,资源录入;2,已建设楼宇;3,已开业务)','C1-4','3','');
insert into column_val (xmlid, col_xmlid, dataname, col_seq, colname, colcnname, datatype, length, precision_val, party_seq, isprimarykey, isnullable, remark, filed_type_child, sensitive_level, policyid) values ('TO_R_ADDR_INF_D_MZ','TO_R_ADDR_INF_D_MZ_20170952','TO_R_ADDR_INF_D_MZ','52','HCOVERMODE','覆盖场景','INT','','','','','Y','　商务楼宇（1、 高价值写字楼，2、 普通写字楼，3、 专业市场，4、 机关单位、大企业、星级酒店，5、 学校、厂区、医院、政府办公区，6、 工业园厂区）家庭楼宇（7、住宅小区，8、城中村，9、独栋楼宇，10、沿街商铺，11、农村）','C1-4','3','');
insert into column_val (xmlid, col_xmlid, dataname, col_seq, colname, colcnname, datatype, length, precision_val, party_seq, isprimarykey, isnullable, remark, filed_type_child, sensitive_level, policyid) values ('TO_R_ADDR_INF_D_MZ','TO_R_ADDR_INF_D_MZ_20170953','TO_R_ADDR_INF_D_MZ','53','REMARKS','备注','STRING','','','','','Y','','C1-4','3','');
insert into column_val (xmlid, col_xmlid, dataname, col_seq, colname, colcnname, datatype, length, precision_val, party_seq, isprimarykey, isnullable, remark, filed_type_child, sensitive_level, policyid) values ('TO_R_ADDR_INF_D_MZ','TO_R_ADDR_INF_D_MZ_20170954','TO_R_ADDR_INF_D_MZ','54','SHIELD_OPEN_SERVICE','屏蔽开通业务','STRING','','','','','Y','（是/否，默认为否）','C1-4','3','');
insert into column_val (xmlid, col_xmlid, dataname, col_seq, colname, colcnname, datatype, length, precision_val, party_seq, isprimarykey, isnullable, remark, filed_type_child, sensitive_level, policyid) values ('TO_R_ADDR_INF_D_MZ','TO_R_ADDR_INF_D_MZ_20170955','TO_R_ADDR_INF_D_MZ','55','CN_WAY','接入方式','STRING','','','','','Y','FTTH、FTTB','C1-4','3','');
insert into column_val (xmlid, col_xmlid, dataname, col_seq, colname, colcnname, datatype, length, precision_val, party_seq, isprimarykey, isnullable, remark, filed_type_child, sensitive_level, policyid) values ('TO_R_ADDR_INF_D_MZ','TO_R_ADDR_INF_D_MZ_20170956','TO_R_ADDR_INF_D_MZ','56','REGION_ATTRI','地域属性','INT','','','','','Y','','C1-4','3','');
insert into column_val (xmlid, col_xmlid, dataname, col_seq, colname, colcnname, datatype, length, precision_val, party_seq, isprimarykey, isnullable, remark, filed_type_child, sensitive_level, policyid) values ('TO_R_ADDR_INF_D_MZ','TO_R_ADDR_INF_D_MZ_20170957','TO_R_ADDR_INF_D_MZ','57','CMCC_BRANCH_CD','地市编码','STRING','','','','','Y','示例：GZ','C1-4','3','');

insert into tablefile (xmlid, dbname, dataname, datacnname, state, cycletype, topiccode, extend_cfg, rightlevel, creater, curdutyer, eff_date, state_date, team_code, open_state, remark) values ('TO_R_ADDR_INF_D_SW','BD_B','TO_R_ADDR_INF_D_SW','ODS_标准地址日全量','NEW','day','LAYERI_IRES','{"EXTERNAL":"y","LOCATION":"/tenant/BIGDATA/JCFW/JRCL/BD_B/ODS/TO_R_ADDR_INF_D/branch=SW","FILEFORMAT":"PARQUET","DELIMITER":"&"}','其他','谢英俊','谢英俊', TIMESTAMP '0006-10-17 12:00:00', TIMESTAMP '0006-10-17 12:00:00','f2999fd5-c34e-402e-9b28-fec9fca13044','','基础层-资源主题域');
insert into column_val (xmlid, col_xmlid, dataname, col_seq, colname, colcnname, datatype, length, precision_val, party_seq, isprimarykey, isnullable, remark, filed_type_child, sensitive_level, policyid) values ('TO_R_ADDR_INF_D_SW','TO_R_ADDR_INF_D_SW_2017091','TO_R_ADDR_INF_D_SW','1','ADDR_ID','地址ID','INT','','','','1','N','32596718','C1-4','3','');
insert into column_val (xmlid, col_xmlid, dataname, col_seq, colname, colcnname, datatype, length, precision_val, party_seq, isprimarykey, isnullable, remark, filed_type_child, sensitive_level, policyid) values ('TO_R_ADDR_INF_D_SW','TO_R_ADDR_INF_D_SW_2017092','TO_R_ADDR_INF_D_SW','2','ADDR_NAM','本级地址名称','STRING','','','','','Y','197号','C1-4','3','');
insert into column_val (xmlid, col_xmlid, dataname, col_seq, colname, colcnname, datatype, length, precision_val, party_seq, isprimarykey, isnullable, remark, filed_type_child, sensitive_level, policyid) values ('TO_R_ADDR_INF_D_SW','TO_R_ADDR_INF_D_SW_2017093','TO_R_ADDR_INF_D_SW','3','GRADE','地址级别','INT','','','','','Y','4','C1-4','3','');
insert into column_val (xmlid, col_xmlid, dataname, col_seq, colname, colcnname, datatype, length, precision_val, party_seq, isprimarykey, isnullable, remark, filed_type_child, sensitive_level, policyid) values ('TO_R_ADDR_INF_D_SW','TO_R_ADDR_INF_D_SW_2017094','TO_R_ADDR_INF_D_SW','4','JP','　JP','STRING','','','','','Y','','C1-4','3','');
insert into column_val (xmlid, col_xmlid, dataname, col_seq, colname, colcnname, datatype, length, precision_val, party_seq, isprimarykey, isnullable, remark, filed_type_child, sensitive_level, policyid) values ('TO_R_ADDR_INF_D_SW','TO_R_ADDR_INF_D_SW_2017095','TO_R_ADDR_INF_D_SW','5','WB','　WB','STRING','','','','','Y','','C1-4','3','');
insert into column_val (xmlid, col_xmlid, dataname, col_seq, colname, colcnname, datatype, length, precision_val, party_seq, isprimarykey, isnullable, remark, filed_type_child, sensitive_level, policyid) values ('TO_R_ADDR_INF_D_SW','TO_R_ADDR_INF_D_SW_2017096','TO_R_ADDR_INF_D_SW','6','SUPER_ID','父级地址ID','INT','','','','','Y','1255656','C1-4','3','');
insert into column_val (xmlid, col_xmlid, dataname, col_seq, colname, colcnname, datatype, length, precision_val, party_seq, isprimarykey, isnullable, remark, filed_type_child, sensitive_level, policyid) values ('TO_R_ADDR_INF_D_SW','TO_R_ADDR_INF_D_SW_2017097','TO_R_ADDR_INF_D_SW','7','ALIAS_ADDR','地址别名','STRING','','','','','Y','','C1-4','3','');
insert into column_val (xmlid, col_xmlid, dataname, col_seq, colname, colcnname, datatype, length, precision_val, party_seq, isprimarykey, isnullable, remark, filed_type_child, sensitive_level, policyid) values ('TO_R_ADDR_INF_D_SW','TO_R_ADDR_INF_D_SW_2017098','TO_R_ADDR_INF_D_SW','8','OLD_ADDR','旧地址','INT','','','','','Y','','C1-4','3','');
insert into column_val (xmlid, col_xmlid, dataname, col_seq, colname, colcnname, datatype, length, precision_val, party_seq, isprimarykey, isnullable, remark, filed_type_child, sensitive_level, policyid) values ('TO_R_ADDR_INF_D_SW','TO_R_ADDR_INF_D_SW_2017099','TO_R_ADDR_INF_D_SW','9','IS_CONFIRM','是否有效','INT','','','','','Y','1','C1-4','3','');
insert into column_val (xmlid, col_xmlid, dataname, col_seq, colname, colcnname, datatype, length, precision_val, party_seq, isprimarykey, isnullable, remark, filed_type_child, sensitive_level, policyid) values ('TO_R_ADDR_INF_D_SW','TO_R_ADDR_INF_D_SW_20170910','TO_R_ADDR_INF_D_SW','10','ADDR','地址全称','STRING','','','','','Y','广州市越秀区站前路197号','C1-4','3','');
insert into column_val (xmlid, col_xmlid, dataname, col_seq, colname, colcnname, datatype, length, precision_val, party_seq, isprimarykey, isnullable, remark, filed_type_child, sensitive_level, policyid) values ('TO_R_ADDR_INF_D_SW','TO_R_ADDR_INF_D_SW_20170911','TO_R_ADDR_INF_D_SW','11','ADDR_PY','ADDR_PY','STRING','','','','','Y','','C1-4','3','');
insert into column_val (xmlid, col_xmlid, dataname, col_seq, colname, colcnname, datatype, length, precision_val, party_seq, isprimarykey, isnullable, remark, filed_type_child, sensitive_level, policyid) values ('TO_R_ADDR_INF_D_SW','TO_R_ADDR_INF_D_SW_20170912','TO_R_ADDR_INF_D_SW','12','ALIAS_ADDR_PY','ALIAS_ADDR_PY','STRING','','','','','Y','','C1-4','3','');
insert into column_val (xmlid, col_xmlid, dataname, col_seq, colname, colcnname, datatype, length, precision_val, party_seq, isprimarykey, isnullable, remark, filed_type_child, sensitive_level, policyid) values ('TO_R_ADDR_INF_D_SW','TO_R_ADDR_INF_D_SW_20170913','TO_R_ADDR_INF_D_SW','13','CONFIRM_DATE','有效日期','STRING','','','','','Y','','C1-4','3','');
insert into column_val (xmlid, col_xmlid, dataname, col_seq, colname, colcnname, datatype, length, precision_val, party_seq, isprimarykey, isnullable, remark, filed_type_child, sensitive_level, policyid) values ('TO_R_ADDR_INF_D_SW','TO_R_ADDR_INF_D_SW_20170914','TO_R_ADDR_INF_D_SW','14','CONFIRM_DATE2','有效日期2','STRING','','','','','Y','','C1-4','3','');
insert into column_val (xmlid, col_xmlid, dataname, col_seq, colname, colcnname, datatype, length, precision_val, party_seq, isprimarykey, isnullable, remark, filed_type_child, sensitive_level, policyid) values ('TO_R_ADDR_INF_D_SW','TO_R_ADDR_INF_D_SW_20170915','TO_R_ADDR_INF_D_SW','15','AMEND','整理状态','SMALLINT','','','','','Y','(0,未整理;1,已整理)','C1-4','3','');
insert into column_val (xmlid, col_xmlid, dataname, col_seq, colname, colcnname, datatype, length, precision_val, party_seq, isprimarykey, isnullable, remark, filed_type_child, sensitive_level, policyid) values ('TO_R_ADDR_INF_D_SW','TO_R_ADDR_INF_D_SW_20170916','TO_R_ADDR_INF_D_SW','16','RECDATE','受理时间','STRING','','','','','Y','','C1-4','3','');
insert into column_val (xmlid, col_xmlid, dataname, col_seq, colname, colcnname, datatype, length, precision_val, party_seq, isprimarykey, isnullable, remark, filed_type_child, sensitive_level, policyid) values ('TO_R_ADDR_INF_D_SW','TO_R_ADDR_INF_D_SW_20170917','TO_R_ADDR_INF_D_SW','17','SUBDEP_NAME','SUBDEPNAME','STRING','','','','','Y','','C1-4','3','');
insert into column_val (xmlid, col_xmlid, dataname, col_seq, colname, colcnname, datatype, length, precision_val, party_seq, isprimarykey, isnullable, remark, filed_type_child, sensitive_level, policyid) values ('TO_R_ADDR_INF_D_SW','TO_R_ADDR_INF_D_SW_20170918','TO_R_ADDR_INF_D_SW','18','SYSFLAG','SYSFLAG','SMALLINT','','','','','Y','','C1-4','3','');
insert into column_val (xmlid, col_xmlid, dataname, col_seq, colname, colcnname, datatype, length, precision_val, party_seq, isprimarykey, isnullable, remark, filed_type_child, sensitive_level, policyid) values ('TO_R_ADDR_INF_D_SW','TO_R_ADDR_INF_D_SW_20170919','TO_R_ADDR_INF_D_SW','19','POSTNUMBER','邮政编码','STRING','','','','','Y','','C1-4','3','');
insert into column_val (xmlid, col_xmlid, dataname, col_seq, colname, colcnname, datatype, length, precision_val, party_seq, isprimarykey, isnullable, remark, filed_type_child, sensitive_level, policyid) values ('TO_R_ADDR_INF_D_SW','TO_R_ADDR_INF_D_SW_20170920','TO_R_ADDR_INF_D_SW','20','STYPE','STYPE','STRING','','','','','Y','','C1-4','3','');
insert into column_val (xmlid, col_xmlid, dataname, col_seq, colname, colcnname, datatype, length, precision_val, party_seq, isprimarykey, isnullable, remark, filed_type_child, sensitive_level, policyid) values ('TO_R_ADDR_INF_D_SW','TO_R_ADDR_INF_D_SW_20170921','TO_R_ADDR_INF_D_SW','21','NUM','NUM','STRING','','','','','Y','','C1-4','3','');
insert into column_val (xmlid, col_xmlid, dataname, col_seq, colname, colcnname, datatype, length, precision_val, party_seq, isprimarykey, isnullable, remark, filed_type_child, sensitive_level, policyid) values ('TO_R_ADDR_INF_D_SW','TO_R_ADDR_INF_D_SW_20170922','TO_R_ADDR_INF_D_SW','22','TAG','TAG','INT','','','','','Y','','C1-4','3','');
insert into column_val (xmlid, col_xmlid, dataname, col_seq, colname, colcnname, datatype, length, precision_val, party_seq, isprimarykey, isnullable, remark, filed_type_child, sensitive_level, policyid) values ('TO_R_ADDR_INF_D_SW','TO_R_ADDR_INF_D_SW_20170923','TO_R_ADDR_INF_D_SW','23','IBSS_ADDR_ID','IBSSADDRID','INT','','','','','Y','','C1-4','3','');
insert into column_val (xmlid, col_xmlid, dataname, col_seq, colname, colcnname, datatype, length, precision_val, party_seq, isprimarykey, isnullable, remark, filed_type_child, sensitive_level, policyid) values ('TO_R_ADDR_INF_D_SW','TO_R_ADDR_INF_D_SW_20170924','TO_R_ADDR_INF_D_SW','24','IBSEND','IBSEND','INT','','','','','Y','','C1-4','3','');
insert into column_val (xmlid, col_xmlid, dataname, col_seq, colname, colcnname, datatype, length, precision_val, party_seq, isprimarykey, isnullable, remark, filed_type_child, sensitive_level, policyid) values ('TO_R_ADDR_INF_D_SW','TO_R_ADDR_INF_D_SW_20170925','TO_R_ADDR_INF_D_SW','25','OLD_PARENTID','OLD_PARENTID','INT','','','','','Y','','C1-4','3','');
insert into column_val (xmlid, col_xmlid, dataname, col_seq, colname, colcnname, datatype, length, precision_val, party_seq, isprimarykey, isnullable, remark, filed_type_child, sensitive_level, policyid) values ('TO_R_ADDR_INF_D_SW','TO_R_ADDR_INF_D_SW_20170926','TO_R_ADDR_INF_D_SW','26','SPLIT_FLAGC','SPLIT_FLAGC','INT','','','','','Y','','C1-4','3','');
insert into column_val (xmlid, col_xmlid, dataname, col_seq, colname, colcnname, datatype, length, precision_val, party_seq, isprimarykey, isnullable, remark, filed_type_child, sensitive_level, policyid) values ('TO_R_ADDR_INF_D_SW','TO_R_ADDR_INF_D_SW_20170927','TO_R_ADDR_INF_D_SW','27','SPLIT_FLAG','SPLIT_FLAG','INT','','','','','Y','','C1-4','3','');
insert into column_val (xmlid, col_xmlid, dataname, col_seq, colname, colcnname, datatype, length, precision_val, party_seq, isprimarykey, isnullable, remark, filed_type_child, sensitive_level, policyid) values ('TO_R_ADDR_INF_D_SW','TO_R_ADDR_INF_D_SW_20170928','TO_R_ADDR_INF_D_SW','28','ADDRTYPE','ADDRTYPE','INT','','','','','Y','','C1-4','3','');
insert into column_val (xmlid, col_xmlid, dataname, col_seq, colname, colcnname, datatype, length, precision_val, party_seq, isprimarykey, isnullable, remark, filed_type_child, sensitive_level, policyid) values ('TO_R_ADDR_INF_D_SW','TO_R_ADDR_INF_D_SW_20170929','TO_R_ADDR_INF_D_SW','29','REGIONID','地市ID','INT','','','','','Y','200','C1-4','3','');
insert into column_val (xmlid, col_xmlid, dataname, col_seq, colname, colcnname, datatype, length, precision_val, party_seq, isprimarykey, isnullable, remark, filed_type_child, sensitive_level, policyid) values ('TO_R_ADDR_INF_D_SW','TO_R_ADDR_INF_D_SW_20170930','TO_R_ADDR_INF_D_SW','30','IMPORTFLAG','导入批次','STRING','','','','','Y','2.01303E+13','C1-4','3','');
insert into column_val (xmlid, col_xmlid, dataname, col_seq, colname, colcnname, datatype, length, precision_val, party_seq, isprimarykey, isnullable, remark, filed_type_child, sensitive_level, policyid) values ('TO_R_ADDR_INF_D_SW','TO_R_ADDR_INF_D_SW_20170931','TO_R_ADDR_INF_D_SW','31','INTSID1','第一级','STRING','','','','','Y','广州市','C1-4','3','');
insert into column_val (xmlid, col_xmlid, dataname, col_seq, colname, colcnname, datatype, length, precision_val, party_seq, isprimarykey, isnullable, remark, filed_type_child, sensitive_level, policyid) values ('TO_R_ADDR_INF_D_SW','TO_R_ADDR_INF_D_SW_20170932','TO_R_ADDR_INF_D_SW','32','INTSID2','第二级','STRING','','','','','Y','越秀区','C1-4','3','');
insert into column_val (xmlid, col_xmlid, dataname, col_seq, colname, colcnname, datatype, length, precision_val, party_seq, isprimarykey, isnullable, remark, filed_type_child, sensitive_level, policyid) values ('TO_R_ADDR_INF_D_SW','TO_R_ADDR_INF_D_SW_20170933','TO_R_ADDR_INF_D_SW','33','INTSID3','第三级','STRING','','','','','Y','站前路','C1-4','3','');
insert into column_val (xmlid, col_xmlid, dataname, col_seq, colname, colcnname, datatype, length, precision_val, party_seq, isprimarykey, isnullable, remark, filed_type_child, sensitive_level, policyid) values ('TO_R_ADDR_INF_D_SW','TO_R_ADDR_INF_D_SW_20170934','TO_R_ADDR_INF_D_SW','34','INTSID4','第四级','STRING','','','','','Y','197号','C1-4','3','');
insert into column_val (xmlid, col_xmlid, dataname, col_seq, colname, colcnname, datatype, length, precision_val, party_seq, isprimarykey, isnullable, remark, filed_type_child, sensitive_level, policyid) values ('TO_R_ADDR_INF_D_SW','TO_R_ADDR_INF_D_SW_20170935','TO_R_ADDR_INF_D_SW','35','INTSID5','第五级','STRING','','','','','Y','','C1-4','3','');
insert into column_val (xmlid, col_xmlid, dataname, col_seq, colname, colcnname, datatype, length, precision_val, party_seq, isprimarykey, isnullable, remark, filed_type_child, sensitive_level, policyid) values ('TO_R_ADDR_INF_D_SW','TO_R_ADDR_INF_D_SW_20170936','TO_R_ADDR_INF_D_SW','36','INTSID6','第六级','STRING','','','','','Y','','C1-4','3','');
insert into column_val (xmlid, col_xmlid, dataname, col_seq, colname, colcnname, datatype, length, precision_val, party_seq, isprimarykey, isnullable, remark, filed_type_child, sensitive_level, policyid) values ('TO_R_ADDR_INF_D_SW','TO_R_ADDR_INF_D_SW_20170937','TO_R_ADDR_INF_D_SW','37','INTSID7','第七级','STRING','','','','','Y','','C1-4','3','');
insert into column_val (xmlid, col_xmlid, dataname, col_seq, colname, colcnname, datatype, length, precision_val, party_seq, isprimarykey, isnullable, remark, filed_type_child, sensitive_level, policyid) values ('TO_R_ADDR_INF_D_SW','TO_R_ADDR_INF_D_SW_20170938','TO_R_ADDR_INF_D_SW','38','ADDR_TYPE_EX','ADDRTYPEEX','INT','','','','','Y','','C1-4','3','');
insert into column_val (xmlid, col_xmlid, dataname, col_seq, colname, colcnname, datatype, length, precision_val, party_seq, isprimarykey, isnullable, remark, filed_type_child, sensitive_level, policyid) values ('TO_R_ADDR_INF_D_SW','TO_R_ADDR_INF_D_SW_20170939','TO_R_ADDR_INF_D_SW','39','ADDR_TYPE_EX_2','ADDRTYPEEX_2','INT','','','','','Y','','C1-4','3','');
insert into column_val (xmlid, col_xmlid, dataname, col_seq, colname, colcnname, datatype, length, precision_val, party_seq, isprimarykey, isnullable, remark, filed_type_child, sensitive_level, policyid) values ('TO_R_ADDR_INF_D_SW','TO_R_ADDR_INF_D_SW_20170940','TO_R_ADDR_INF_D_SW','40','GREEN_LABEL','GREEN_LABEL','INT','','','','','Y','','C1-4','3','');
insert into column_val (xmlid, col_xmlid, dataname, col_seq, colname, colcnname, datatype, length, precision_val, party_seq, isprimarykey, isnullable, remark, filed_type_child, sensitive_level, policyid) values ('TO_R_ADDR_INF_D_SW','TO_R_ADDR_INF_D_SW_20170941','TO_R_ADDR_INF_D_SW','41','GRADE3ID','GRADE3ID','INT','','','','','Y','','C1-4','3','');
insert into column_val (xmlid, col_xmlid, dataname, col_seq, colname, colcnname, datatype, length, precision_val, party_seq, isprimarykey, isnullable, remark, filed_type_child, sensitive_level, policyid) values ('TO_R_ADDR_INF_D_SW','TO_R_ADDR_INF_D_SW_20170942','TO_R_ADDR_INF_D_SW','42','LONGITUDE','经度','STRING','','','','','Y','113.253285','C1-4','3','PID_all');
insert into column_val (xmlid, col_xmlid, dataname, col_seq, colname, colcnname, datatype, length, precision_val, party_seq, isprimarykey, isnullable, remark, filed_type_child, sensitive_level, policyid) values ('TO_R_ADDR_INF_D_SW','TO_R_ADDR_INF_D_SW_20170943','TO_R_ADDR_INF_D_SW','43','LATITUDE','纬度','STRING','','','','','Y','23.145451','C1-4','3','PID_all');
insert into column_val (xmlid, col_xmlid, dataname, col_seq, colname, colcnname, datatype, length, precision_val, party_seq, isprimarykey, isnullable, remark, filed_type_child, sensitive_level, policyid) values ('TO_R_ADDR_INF_D_SW','TO_R_ADDR_INF_D_SW_20170944','TO_R_ADDR_INF_D_SW','44','BELONG_CELL_ID','所属小区','STRING','','','','','Y','','C1-4','3','');
insert into column_val (xmlid, col_xmlid, dataname, col_seq, colname, colcnname, datatype, length, precision_val, party_seq, isprimarykey, isnullable, remark, filed_type_child, sensitive_level, policyid) values ('TO_R_ADDR_INF_D_SW','TO_R_ADDR_INF_D_SW_20170945','TO_R_ADDR_INF_D_SW','45','RES_TYP_CD','资源类型','SMALLINT','','','','','Y','　(1:自建宽带、2:广电宽带 （局端合作）、3:广电宽带 （末端合作）、5:第三方合作、6:第三方合作（客服服务）、9:铁通ADSL改造)','C1-4','3','');
insert into column_val (xmlid, col_xmlid, dataname, col_seq, colname, colcnname, datatype, length, precision_val, party_seq, isprimarykey, isnullable, remark, filed_type_child, sensitive_level, policyid) values ('TO_R_ADDR_INF_D_SW','TO_R_ADDR_INF_D_SW_20170946','TO_R_ADDR_INF_D_SW','46','BS_TYP','楼宇类型','SMALLINT','','','','','Y','　(1、家庭楼宇 2、商业楼宇)','C1-4','3','');
insert into column_val (xmlid, col_xmlid, dataname, col_seq, colname, colcnname, datatype, length, precision_val, party_seq, isprimarykey, isnullable, remark, filed_type_child, sensitive_level, policyid) values ('TO_R_ADDR_INF_D_SW','TO_R_ADDR_INF_D_SW_20170947','TO_R_ADDR_INF_D_SW','47','THRD_NAM','第三方名称','STRING','','','','','Y','','C1-4','3','');
insert into column_val (xmlid, col_xmlid, dataname, col_seq, colname, colcnname, datatype, length, precision_val, party_seq, isprimarykey, isnullable, remark, filed_type_child, sensitive_level, policyid) values ('TO_R_ADDR_INF_D_SW','TO_R_ADDR_INF_D_SW_20170948','TO_R_ADDR_INF_D_SW','48','THIRD_NBR','第三方联系方式','STRING','','','','','Y','','C1-4','3','');
insert into column_val (xmlid, col_xmlid, dataname, col_seq, colname, colcnname, datatype, length, precision_val, party_seq, isprimarykey, isnullable, remark, filed_type_child, sensitive_level, policyid) values ('TO_R_ADDR_INF_D_SW','TO_R_ADDR_INF_D_SW_20170949','TO_R_ADDR_INF_D_SW','49','PICTURE_LINK','图片链接','STRING','','','','','Y','','C1-4','3','');
insert into column_val (xmlid, col_xmlid, dataname, col_seq, colname, colcnname, datatype, length, precision_val, party_seq, isprimarykey, isnullable, remark, filed_type_child, sensitive_level, policyid) values ('TO_R_ADDR_INF_D_SW','TO_R_ADDR_INF_D_SW_20170950','TO_R_ADDR_INF_D_SW','50','ADDR_SOURCE','地址来源','INT','','','','','Y','　集客预覆盖流程（3）、家客预覆盖流程（4）、集客开通流程（2，esop变更为该枚举值）、资源呈现系统（1，可视化变更为该枚举值）','C1-4','3','');
insert into column_val (xmlid, col_xmlid, dataname, col_seq, colname, colcnname, datatype, length, precision_val, party_seq, isprimarykey, isnullable, remark, filed_type_child, sensitive_level, policyid) values ('TO_R_ADDR_INF_D_SW','TO_R_ADDR_INF_D_SW_20170951','TO_R_ADDR_INF_D_SW','51','STATUS','状态','INT','','','','','Y','　(1,资源录入;2,已建设楼宇;3,已开业务)','C1-4','3','');
insert into column_val (xmlid, col_xmlid, dataname, col_seq, colname, colcnname, datatype, length, precision_val, party_seq, isprimarykey, isnullable, remark, filed_type_child, sensitive_level, policyid) values ('TO_R_ADDR_INF_D_SW','TO_R_ADDR_INF_D_SW_20170952','TO_R_ADDR_INF_D_SW','52','HCOVERMODE','覆盖场景','INT','','','','','Y','　商务楼宇（1、 高价值写字楼，2、 普通写字楼，3、 专业市场，4、 机关单位、大企业、星级酒店，5、 学校、厂区、医院、政府办公区，6、 工业园厂区）家庭楼宇（7、住宅小区，8、城中村，9、独栋楼宇，10、沿街商铺，11、农村）','C1-4','3','');
insert into column_val (xmlid, col_xmlid, dataname, col_seq, colname, colcnname, datatype, length, precision_val, party_seq, isprimarykey, isnullable, remark, filed_type_child, sensitive_level, policyid) values ('TO_R_ADDR_INF_D_SW','TO_R_ADDR_INF_D_SW_20170953','TO_R_ADDR_INF_D_SW','53','REMARKS','备注','STRING','','','','','Y','','C1-4','3','');
insert into column_val (xmlid, col_xmlid, dataname, col_seq, colname, colcnname, datatype, length, precision_val, party_seq, isprimarykey, isnullable, remark, filed_type_child, sensitive_level, policyid) values ('TO_R_ADDR_INF_D_SW','TO_R_ADDR_INF_D_SW_20170954','TO_R_ADDR_INF_D_SW','54','SHIELD_OPEN_SERVICE','屏蔽开通业务','STRING','','','','','Y','（是/否，默认为否）','C1-4','3','');
insert into column_val (xmlid, col_xmlid, dataname, col_seq, colname, colcnname, datatype, length, precision_val, party_seq, isprimarykey, isnullable, remark, filed_type_child, sensitive_level, policyid) values ('TO_R_ADDR_INF_D_SW','TO_R_ADDR_INF_D_SW_20170955','TO_R_ADDR_INF_D_SW','55','CN_WAY','接入方式','STRING','','','','','Y','FTTH、FTTB','C1-4','3','');
insert into column_val (xmlid, col_xmlid, dataname, col_seq, colname, colcnname, datatype, length, precision_val, party_seq, isprimarykey, isnullable, remark, filed_type_child, sensitive_level, policyid) values ('TO_R_ADDR_INF_D_SW','TO_R_ADDR_INF_D_SW_20170956','TO_R_ADDR_INF_D_SW','56','REGION_ATTRI','地域属性','INT','','','','','Y','','C1-4','3','');
insert into column_val (xmlid, col_xmlid, dataname, col_seq, colname, colcnname, datatype, length, precision_val, party_seq, isprimarykey, isnullable, remark, filed_type_child, sensitive_level, policyid) values ('TO_R_ADDR_INF_D_SW','TO_R_ADDR_INF_D_SW_20170957','TO_R_ADDR_INF_D_SW','57','CMCC_BRANCH_CD','地市编码','STRING','','','','','Y','示例：GZ','C1-4','3','');

insert into tablefile (xmlid, dbname, dataname, datacnname, state, cycletype, topiccode, extend_cfg, rightlevel, creater, curdutyer, eff_date, state_date, team_code, open_state, remark) values ('TO_R_ADDR_INF_D_YJ','BD_B','TO_R_ADDR_INF_D_YJ','ODS_标准地址日全量','NEW','day','LAYERI_IRES','{"EXTERNAL":"y","LOCATION":"/tenant/BIGDATA/JCFW/JRCL/BD_B/ODS/TO_R_ADDR_INF_D/branch=YJ","FILEFORMAT":"PARQUET","DELIMITER":"&"}','其他','谢英俊','谢英俊', TIMESTAMP '0006-10-17 12:00:00', TIMESTAMP '0006-10-17 12:00:00','f2999fd5-c34e-402e-9b28-fec9fca13044','','基础层-资源主题域');
insert into column_val (xmlid, col_xmlid, dataname, col_seq, colname, colcnname, datatype, length, precision_val, party_seq, isprimarykey, isnullable, remark, filed_type_child, sensitive_level, policyid) values ('TO_R_ADDR_INF_D_YJ','TO_R_ADDR_INF_D_YJ_2017091','TO_R_ADDR_INF_D_YJ','1','ADDR_ID','地址ID','INT','','','','1','N','32596718','C1-4','3','');
insert into column_val (xmlid, col_xmlid, dataname, col_seq, colname, colcnname, datatype, length, precision_val, party_seq, isprimarykey, isnullable, remark, filed_type_child, sensitive_level, policyid) values ('TO_R_ADDR_INF_D_YJ','TO_R_ADDR_INF_D_YJ_2017092','TO_R_ADDR_INF_D_YJ','2','ADDR_NAM','本级地址名称','STRING','','','','','Y','197号','C1-4','3','');
insert into column_val (xmlid, col_xmlid, dataname, col_seq, colname, colcnname, datatype, length, precision_val, party_seq, isprimarykey, isnullable, remark, filed_type_child, sensitive_level, policyid) values ('TO_R_ADDR_INF_D_YJ','TO_R_ADDR_INF_D_YJ_2017093','TO_R_ADDR_INF_D_YJ','3','GRADE','地址级别','INT','','','','','Y','4','C1-4','3','');
insert into column_val (xmlid, col_xmlid, dataname, col_seq, colname, colcnname, datatype, length, precision_val, party_seq, isprimarykey, isnullable, remark, filed_type_child, sensitive_level, policyid) values ('TO_R_ADDR_INF_D_YJ','TO_R_ADDR_INF_D_YJ_2017094','TO_R_ADDR_INF_D_YJ','4','JP','　JP','STRING','','','','','Y','','C1-4','3','');
insert into column_val (xmlid, col_xmlid, dataname, col_seq, colname, colcnname, datatype, length, precision_val, party_seq, isprimarykey, isnullable, remark, filed_type_child, sensitive_level, policyid) values ('TO_R_ADDR_INF_D_YJ','TO_R_ADDR_INF_D_YJ_2017095','TO_R_ADDR_INF_D_YJ','5','WB','　WB','STRING','','','','','Y','','C1-4','3','');
insert into column_val (xmlid, col_xmlid, dataname, col_seq, colname, colcnname, datatype, length, precision_val, party_seq, isprimarykey, isnullable, remark, filed_type_child, sensitive_level, policyid) values ('TO_R_ADDR_INF_D_YJ','TO_R_ADDR_INF_D_YJ_2017096','TO_R_ADDR_INF_D_YJ','6','SUPER_ID','父级地址ID','INT','','','','','Y','1255656','C1-4','3','');
insert into column_val (xmlid, col_xmlid, dataname, col_seq, colname, colcnname, datatype, length, precision_val, party_seq, isprimarykey, isnullable, remark, filed_type_child, sensitive_level, policyid) values ('TO_R_ADDR_INF_D_YJ','TO_R_ADDR_INF_D_YJ_2017097','TO_R_ADDR_INF_D_YJ','7','ALIAS_ADDR','地址别名','STRING','','','','','Y','','C1-4','3','');
insert into column_val (xmlid, col_xmlid, dataname, col_seq, colname, colcnname, datatype, length, precision_val, party_seq, isprimarykey, isnullable, remark, filed_type_child, sensitive_level, policyid) values ('TO_R_ADDR_INF_D_YJ','TO_R_ADDR_INF_D_YJ_2017098','TO_R_ADDR_INF_D_YJ','8','OLD_ADDR','旧地址','INT','','','','','Y','','C1-4','3','');
insert into column_val (xmlid, col_xmlid, dataname, col_seq, colname, colcnname, datatype, length, precision_val, party_seq, isprimarykey, isnullable, remark, filed_type_child, sensitive_level, policyid) values ('TO_R_ADDR_INF_D_YJ','TO_R_ADDR_INF_D_YJ_2017099','TO_R_ADDR_INF_D_YJ','9','IS_CONFIRM','是否有效','INT','','','','','Y','1','C1-4','3','');
insert into column_val (xmlid, col_xmlid, dataname, col_seq, colname, colcnname, datatype, length, precision_val, party_seq, isprimarykey, isnullable, remark, filed_type_child, sensitive_level, policyid) values ('TO_R_ADDR_INF_D_YJ','TO_R_ADDR_INF_D_YJ_20170910','TO_R_ADDR_INF_D_YJ','10','ADDR','地址全称','STRING','','','','','Y','广州市越秀区站前路197号','C1-4','3','');
insert into column_val (xmlid, col_xmlid, dataname, col_seq, colname, colcnname, datatype, length, precision_val, party_seq, isprimarykey, isnullable, remark, filed_type_child, sensitive_level, policyid) values ('TO_R_ADDR_INF_D_YJ','TO_R_ADDR_INF_D_YJ_20170911','TO_R_ADDR_INF_D_YJ','11','ADDR_PY','ADDR_PY','STRING','','','','','Y','','C1-4','3','');
insert into column_val (xmlid, col_xmlid, dataname, col_seq, colname, colcnname, datatype, length, precision_val, party_seq, isprimarykey, isnullable, remark, filed_type_child, sensitive_level, policyid) values ('TO_R_ADDR_INF_D_YJ','TO_R_ADDR_INF_D_YJ_20170912','TO_R_ADDR_INF_D_YJ','12','ALIAS_ADDR_PY','ALIAS_ADDR_PY','STRING','','','','','Y','','C1-4','3','');
insert into column_val (xmlid, col_xmlid, dataname, col_seq, colname, colcnname, datatype, length, precision_val, party_seq, isprimarykey, isnullable, remark, filed_type_child, sensitive_level, policyid) values ('TO_R_ADDR_INF_D_YJ','TO_R_ADDR_INF_D_YJ_20170913','TO_R_ADDR_INF_D_YJ','13','CONFIRM_DATE','有效日期','STRING','','','','','Y','','C1-4','3','');
insert into column_val (xmlid, col_xmlid, dataname, col_seq, colname, colcnname, datatype, length, precision_val, party_seq, isprimarykey, isnullable, remark, filed_type_child, sensitive_level, policyid) values ('TO_R_ADDR_INF_D_YJ','TO_R_ADDR_INF_D_YJ_20170914','TO_R_ADDR_INF_D_YJ','14','CONFIRM_DATE2','有效日期2','STRING','','','','','Y','','C1-4','3','');
insert into column_val (xmlid, col_xmlid, dataname, col_seq, colname, colcnname, datatype, length, precision_val, party_seq, isprimarykey, isnullable, remark, filed_type_child, sensitive_level, policyid) values ('TO_R_ADDR_INF_D_YJ','TO_R_ADDR_INF_D_YJ_20170915','TO_R_ADDR_INF_D_YJ','15','AMEND','整理状态','SMALLINT','','','','','Y','(0,未整理;1,已整理)','C1-4','3','');
insert into column_val (xmlid, col_xmlid, dataname, col_seq, colname, colcnname, datatype, length, precision_val, party_seq, isprimarykey, isnullable, remark, filed_type_child, sensitive_level, policyid) values ('TO_R_ADDR_INF_D_YJ','TO_R_ADDR_INF_D_YJ_20170916','TO_R_ADDR_INF_D_YJ','16','RECDATE','受理时间','STRING','','','','','Y','','C1-4','3','');
insert into column_val (xmlid, col_xmlid, dataname, col_seq, colname, colcnname, datatype, length, precision_val, party_seq, isprimarykey, isnullable, remark, filed_type_child, sensitive_level, policyid) values ('TO_R_ADDR_INF_D_YJ','TO_R_ADDR_INF_D_YJ_20170917','TO_R_ADDR_INF_D_YJ','17','SUBDEP_NAME','SUBDEPNAME','STRING','','','','','Y','','C1-4','3','');
insert into column_val (xmlid, col_xmlid, dataname, col_seq, colname, colcnname, datatype, length, precision_val, party_seq, isprimarykey, isnullable, remark, filed_type_child, sensitive_level, policyid) values ('TO_R_ADDR_INF_D_YJ','TO_R_ADDR_INF_D_YJ_20170918','TO_R_ADDR_INF_D_YJ','18','SYSFLAG','SYSFLAG','SMALLINT','','','','','Y','','C1-4','3','');
insert into column_val (xmlid, col_xmlid, dataname, col_seq, colname, colcnname, datatype, length, precision_val, party_seq, isprimarykey, isnullable, remark, filed_type_child, sensitive_level, policyid) values ('TO_R_ADDR_INF_D_YJ','TO_R_ADDR_INF_D_YJ_20170919','TO_R_ADDR_INF_D_YJ','19','POSTNUMBER','邮政编码','STRING','','','','','Y','','C1-4','3','');
insert into column_val (xmlid, col_xmlid, dataname, col_seq, colname, colcnname, datatype, length, precision_val, party_seq, isprimarykey, isnullable, remark, filed_type_child, sensitive_level, policyid) values ('TO_R_ADDR_INF_D_YJ','TO_R_ADDR_INF_D_YJ_20170920','TO_R_ADDR_INF_D_YJ','20','STYPE','STYPE','STRING','','','','','Y','','C1-4','3','');
insert into column_val (xmlid, col_xmlid, dataname, col_seq, colname, colcnname, datatype, length, precision_val, party_seq, isprimarykey, isnullable, remark, filed_type_child, sensitive_level, policyid) values ('TO_R_ADDR_INF_D_YJ','TO_R_ADDR_INF_D_YJ_20170921','TO_R_ADDR_INF_D_YJ','21','NUM','NUM','STRING','','','','','Y','','C1-4','3','');
insert into column_val (xmlid, col_xmlid, dataname, col_seq, colname, colcnname, datatype, length, precision_val, party_seq, isprimarykey, isnullable, remark, filed_type_child, sensitive_level, policyid) values ('TO_R_ADDR_INF_D_YJ','TO_R_ADDR_INF_D_YJ_20170922','TO_R_ADDR_INF_D_YJ','22','TAG','TAG','INT','','','','','Y','','C1-4','3','');
insert into column_val (xmlid, col_xmlid, dataname, col_seq, colname, colcnname, datatype, length, precision_val, party_seq, isprimarykey, isnullable, remark, filed_type_child, sensitive_level, policyid) values ('TO_R_ADDR_INF_D_YJ','TO_R_ADDR_INF_D_YJ_20170923','TO_R_ADDR_INF_D_YJ','23','IBSS_ADDR_ID','IBSSADDRID','INT','','','','','Y','','C1-4','3','');
insert into column_val (xmlid, col_xmlid, dataname, col_seq, colname, colcnname, datatype, length, precision_val, party_seq, isprimarykey, isnullable, remark, filed_type_child, sensitive_level, policyid) values ('TO_R_ADDR_INF_D_YJ','TO_R_ADDR_INF_D_YJ_20170924','TO_R_ADDR_INF_D_YJ','24','IBSEND','IBSEND','INT','','','','','Y','','C1-4','3','');
insert into column_val (xmlid, col_xmlid, dataname, col_seq, colname, colcnname, datatype, length, precision_val, party_seq, isprimarykey, isnullable, remark, filed_type_child, sensitive_level, policyid) values ('TO_R_ADDR_INF_D_YJ','TO_R_ADDR_INF_D_YJ_20170925','TO_R_ADDR_INF_D_YJ','25','OLD_PARENTID','OLD_PARENTID','INT','','','','','Y','','C1-4','3','');
insert into column_val (xmlid, col_xmlid, dataname, col_seq, colname, colcnname, datatype, length, precision_val, party_seq, isprimarykey, isnullable, remark, filed_type_child, sensitive_level, policyid) values ('TO_R_ADDR_INF_D_YJ','TO_R_ADDR_INF_D_YJ_20170926','TO_R_ADDR_INF_D_YJ','26','SPLIT_FLAGC','SPLIT_FLAGC','INT','','','','','Y','','C1-4','3','');
insert into column_val (xmlid, col_xmlid, dataname, col_seq, colname, colcnname, datatype, length, precision_val, party_seq, isprimarykey, isnullable, remark, filed_type_child, sensitive_level, policyid) values ('TO_R_ADDR_INF_D_YJ','TO_R_ADDR_INF_D_YJ_20170927','TO_R_ADDR_INF_D_YJ','27','SPLIT_FLAG','SPLIT_FLAG','INT','','','','','Y','','C1-4','3','');
insert into column_val (xmlid, col_xmlid, dataname, col_seq, colname, colcnname, datatype, length, precision_val, party_seq, isprimarykey, isnullable, remark, filed_type_child, sensitive_level, policyid) values ('TO_R_ADDR_INF_D_YJ','TO_R_ADDR_INF_D_YJ_20170928','TO_R_ADDR_INF_D_YJ','28','ADDRTYPE','ADDRTYPE','INT','','','','','Y','','C1-4','3','');
insert into column_val (xmlid, col_xmlid, dataname, col_seq, colname, colcnname, datatype, length, precision_val, party_seq, isprimarykey, isnullable, remark, filed_type_child, sensitive_level, policyid) values ('TO_R_ADDR_INF_D_YJ','TO_R_ADDR_INF_D_YJ_20170929','TO_R_ADDR_INF_D_YJ','29','REGIONID','地市ID','INT','','','','','Y','200','C1-4','3','');
insert into column_val (xmlid, col_xmlid, dataname, col_seq, colname, colcnname, datatype, length, precision_val, party_seq, isprimarykey, isnullable, remark, filed_type_child, sensitive_level, policyid) values ('TO_R_ADDR_INF_D_YJ','TO_R_ADDR_INF_D_YJ_20170930','TO_R_ADDR_INF_D_YJ','30','IMPORTFLAG','导入批次','STRING','','','','','Y','2.01303E+13','C1-4','3','');
insert into column_val (xmlid, col_xmlid, dataname, col_seq, colname, colcnname, datatype, length, precision_val, party_seq, isprimarykey, isnullable, remark, filed_type_child, sensitive_level, policyid) values ('TO_R_ADDR_INF_D_YJ','TO_R_ADDR_INF_D_YJ_20170931','TO_R_ADDR_INF_D_YJ','31','INTSID1','第一级','STRING','','','','','Y','广州市','C1-4','3','');
insert into column_val (xmlid, col_xmlid, dataname, col_seq, colname, colcnname, datatype, length, precision_val, party_seq, isprimarykey, isnullable, remark, filed_type_child, sensitive_level, policyid) values ('TO_R_ADDR_INF_D_YJ','TO_R_ADDR_INF_D_YJ_20170932','TO_R_ADDR_INF_D_YJ','32','INTSID2','第二级','STRING','','','','','Y','越秀区','C1-4','3','');
insert into column_val (xmlid, col_xmlid, dataname, col_seq, colname, colcnname, datatype, length, precision_val, party_seq, isprimarykey, isnullable, remark, filed_type_child, sensitive_level, policyid) values ('TO_R_ADDR_INF_D_YJ','TO_R_ADDR_INF_D_YJ_20170933','TO_R_ADDR_INF_D_YJ','33','INTSID3','第三级','STRING','','','','','Y','站前路','C1-4','3','');
insert into column_val (xmlid, col_xmlid, dataname, col_seq, colname, colcnname, datatype, length, precision_val, party_seq, isprimarykey, isnullable, remark, filed_type_child, sensitive_level, policyid) values ('TO_R_ADDR_INF_D_YJ','TO_R_ADDR_INF_D_YJ_20170934','TO_R_ADDR_INF_D_YJ','34','INTSID4','第四级','STRING','','','','','Y','197号','C1-4','3','');
insert into column_val (xmlid, col_xmlid, dataname, col_seq, colname, colcnname, datatype, length, precision_val, party_seq, isprimarykey, isnullable, remark, filed_type_child, sensitive_level, policyid) values ('TO_R_ADDR_INF_D_YJ','TO_R_ADDR_INF_D_YJ_20170935','TO_R_ADDR_INF_D_YJ','35','INTSID5','第五级','STRING','','','','','Y','','C1-4','3','');
insert into column_val (xmlid, col_xmlid, dataname, col_seq, colname, colcnname, datatype, length, precision_val, party_seq, isprimarykey, isnullable, remark, filed_type_child, sensitive_level, policyid) values ('TO_R_ADDR_INF_D_YJ','TO_R_ADDR_INF_D_YJ_20170936','TO_R_ADDR_INF_D_YJ','36','INTSID6','第六级','STRING','','','','','Y','','C1-4','3','');
insert into column_val (xmlid, col_xmlid, dataname, col_seq, colname, colcnname, datatype, length, precision_val, party_seq, isprimarykey, isnullable, remark, filed_type_child, sensitive_level, policyid) values ('TO_R_ADDR_INF_D_YJ','TO_R_ADDR_INF_D_YJ_20170937','TO_R_ADDR_INF_D_YJ','37','INTSID7','第七级','STRING','','','','','Y','','C1-4','3','');
insert into column_val (xmlid, col_xmlid, dataname, col_seq, colname, colcnname, datatype, length, precision_val, party_seq, isprimarykey, isnullable, remark, filed_type_child, sensitive_level, policyid) values ('TO_R_ADDR_INF_D_YJ','TO_R_ADDR_INF_D_YJ_20170938','TO_R_ADDR_INF_D_YJ','38','ADDR_TYPE_EX','ADDRTYPEEX','INT','','','','','Y','','C1-4','3','');
insert into column_val (xmlid, col_xmlid, dataname, col_seq, colname, colcnname, datatype, length, precision_val, party_seq, isprimarykey, isnullable, remark, filed_type_child, sensitive_level, policyid) values ('TO_R_ADDR_INF_D_YJ','TO_R_ADDR_INF_D_YJ_20170939','TO_R_ADDR_INF_D_YJ','39','ADDR_TYPE_EX_2','ADDRTYPEEX_2','INT','','','','','Y','','C1-4','3','');
insert into column_val (xmlid, col_xmlid, dataname, col_seq, colname, colcnname, datatype, length, precision_val, party_seq, isprimarykey, isnullable, remark, filed_type_child, sensitive_level, policyid) values ('TO_R_ADDR_INF_D_YJ','TO_R_ADDR_INF_D_YJ_20170940','TO_R_ADDR_INF_D_YJ','40','GREEN_LABEL','GREEN_LABEL','INT','','','','','Y','','C1-4','3','');
insert into column_val (xmlid, col_xmlid, dataname, col_seq, colname, colcnname, datatype, length, precision_val, party_seq, isprimarykey, isnullable, remark, filed_type_child, sensitive_level, policyid) values ('TO_R_ADDR_INF_D_YJ','TO_R_ADDR_INF_D_YJ_20170941','TO_R_ADDR_INF_D_YJ','41','GRADE3ID','GRADE3ID','INT','','','','','Y','','C1-4','3','');
insert into column_val (xmlid, col_xmlid, dataname, col_seq, colname, colcnname, datatype, length, precision_val, party_seq, isprimarykey, isnullable, remark, filed_type_child, sensitive_level, policyid) values ('TO_R_ADDR_INF_D_YJ','TO_R_ADDR_INF_D_YJ_20170942','TO_R_ADDR_INF_D_YJ','42','LONGITUDE','经度','STRING','','','','','Y','113.253285','C1-4','3','PID_all');
insert into column_val (xmlid, col_xmlid, dataname, col_seq, colname, colcnname, datatype, length, precision_val, party_seq, isprimarykey, isnullable, remark, filed_type_child, sensitive_level, policyid) values ('TO_R_ADDR_INF_D_YJ','TO_R_ADDR_INF_D_YJ_20170943','TO_R_ADDR_INF_D_YJ','43','LATITUDE','纬度','STRING','','','','','Y','23.145451','C1-4','3','PID_all');
insert into column_val (xmlid, col_xmlid, dataname, col_seq, colname, colcnname, datatype, length, precision_val, party_seq, isprimarykey, isnullable, remark, filed_type_child, sensitive_level, policyid) values ('TO_R_ADDR_INF_D_YJ','TO_R_ADDR_INF_D_YJ_20170944','TO_R_ADDR_INF_D_YJ','44','BELONG_CELL_ID','所属小区','STRING','','','','','Y','','C1-4','3','');
insert into column_val (xmlid, col_xmlid, dataname, col_seq, colname, colcnname, datatype, length, precision_val, party_seq, isprimarykey, isnullable, remark, filed_type_child, sensitive_level, policyid) values ('TO_R_ADDR_INF_D_YJ','TO_R_ADDR_INF_D_YJ_20170945','TO_R_ADDR_INF_D_YJ','45','RES_TYP_CD','资源类型','SMALLINT','','','','','Y','　(1:自建宽带、2:广电宽带 （局端合作）、3:广电宽带 （末端合作）、5:第三方合作、6:第三方合作（客服服务）、9:铁通ADSL改造)','C1-4','3','');
insert into column_val (xmlid, col_xmlid, dataname, col_seq, colname, colcnname, datatype, length, precision_val, party_seq, isprimarykey, isnullable, remark, filed_type_child, sensitive_level, policyid) values ('TO_R_ADDR_INF_D_YJ','TO_R_ADDR_INF_D_YJ_20170946','TO_R_ADDR_INF_D_YJ','46','BS_TYP','楼宇类型','SMALLINT','','','','','Y','　(1、家庭楼宇 2、商业楼宇)','C1-4','3','');
insert into column_val (xmlid, col_xmlid, dataname, col_seq, colname, colcnname, datatype, length, precision_val, party_seq, isprimarykey, isnullable, remark, filed_type_child, sensitive_level, policyid) values ('TO_R_ADDR_INF_D_YJ','TO_R_ADDR_INF_D_YJ_20170947','TO_R_ADDR_INF_D_YJ','47','THRD_NAM','第三方名称','STRING','','','','','Y','','C1-4','3','');
insert into column_val (xmlid, col_xmlid, dataname, col_seq, colname, colcnname, datatype, length, precision_val, party_seq, isprimarykey, isnullable, remark, filed_type_child, sensitive_level, policyid) values ('TO_R_ADDR_INF_D_YJ','TO_R_ADDR_INF_D_YJ_20170948','TO_R_ADDR_INF_D_YJ','48','THIRD_NBR','第三方联系方式','STRING','','','','','Y','','C1-4','3','');
insert into column_val (xmlid, col_xmlid, dataname, col_seq, colname, colcnname, datatype, length, precision_val, party_seq, isprimarykey, isnullable, remark, filed_type_child, sensitive_level, policyid) values ('TO_R_ADDR_INF_D_YJ','TO_R_ADDR_INF_D_YJ_20170949','TO_R_ADDR_INF_D_YJ','49','PICTURE_LINK','图片链接','STRING','','','','','Y','','C1-4','3','');
insert into column_val (xmlid, col_xmlid, dataname, col_seq, colname, colcnname, datatype, length, precision_val, party_seq, isprimarykey, isnullable, remark, filed_type_child, sensitive_level, policyid) values ('TO_R_ADDR_INF_D_YJ','TO_R_ADDR_INF_D_YJ_20170950','TO_R_ADDR_INF_D_YJ','50','ADDR_SOURCE','地址来源','INT','','','','','Y','　集客预覆盖流程（3）、家客预覆盖流程（4）、集客开通流程（2，esop变更为该枚举值）、资源呈现系统（1，可视化变更为该枚举值）','C1-4','3','');
insert into column_val (xmlid, col_xmlid, dataname, col_seq, colname, colcnname, datatype, length, precision_val, party_seq, isprimarykey, isnullable, remark, filed_type_child, sensitive_level, policyid) values ('TO_R_ADDR_INF_D_YJ','TO_R_ADDR_INF_D_YJ_20170951','TO_R_ADDR_INF_D_YJ','51','STATUS','状态','INT','','','','','Y','　(1,资源录入;2,已建设楼宇;3,已开业务)','C1-4','3','');
insert into column_val (xmlid, col_xmlid, dataname, col_seq, colname, colcnname, datatype, length, precision_val, party_seq, isprimarykey, isnullable, remark, filed_type_child, sensitive_level, policyid) values ('TO_R_ADDR_INF_D_YJ','TO_R_ADDR_INF_D_YJ_20170952','TO_R_ADDR_INF_D_YJ','52','HCOVERMODE','覆盖场景','INT','','','','','Y','　商务楼宇（1、 高价值写字楼，2、 普通写字楼，3、 专业市场，4、 机关单位、大企业、星级酒店，5、 学校、厂区、医院、政府办公区，6、 工业园厂区）家庭楼宇（7、住宅小区，8、城中村，9、独栋楼宇，10、沿街商铺，11、农村）','C1-4','3','');
insert into column_val (xmlid, col_xmlid, dataname, col_seq, colname, colcnname, datatype, length, precision_val, party_seq, isprimarykey, isnullable, remark, filed_type_child, sensitive_level, policyid) values ('TO_R_ADDR_INF_D_YJ','TO_R_ADDR_INF_D_YJ_20170953','TO_R_ADDR_INF_D_YJ','53','REMARKS','备注','STRING','','','','','Y','','C1-4','3','');
insert into column_val (xmlid, col_xmlid, dataname, col_seq, colname, colcnname, datatype, length, precision_val, party_seq, isprimarykey, isnullable, remark, filed_type_child, sensitive_level, policyid) values ('TO_R_ADDR_INF_D_YJ','TO_R_ADDR_INF_D_YJ_20170954','TO_R_ADDR_INF_D_YJ','54','SHIELD_OPEN_SERVICE','屏蔽开通业务','STRING','','','','','Y','（是/否，默认为否）','C1-4','3','');
insert into column_val (xmlid, col_xmlid, dataname, col_seq, colname, colcnname, datatype, length, precision_val, party_seq, isprimarykey, isnullable, remark, filed_type_child, sensitive_level, policyid) values ('TO_R_ADDR_INF_D_YJ','TO_R_ADDR_INF_D_YJ_20170955','TO_R_ADDR_INF_D_YJ','55','CN_WAY','接入方式','STRING','','','','','Y','FTTH、FTTB','C1-4','3','');
insert into column_val (xmlid, col_xmlid, dataname, col_seq, colname, colcnname, datatype, length, precision_val, party_seq, isprimarykey, isnullable, remark, filed_type_child, sensitive_level, policyid) values ('TO_R_ADDR_INF_D_YJ','TO_R_ADDR_INF_D_YJ_20170956','TO_R_ADDR_INF_D_YJ','56','REGION_ATTRI','地域属性','INT','','','','','Y','','C1-4','3','');
insert into column_val (xmlid, col_xmlid, dataname, col_seq, colname, colcnname, datatype, length, precision_val, party_seq, isprimarykey, isnullable, remark, filed_type_child, sensitive_level, policyid) values ('TO_R_ADDR_INF_D_YJ','TO_R_ADDR_INF_D_YJ_20170957','TO_R_ADDR_INF_D_YJ','57','CMCC_BRANCH_CD','地市编码','STRING','','','','','Y','示例：GZ','C1-4','3','');

insert into tablefile (xmlid, dbname, dataname, datacnname, state, cycletype, topiccode, extend_cfg, rightlevel, creater, curdutyer, eff_date, state_date, team_code, open_state, remark) values ('TO_R_ADDR_INF_D_MM','BD_B','TO_R_ADDR_INF_D_MM','ODS_标准地址日全量','NEW','day','LAYERI_IRES','{"EXTERNAL":"y","LOCATION":"/tenant/BIGDATA/JCFW/JRCL/BD_B/ODS/TO_R_ADDR_INF_D/branch=MM","FILEFORMAT":"PARQUET","DELIMITER":"&"}','其他','谢英俊','谢英俊', TIMESTAMP '0006-10-17 12:00:00', TIMESTAMP '0006-10-17 12:00:00','f2999fd5-c34e-402e-9b28-fec9fca13044','','基础层-资源主题域');
insert into column_val (xmlid, col_xmlid, dataname, col_seq, colname, colcnname, datatype, length, precision_val, party_seq, isprimarykey, isnullable, remark, filed_type_child, sensitive_level, policyid) values ('TO_R_ADDR_INF_D_MM','TO_R_ADDR_INF_D_MM_2017091','TO_R_ADDR_INF_D_MM','1','ADDR_ID','地址ID','INT','','','','1','N','32596718','C1-4','3','');
insert into column_val (xmlid, col_xmlid, dataname, col_seq, colname, colcnname, datatype, length, precision_val, party_seq, isprimarykey, isnullable, remark, filed_type_child, sensitive_level, policyid) values ('TO_R_ADDR_INF_D_MM','TO_R_ADDR_INF_D_MM_2017092','TO_R_ADDR_INF_D_MM','2','ADDR_NAM','本级地址名称','STRING','','','','','Y','197号','C1-4','3','');
insert into column_val (xmlid, col_xmlid, dataname, col_seq, colname, colcnname, datatype, length, precision_val, party_seq, isprimarykey, isnullable, remark, filed_type_child, sensitive_level, policyid) values ('TO_R_ADDR_INF_D_MM','TO_R_ADDR_INF_D_MM_2017093','TO_R_ADDR_INF_D_MM','3','GRADE','地址级别','INT','','','','','Y','4','C1-4','3','');
insert into column_val (xmlid, col_xmlid, dataname, col_seq, colname, colcnname, datatype, length, precision_val, party_seq, isprimarykey, isnullable, remark, filed_type_child, sensitive_level, policyid) values ('TO_R_ADDR_INF_D_MM','TO_R_ADDR_INF_D_MM_2017094','TO_R_ADDR_INF_D_MM','4','JP','　JP','STRING','','','','','Y','','C1-4','3','');
insert into column_val (xmlid, col_xmlid, dataname, col_seq, colname, colcnname, datatype, length, precision_val, party_seq, isprimarykey, isnullable, remark, filed_type_child, sensitive_level, policyid) values ('TO_R_ADDR_INF_D_MM','TO_R_ADDR_INF_D_MM_2017095','TO_R_ADDR_INF_D_MM','5','WB','　WB','STRING','','','','','Y','','C1-4','3','');
insert into column_val (xmlid, col_xmlid, dataname, col_seq, colname, colcnname, datatype, length, precision_val, party_seq, isprimarykey, isnullable, remark, filed_type_child, sensitive_level, policyid) values ('TO_R_ADDR_INF_D_MM','TO_R_ADDR_INF_D_MM_2017096','TO_R_ADDR_INF_D_MM','6','SUPER_ID','父级地址ID','INT','','','','','Y','1255656','C1-4','3','');
insert into column_val (xmlid, col_xmlid, dataname, col_seq, colname, colcnname, datatype, length, precision_val, party_seq, isprimarykey, isnullable, remark, filed_type_child, sensitive_level, policyid) values ('TO_R_ADDR_INF_D_MM','TO_R_ADDR_INF_D_MM_2017097','TO_R_ADDR_INF_D_MM','7','ALIAS_ADDR','地址别名','STRING','','','','','Y','','C1-4','3','');
insert into column_val (xmlid, col_xmlid, dataname, col_seq, colname, colcnname, datatype, length, precision_val, party_seq, isprimarykey, isnullable, remark, filed_type_child, sensitive_level, policyid) values ('TO_R_ADDR_INF_D_MM','TO_R_ADDR_INF_D_MM_2017098','TO_R_ADDR_INF_D_MM','8','OLD_ADDR','旧地址','INT','','','','','Y','','C1-4','3','');
insert into column_val (xmlid, col_xmlid, dataname, col_seq, colname, colcnname, datatype, length, precision_val, party_seq, isprimarykey, isnullable, remark, filed_type_child, sensitive_level, policyid) values ('TO_R_ADDR_INF_D_MM','TO_R_ADDR_INF_D_MM_2017099','TO_R_ADDR_INF_D_MM','9','IS_CONFIRM','是否有效','INT','','','','','Y','1','C1-4','3','');
insert into column_val (xmlid, col_xmlid, dataname, col_seq, colname, colcnname, datatype, length, precision_val, party_seq, isprimarykey, isnullable, remark, filed_type_child, sensitive_level, policyid) values ('TO_R_ADDR_INF_D_MM','TO_R_ADDR_INF_D_MM_20170910','TO_R_ADDR_INF_D_MM','10','ADDR','地址全称','STRING','','','','','Y','广州市越秀区站前路197号','C1-4','3','');
insert into column_val (xmlid, col_xmlid, dataname, col_seq, colname, colcnname, datatype, length, precision_val, party_seq, isprimarykey, isnullable, remark, filed_type_child, sensitive_level, policyid) values ('TO_R_ADDR_INF_D_MM','TO_R_ADDR_INF_D_MM_20170911','TO_R_ADDR_INF_D_MM','11','ADDR_PY','ADDR_PY','STRING','','','','','Y','','C1-4','3','');
insert into column_val (xmlid, col_xmlid, dataname, col_seq, colname, colcnname, datatype, length, precision_val, party_seq, isprimarykey, isnullable, remark, filed_type_child, sensitive_level, policyid) values ('TO_R_ADDR_INF_D_MM','TO_R_ADDR_INF_D_MM_20170912','TO_R_ADDR_INF_D_MM','12','ALIAS_ADDR_PY','ALIAS_ADDR_PY','STRING','','','','','Y','','C1-4','3','');
insert into column_val (xmlid, col_xmlid, dataname, col_seq, colname, colcnname, datatype, length, precision_val, party_seq, isprimarykey, isnullable, remark, filed_type_child, sensitive_level, policyid) values ('TO_R_ADDR_INF_D_MM','TO_R_ADDR_INF_D_MM_20170913','TO_R_ADDR_INF_D_MM','13','CONFIRM_DATE','有效日期','STRING','','','','','Y','','C1-4','3','');
insert into column_val (xmlid, col_xmlid, dataname, col_seq, colname, colcnname, datatype, length, precision_val, party_seq, isprimarykey, isnullable, remark, filed_type_child, sensitive_level, policyid) values ('TO_R_ADDR_INF_D_MM','TO_R_ADDR_INF_D_MM_20170914','TO_R_ADDR_INF_D_MM','14','CONFIRM_DATE2','有效日期2','STRING','','','','','Y','','C1-4','3','');
insert into column_val (xmlid, col_xmlid, dataname, col_seq, colname, colcnname, datatype, length, precision_val, party_seq, isprimarykey, isnullable, remark, filed_type_child, sensitive_level, policyid) values ('TO_R_ADDR_INF_D_MM','TO_R_ADDR_INF_D_MM_20170915','TO_R_ADDR_INF_D_MM','15','AMEND','整理状态','SMALLINT','','','','','Y','(0,未整理;1,已整理)','C1-4','3','');
insert into column_val (xmlid, col_xmlid, dataname, col_seq, colname, colcnname, datatype, length, precision_val, party_seq, isprimarykey, isnullable, remark, filed_type_child, sensitive_level, policyid) values ('TO_R_ADDR_INF_D_MM','TO_R_ADDR_INF_D_MM_20170916','TO_R_ADDR_INF_D_MM','16','RECDATE','受理时间','STRING','','','','','Y','','C1-4','3','');
insert into column_val (xmlid, col_xmlid, dataname, col_seq, colname, colcnname, datatype, length, precision_val, party_seq, isprimarykey, isnullable, remark, filed_type_child, sensitive_level, policyid) values ('TO_R_ADDR_INF_D_MM','TO_R_ADDR_INF_D_MM_20170917','TO_R_ADDR_INF_D_MM','17','SUBDEP_NAME','SUBDEPNAME','STRING','','','','','Y','','C1-4','3','');
insert into column_val (xmlid, col_xmlid, dataname, col_seq, colname, colcnname, datatype, length, precision_val, party_seq, isprimarykey, isnullable, remark, filed_type_child, sensitive_level, policyid) values ('TO_R_ADDR_INF_D_MM','TO_R_ADDR_INF_D_MM_20170918','TO_R_ADDR_INF_D_MM','18','SYSFLAG','SYSFLAG','SMALLINT','','','','','Y','','C1-4','3','');
insert into column_val (xmlid, col_xmlid, dataname, col_seq, colname, colcnname, datatype, length, precision_val, party_seq, isprimarykey, isnullable, remark, filed_type_child, sensitive_level, policyid) values ('TO_R_ADDR_INF_D_MM','TO_R_ADDR_INF_D_MM_20170919','TO_R_ADDR_INF_D_MM','19','POSTNUMBER','邮政编码','STRING','','','','','Y','','C1-4','3','');
insert into column_val (xmlid, col_xmlid, dataname, col_seq, colname, colcnname, datatype, length, precision_val, party_seq, isprimarykey, isnullable, remark, filed_type_child, sensitive_level, policyid) values ('TO_R_ADDR_INF_D_MM','TO_R_ADDR_INF_D_MM_20170920','TO_R_ADDR_INF_D_MM','20','STYPE','STYPE','STRING','','','','','Y','','C1-4','3','');
insert into column_val (xmlid, col_xmlid, dataname, col_seq, colname, colcnname, datatype, length, precision_val, party_seq, isprimarykey, isnullable, remark, filed_type_child, sensitive_level, policyid) values ('TO_R_ADDR_INF_D_MM','TO_R_ADDR_INF_D_MM_20170921','TO_R_ADDR_INF_D_MM','21','NUM','NUM','STRING','','','','','Y','','C1-4','3','');
insert into column_val (xmlid, col_xmlid, dataname, col_seq, colname, colcnname, datatype, length, precision_val, party_seq, isprimarykey, isnullable, remark, filed_type_child, sensitive_level, policyid) values ('TO_R_ADDR_INF_D_MM','TO_R_ADDR_INF_D_MM_20170922','TO_R_ADDR_INF_D_MM','22','TAG','TAG','INT','','','','','Y','','C1-4','3','');
insert into column_val (xmlid, col_xmlid, dataname, col_seq, colname, colcnname, datatype, length, precision_val, party_seq, isprimarykey, isnullable, remark, filed_type_child, sensitive_level, policyid) values ('TO_R_ADDR_INF_D_MM','TO_R_ADDR_INF_D_MM_20170923','TO_R_ADDR_INF_D_MM','23','IBSS_ADDR_ID','IBSSADDRID','INT','','','','','Y','','C1-4','3','');
insert into column_val (xmlid, col_xmlid, dataname, col_seq, colname, colcnname, datatype, length, precision_val, party_seq, isprimarykey, isnullable, remark, filed_type_child, sensitive_level, policyid) values ('TO_R_ADDR_INF_D_MM','TO_R_ADDR_INF_D_MM_20170924','TO_R_ADDR_INF_D_MM','24','IBSEND','IBSEND','INT','','','','','Y','','C1-4','3','');
insert into column_val (xmlid, col_xmlid, dataname, col_seq, colname, colcnname, datatype, length, precision_val, party_seq, isprimarykey, isnullable, remark, filed_type_child, sensitive_level, policyid) values ('TO_R_ADDR_INF_D_MM','TO_R_ADDR_INF_D_MM_20170925','TO_R_ADDR_INF_D_MM','25','OLD_PARENTID','OLD_PARENTID','INT','','','','','Y','','C1-4','3','');
insert into column_val (xmlid, col_xmlid, dataname, col_seq, colname, colcnname, datatype, length, precision_val, party_seq, isprimarykey, isnullable, remark, filed_type_child, sensitive_level, policyid) values ('TO_R_ADDR_INF_D_MM','TO_R_ADDR_INF_D_MM_20170926','TO_R_ADDR_INF_D_MM','26','SPLIT_FLAGC','SPLIT_FLAGC','INT','','','','','Y','','C1-4','3','');
insert into column_val (xmlid, col_xmlid, dataname, col_seq, colname, colcnname, datatype, length, precision_val, party_seq, isprimarykey, isnullable, remark, filed_type_child, sensitive_level, policyid) values ('TO_R_ADDR_INF_D_MM','TO_R_ADDR_INF_D_MM_20170927','TO_R_ADDR_INF_D_MM','27','SPLIT_FLAG','SPLIT_FLAG','INT','','','','','Y','','C1-4','3','');
insert into column_val (xmlid, col_xmlid, dataname, col_seq, colname, colcnname, datatype, length, precision_val, party_seq, isprimarykey, isnullable, remark, filed_type_child, sensitive_level, policyid) values ('TO_R_ADDR_INF_D_MM','TO_R_ADDR_INF_D_MM_20170928','TO_R_ADDR_INF_D_MM','28','ADDRTYPE','ADDRTYPE','INT','','','','','Y','','C1-4','3','');
insert into column_val (xmlid, col_xmlid, dataname, col_seq, colname, colcnname, datatype, length, precision_val, party_seq, isprimarykey, isnullable, remark, filed_type_child, sensitive_level, policyid) values ('TO_R_ADDR_INF_D_MM','TO_R_ADDR_INF_D_MM_20170929','TO_R_ADDR_INF_D_MM','29','REGIONID','地市ID','INT','','','','','Y','200','C1-4','3','');
insert into column_val (xmlid, col_xmlid, dataname, col_seq, colname, colcnname, datatype, length, precision_val, party_seq, isprimarykey, isnullable, remark, filed_type_child, sensitive_level, policyid) values ('TO_R_ADDR_INF_D_MM','TO_R_ADDR_INF_D_MM_20170930','TO_R_ADDR_INF_D_MM','30','IMPORTFLAG','导入批次','STRING','','','','','Y','2.01303E+13','C1-4','3','');
insert into column_val (xmlid, col_xmlid, dataname, col_seq, colname, colcnname, datatype, length, precision_val, party_seq, isprimarykey, isnullable, remark, filed_type_child, sensitive_level, policyid) values ('TO_R_ADDR_INF_D_MM','TO_R_ADDR_INF_D_MM_20170931','TO_R_ADDR_INF_D_MM','31','INTSID1','第一级','STRING','','','','','Y','广州市','C1-4','3','');
insert into column_val (xmlid, col_xmlid, dataname, col_seq, colname, colcnname, datatype, length, precision_val, party_seq, isprimarykey, isnullable, remark, filed_type_child, sensitive_level, policyid) values ('TO_R_ADDR_INF_D_MM','TO_R_ADDR_INF_D_MM_20170932','TO_R_ADDR_INF_D_MM','32','INTSID2','第二级','STRING','','','','','Y','越秀区','C1-4','3','');
insert into column_val (xmlid, col_xmlid, dataname, col_seq, colname, colcnname, datatype, length, precision_val, party_seq, isprimarykey, isnullable, remark, filed_type_child, sensitive_level, policyid) values ('TO_R_ADDR_INF_D_MM','TO_R_ADDR_INF_D_MM_20170933','TO_R_ADDR_INF_D_MM','33','INTSID3','第三级','STRING','','','','','Y','站前路','C1-4','3','');
insert into column_val (xmlid, col_xmlid, dataname, col_seq, colname, colcnname, datatype, length, precision_val, party_seq, isprimarykey, isnullable, remark, filed_type_child, sensitive_level, policyid) values ('TO_R_ADDR_INF_D_MM','TO_R_ADDR_INF_D_MM_20170934','TO_R_ADDR_INF_D_MM','34','INTSID4','第四级','STRING','','','','','Y','197号','C1-4','3','');
insert into column_val (xmlid, col_xmlid, dataname, col_seq, colname, colcnname, datatype, length, precision_val, party_seq, isprimarykey, isnullable, remark, filed_type_child, sensitive_level, policyid) values ('TO_R_ADDR_INF_D_MM','TO_R_ADDR_INF_D_MM_20170935','TO_R_ADDR_INF_D_MM','35','INTSID5','第五级','STRING','','','','','Y','','C1-4','3','');
insert into column_val (xmlid, col_xmlid, dataname, col_seq, colname, colcnname, datatype, length, precision_val, party_seq, isprimarykey, isnullable, remark, filed_type_child, sensitive_level, policyid) values ('TO_R_ADDR_INF_D_MM','TO_R_ADDR_INF_D_MM_20170936','TO_R_ADDR_INF_D_MM','36','INTSID6','第六级','STRING','','','','','Y','','C1-4','3','');
insert into column_val (xmlid, col_xmlid, dataname, col_seq, colname, colcnname, datatype, length, precision_val, party_seq, isprimarykey, isnullable, remark, filed_type_child, sensitive_level, policyid) values ('TO_R_ADDR_INF_D_MM','TO_R_ADDR_INF_D_MM_20170937','TO_R_ADDR_INF_D_MM','37','INTSID7','第七级','STRING','','','','','Y','','C1-4','3','');
insert into column_val (xmlid, col_xmlid, dataname, col_seq, colname, colcnname, datatype, length, precision_val, party_seq, isprimarykey, isnullable, remark, filed_type_child, sensitive_level, policyid) values ('TO_R_ADDR_INF_D_MM','TO_R_ADDR_INF_D_MM_20170938','TO_R_ADDR_INF_D_MM','38','ADDR_TYPE_EX','ADDRTYPEEX','INT','','','','','Y','','C1-4','3','');
insert into column_val (xmlid, col_xmlid, dataname, col_seq, colname, colcnname, datatype, length, precision_val, party_seq, isprimarykey, isnullable, remark, filed_type_child, sensitive_level, policyid) values ('TO_R_ADDR_INF_D_MM','TO_R_ADDR_INF_D_MM_20170939','TO_R_ADDR_INF_D_MM','39','ADDR_TYPE_EX_2','ADDRTYPEEX_2','INT','','','','','Y','','C1-4','3','');
insert into column_val (xmlid, col_xmlid, dataname, col_seq, colname, colcnname, datatype, length, precision_val, party_seq, isprimarykey, isnullable, remark, filed_type_child, sensitive_level, policyid) values ('TO_R_ADDR_INF_D_MM','TO_R_ADDR_INF_D_MM_20170940','TO_R_ADDR_INF_D_MM','40','GREEN_LABEL','GREEN_LABEL','INT','','','','','Y','','C1-4','3','');
insert into column_val (xmlid, col_xmlid, dataname, col_seq, colname, colcnname, datatype, length, precision_val, party_seq, isprimarykey, isnullable, remark, filed_type_child, sensitive_level, policyid) values ('TO_R_ADDR_INF_D_MM','TO_R_ADDR_INF_D_MM_20170941','TO_R_ADDR_INF_D_MM','41','GRADE3ID','GRADE3ID','INT','','','','','Y','','C1-4','3','');
insert into column_val (xmlid, col_xmlid, dataname, col_seq, colname, colcnname, datatype, length, precision_val, party_seq, isprimarykey, isnullable, remark, filed_type_child, sensitive_level, policyid) values ('TO_R_ADDR_INF_D_MM','TO_R_ADDR_INF_D_MM_20170942','TO_R_ADDR_INF_D_MM','42','LONGITUDE','经度','STRING','','','','','Y','113.253285','C1-4','3','PID_all');
insert into column_val (xmlid, col_xmlid, dataname, col_seq, colname, colcnname, datatype, length, precision_val, party_seq, isprimarykey, isnullable, remark, filed_type_child, sensitive_level, policyid) values ('TO_R_ADDR_INF_D_MM','TO_R_ADDR_INF_D_MM_20170943','TO_R_ADDR_INF_D_MM','43','LATITUDE','纬度','STRING','','','','','Y','23.145451','C1-4','3','PID_all');
insert into column_val (xmlid, col_xmlid, dataname, col_seq, colname, colcnname, datatype, length, precision_val, party_seq, isprimarykey, isnullable, remark, filed_type_child, sensitive_level, policyid) values ('TO_R_ADDR_INF_D_MM','TO_R_ADDR_INF_D_MM_20170944','TO_R_ADDR_INF_D_MM','44','BELONG_CELL_ID','所属小区','STRING','','','','','Y','','C1-4','3','');
insert into column_val (xmlid, col_xmlid, dataname, col_seq, colname, colcnname, datatype, length, precision_val, party_seq, isprimarykey, isnullable, remark, filed_type_child, sensitive_level, policyid) values ('TO_R_ADDR_INF_D_MM','TO_R_ADDR_INF_D_MM_20170945','TO_R_ADDR_INF_D_MM','45','RES_TYP_CD','资源类型','SMALLINT','','','','','Y','　(1:自建宽带、2:广电宽带 （局端合作）、3:广电宽带 （末端合作）、5:第三方合作、6:第三方合作（客服服务）、9:铁通ADSL改造)','C1-4','3','');
insert into column_val (xmlid, col_xmlid, dataname, col_seq, colname, colcnname, datatype, length, precision_val, party_seq, isprimarykey, isnullable, remark, filed_type_child, sensitive_level, policyid) values ('TO_R_ADDR_INF_D_MM','TO_R_ADDR_INF_D_MM_20170946','TO_R_ADDR_INF_D_MM','46','BS_TYP','楼宇类型','SMALLINT','','','','','Y','　(1、家庭楼宇 2、商业楼宇)','C1-4','3','');
insert into column_val (xmlid, col_xmlid, dataname, col_seq, colname, colcnname, datatype, length, precision_val, party_seq, isprimarykey, isnullable, remark, filed_type_child, sensitive_level, policyid) values ('TO_R_ADDR_INF_D_MM','TO_R_ADDR_INF_D_MM_20170947','TO_R_ADDR_INF_D_MM','47','THRD_NAM','第三方名称','STRING','','','','','Y','','C1-4','3','');
insert into column_val (xmlid, col_xmlid, dataname, col_seq, colname, colcnname, datatype, length, precision_val, party_seq, isprimarykey, isnullable, remark, filed_type_child, sensitive_level, policyid) values ('TO_R_ADDR_INF_D_MM','TO_R_ADDR_INF_D_MM_20170948','TO_R_ADDR_INF_D_MM','48','THIRD_NBR','第三方联系方式','STRING','','','','','Y','','C1-4','3','');
insert into column_val (xmlid, col_xmlid, dataname, col_seq, colname, colcnname, datatype, length, precision_val, party_seq, isprimarykey, isnullable, remark, filed_type_child, sensitive_level, policyid) values ('TO_R_ADDR_INF_D_MM','TO_R_ADDR_INF_D_MM_20170949','TO_R_ADDR_INF_D_MM','49','PICTURE_LINK','图片链接','STRING','','','','','Y','','C1-4','3','');
insert into column_val (xmlid, col_xmlid, dataname, col_seq, colname, colcnname, datatype, length, precision_val, party_seq, isprimarykey, isnullable, remark, filed_type_child, sensitive_level, policyid) values ('TO_R_ADDR_INF_D_MM','TO_R_ADDR_INF_D_MM_20170950','TO_R_ADDR_INF_D_MM','50','ADDR_SOURCE','地址来源','INT','','','','','Y','　集客预覆盖流程（3）、家客预覆盖流程（4）、集客开通流程（2，esop变更为该枚举值）、资源呈现系统（1，可视化变更为该枚举值）','C1-4','3','');
insert into column_val (xmlid, col_xmlid, dataname, col_seq, colname, colcnname, datatype, length, precision_val, party_seq, isprimarykey, isnullable, remark, filed_type_child, sensitive_level, policyid) values ('TO_R_ADDR_INF_D_MM','TO_R_ADDR_INF_D_MM_20170951','TO_R_ADDR_INF_D_MM','51','STATUS','状态','INT','','','','','Y','　(1,资源录入;2,已建设楼宇;3,已开业务)','C1-4','3','');
insert into column_val (xmlid, col_xmlid, dataname, col_seq, colname, colcnname, datatype, length, precision_val, party_seq, isprimarykey, isnullable, remark, filed_type_child, sensitive_level, policyid) values ('TO_R_ADDR_INF_D_MM','TO_R_ADDR_INF_D_MM_20170952','TO_R_ADDR_INF_D_MM','52','HCOVERMODE','覆盖场景','INT','','','','','Y','　商务楼宇（1、 高价值写字楼，2、 普通写字楼，3、 专业市场，4、 机关单位、大企业、星级酒店，5、 学校、厂区、医院、政府办公区，6、 工业园厂区）家庭楼宇（7、住宅小区，8、城中村，9、独栋楼宇，10、沿街商铺，11、农村）','C1-4','3','');
insert into column_val (xmlid, col_xmlid, dataname, col_seq, colname, colcnname, datatype, length, precision_val, party_seq, isprimarykey, isnullable, remark, filed_type_child, sensitive_level, policyid) values ('TO_R_ADDR_INF_D_MM','TO_R_ADDR_INF_D_MM_20170953','TO_R_ADDR_INF_D_MM','53','REMARKS','备注','STRING','','','','','Y','','C1-4','3','');
insert into column_val (xmlid, col_xmlid, dataname, col_seq, colname, colcnname, datatype, length, precision_val, party_seq, isprimarykey, isnullable, remark, filed_type_child, sensitive_level, policyid) values ('TO_R_ADDR_INF_D_MM','TO_R_ADDR_INF_D_MM_20170954','TO_R_ADDR_INF_D_MM','54','SHIELD_OPEN_SERVICE','屏蔽开通业务','STRING','','','','','Y','（是/否，默认为否）','C1-4','3','');
insert into column_val (xmlid, col_xmlid, dataname, col_seq, colname, colcnname, datatype, length, precision_val, party_seq, isprimarykey, isnullable, remark, filed_type_child, sensitive_level, policyid) values ('TO_R_ADDR_INF_D_MM','TO_R_ADDR_INF_D_MM_20170955','TO_R_ADDR_INF_D_MM','55','CN_WAY','接入方式','STRING','','','','','Y','FTTH、FTTB','C1-4','3','');
insert into column_val (xmlid, col_xmlid, dataname, col_seq, colname, colcnname, datatype, length, precision_val, party_seq, isprimarykey, isnullable, remark, filed_type_child, sensitive_level, policyid) values ('TO_R_ADDR_INF_D_MM','TO_R_ADDR_INF_D_MM_20170956','TO_R_ADDR_INF_D_MM','56','REGION_ATTRI','地域属性','INT','','','','','Y','','C1-4','3','');
insert into column_val (xmlid, col_xmlid, dataname, col_seq, colname, colcnname, datatype, length, precision_val, party_seq, isprimarykey, isnullable, remark, filed_type_child, sensitive_level, policyid) values ('TO_R_ADDR_INF_D_MM','TO_R_ADDR_INF_D_MM_20170957','TO_R_ADDR_INF_D_MM','57','CMCC_BRANCH_CD','地市编码','STRING','','','','','Y','示例：GZ','C1-4','3','');

insert into tablefile (xmlid, dbname, dataname, datacnname, state, cycletype, topiccode, extend_cfg, rightlevel, creater, curdutyer, eff_date, state_date, team_code, open_state, remark) values ('TO_R_ADDR_INF_D_ZQ','BD_B','TO_R_ADDR_INF_D_ZQ','ODS_标准地址日全量','NEW','day','LAYERI_IRES','{"EXTERNAL":"y","LOCATION":"/tenant/BIGDATA/JCFW/JRCL/BD_B/ODS/TO_R_ADDR_INF_D/branch=ZQ","FILEFORMAT":"PARQUET","DELIMITER":"&"}','其他','谢英俊','谢英俊', TIMESTAMP '0006-10-17 12:00:00', TIMESTAMP '0006-10-17 12:00:00','f2999fd5-c34e-402e-9b28-fec9fca13044','','基础层-资源主题域');
insert into column_val (xmlid, col_xmlid, dataname, col_seq, colname, colcnname, datatype, length, precision_val, party_seq, isprimarykey, isnullable, remark, filed_type_child, sensitive_level, policyid) values ('TO_R_ADDR_INF_D_ZQ','TO_R_ADDR_INF_D_ZQ_2017091','TO_R_ADDR_INF_D_ZQ','1','ADDR_ID','地址ID','INT','','','','1','N','32596718','C1-4','3','');
insert into column_val (xmlid, col_xmlid, dataname, col_seq, colname, colcnname, datatype, length, precision_val, party_seq, isprimarykey, isnullable, remark, filed_type_child, sensitive_level, policyid) values ('TO_R_ADDR_INF_D_ZQ','TO_R_ADDR_INF_D_ZQ_2017092','TO_R_ADDR_INF_D_ZQ','2','ADDR_NAM','本级地址名称','STRING','','','','','Y','197号','C1-4','3','');
insert into column_val (xmlid, col_xmlid, dataname, col_seq, colname, colcnname, datatype, length, precision_val, party_seq, isprimarykey, isnullable, remark, filed_type_child, sensitive_level, policyid) values ('TO_R_ADDR_INF_D_ZQ','TO_R_ADDR_INF_D_ZQ_2017093','TO_R_ADDR_INF_D_ZQ','3','GRADE','地址级别','INT','','','','','Y','4','C1-4','3','');
insert into column_val (xmlid, col_xmlid, dataname, col_seq, colname, colcnname, datatype, length, precision_val, party_seq, isprimarykey, isnullable, remark, filed_type_child, sensitive_level, policyid) values ('TO_R_ADDR_INF_D_ZQ','TO_R_ADDR_INF_D_ZQ_2017094','TO_R_ADDR_INF_D_ZQ','4','JP','　JP','STRING','','','','','Y','','C1-4','3','');
insert into column_val (xmlid, col_xmlid, dataname, col_seq, colname, colcnname, datatype, length, precision_val, party_seq, isprimarykey, isnullable, remark, filed_type_child, sensitive_level, policyid) values ('TO_R_ADDR_INF_D_ZQ','TO_R_ADDR_INF_D_ZQ_2017095','TO_R_ADDR_INF_D_ZQ','5','WB','　WB','STRING','','','','','Y','','C1-4','3','');
insert into column_val (xmlid, col_xmlid, dataname, col_seq, colname, colcnname, datatype, length, precision_val, party_seq, isprimarykey, isnullable, remark, filed_type_child, sensitive_level, policyid) values ('TO_R_ADDR_INF_D_ZQ','TO_R_ADDR_INF_D_ZQ_2017096','TO_R_ADDR_INF_D_ZQ','6','SUPER_ID','父级地址ID','INT','','','','','Y','1255656','C1-4','3','');
insert into column_val (xmlid, col_xmlid, dataname, col_seq, colname, colcnname, datatype, length, precision_val, party_seq, isprimarykey, isnullable, remark, filed_type_child, sensitive_level, policyid) values ('TO_R_ADDR_INF_D_ZQ','TO_R_ADDR_INF_D_ZQ_2017097','TO_R_ADDR_INF_D_ZQ','7','ALIAS_ADDR','地址别名','STRING','','','','','Y','','C1-4','3','');
insert into column_val (xmlid, col_xmlid, dataname, col_seq, colname, colcnname, datatype, length, precision_val, party_seq, isprimarykey, isnullable, remark, filed_type_child, sensitive_level, policyid) values ('TO_R_ADDR_INF_D_ZQ','TO_R_ADDR_INF_D_ZQ_2017098','TO_R_ADDR_INF_D_ZQ','8','OLD_ADDR','旧地址','INT','','','','','Y','','C1-4','3','');
insert into column_val (xmlid, col_xmlid, dataname, col_seq, colname, colcnname, datatype, length, precision_val, party_seq, isprimarykey, isnullable, remark, filed_type_child, sensitive_level, policyid) values ('TO_R_ADDR_INF_D_ZQ','TO_R_ADDR_INF_D_ZQ_2017099','TO_R_ADDR_INF_D_ZQ','9','IS_CONFIRM','是否有效','INT','','','','','Y','1','C1-4','3','');
insert into column_val (xmlid, col_xmlid, dataname, col_seq, colname, colcnname, datatype, length, precision_val, party_seq, isprimarykey, isnullable, remark, filed_type_child, sensitive_level, policyid) values ('TO_R_ADDR_INF_D_ZQ','TO_R_ADDR_INF_D_ZQ_20170910','TO_R_ADDR_INF_D_ZQ','10','ADDR','地址全称','STRING','','','','','Y','广州市越秀区站前路197号','C1-4','3','');
insert into column_val (xmlid, col_xmlid, dataname, col_seq, colname, colcnname, datatype, length, precision_val, party_seq, isprimarykey, isnullable, remark, filed_type_child, sensitive_level, policyid) values ('TO_R_ADDR_INF_D_ZQ','TO_R_ADDR_INF_D_ZQ_20170911','TO_R_ADDR_INF_D_ZQ','11','ADDR_PY','ADDR_PY','STRING','','','','','Y','','C1-4','3','');
insert into column_val (xmlid, col_xmlid, dataname, col_seq, colname, colcnname, datatype, length, precision_val, party_seq, isprimarykey, isnullable, remark, filed_type_child, sensitive_level, policyid) values ('TO_R_ADDR_INF_D_ZQ','TO_R_ADDR_INF_D_ZQ_20170912','TO_R_ADDR_INF_D_ZQ','12','ALIAS_ADDR_PY','ALIAS_ADDR_PY','STRING','','','','','Y','','C1-4','3','');
insert into column_val (xmlid, col_xmlid, dataname, col_seq, colname, colcnname, datatype, length, precision_val, party_seq, isprimarykey, isnullable, remark, filed_type_child, sensitive_level, policyid) values ('TO_R_ADDR_INF_D_ZQ','TO_R_ADDR_INF_D_ZQ_20170913','TO_R_ADDR_INF_D_ZQ','13','CONFIRM_DATE','有效日期','STRING','','','','','Y','','C1-4','3','');
insert into column_val (xmlid, col_xmlid, dataname, col_seq, colname, colcnname, datatype, length, precision_val, party_seq, isprimarykey, isnullable, remark, filed_type_child, sensitive_level, policyid) values ('TO_R_ADDR_INF_D_ZQ','TO_R_ADDR_INF_D_ZQ_20170914','TO_R_ADDR_INF_D_ZQ','14','CONFIRM_DATE2','有效日期2','STRING','','','','','Y','','C1-4','3','');
insert into column_val (xmlid, col_xmlid, dataname, col_seq, colname, colcnname, datatype, length, precision_val, party_seq, isprimarykey, isnullable, remark, filed_type_child, sensitive_level, policyid) values ('TO_R_ADDR_INF_D_ZQ','TO_R_ADDR_INF_D_ZQ_20170915','TO_R_ADDR_INF_D_ZQ','15','AMEND','整理状态','SMALLINT','','','','','Y','(0,未整理;1,已整理)','C1-4','3','');
insert into column_val (xmlid, col_xmlid, dataname, col_seq, colname, colcnname, datatype, length, precision_val, party_seq, isprimarykey, isnullable, remark, filed_type_child, sensitive_level, policyid) values ('TO_R_ADDR_INF_D_ZQ','TO_R_ADDR_INF_D_ZQ_20170916','TO_R_ADDR_INF_D_ZQ','16','RECDATE','受理时间','STRING','','','','','Y','','C1-4','3','');
insert into column_val (xmlid, col_xmlid, dataname, col_seq, colname, colcnname, datatype, length, precision_val, party_seq, isprimarykey, isnullable, remark, filed_type_child, sensitive_level, policyid) values ('TO_R_ADDR_INF_D_ZQ','TO_R_ADDR_INF_D_ZQ_20170917','TO_R_ADDR_INF_D_ZQ','17','SUBDEP_NAME','SUBDEPNAME','STRING','','','','','Y','','C1-4','3','');
insert into column_val (xmlid, col_xmlid, dataname, col_seq, colname, colcnname, datatype, length, precision_val, party_seq, isprimarykey, isnullable, remark, filed_type_child, sensitive_level, policyid) values ('TO_R_ADDR_INF_D_ZQ','TO_R_ADDR_INF_D_ZQ_20170918','TO_R_ADDR_INF_D_ZQ','18','SYSFLAG','SYSFLAG','SMALLINT','','','','','Y','','C1-4','3','');
insert into column_val (xmlid, col_xmlid, dataname, col_seq, colname, colcnname, datatype, length, precision_val, party_seq, isprimarykey, isnullable, remark, filed_type_child, sensitive_level, policyid) values ('TO_R_ADDR_INF_D_ZQ','TO_R_ADDR_INF_D_ZQ_20170919','TO_R_ADDR_INF_D_ZQ','19','POSTNUMBER','邮政编码','STRING','','','','','Y','','C1-4','3','');
insert into column_val (xmlid, col_xmlid, dataname, col_seq, colname, colcnname, datatype, length, precision_val, party_seq, isprimarykey, isnullable, remark, filed_type_child, sensitive_level, policyid) values ('TO_R_ADDR_INF_D_ZQ','TO_R_ADDR_INF_D_ZQ_20170920','TO_R_ADDR_INF_D_ZQ','20','STYPE','STYPE','STRING','','','','','Y','','C1-4','3','');
insert into column_val (xmlid, col_xmlid, dataname, col_seq, colname, colcnname, datatype, length, precision_val, party_seq, isprimarykey, isnullable, remark, filed_type_child, sensitive_level, policyid) values ('TO_R_ADDR_INF_D_ZQ','TO_R_ADDR_INF_D_ZQ_20170921','TO_R_ADDR_INF_D_ZQ','21','NUM','NUM','STRING','','','','','Y','','C1-4','3','');
insert into column_val (xmlid, col_xmlid, dataname, col_seq, colname, colcnname, datatype, length, precision_val, party_seq, isprimarykey, isnullable, remark, filed_type_child, sensitive_level, policyid) values ('TO_R_ADDR_INF_D_ZQ','TO_R_ADDR_INF_D_ZQ_20170922','TO_R_ADDR_INF_D_ZQ','22','TAG','TAG','INT','','','','','Y','','C1-4','3','');
insert into column_val (xmlid, col_xmlid, dataname, col_seq, colname, colcnname, datatype, length, precision_val, party_seq, isprimarykey, isnullable, remark, filed_type_child, sensitive_level, policyid) values ('TO_R_ADDR_INF_D_ZQ','TO_R_ADDR_INF_D_ZQ_20170923','TO_R_ADDR_INF_D_ZQ','23','IBSS_ADDR_ID','IBSSADDRID','INT','','','','','Y','','C1-4','3','');
insert into column_val (xmlid, col_xmlid, dataname, col_seq, colname, colcnname, datatype, length, precision_val, party_seq, isprimarykey, isnullable, remark, filed_type_child, sensitive_level, policyid) values ('TO_R_ADDR_INF_D_ZQ','TO_R_ADDR_INF_D_ZQ_20170924','TO_R_ADDR_INF_D_ZQ','24','IBSEND','IBSEND','INT','','','','','Y','','C1-4','3','');
insert into column_val (xmlid, col_xmlid, dataname, col_seq, colname, colcnname, datatype, length, precision_val, party_seq, isprimarykey, isnullable, remark, filed_type_child, sensitive_level, policyid) values ('TO_R_ADDR_INF_D_ZQ','TO_R_ADDR_INF_D_ZQ_20170925','TO_R_ADDR_INF_D_ZQ','25','OLD_PARENTID','OLD_PARENTID','INT','','','','','Y','','C1-4','3','');
insert into column_val (xmlid, col_xmlid, dataname, col_seq, colname, colcnname, datatype, length, precision_val, party_seq, isprimarykey, isnullable, remark, filed_type_child, sensitive_level, policyid) values ('TO_R_ADDR_INF_D_ZQ','TO_R_ADDR_INF_D_ZQ_20170926','TO_R_ADDR_INF_D_ZQ','26','SPLIT_FLAGC','SPLIT_FLAGC','INT','','','','','Y','','C1-4','3','');
insert into column_val (xmlid, col_xmlid, dataname, col_seq, colname, colcnname, datatype, length, precision_val, party_seq, isprimarykey, isnullable, remark, filed_type_child, sensitive_level, policyid) values ('TO_R_ADDR_INF_D_ZQ','TO_R_ADDR_INF_D_ZQ_20170927','TO_R_ADDR_INF_D_ZQ','27','SPLIT_FLAG','SPLIT_FLAG','INT','','','','','Y','','C1-4','3','');
insert into column_val (xmlid, col_xmlid, dataname, col_seq, colname, colcnname, datatype, length, precision_val, party_seq, isprimarykey, isnullable, remark, filed_type_child, sensitive_level, policyid) values ('TO_R_ADDR_INF_D_ZQ','TO_R_ADDR_INF_D_ZQ_20170928','TO_R_ADDR_INF_D_ZQ','28','ADDRTYPE','ADDRTYPE','INT','','','','','Y','','C1-4','3','');
insert into column_val (xmlid, col_xmlid, dataname, col_seq, colname, colcnname, datatype, length, precision_val, party_seq, isprimarykey, isnullable, remark, filed_type_child, sensitive_level, policyid) values ('TO_R_ADDR_INF_D_ZQ','TO_R_ADDR_INF_D_ZQ_20170929','TO_R_ADDR_INF_D_ZQ','29','REGIONID','地市ID','INT','','','','','Y','200','C1-4','3','');
insert into column_val (xmlid, col_xmlid, dataname, col_seq, colname, colcnname, datatype, length, precision_val, party_seq, isprimarykey, isnullable, remark, filed_type_child, sensitive_level, policyid) values ('TO_R_ADDR_INF_D_ZQ','TO_R_ADDR_INF_D_ZQ_20170930','TO_R_ADDR_INF_D_ZQ','30','IMPORTFLAG','导入批次','STRING','','','','','Y','2.01303E+13','C1-4','3','');
insert into column_val (xmlid, col_xmlid, dataname, col_seq, colname, colcnname, datatype, length, precision_val, party_seq, isprimarykey, isnullable, remark, filed_type_child, sensitive_level, policyid) values ('TO_R_ADDR_INF_D_ZQ','TO_R_ADDR_INF_D_ZQ_20170931','TO_R_ADDR_INF_D_ZQ','31','INTSID1','第一级','STRING','','','','','Y','广州市','C1-4','3','');
insert into column_val (xmlid, col_xmlid, dataname, col_seq, colname, colcnname, datatype, length, precision_val, party_seq, isprimarykey, isnullable, remark, filed_type_child, sensitive_level, policyid) values ('TO_R_ADDR_INF_D_ZQ','TO_R_ADDR_INF_D_ZQ_20170932','TO_R_ADDR_INF_D_ZQ','32','INTSID2','第二级','STRING','','','','','Y','越秀区','C1-4','3','');
insert into column_val (xmlid, col_xmlid, dataname, col_seq, colname, colcnname, datatype, length, precision_val, party_seq, isprimarykey, isnullable, remark, filed_type_child, sensitive_level, policyid) values ('TO_R_ADDR_INF_D_ZQ','TO_R_ADDR_INF_D_ZQ_20170933','TO_R_ADDR_INF_D_ZQ','33','INTSID3','第三级','STRING','','','','','Y','站前路','C1-4','3','');
insert into column_val (xmlid, col_xmlid, dataname, col_seq, colname, colcnname, datatype, length, precision_val, party_seq, isprimarykey, isnullable, remark, filed_type_child, sensitive_level, policyid) values ('TO_R_ADDR_INF_D_ZQ','TO_R_ADDR_INF_D_ZQ_20170934','TO_R_ADDR_INF_D_ZQ','34','INTSID4','第四级','STRING','','','','','Y','197号','C1-4','3','');
insert into column_val (xmlid, col_xmlid, dataname, col_seq, colname, colcnname, datatype, length, precision_val, party_seq, isprimarykey, isnullable, remark, filed_type_child, sensitive_level, policyid) values ('TO_R_ADDR_INF_D_ZQ','TO_R_ADDR_INF_D_ZQ_20170935','TO_R_ADDR_INF_D_ZQ','35','INTSID5','第五级','STRING','','','','','Y','','C1-4','3','');
insert into column_val (xmlid, col_xmlid, dataname, col_seq, colname, colcnname, datatype, length, precision_val, party_seq, isprimarykey, isnullable, remark, filed_type_child, sensitive_level, policyid) values ('TO_R_ADDR_INF_D_ZQ','TO_R_ADDR_INF_D_ZQ_20170936','TO_R_ADDR_INF_D_ZQ','36','INTSID6','第六级','STRING','','','','','Y','','C1-4','3','');
insert into column_val (xmlid, col_xmlid, dataname, col_seq, colname, colcnname, datatype, length, precision_val, party_seq, isprimarykey, isnullable, remark, filed_type_child, sensitive_level, policyid) values ('TO_R_ADDR_INF_D_ZQ','TO_R_ADDR_INF_D_ZQ_20170937','TO_R_ADDR_INF_D_ZQ','37','INTSID7','第七级','STRING','','','','','Y','','C1-4','3','');
insert into column_val (xmlid, col_xmlid, dataname, col_seq, colname, colcnname, datatype, length, precision_val, party_seq, isprimarykey, isnullable, remark, filed_type_child, sensitive_level, policyid) values ('TO_R_ADDR_INF_D_ZQ','TO_R_ADDR_INF_D_ZQ_20170938','TO_R_ADDR_INF_D_ZQ','38','ADDR_TYPE_EX','ADDRTYPEEX','INT','','','','','Y','','C1-4','3','');
insert into column_val (xmlid, col_xmlid, dataname, col_seq, colname, colcnname, datatype, length, precision_val, party_seq, isprimarykey, isnullable, remark, filed_type_child, sensitive_level, policyid) values ('TO_R_ADDR_INF_D_ZQ','TO_R_ADDR_INF_D_ZQ_20170939','TO_R_ADDR_INF_D_ZQ','39','ADDR_TYPE_EX_2','ADDRTYPEEX_2','INT','','','','','Y','','C1-4','3','');
insert into column_val (xmlid, col_xmlid, dataname, col_seq, colname, colcnname, datatype, length, precision_val, party_seq, isprimarykey, isnullable, remark, filed_type_child, sensitive_level, policyid) values ('TO_R_ADDR_INF_D_ZQ','TO_R_ADDR_INF_D_ZQ_20170940','TO_R_ADDR_INF_D_ZQ','40','GREEN_LABEL','GREEN_LABEL','INT','','','','','Y','','C1-4','3','');
insert into column_val (xmlid, col_xmlid, dataname, col_seq, colname, colcnname, datatype, length, precision_val, party_seq, isprimarykey, isnullable, remark, filed_type_child, sensitive_level, policyid) values ('TO_R_ADDR_INF_D_ZQ','TO_R_ADDR_INF_D_ZQ_20170941','TO_R_ADDR_INF_D_ZQ','41','GRADE3ID','GRADE3ID','INT','','','','','Y','','C1-4','3','');
insert into column_val (xmlid, col_xmlid, dataname, col_seq, colname, colcnname, datatype, length, precision_val, party_seq, isprimarykey, isnullable, remark, filed_type_child, sensitive_level, policyid) values ('TO_R_ADDR_INF_D_ZQ','TO_R_ADDR_INF_D_ZQ_20170942','TO_R_ADDR_INF_D_ZQ','42','LONGITUDE','经度','STRING','','','','','Y','113.253285','C1-4','3','PID_all');
insert into column_val (xmlid, col_xmlid, dataname, col_seq, colname, colcnname, datatype, length, precision_val, party_seq, isprimarykey, isnullable, remark, filed_type_child, sensitive_level, policyid) values ('TO_R_ADDR_INF_D_ZQ','TO_R_ADDR_INF_D_ZQ_20170943','TO_R_ADDR_INF_D_ZQ','43','LATITUDE','纬度','STRING','','','','','Y','23.145451','C1-4','3','PID_all');
insert into column_val (xmlid, col_xmlid, dataname, col_seq, colname, colcnname, datatype, length, precision_val, party_seq, isprimarykey, isnullable, remark, filed_type_child, sensitive_level, policyid) values ('TO_R_ADDR_INF_D_ZQ','TO_R_ADDR_INF_D_ZQ_20170944','TO_R_ADDR_INF_D_ZQ','44','BELONG_CELL_ID','所属小区','STRING','','','','','Y','','C1-4','3','');
insert into column_val (xmlid, col_xmlid, dataname, col_seq, colname, colcnname, datatype, length, precision_val, party_seq, isprimarykey, isnullable, remark, filed_type_child, sensitive_level, policyid) values ('TO_R_ADDR_INF_D_ZQ','TO_R_ADDR_INF_D_ZQ_20170945','TO_R_ADDR_INF_D_ZQ','45','RES_TYP_CD','资源类型','SMALLINT','','','','','Y','　(1:自建宽带、2:广电宽带 （局端合作）、3:广电宽带 （末端合作）、5:第三方合作、6:第三方合作（客服服务）、9:铁通ADSL改造)','C1-4','3','');
insert into column_val (xmlid, col_xmlid, dataname, col_seq, colname, colcnname, datatype, length, precision_val, party_seq, isprimarykey, isnullable, remark, filed_type_child, sensitive_level, policyid) values ('TO_R_ADDR_INF_D_ZQ','TO_R_ADDR_INF_D_ZQ_20170946','TO_R_ADDR_INF_D_ZQ','46','BS_TYP','楼宇类型','SMALLINT','','','','','Y','　(1、家庭楼宇 2、商业楼宇)','C1-4','3','');
insert into column_val (xmlid, col_xmlid, dataname, col_seq, colname, colcnname, datatype, length, precision_val, party_seq, isprimarykey, isnullable, remark, filed_type_child, sensitive_level, policyid) values ('TO_R_ADDR_INF_D_ZQ','TO_R_ADDR_INF_D_ZQ_20170947','TO_R_ADDR_INF_D_ZQ','47','THRD_NAM','第三方名称','STRING','','','','','Y','','C1-4','3','');
insert into column_val (xmlid, col_xmlid, dataname, col_seq, colname, colcnname, datatype, length, precision_val, party_seq, isprimarykey, isnullable, remark, filed_type_child, sensitive_level, policyid) values ('TO_R_ADDR_INF_D_ZQ','TO_R_ADDR_INF_D_ZQ_20170948','TO_R_ADDR_INF_D_ZQ','48','THIRD_NBR','第三方联系方式','STRING','','','','','Y','','C1-4','3','');
insert into column_val (xmlid, col_xmlid, dataname, col_seq, colname, colcnname, datatype, length, precision_val, party_seq, isprimarykey, isnullable, remark, filed_type_child, sensitive_level, policyid) values ('TO_R_ADDR_INF_D_ZQ','TO_R_ADDR_INF_D_ZQ_20170949','TO_R_ADDR_INF_D_ZQ','49','PICTURE_LINK','图片链接','STRING','','','','','Y','','C1-4','3','');
insert into column_val (xmlid, col_xmlid, dataname, col_seq, colname, colcnname, datatype, length, precision_val, party_seq, isprimarykey, isnullable, remark, filed_type_child, sensitive_level, policyid) values ('TO_R_ADDR_INF_D_ZQ','TO_R_ADDR_INF_D_ZQ_20170950','TO_R_ADDR_INF_D_ZQ','50','ADDR_SOURCE','地址来源','INT','','','','','Y','　集客预覆盖流程（3）、家客预覆盖流程（4）、集客开通流程（2，esop变更为该枚举值）、资源呈现系统（1，可视化变更为该枚举值）','C1-4','3','');
insert into column_val (xmlid, col_xmlid, dataname, col_seq, colname, colcnname, datatype, length, precision_val, party_seq, isprimarykey, isnullable, remark, filed_type_child, sensitive_level, policyid) values ('TO_R_ADDR_INF_D_ZQ','TO_R_ADDR_INF_D_ZQ_20170951','TO_R_ADDR_INF_D_ZQ','51','STATUS','状态','INT','','','','','Y','　(1,资源录入;2,已建设楼宇;3,已开业务)','C1-4','3','');
insert into column_val (xmlid, col_xmlid, dataname, col_seq, colname, colcnname, datatype, length, precision_val, party_seq, isprimarykey, isnullable, remark, filed_type_child, sensitive_level, policyid) values ('TO_R_ADDR_INF_D_ZQ','TO_R_ADDR_INF_D_ZQ_20170952','TO_R_ADDR_INF_D_ZQ','52','HCOVERMODE','覆盖场景','INT','','','','','Y','　商务楼宇（1、 高价值写字楼，2、 普通写字楼，3、 专业市场，4、 机关单位、大企业、星级酒店，5、 学校、厂区、医院、政府办公区，6、 工业园厂区）家庭楼宇（7、住宅小区，8、城中村，9、独栋楼宇，10、沿街商铺，11、农村）','C1-4','3','');
insert into column_val (xmlid, col_xmlid, dataname, col_seq, colname, colcnname, datatype, length, precision_val, party_seq, isprimarykey, isnullable, remark, filed_type_child, sensitive_level, policyid) values ('TO_R_ADDR_INF_D_ZQ','TO_R_ADDR_INF_D_ZQ_20170953','TO_R_ADDR_INF_D_ZQ','53','REMARKS','备注','STRING','','','','','Y','','C1-4','3','');
insert into column_val (xmlid, col_xmlid, dataname, col_seq, colname, colcnname, datatype, length, precision_val, party_seq, isprimarykey, isnullable, remark, filed_type_child, sensitive_level, policyid) values ('TO_R_ADDR_INF_D_ZQ','TO_R_ADDR_INF_D_ZQ_20170954','TO_R_ADDR_INF_D_ZQ','54','SHIELD_OPEN_SERVICE','屏蔽开通业务','STRING','','','','','Y','（是/否，默认为否）','C1-4','3','');
insert into column_val (xmlid, col_xmlid, dataname, col_seq, colname, colcnname, datatype, length, precision_val, party_seq, isprimarykey, isnullable, remark, filed_type_child, sensitive_level, policyid) values ('TO_R_ADDR_INF_D_ZQ','TO_R_ADDR_INF_D_ZQ_20170955','TO_R_ADDR_INF_D_ZQ','55','CN_WAY','接入方式','STRING','','','','','Y','FTTH、FTTB','C1-4','3','');
insert into column_val (xmlid, col_xmlid, dataname, col_seq, colname, colcnname, datatype, length, precision_val, party_seq, isprimarykey, isnullable, remark, filed_type_child, sensitive_level, policyid) values ('TO_R_ADDR_INF_D_ZQ','TO_R_ADDR_INF_D_ZQ_20170956','TO_R_ADDR_INF_D_ZQ','56','REGION_ATTRI','地域属性','INT','','','','','Y','','C1-4','3','');
insert into column_val (xmlid, col_xmlid, dataname, col_seq, colname, colcnname, datatype, length, precision_val, party_seq, isprimarykey, isnullable, remark, filed_type_child, sensitive_level, policyid) values ('TO_R_ADDR_INF_D_ZQ','TO_R_ADDR_INF_D_ZQ_20170957','TO_R_ADDR_INF_D_ZQ','57','CMCC_BRANCH_CD','地市编码','STRING','','','','','Y','示例：GZ','C1-4','3','');

insert into tablefile (xmlid, dbname, dataname, datacnname, state, cycletype, topiccode, extend_cfg, rightlevel, creater, curdutyer, eff_date, state_date, team_code, open_state, remark) values ('TO_R_ADDR_INF_D_QY','BD_B','TO_R_ADDR_INF_D_QY','ODS_标准地址日全量','NEW','day','LAYERI_IRES','{"EXTERNAL":"y","LOCATION":"/tenant/BIGDATA/JCFW/JRCL/BD_B/ODS/TO_R_ADDR_INF_D/branch=QY","FILEFORMAT":"PARQUET","DELIMITER":"&"}','其他','谢英俊','谢英俊', TIMESTAMP '0006-10-17 12:00:00', TIMESTAMP '0006-10-17 12:00:00','f2999fd5-c34e-402e-9b28-fec9fca13044','','基础层-资源主题域');
insert into column_val (xmlid, col_xmlid, dataname, col_seq, colname, colcnname, datatype, length, precision_val, party_seq, isprimarykey, isnullable, remark, filed_type_child, sensitive_level, policyid) values ('TO_R_ADDR_INF_D_QY','TO_R_ADDR_INF_D_QY_2017091','TO_R_ADDR_INF_D_QY','1','ADDR_ID','地址ID','INT','','','','1','N','32596718','C1-4','3','');
insert into column_val (xmlid, col_xmlid, dataname, col_seq, colname, colcnname, datatype, length, precision_val, party_seq, isprimarykey, isnullable, remark, filed_type_child, sensitive_level, policyid) values ('TO_R_ADDR_INF_D_QY','TO_R_ADDR_INF_D_QY_2017092','TO_R_ADDR_INF_D_QY','2','ADDR_NAM','本级地址名称','STRING','','','','','Y','197号','C1-4','3','');
insert into column_val (xmlid, col_xmlid, dataname, col_seq, colname, colcnname, datatype, length, precision_val, party_seq, isprimarykey, isnullable, remark, filed_type_child, sensitive_level, policyid) values ('TO_R_ADDR_INF_D_QY','TO_R_ADDR_INF_D_QY_2017093','TO_R_ADDR_INF_D_QY','3','GRADE','地址级别','INT','','','','','Y','4','C1-4','3','');
insert into column_val (xmlid, col_xmlid, dataname, col_seq, colname, colcnname, datatype, length, precision_val, party_seq, isprimarykey, isnullable, remark, filed_type_child, sensitive_level, policyid) values ('TO_R_ADDR_INF_D_QY','TO_R_ADDR_INF_D_QY_2017094','TO_R_ADDR_INF_D_QY','4','JP','　JP','STRING','','','','','Y','','C1-4','3','');
insert into column_val (xmlid, col_xmlid, dataname, col_seq, colname, colcnname, datatype, length, precision_val, party_seq, isprimarykey, isnullable, remark, filed_type_child, sensitive_level, policyid) values ('TO_R_ADDR_INF_D_QY','TO_R_ADDR_INF_D_QY_2017095','TO_R_ADDR_INF_D_QY','5','WB','　WB','STRING','','','','','Y','','C1-4','3','');
insert into column_val (xmlid, col_xmlid, dataname, col_seq, colname, colcnname, datatype, length, precision_val, party_seq, isprimarykey, isnullable, remark, filed_type_child, sensitive_level, policyid) values ('TO_R_ADDR_INF_D_QY','TO_R_ADDR_INF_D_QY_2017096','TO_R_ADDR_INF_D_QY','6','SUPER_ID','父级地址ID','INT','','','','','Y','1255656','C1-4','3','');
insert into column_val (xmlid, col_xmlid, dataname, col_seq, colname, colcnname, datatype, length, precision_val, party_seq, isprimarykey, isnullable, remark, filed_type_child, sensitive_level, policyid) values ('TO_R_ADDR_INF_D_QY','TO_R_ADDR_INF_D_QY_2017097','TO_R_ADDR_INF_D_QY','7','ALIAS_ADDR','地址别名','STRING','','','','','Y','','C1-4','3','');
insert into column_val (xmlid, col_xmlid, dataname, col_seq, colname, colcnname, datatype, length, precision_val, party_seq, isprimarykey, isnullable, remark, filed_type_child, sensitive_level, policyid) values ('TO_R_ADDR_INF_D_QY','TO_R_ADDR_INF_D_QY_2017098','TO_R_ADDR_INF_D_QY','8','OLD_ADDR','旧地址','INT','','','','','Y','','C1-4','3','');
insert into column_val (xmlid, col_xmlid, dataname, col_seq, colname, colcnname, datatype, length, precision_val, party_seq, isprimarykey, isnullable, remark, filed_type_child, sensitive_level, policyid) values ('TO_R_ADDR_INF_D_QY','TO_R_ADDR_INF_D_QY_2017099','TO_R_ADDR_INF_D_QY','9','IS_CONFIRM','是否有效','INT','','','','','Y','1','C1-4','3','');
insert into column_val (xmlid, col_xmlid, dataname, col_seq, colname, colcnname, datatype, length, precision_val, party_seq, isprimarykey, isnullable, remark, filed_type_child, sensitive_level, policyid) values ('TO_R_ADDR_INF_D_QY','TO_R_ADDR_INF_D_QY_20170910','TO_R_ADDR_INF_D_QY','10','ADDR','地址全称','STRING','','','','','Y','广州市越秀区站前路197号','C1-4','3','');
insert into column_val (xmlid, col_xmlid, dataname, col_seq, colname, colcnname, datatype, length, precision_val, party_seq, isprimarykey, isnullable, remark, filed_type_child, sensitive_level, policyid) values ('TO_R_ADDR_INF_D_QY','TO_R_ADDR_INF_D_QY_20170911','TO_R_ADDR_INF_D_QY','11','ADDR_PY','ADDR_PY','STRING','','','','','Y','','C1-4','3','');
insert into column_val (xmlid, col_xmlid, dataname, col_seq, colname, colcnname, datatype, length, precision_val, party_seq, isprimarykey, isnullable, remark, filed_type_child, sensitive_level, policyid) values ('TO_R_ADDR_INF_D_QY','TO_R_ADDR_INF_D_QY_20170912','TO_R_ADDR_INF_D_QY','12','ALIAS_ADDR_PY','ALIAS_ADDR_PY','STRING','','','','','Y','','C1-4','3','');
insert into column_val (xmlid, col_xmlid, dataname, col_seq, colname, colcnname, datatype, length, precision_val, party_seq, isprimarykey, isnullable, remark, filed_type_child, sensitive_level, policyid) values ('TO_R_ADDR_INF_D_QY','TO_R_ADDR_INF_D_QY_20170913','TO_R_ADDR_INF_D_QY','13','CONFIRM_DATE','有效日期','STRING','','','','','Y','','C1-4','3','');
insert into column_val (xmlid, col_xmlid, dataname, col_seq, colname, colcnname, datatype, length, precision_val, party_seq, isprimarykey, isnullable, remark, filed_type_child, sensitive_level, policyid) values ('TO_R_ADDR_INF_D_QY','TO_R_ADDR_INF_D_QY_20170914','TO_R_ADDR_INF_D_QY','14','CONFIRM_DATE2','有效日期2','STRING','','','','','Y','','C1-4','3','');
insert into column_val (xmlid, col_xmlid, dataname, col_seq, colname, colcnname, datatype, length, precision_val, party_seq, isprimarykey, isnullable, remark, filed_type_child, sensitive_level, policyid) values ('TO_R_ADDR_INF_D_QY','TO_R_ADDR_INF_D_QY_20170915','TO_R_ADDR_INF_D_QY','15','AMEND','整理状态','SMALLINT','','','','','Y','(0,未整理;1,已整理)','C1-4','3','');
insert into column_val (xmlid, col_xmlid, dataname, col_seq, colname, colcnname, datatype, length, precision_val, party_seq, isprimarykey, isnullable, remark, filed_type_child, sensitive_level, policyid) values ('TO_R_ADDR_INF_D_QY','TO_R_ADDR_INF_D_QY_20170916','TO_R_ADDR_INF_D_QY','16','RECDATE','受理时间','STRING','','','','','Y','','C1-4','3','');
insert into column_val (xmlid, col_xmlid, dataname, col_seq, colname, colcnname, datatype, length, precision_val, party_seq, isprimarykey, isnullable, remark, filed_type_child, sensitive_level, policyid) values ('TO_R_ADDR_INF_D_QY','TO_R_ADDR_INF_D_QY_20170917','TO_R_ADDR_INF_D_QY','17','SUBDEP_NAME','SUBDEPNAME','STRING','','','','','Y','','C1-4','3','');
insert into column_val (xmlid, col_xmlid, dataname, col_seq, colname, colcnname, datatype, length, precision_val, party_seq, isprimarykey, isnullable, remark, filed_type_child, sensitive_level, policyid) values ('TO_R_ADDR_INF_D_QY','TO_R_ADDR_INF_D_QY_20170918','TO_R_ADDR_INF_D_QY','18','SYSFLAG','SYSFLAG','SMALLINT','','','','','Y','','C1-4','3','');
insert into column_val (xmlid, col_xmlid, dataname, col_seq, colname, colcnname, datatype, length, precision_val, party_seq, isprimarykey, isnullable, remark, filed_type_child, sensitive_level, policyid) values ('TO_R_ADDR_INF_D_QY','TO_R_ADDR_INF_D_QY_20170919','TO_R_ADDR_INF_D_QY','19','POSTNUMBER','邮政编码','STRING','','','','','Y','','C1-4','3','');
insert into column_val (xmlid, col_xmlid, dataname, col_seq, colname, colcnname, datatype, length, precision_val, party_seq, isprimarykey, isnullable, remark, filed_type_child, sensitive_level, policyid) values ('TO_R_ADDR_INF_D_QY','TO_R_ADDR_INF_D_QY_20170920','TO_R_ADDR_INF_D_QY','20','STYPE','STYPE','STRING','','','','','Y','','C1-4','3','');
insert into column_val (xmlid, col_xmlid, dataname, col_seq, colname, colcnname, datatype, length, precision_val, party_seq, isprimarykey, isnullable, remark, filed_type_child, sensitive_level, policyid) values ('TO_R_ADDR_INF_D_QY','TO_R_ADDR_INF_D_QY_20170921','TO_R_ADDR_INF_D_QY','21','NUM','NUM','STRING','','','','','Y','','C1-4','3','');
insert into column_val (xmlid, col_xmlid, dataname, col_seq, colname, colcnname, datatype, length, precision_val, party_seq, isprimarykey, isnullable, remark, filed_type_child, sensitive_level, policyid) values ('TO_R_ADDR_INF_D_QY','TO_R_ADDR_INF_D_QY_20170922','TO_R_ADDR_INF_D_QY','22','TAG','TAG','INT','','','','','Y','','C1-4','3','');
insert into column_val (xmlid, col_xmlid, dataname, col_seq, colname, colcnname, datatype, length, precision_val, party_seq, isprimarykey, isnullable, remark, filed_type_child, sensitive_level, policyid) values ('TO_R_ADDR_INF_D_QY','TO_R_ADDR_INF_D_QY_20170923','TO_R_ADDR_INF_D_QY','23','IBSS_ADDR_ID','IBSSADDRID','INT','','','','','Y','','C1-4','3','');
insert into column_val (xmlid, col_xmlid, dataname, col_seq, colname, colcnname, datatype, length, precision_val, party_seq, isprimarykey, isnullable, remark, filed_type_child, sensitive_level, policyid) values ('TO_R_ADDR_INF_D_QY','TO_R_ADDR_INF_D_QY_20170924','TO_R_ADDR_INF_D_QY','24','IBSEND','IBSEND','INT','','','','','Y','','C1-4','3','');
insert into column_val (xmlid, col_xmlid, dataname, col_seq, colname, colcnname, datatype, length, precision_val, party_seq, isprimarykey, isnullable, remark, filed_type_child, sensitive_level, policyid) values ('TO_R_ADDR_INF_D_QY','TO_R_ADDR_INF_D_QY_20170925','TO_R_ADDR_INF_D_QY','25','OLD_PARENTID','OLD_PARENTID','INT','','','','','Y','','C1-4','3','');
insert into column_val (xmlid, col_xmlid, dataname, col_seq, colname, colcnname, datatype, length, precision_val, party_seq, isprimarykey, isnullable, remark, filed_type_child, sensitive_level, policyid) values ('TO_R_ADDR_INF_D_QY','TO_R_ADDR_INF_D_QY_20170926','TO_R_ADDR_INF_D_QY','26','SPLIT_FLAGC','SPLIT_FLAGC','INT','','','','','Y','','C1-4','3','');
insert into column_val (xmlid, col_xmlid, dataname, col_seq, colname, colcnname, datatype, length, precision_val, party_seq, isprimarykey, isnullable, remark, filed_type_child, sensitive_level, policyid) values ('TO_R_ADDR_INF_D_QY','TO_R_ADDR_INF_D_QY_20170927','TO_R_ADDR_INF_D_QY','27','SPLIT_FLAG','SPLIT_FLAG','INT','','','','','Y','','C1-4','3','');
insert into column_val (xmlid, col_xmlid, dataname, col_seq, colname, colcnname, datatype, length, precision_val, party_seq, isprimarykey, isnullable, remark, filed_type_child, sensitive_level, policyid) values ('TO_R_ADDR_INF_D_QY','TO_R_ADDR_INF_D_QY_20170928','TO_R_ADDR_INF_D_QY','28','ADDRTYPE','ADDRTYPE','INT','','','','','Y','','C1-4','3','');
insert into column_val (xmlid, col_xmlid, dataname, col_seq, colname, colcnname, datatype, length, precision_val, party_seq, isprimarykey, isnullable, remark, filed_type_child, sensitive_level, policyid) values ('TO_R_ADDR_INF_D_QY','TO_R_ADDR_INF_D_QY_20170929','TO_R_ADDR_INF_D_QY','29','REGIONID','地市ID','INT','','','','','Y','200','C1-4','3','');
insert into column_val (xmlid, col_xmlid, dataname, col_seq, colname, colcnname, datatype, length, precision_val, party_seq, isprimarykey, isnullable, remark, filed_type_child, sensitive_level, policyid) values ('TO_R_ADDR_INF_D_QY','TO_R_ADDR_INF_D_QY_20170930','TO_R_ADDR_INF_D_QY','30','IMPORTFLAG','导入批次','STRING','','','','','Y','2.01303E+13','C1-4','3','');
insert into column_val (xmlid, col_xmlid, dataname, col_seq, colname, colcnname, datatype, length, precision_val, party_seq, isprimarykey, isnullable, remark, filed_type_child, sensitive_level, policyid) values ('TO_R_ADDR_INF_D_QY','TO_R_ADDR_INF_D_QY_20170931','TO_R_ADDR_INF_D_QY','31','INTSID1','第一级','STRING','','','','','Y','广州市','C1-4','3','');
insert into column_val (xmlid, col_xmlid, dataname, col_seq, colname, colcnname, datatype, length, precision_val, party_seq, isprimarykey, isnullable, remark, filed_type_child, sensitive_level, policyid) values ('TO_R_ADDR_INF_D_QY','TO_R_ADDR_INF_D_QY_20170932','TO_R_ADDR_INF_D_QY','32','INTSID2','第二级','STRING','','','','','Y','越秀区','C1-4','3','');
insert into column_val (xmlid, col_xmlid, dataname, col_seq, colname, colcnname, datatype, length, precision_val, party_seq, isprimarykey, isnullable, remark, filed_type_child, sensitive_level, policyid) values ('TO_R_ADDR_INF_D_QY','TO_R_ADDR_INF_D_QY_20170933','TO_R_ADDR_INF_D_QY','33','INTSID3','第三级','STRING','','','','','Y','站前路','C1-4','3','');
insert into column_val (xmlid, col_xmlid, dataname, col_seq, colname, colcnname, datatype, length, precision_val, party_seq, isprimarykey, isnullable, remark, filed_type_child, sensitive_level, policyid) values ('TO_R_ADDR_INF_D_QY','TO_R_ADDR_INF_D_QY_20170934','TO_R_ADDR_INF_D_QY','34','INTSID4','第四级','STRING','','','','','Y','197号','C1-4','3','');
insert into column_val (xmlid, col_xmlid, dataname, col_seq, colname, colcnname, datatype, length, precision_val, party_seq, isprimarykey, isnullable, remark, filed_type_child, sensitive_level, policyid) values ('TO_R_ADDR_INF_D_QY','TO_R_ADDR_INF_D_QY_20170935','TO_R_ADDR_INF_D_QY','35','INTSID5','第五级','STRING','','','','','Y','','C1-4','3','');
insert into column_val (xmlid, col_xmlid, dataname, col_seq, colname, colcnname, datatype, length, precision_val, party_seq, isprimarykey, isnullable, remark, filed_type_child, sensitive_level, policyid) values ('TO_R_ADDR_INF_D_QY','TO_R_ADDR_INF_D_QY_20170936','TO_R_ADDR_INF_D_QY','36','INTSID6','第六级','STRING','','','','','Y','','C1-4','3','');
insert into column_val (xmlid, col_xmlid, dataname, col_seq, colname, colcnname, datatype, length, precision_val, party_seq, isprimarykey, isnullable, remark, filed_type_child, sensitive_level, policyid) values ('TO_R_ADDR_INF_D_QY','TO_R_ADDR_INF_D_QY_20170937','TO_R_ADDR_INF_D_QY','37','INTSID7','第七级','STRING','','','','','Y','','C1-4','3','');
insert into column_val (xmlid, col_xmlid, dataname, col_seq, colname, colcnname, datatype, length, precision_val, party_seq, isprimarykey, isnullable, remark, filed_type_child, sensitive_level, policyid) values ('TO_R_ADDR_INF_D_QY','TO_R_ADDR_INF_D_QY_20170938','TO_R_ADDR_INF_D_QY','38','ADDR_TYPE_EX','ADDRTYPEEX','INT','','','','','Y','','C1-4','3','');
insert into column_val (xmlid, col_xmlid, dataname, col_seq, colname, colcnname, datatype, length, precision_val, party_seq, isprimarykey, isnullable, remark, filed_type_child, sensitive_level, policyid) values ('TO_R_ADDR_INF_D_QY','TO_R_ADDR_INF_D_QY_20170939','TO_R_ADDR_INF_D_QY','39','ADDR_TYPE_EX_2','ADDRTYPEEX_2','INT','','','','','Y','','C1-4','3','');
insert into column_val (xmlid, col_xmlid, dataname, col_seq, colname, colcnname, datatype, length, precision_val, party_seq, isprimarykey, isnullable, remark, filed_type_child, sensitive_level, policyid) values ('TO_R_ADDR_INF_D_QY','TO_R_ADDR_INF_D_QY_20170940','TO_R_ADDR_INF_D_QY','40','GREEN_LABEL','GREEN_LABEL','INT','','','','','Y','','C1-4','3','');
insert into column_val (xmlid, col_xmlid, dataname, col_seq, colname, colcnname, datatype, length, precision_val, party_seq, isprimarykey, isnullable, remark, filed_type_child, sensitive_level, policyid) values ('TO_R_ADDR_INF_D_QY','TO_R_ADDR_INF_D_QY_20170941','TO_R_ADDR_INF_D_QY','41','GRADE3ID','GRADE3ID','INT','','','','','Y','','C1-4','3','');
insert into column_val (xmlid, col_xmlid, dataname, col_seq, colname, colcnname, datatype, length, precision_val, party_seq, isprimarykey, isnullable, remark, filed_type_child, sensitive_level, policyid) values ('TO_R_ADDR_INF_D_QY','TO_R_ADDR_INF_D_QY_20170942','TO_R_ADDR_INF_D_QY','42','LONGITUDE','经度','STRING','','','','','Y','113.253285','C1-4','3','PID_all');
insert into column_val (xmlid, col_xmlid, dataname, col_seq, colname, colcnname, datatype, length, precision_val, party_seq, isprimarykey, isnullable, remark, filed_type_child, sensitive_level, policyid) values ('TO_R_ADDR_INF_D_QY','TO_R_ADDR_INF_D_QY_20170943','TO_R_ADDR_INF_D_QY','43','LATITUDE','纬度','STRING','','','','','Y','23.145451','C1-4','3','PID_all');
insert into column_val (xmlid, col_xmlid, dataname, col_seq, colname, colcnname, datatype, length, precision_val, party_seq, isprimarykey, isnullable, remark, filed_type_child, sensitive_level, policyid) values ('TO_R_ADDR_INF_D_QY','TO_R_ADDR_INF_D_QY_20170944','TO_R_ADDR_INF_D_QY','44','BELONG_CELL_ID','所属小区','STRING','','','','','Y','','C1-4','3','');
insert into column_val (xmlid, col_xmlid, dataname, col_seq, colname, colcnname, datatype, length, precision_val, party_seq, isprimarykey, isnullable, remark, filed_type_child, sensitive_level, policyid) values ('TO_R_ADDR_INF_D_QY','TO_R_ADDR_INF_D_QY_20170945','TO_R_ADDR_INF_D_QY','45','RES_TYP_CD','资源类型','SMALLINT','','','','','Y','　(1:自建宽带、2:广电宽带 （局端合作）、3:广电宽带 （末端合作）、5:第三方合作、6:第三方合作（客服服务）、9:铁通ADSL改造)','C1-4','3','');
insert into column_val (xmlid, col_xmlid, dataname, col_seq, colname, colcnname, datatype, length, precision_val, party_seq, isprimarykey, isnullable, remark, filed_type_child, sensitive_level, policyid) values ('TO_R_ADDR_INF_D_QY','TO_R_ADDR_INF_D_QY_20170946','TO_R_ADDR_INF_D_QY','46','BS_TYP','楼宇类型','SMALLINT','','','','','Y','　(1、家庭楼宇 2、商业楼宇)','C1-4','3','');
insert into column_val (xmlid, col_xmlid, dataname, col_seq, colname, colcnname, datatype, length, precision_val, party_seq, isprimarykey, isnullable, remark, filed_type_child, sensitive_level, policyid) values ('TO_R_ADDR_INF_D_QY','TO_R_ADDR_INF_D_QY_20170947','TO_R_ADDR_INF_D_QY','47','THRD_NAM','第三方名称','STRING','','','','','Y','','C1-4','3','');
insert into column_val (xmlid, col_xmlid, dataname, col_seq, colname, colcnname, datatype, length, precision_val, party_seq, isprimarykey, isnullable, remark, filed_type_child, sensitive_level, policyid) values ('TO_R_ADDR_INF_D_QY','TO_R_ADDR_INF_D_QY_20170948','TO_R_ADDR_INF_D_QY','48','THIRD_NBR','第三方联系方式','STRING','','','','','Y','','C1-4','3','');
insert into column_val (xmlid, col_xmlid, dataname, col_seq, colname, colcnname, datatype, length, precision_val, party_seq, isprimarykey, isnullable, remark, filed_type_child, sensitive_level, policyid) values ('TO_R_ADDR_INF_D_QY','TO_R_ADDR_INF_D_QY_20170949','TO_R_ADDR_INF_D_QY','49','PICTURE_LINK','图片链接','STRING','','','','','Y','','C1-4','3','');
insert into column_val (xmlid, col_xmlid, dataname, col_seq, colname, colcnname, datatype, length, precision_val, party_seq, isprimarykey, isnullable, remark, filed_type_child, sensitive_level, policyid) values ('TO_R_ADDR_INF_D_QY','TO_R_ADDR_INF_D_QY_20170950','TO_R_ADDR_INF_D_QY','50','ADDR_SOURCE','地址来源','INT','','','','','Y','　集客预覆盖流程（3）、家客预覆盖流程（4）、集客开通流程（2，esop变更为该枚举值）、资源呈现系统（1，可视化变更为该枚举值）','C1-4','3','');
insert into column_val (xmlid, col_xmlid, dataname, col_seq, colname, colcnname, datatype, length, precision_val, party_seq, isprimarykey, isnullable, remark, filed_type_child, sensitive_level, policyid) values ('TO_R_ADDR_INF_D_QY','TO_R_ADDR_INF_D_QY_20170951','TO_R_ADDR_INF_D_QY','51','STATUS','状态','INT','','','','','Y','　(1,资源录入;2,已建设楼宇;3,已开业务)','C1-4','3','');
insert into column_val (xmlid, col_xmlid, dataname, col_seq, colname, colcnname, datatype, length, precision_val, party_seq, isprimarykey, isnullable, remark, filed_type_child, sensitive_level, policyid) values ('TO_R_ADDR_INF_D_QY','TO_R_ADDR_INF_D_QY_20170952','TO_R_ADDR_INF_D_QY','52','HCOVERMODE','覆盖场景','INT','','','','','Y','　商务楼宇（1、 高价值写字楼，2、 普通写字楼，3、 专业市场，4、 机关单位、大企业、星级酒店，5、 学校、厂区、医院、政府办公区，6、 工业园厂区）家庭楼宇（7、住宅小区，8、城中村，9、独栋楼宇，10、沿街商铺，11、农村）','C1-4','3','');
insert into column_val (xmlid, col_xmlid, dataname, col_seq, colname, colcnname, datatype, length, precision_val, party_seq, isprimarykey, isnullable, remark, filed_type_child, sensitive_level, policyid) values ('TO_R_ADDR_INF_D_QY','TO_R_ADDR_INF_D_QY_20170953','TO_R_ADDR_INF_D_QY','53','REMARKS','备注','STRING','','','','','Y','','C1-4','3','');
insert into column_val (xmlid, col_xmlid, dataname, col_seq, colname, colcnname, datatype, length, precision_val, party_seq, isprimarykey, isnullable, remark, filed_type_child, sensitive_level, policyid) values ('TO_R_ADDR_INF_D_QY','TO_R_ADDR_INF_D_QY_20170954','TO_R_ADDR_INF_D_QY','54','SHIELD_OPEN_SERVICE','屏蔽开通业务','STRING','','','','','Y','（是/否，默认为否）','C1-4','3','');
insert into column_val (xmlid, col_xmlid, dataname, col_seq, colname, colcnname, datatype, length, precision_val, party_seq, isprimarykey, isnullable, remark, filed_type_child, sensitive_level, policyid) values ('TO_R_ADDR_INF_D_QY','TO_R_ADDR_INF_D_QY_20170955','TO_R_ADDR_INF_D_QY','55','CN_WAY','接入方式','STRING','','','','','Y','FTTH、FTTB','C1-4','3','');
insert into column_val (xmlid, col_xmlid, dataname, col_seq, colname, colcnname, datatype, length, precision_val, party_seq, isprimarykey, isnullable, remark, filed_type_child, sensitive_level, policyid) values ('TO_R_ADDR_INF_D_QY','TO_R_ADDR_INF_D_QY_20170956','TO_R_ADDR_INF_D_QY','56','REGION_ATTRI','地域属性','INT','','','','','Y','','C1-4','3','');
insert into column_val (xmlid, col_xmlid, dataname, col_seq, colname, colcnname, datatype, length, precision_val, party_seq, isprimarykey, isnullable, remark, filed_type_child, sensitive_level, policyid) values ('TO_R_ADDR_INF_D_QY','TO_R_ADDR_INF_D_QY_20170957','TO_R_ADDR_INF_D_QY','57','CMCC_BRANCH_CD','地市编码','STRING','','','','','Y','示例：GZ','C1-4','3','');

insert into tablefile (xmlid, dbname, dataname, datacnname, state, cycletype, topiccode, extend_cfg, rightlevel, creater, curdutyer, eff_date, state_date, team_code, open_state, remark) values ('TO_R_ADDR_INF_D_CZ','BD_B','TO_R_ADDR_INF_D_CZ','ODS_标准地址日全量','NEW','day','LAYERI_IRES','{"EXTERNAL":"y","LOCATION":"/tenant/BIGDATA/JCFW/JRCL/BD_B/ODS/TO_R_ADDR_INF_D/branch=CZ","FILEFORMAT":"PARQUET","DELIMITER":"&"}','其他','谢英俊','谢英俊', TIMESTAMP '0006-10-17 12:00:00', TIMESTAMP '0006-10-17 12:00:00','f2999fd5-c34e-402e-9b28-fec9fca13044','','基础层-资源主题域');
insert into column_val (xmlid, col_xmlid, dataname, col_seq, colname, colcnname, datatype, length, precision_val, party_seq, isprimarykey, isnullable, remark, filed_type_child, sensitive_level, policyid) values ('TO_R_ADDR_INF_D_CZ','TO_R_ADDR_INF_D_CZ_2017091','TO_R_ADDR_INF_D_CZ','1','ADDR_ID','地址ID','INT','','','','1','N','32596718','C1-4','3','');
insert into column_val (xmlid, col_xmlid, dataname, col_seq, colname, colcnname, datatype, length, precision_val, party_seq, isprimarykey, isnullable, remark, filed_type_child, sensitive_level, policyid) values ('TO_R_ADDR_INF_D_CZ','TO_R_ADDR_INF_D_CZ_2017092','TO_R_ADDR_INF_D_CZ','2','ADDR_NAM','本级地址名称','STRING','','','','','Y','197号','C1-4','3','');
insert into column_val (xmlid, col_xmlid, dataname, col_seq, colname, colcnname, datatype, length, precision_val, party_seq, isprimarykey, isnullable, remark, filed_type_child, sensitive_level, policyid) values ('TO_R_ADDR_INF_D_CZ','TO_R_ADDR_INF_D_CZ_2017093','TO_R_ADDR_INF_D_CZ','3','GRADE','地址级别','INT','','','','','Y','4','C1-4','3','');
insert into column_val (xmlid, col_xmlid, dataname, col_seq, colname, colcnname, datatype, length, precision_val, party_seq, isprimarykey, isnullable, remark, filed_type_child, sensitive_level, policyid) values ('TO_R_ADDR_INF_D_CZ','TO_R_ADDR_INF_D_CZ_2017094','TO_R_ADDR_INF_D_CZ','4','JP','　JP','STRING','','','','','Y','','C1-4','3','');
insert into column_val (xmlid, col_xmlid, dataname, col_seq, colname, colcnname, datatype, length, precision_val, party_seq, isprimarykey, isnullable, remark, filed_type_child, sensitive_level, policyid) values ('TO_R_ADDR_INF_D_CZ','TO_R_ADDR_INF_D_CZ_2017095','TO_R_ADDR_INF_D_CZ','5','WB','　WB','STRING','','','','','Y','','C1-4','3','');
insert into column_val (xmlid, col_xmlid, dataname, col_seq, colname, colcnname, datatype, length, precision_val, party_seq, isprimarykey, isnullable, remark, filed_type_child, sensitive_level, policyid) values ('TO_R_ADDR_INF_D_CZ','TO_R_ADDR_INF_D_CZ_2017096','TO_R_ADDR_INF_D_CZ','6','SUPER_ID','父级地址ID','INT','','','','','Y','1255656','C1-4','3','');
insert into column_val (xmlid, col_xmlid, dataname, col_seq, colname, colcnname, datatype, length, precision_val, party_seq, isprimarykey, isnullable, remark, filed_type_child, sensitive_level, policyid) values ('TO_R_ADDR_INF_D_CZ','TO_R_ADDR_INF_D_CZ_2017097','TO_R_ADDR_INF_D_CZ','7','ALIAS_ADDR','地址别名','STRING','','','','','Y','','C1-4','3','');
insert into column_val (xmlid, col_xmlid, dataname, col_seq, colname, colcnname, datatype, length, precision_val, party_seq, isprimarykey, isnullable, remark, filed_type_child, sensitive_level, policyid) values ('TO_R_ADDR_INF_D_CZ','TO_R_ADDR_INF_D_CZ_2017098','TO_R_ADDR_INF_D_CZ','8','OLD_ADDR','旧地址','INT','','','','','Y','','C1-4','3','');
insert into column_val (xmlid, col_xmlid, dataname, col_seq, colname, colcnname, datatype, length, precision_val, party_seq, isprimarykey, isnullable, remark, filed_type_child, sensitive_level, policyid) values ('TO_R_ADDR_INF_D_CZ','TO_R_ADDR_INF_D_CZ_2017099','TO_R_ADDR_INF_D_CZ','9','IS_CONFIRM','是否有效','INT','','','','','Y','1','C1-4','3','');
insert into column_val (xmlid, col_xmlid, dataname, col_seq, colname, colcnname, datatype, length, precision_val, party_seq, isprimarykey, isnullable, remark, filed_type_child, sensitive_level, policyid) values ('TO_R_ADDR_INF_D_CZ','TO_R_ADDR_INF_D_CZ_20170910','TO_R_ADDR_INF_D_CZ','10','ADDR','地址全称','STRING','','','','','Y','广州市越秀区站前路197号','C1-4','3','');
insert into column_val (xmlid, col_xmlid, dataname, col_seq, colname, colcnname, datatype, length, precision_val, party_seq, isprimarykey, isnullable, remark, filed_type_child, sensitive_level, policyid) values ('TO_R_ADDR_INF_D_CZ','TO_R_ADDR_INF_D_CZ_20170911','TO_R_ADDR_INF_D_CZ','11','ADDR_PY','ADDR_PY','STRING','','','','','Y','','C1-4','3','');
insert into column_val (xmlid, col_xmlid, dataname, col_seq, colname, colcnname, datatype, length, precision_val, party_seq, isprimarykey, isnullable, remark, filed_type_child, sensitive_level, policyid) values ('TO_R_ADDR_INF_D_CZ','TO_R_ADDR_INF_D_CZ_20170912','TO_R_ADDR_INF_D_CZ','12','ALIAS_ADDR_PY','ALIAS_ADDR_PY','STRING','','','','','Y','','C1-4','3','');
insert into column_val (xmlid, col_xmlid, dataname, col_seq, colname, colcnname, datatype, length, precision_val, party_seq, isprimarykey, isnullable, remark, filed_type_child, sensitive_level, policyid) values ('TO_R_ADDR_INF_D_CZ','TO_R_ADDR_INF_D_CZ_20170913','TO_R_ADDR_INF_D_CZ','13','CONFIRM_DATE','有效日期','STRING','','','','','Y','','C1-4','3','');
insert into column_val (xmlid, col_xmlid, dataname, col_seq, colname, colcnname, datatype, length, precision_val, party_seq, isprimarykey, isnullable, remark, filed_type_child, sensitive_level, policyid) values ('TO_R_ADDR_INF_D_CZ','TO_R_ADDR_INF_D_CZ_20170914','TO_R_ADDR_INF_D_CZ','14','CONFIRM_DATE2','有效日期2','STRING','','','','','Y','','C1-4','3','');
insert into column_val (xmlid, col_xmlid, dataname, col_seq, colname, colcnname, datatype, length, precision_val, party_seq, isprimarykey, isnullable, remark, filed_type_child, sensitive_level, policyid) values ('TO_R_ADDR_INF_D_CZ','TO_R_ADDR_INF_D_CZ_20170915','TO_R_ADDR_INF_D_CZ','15','AMEND','整理状态','SMALLINT','','','','','Y','(0,未整理;1,已整理)','C1-4','3','');
insert into column_val (xmlid, col_xmlid, dataname, col_seq, colname, colcnname, datatype, length, precision_val, party_seq, isprimarykey, isnullable, remark, filed_type_child, sensitive_level, policyid) values ('TO_R_ADDR_INF_D_CZ','TO_R_ADDR_INF_D_CZ_20170916','TO_R_ADDR_INF_D_CZ','16','RECDATE','受理时间','STRING','','','','','Y','','C1-4','3','');
insert into column_val (xmlid, col_xmlid, dataname, col_seq, colname, colcnname, datatype, length, precision_val, party_seq, isprimarykey, isnullable, remark, filed_type_child, sensitive_level, policyid) values ('TO_R_ADDR_INF_D_CZ','TO_R_ADDR_INF_D_CZ_20170917','TO_R_ADDR_INF_D_CZ','17','SUBDEP_NAME','SUBDEPNAME','STRING','','','','','Y','','C1-4','3','');
insert into column_val (xmlid, col_xmlid, dataname, col_seq, colname, colcnname, datatype, length, precision_val, party_seq, isprimarykey, isnullable, remark, filed_type_child, sensitive_level, policyid) values ('TO_R_ADDR_INF_D_CZ','TO_R_ADDR_INF_D_CZ_20170918','TO_R_ADDR_INF_D_CZ','18','SYSFLAG','SYSFLAG','SMALLINT','','','','','Y','','C1-4','3','');
insert into column_val (xmlid, col_xmlid, dataname, col_seq, colname, colcnname, datatype, length, precision_val, party_seq, isprimarykey, isnullable, remark, filed_type_child, sensitive_level, policyid) values ('TO_R_ADDR_INF_D_CZ','TO_R_ADDR_INF_D_CZ_20170919','TO_R_ADDR_INF_D_CZ','19','POSTNUMBER','邮政编码','STRING','','','','','Y','','C1-4','3','');
insert into column_val (xmlid, col_xmlid, dataname, col_seq, colname, colcnname, datatype, length, precision_val, party_seq, isprimarykey, isnullable, remark, filed_type_child, sensitive_level, policyid) values ('TO_R_ADDR_INF_D_CZ','TO_R_ADDR_INF_D_CZ_20170920','TO_R_ADDR_INF_D_CZ','20','STYPE','STYPE','STRING','','','','','Y','','C1-4','3','');
insert into column_val (xmlid, col_xmlid, dataname, col_seq, colname, colcnname, datatype, length, precision_val, party_seq, isprimarykey, isnullable, remark, filed_type_child, sensitive_level, policyid) values ('TO_R_ADDR_INF_D_CZ','TO_R_ADDR_INF_D_CZ_20170921','TO_R_ADDR_INF_D_CZ','21','NUM','NUM','STRING','','','','','Y','','C1-4','3','');
insert into column_val (xmlid, col_xmlid, dataname, col_seq, colname, colcnname, datatype, length, precision_val, party_seq, isprimarykey, isnullable, remark, filed_type_child, sensitive_level, policyid) values ('TO_R_ADDR_INF_D_CZ','TO_R_ADDR_INF_D_CZ_20170922','TO_R_ADDR_INF_D_CZ','22','TAG','TAG','INT','','','','','Y','','C1-4','3','');
insert into column_val (xmlid, col_xmlid, dataname, col_seq, colname, colcnname, datatype, length, precision_val, party_seq, isprimarykey, isnullable, remark, filed_type_child, sensitive_level, policyid) values ('TO_R_ADDR_INF_D_CZ','TO_R_ADDR_INF_D_CZ_20170923','TO_R_ADDR_INF_D_CZ','23','IBSS_ADDR_ID','IBSSADDRID','INT','','','','','Y','','C1-4','3','');
insert into column_val (xmlid, col_xmlid, dataname, col_seq, colname, colcnname, datatype, length, precision_val, party_seq, isprimarykey, isnullable, remark, filed_type_child, sensitive_level, policyid) values ('TO_R_ADDR_INF_D_CZ','TO_R_ADDR_INF_D_CZ_20170924','TO_R_ADDR_INF_D_CZ','24','IBSEND','IBSEND','INT','','','','','Y','','C1-4','3','');
insert into column_val (xmlid, col_xmlid, dataname, col_seq, colname, colcnname, datatype, length, precision_val, party_seq, isprimarykey, isnullable, remark, filed_type_child, sensitive_level, policyid) values ('TO_R_ADDR_INF_D_CZ','TO_R_ADDR_INF_D_CZ_20170925','TO_R_ADDR_INF_D_CZ','25','OLD_PARENTID','OLD_PARENTID','INT','','','','','Y','','C1-4','3','');
insert into column_val (xmlid, col_xmlid, dataname, col_seq, colname, colcnname, datatype, length, precision_val, party_seq, isprimarykey, isnullable, remark, filed_type_child, sensitive_level, policyid) values ('TO_R_ADDR_INF_D_CZ','TO_R_ADDR_INF_D_CZ_20170926','TO_R_ADDR_INF_D_CZ','26','SPLIT_FLAGC','SPLIT_FLAGC','INT','','','','','Y','','C1-4','3','');
insert into column_val (xmlid, col_xmlid, dataname, col_seq, colname, colcnname, datatype, length, precision_val, party_seq, isprimarykey, isnullable, remark, filed_type_child, sensitive_level, policyid) values ('TO_R_ADDR_INF_D_CZ','TO_R_ADDR_INF_D_CZ_20170927','TO_R_ADDR_INF_D_CZ','27','SPLIT_FLAG','SPLIT_FLAG','INT','','','','','Y','','C1-4','3','');
insert into column_val (xmlid, col_xmlid, dataname, col_seq, colname, colcnname, datatype, length, precision_val, party_seq, isprimarykey, isnullable, remark, filed_type_child, sensitive_level, policyid) values ('TO_R_ADDR_INF_D_CZ','TO_R_ADDR_INF_D_CZ_20170928','TO_R_ADDR_INF_D_CZ','28','ADDRTYPE','ADDRTYPE','INT','','','','','Y','','C1-4','3','');
insert into column_val (xmlid, col_xmlid, dataname, col_seq, colname, colcnname, datatype, length, precision_val, party_seq, isprimarykey, isnullable, remark, filed_type_child, sensitive_level, policyid) values ('TO_R_ADDR_INF_D_CZ','TO_R_ADDR_INF_D_CZ_20170929','TO_R_ADDR_INF_D_CZ','29','REGIONID','地市ID','INT','','','','','Y','200','C1-4','3','');
insert into column_val (xmlid, col_xmlid, dataname, col_seq, colname, colcnname, datatype, length, precision_val, party_seq, isprimarykey, isnullable, remark, filed_type_child, sensitive_level, policyid) values ('TO_R_ADDR_INF_D_CZ','TO_R_ADDR_INF_D_CZ_20170930','TO_R_ADDR_INF_D_CZ','30','IMPORTFLAG','导入批次','STRING','','','','','Y','2.01303E+13','C1-4','3','');
insert into column_val (xmlid, col_xmlid, dataname, col_seq, colname, colcnname, datatype, length, precision_val, party_seq, isprimarykey, isnullable, remark, filed_type_child, sensitive_level, policyid) values ('TO_R_ADDR_INF_D_CZ','TO_R_ADDR_INF_D_CZ_20170931','TO_R_ADDR_INF_D_CZ','31','INTSID1','第一级','STRING','','','','','Y','广州市','C1-4','3','');
insert into column_val (xmlid, col_xmlid, dataname, col_seq, colname, colcnname, datatype, length, precision_val, party_seq, isprimarykey, isnullable, remark, filed_type_child, sensitive_level, policyid) values ('TO_R_ADDR_INF_D_CZ','TO_R_ADDR_INF_D_CZ_20170932','TO_R_ADDR_INF_D_CZ','32','INTSID2','第二级','STRING','','','','','Y','越秀区','C1-4','3','');
insert into column_val (xmlid, col_xmlid, dataname, col_seq, colname, colcnname, datatype, length, precision_val, party_seq, isprimarykey, isnullable, remark, filed_type_child, sensitive_level, policyid) values ('TO_R_ADDR_INF_D_CZ','TO_R_ADDR_INF_D_CZ_20170933','TO_R_ADDR_INF_D_CZ','33','INTSID3','第三级','STRING','','','','','Y','站前路','C1-4','3','');
insert into column_val (xmlid, col_xmlid, dataname, col_seq, colname, colcnname, datatype, length, precision_val, party_seq, isprimarykey, isnullable, remark, filed_type_child, sensitive_level, policyid) values ('TO_R_ADDR_INF_D_CZ','TO_R_ADDR_INF_D_CZ_20170934','TO_R_ADDR_INF_D_CZ','34','INTSID4','第四级','STRING','','','','','Y','197号','C1-4','3','');
insert into column_val (xmlid, col_xmlid, dataname, col_seq, colname, colcnname, datatype, length, precision_val, party_seq, isprimarykey, isnullable, remark, filed_type_child, sensitive_level, policyid) values ('TO_R_ADDR_INF_D_CZ','TO_R_ADDR_INF_D_CZ_20170935','TO_R_ADDR_INF_D_CZ','35','INTSID5','第五级','STRING','','','','','Y','','C1-4','3','');
insert into column_val (xmlid, col_xmlid, dataname, col_seq, colname, colcnname, datatype, length, precision_val, party_seq, isprimarykey, isnullable, remark, filed_type_child, sensitive_level, policyid) values ('TO_R_ADDR_INF_D_CZ','TO_R_ADDR_INF_D_CZ_20170936','TO_R_ADDR_INF_D_CZ','36','INTSID6','第六级','STRING','','','','','Y','','C1-4','3','');
insert into column_val (xmlid, col_xmlid, dataname, col_seq, colname, colcnname, datatype, length, precision_val, party_seq, isprimarykey, isnullable, remark, filed_type_child, sensitive_level, policyid) values ('TO_R_ADDR_INF_D_CZ','TO_R_ADDR_INF_D_CZ_20170937','TO_R_ADDR_INF_D_CZ','37','INTSID7','第七级','STRING','','','','','Y','','C1-4','3','');
insert into column_val (xmlid, col_xmlid, dataname, col_seq, colname, colcnname, datatype, length, precision_val, party_seq, isprimarykey, isnullable, remark, filed_type_child, sensitive_level, policyid) values ('TO_R_ADDR_INF_D_CZ','TO_R_ADDR_INF_D_CZ_20170938','TO_R_ADDR_INF_D_CZ','38','ADDR_TYPE_EX','ADDRTYPEEX','INT','','','','','Y','','C1-4','3','');
insert into column_val (xmlid, col_xmlid, dataname, col_seq, colname, colcnname, datatype, length, precision_val, party_seq, isprimarykey, isnullable, remark, filed_type_child, sensitive_level, policyid) values ('TO_R_ADDR_INF_D_CZ','TO_R_ADDR_INF_D_CZ_20170939','TO_R_ADDR_INF_D_CZ','39','ADDR_TYPE_EX_2','ADDRTYPEEX_2','INT','','','','','Y','','C1-4','3','');
insert into column_val (xmlid, col_xmlid, dataname, col_seq, colname, colcnname, datatype, length, precision_val, party_seq, isprimarykey, isnullable, remark, filed_type_child, sensitive_level, policyid) values ('TO_R_ADDR_INF_D_CZ','TO_R_ADDR_INF_D_CZ_20170940','TO_R_ADDR_INF_D_CZ','40','GREEN_LABEL','GREEN_LABEL','INT','','','','','Y','','C1-4','3','');
insert into column_val (xmlid, col_xmlid, dataname, col_seq, colname, colcnname, datatype, length, precision_val, party_seq, isprimarykey, isnullable, remark, filed_type_child, sensitive_level, policyid) values ('TO_R_ADDR_INF_D_CZ','TO_R_ADDR_INF_D_CZ_20170941','TO_R_ADDR_INF_D_CZ','41','GRADE3ID','GRADE3ID','INT','','','','','Y','','C1-4','3','');
insert into column_val (xmlid, col_xmlid, dataname, col_seq, colname, colcnname, datatype, length, precision_val, party_seq, isprimarykey, isnullable, remark, filed_type_child, sensitive_level, policyid) values ('TO_R_ADDR_INF_D_CZ','TO_R_ADDR_INF_D_CZ_20170942','TO_R_ADDR_INF_D_CZ','42','LONGITUDE','经度','STRING','','','','','Y','113.253285','C1-4','3','PID_all');
insert into column_val (xmlid, col_xmlid, dataname, col_seq, colname, colcnname, datatype, length, precision_val, party_seq, isprimarykey, isnullable, remark, filed_type_child, sensitive_level, policyid) values ('TO_R_ADDR_INF_D_CZ','TO_R_ADDR_INF_D_CZ_20170943','TO_R_ADDR_INF_D_CZ','43','LATITUDE','纬度','STRING','','','','','Y','23.145451','C1-4','3','PID_all');
insert into column_val (xmlid, col_xmlid, dataname, col_seq, colname, colcnname, datatype, length, precision_val, party_seq, isprimarykey, isnullable, remark, filed_type_child, sensitive_level, policyid) values ('TO_R_ADDR_INF_D_CZ','TO_R_ADDR_INF_D_CZ_20170944','TO_R_ADDR_INF_D_CZ','44','BELONG_CELL_ID','所属小区','STRING','','','','','Y','','C1-4','3','');
insert into column_val (xmlid, col_xmlid, dataname, col_seq, colname, colcnname, datatype, length, precision_val, party_seq, isprimarykey, isnullable, remark, filed_type_child, sensitive_level, policyid) values ('TO_R_ADDR_INF_D_CZ','TO_R_ADDR_INF_D_CZ_20170945','TO_R_ADDR_INF_D_CZ','45','RES_TYP_CD','资源类型','SMALLINT','','','','','Y','　(1:自建宽带、2:广电宽带 （局端合作）、3:广电宽带 （末端合作）、5:第三方合作、6:第三方合作（客服服务）、9:铁通ADSL改造)','C1-4','3','');
insert into column_val (xmlid, col_xmlid, dataname, col_seq, colname, colcnname, datatype, length, precision_val, party_seq, isprimarykey, isnullable, remark, filed_type_child, sensitive_level, policyid) values ('TO_R_ADDR_INF_D_CZ','TO_R_ADDR_INF_D_CZ_20170946','TO_R_ADDR_INF_D_CZ','46','BS_TYP','楼宇类型','SMALLINT','','','','','Y','　(1、家庭楼宇 2、商业楼宇)','C1-4','3','');
insert into column_val (xmlid, col_xmlid, dataname, col_seq, colname, colcnname, datatype, length, precision_val, party_seq, isprimarykey, isnullable, remark, filed_type_child, sensitive_level, policyid) values ('TO_R_ADDR_INF_D_CZ','TO_R_ADDR_INF_D_CZ_20170947','TO_R_ADDR_INF_D_CZ','47','THRD_NAM','第三方名称','STRING','','','','','Y','','C1-4','3','');
insert into column_val (xmlid, col_xmlid, dataname, col_seq, colname, colcnname, datatype, length, precision_val, party_seq, isprimarykey, isnullable, remark, filed_type_child, sensitive_level, policyid) values ('TO_R_ADDR_INF_D_CZ','TO_R_ADDR_INF_D_CZ_20170948','TO_R_ADDR_INF_D_CZ','48','THIRD_NBR','第三方联系方式','STRING','','','','','Y','','C1-4','3','');
insert into column_val (xmlid, col_xmlid, dataname, col_seq, colname, colcnname, datatype, length, precision_val, party_seq, isprimarykey, isnullable, remark, filed_type_child, sensitive_level, policyid) values ('TO_R_ADDR_INF_D_CZ','TO_R_ADDR_INF_D_CZ_20170949','TO_R_ADDR_INF_D_CZ','49','PICTURE_LINK','图片链接','STRING','','','','','Y','','C1-4','3','');
insert into column_val (xmlid, col_xmlid, dataname, col_seq, colname, colcnname, datatype, length, precision_val, party_seq, isprimarykey, isnullable, remark, filed_type_child, sensitive_level, policyid) values ('TO_R_ADDR_INF_D_CZ','TO_R_ADDR_INF_D_CZ_20170950','TO_R_ADDR_INF_D_CZ','50','ADDR_SOURCE','地址来源','INT','','','','','Y','　集客预覆盖流程（3）、家客预覆盖流程（4）、集客开通流程（2，esop变更为该枚举值）、资源呈现系统（1，可视化变更为该枚举值）','C1-4','3','');
insert into column_val (xmlid, col_xmlid, dataname, col_seq, colname, colcnname, datatype, length, precision_val, party_seq, isprimarykey, isnullable, remark, filed_type_child, sensitive_level, policyid) values ('TO_R_ADDR_INF_D_CZ','TO_R_ADDR_INF_D_CZ_20170951','TO_R_ADDR_INF_D_CZ','51','STATUS','状态','INT','','','','','Y','　(1,资源录入;2,已建设楼宇;3,已开业务)','C1-4','3','');
insert into column_val (xmlid, col_xmlid, dataname, col_seq, colname, colcnname, datatype, length, precision_val, party_seq, isprimarykey, isnullable, remark, filed_type_child, sensitive_level, policyid) values ('TO_R_ADDR_INF_D_CZ','TO_R_ADDR_INF_D_CZ_20170952','TO_R_ADDR_INF_D_CZ','52','HCOVERMODE','覆盖场景','INT','','','','','Y','　商务楼宇（1、 高价值写字楼，2、 普通写字楼，3、 专业市场，4、 机关单位、大企业、星级酒店，5、 学校、厂区、医院、政府办公区，6、 工业园厂区）家庭楼宇（7、住宅小区，8、城中村，9、独栋楼宇，10、沿街商铺，11、农村）','C1-4','3','');
insert into column_val (xmlid, col_xmlid, dataname, col_seq, colname, colcnname, datatype, length, precision_val, party_seq, isprimarykey, isnullable, remark, filed_type_child, sensitive_level, policyid) values ('TO_R_ADDR_INF_D_CZ','TO_R_ADDR_INF_D_CZ_20170953','TO_R_ADDR_INF_D_CZ','53','REMARKS','备注','STRING','','','','','Y','','C1-4','3','');
insert into column_val (xmlid, col_xmlid, dataname, col_seq, colname, colcnname, datatype, length, precision_val, party_seq, isprimarykey, isnullable, remark, filed_type_child, sensitive_level, policyid) values ('TO_R_ADDR_INF_D_CZ','TO_R_ADDR_INF_D_CZ_20170954','TO_R_ADDR_INF_D_CZ','54','SHIELD_OPEN_SERVICE','屏蔽开通业务','STRING','','','','','Y','（是/否，默认为否）','C1-4','3','');
insert into column_val (xmlid, col_xmlid, dataname, col_seq, colname, colcnname, datatype, length, precision_val, party_seq, isprimarykey, isnullable, remark, filed_type_child, sensitive_level, policyid) values ('TO_R_ADDR_INF_D_CZ','TO_R_ADDR_INF_D_CZ_20170955','TO_R_ADDR_INF_D_CZ','55','CN_WAY','接入方式','STRING','','','','','Y','FTTH、FTTB','C1-4','3','');
insert into column_val (xmlid, col_xmlid, dataname, col_seq, colname, colcnname, datatype, length, precision_val, party_seq, isprimarykey, isnullable, remark, filed_type_child, sensitive_level, policyid) values ('TO_R_ADDR_INF_D_CZ','TO_R_ADDR_INF_D_CZ_20170956','TO_R_ADDR_INF_D_CZ','56','REGION_ATTRI','地域属性','INT','','','','','Y','','C1-4','3','');
insert into column_val (xmlid, col_xmlid, dataname, col_seq, colname, colcnname, datatype, length, precision_val, party_seq, isprimarykey, isnullable, remark, filed_type_child, sensitive_level, policyid) values ('TO_R_ADDR_INF_D_CZ','TO_R_ADDR_INF_D_CZ_20170957','TO_R_ADDR_INF_D_CZ','57','CMCC_BRANCH_CD','地市编码','STRING','','','','','Y','示例：GZ','C1-4','3','');

insert into tablefile (xmlid, dbname, dataname, datacnname, state, cycletype, topiccode, extend_cfg, rightlevel, creater, curdutyer, eff_date, state_date, team_code, open_state, remark) values ('TO_R_ADDR_INF_D_JY','BD_B','TO_R_ADDR_INF_D_JY','ODS_标准地址日全量','NEW','day','LAYERI_IRES','{"EXTERNAL":"y","LOCATION":"/tenant/BIGDATA/JCFW/JRCL/BD_B/ODS/TO_R_ADDR_INF_D/branch=JY","FILEFORMAT":"PARQUET","DELIMITER":"&"}','其他','谢英俊','谢英俊', TIMESTAMP '0006-10-17 12:00:00', TIMESTAMP '0006-10-17 12:00:00','f2999fd5-c34e-402e-9b28-fec9fca13044','','基础层-资源主题域');
insert into column_val (xmlid, col_xmlid, dataname, col_seq, colname, colcnname, datatype, length, precision_val, party_seq, isprimarykey, isnullable, remark, filed_type_child, sensitive_level, policyid) values ('TO_R_ADDR_INF_D_JY','TO_R_ADDR_INF_D_JY_2017091','TO_R_ADDR_INF_D_JY','1','ADDR_ID','地址ID','INT','','','','1','N','32596718','C1-4','3','');
insert into column_val (xmlid, col_xmlid, dataname, col_seq, colname, colcnname, datatype, length, precision_val, party_seq, isprimarykey, isnullable, remark, filed_type_child, sensitive_level, policyid) values ('TO_R_ADDR_INF_D_JY','TO_R_ADDR_INF_D_JY_2017092','TO_R_ADDR_INF_D_JY','2','ADDR_NAM','本级地址名称','STRING','','','','','Y','197号','C1-4','3','');
insert into column_val (xmlid, col_xmlid, dataname, col_seq, colname, colcnname, datatype, length, precision_val, party_seq, isprimarykey, isnullable, remark, filed_type_child, sensitive_level, policyid) values ('TO_R_ADDR_INF_D_JY','TO_R_ADDR_INF_D_JY_2017093','TO_R_ADDR_INF_D_JY','3','GRADE','地址级别','INT','','','','','Y','4','C1-4','3','');
insert into column_val (xmlid, col_xmlid, dataname, col_seq, colname, colcnname, datatype, length, precision_val, party_seq, isprimarykey, isnullable, remark, filed_type_child, sensitive_level, policyid) values ('TO_R_ADDR_INF_D_JY','TO_R_ADDR_INF_D_JY_2017094','TO_R_ADDR_INF_D_JY','4','JP','　JP','STRING','','','','','Y','','C1-4','3','');
insert into column_val (xmlid, col_xmlid, dataname, col_seq, colname, colcnname, datatype, length, precision_val, party_seq, isprimarykey, isnullable, remark, filed_type_child, sensitive_level, policyid) values ('TO_R_ADDR_INF_D_JY','TO_R_ADDR_INF_D_JY_2017095','TO_R_ADDR_INF_D_JY','5','WB','　WB','STRING','','','','','Y','','C1-4','3','');
insert into column_val (xmlid, col_xmlid, dataname, col_seq, colname, colcnname, datatype, length, precision_val, party_seq, isprimarykey, isnullable, remark, filed_type_child, sensitive_level, policyid) values ('TO_R_ADDR_INF_D_JY','TO_R_ADDR_INF_D_JY_2017096','TO_R_ADDR_INF_D_JY','6','SUPER_ID','父级地址ID','INT','','','','','Y','1255656','C1-4','3','');
insert into column_val (xmlid, col_xmlid, dataname, col_seq, colname, colcnname, datatype, length, precision_val, party_seq, isprimarykey, isnullable, remark, filed_type_child, sensitive_level, policyid) values ('TO_R_ADDR_INF_D_JY','TO_R_ADDR_INF_D_JY_2017097','TO_R_ADDR_INF_D_JY','7','ALIAS_ADDR','地址别名','STRING','','','','','Y','','C1-4','3','');
insert into column_val (xmlid, col_xmlid, dataname, col_seq, colname, colcnname, datatype, length, precision_val, party_seq, isprimarykey, isnullable, remark, filed_type_child, sensitive_level, policyid) values ('TO_R_ADDR_INF_D_JY','TO_R_ADDR_INF_D_JY_2017098','TO_R_ADDR_INF_D_JY','8','OLD_ADDR','旧地址','INT','','','','','Y','','C1-4','3','');
insert into column_val (xmlid, col_xmlid, dataname, col_seq, colname, colcnname, datatype, length, precision_val, party_seq, isprimarykey, isnullable, remark, filed_type_child, sensitive_level, policyid) values ('TO_R_ADDR_INF_D_JY','TO_R_ADDR_INF_D_JY_2017099','TO_R_ADDR_INF_D_JY','9','IS_CONFIRM','是否有效','INT','','','','','Y','1','C1-4','3','');
insert into column_val (xmlid, col_xmlid, dataname, col_seq, colname, colcnname, datatype, length, precision_val, party_seq, isprimarykey, isnullable, remark, filed_type_child, sensitive_level, policyid) values ('TO_R_ADDR_INF_D_JY','TO_R_ADDR_INF_D_JY_20170910','TO_R_ADDR_INF_D_JY','10','ADDR','地址全称','STRING','','','','','Y','广州市越秀区站前路197号','C1-4','3','');
insert into column_val (xmlid, col_xmlid, dataname, col_seq, colname, colcnname, datatype, length, precision_val, party_seq, isprimarykey, isnullable, remark, filed_type_child, sensitive_level, policyid) values ('TO_R_ADDR_INF_D_JY','TO_R_ADDR_INF_D_JY_20170911','TO_R_ADDR_INF_D_JY','11','ADDR_PY','ADDR_PY','STRING','','','','','Y','','C1-4','3','');
insert into column_val (xmlid, col_xmlid, dataname, col_seq, colname, colcnname, datatype, length, precision_val, party_seq, isprimarykey, isnullable, remark, filed_type_child, sensitive_level, policyid) values ('TO_R_ADDR_INF_D_JY','TO_R_ADDR_INF_D_JY_20170912','TO_R_ADDR_INF_D_JY','12','ALIAS_ADDR_PY','ALIAS_ADDR_PY','STRING','','','','','Y','','C1-4','3','');
insert into column_val (xmlid, col_xmlid, dataname, col_seq, colname, colcnname, datatype, length, precision_val, party_seq, isprimarykey, isnullable, remark, filed_type_child, sensitive_level, policyid) values ('TO_R_ADDR_INF_D_JY','TO_R_ADDR_INF_D_JY_20170913','TO_R_ADDR_INF_D_JY','13','CONFIRM_DATE','有效日期','STRING','','','','','Y','','C1-4','3','');
insert into column_val (xmlid, col_xmlid, dataname, col_seq, colname, colcnname, datatype, length, precision_val, party_seq, isprimarykey, isnullable, remark, filed_type_child, sensitive_level, policyid) values ('TO_R_ADDR_INF_D_JY','TO_R_ADDR_INF_D_JY_20170914','TO_R_ADDR_INF_D_JY','14','CONFIRM_DATE2','有效日期2','STRING','','','','','Y','','C1-4','3','');
insert into column_val (xmlid, col_xmlid, dataname, col_seq, colname, colcnname, datatype, length, precision_val, party_seq, isprimarykey, isnullable, remark, filed_type_child, sensitive_level, policyid) values ('TO_R_ADDR_INF_D_JY','TO_R_ADDR_INF_D_JY_20170915','TO_R_ADDR_INF_D_JY','15','AMEND','整理状态','SMALLINT','','','','','Y','(0,未整理;1,已整理)','C1-4','3','');
insert into column_val (xmlid, col_xmlid, dataname, col_seq, colname, colcnname, datatype, length, precision_val, party_seq, isprimarykey, isnullable, remark, filed_type_child, sensitive_level, policyid) values ('TO_R_ADDR_INF_D_JY','TO_R_ADDR_INF_D_JY_20170916','TO_R_ADDR_INF_D_JY','16','RECDATE','受理时间','STRING','','','','','Y','','C1-4','3','');
insert into column_val (xmlid, col_xmlid, dataname, col_seq, colname, colcnname, datatype, length, precision_val, party_seq, isprimarykey, isnullable, remark, filed_type_child, sensitive_level, policyid) values ('TO_R_ADDR_INF_D_JY','TO_R_ADDR_INF_D_JY_20170917','TO_R_ADDR_INF_D_JY','17','SUBDEP_NAME','SUBDEPNAME','STRING','','','','','Y','','C1-4','3','');
insert into column_val (xmlid, col_xmlid, dataname, col_seq, colname, colcnname, datatype, length, precision_val, party_seq, isprimarykey, isnullable, remark, filed_type_child, sensitive_level, policyid) values ('TO_R_ADDR_INF_D_JY','TO_R_ADDR_INF_D_JY_20170918','TO_R_ADDR_INF_D_JY','18','SYSFLAG','SYSFLAG','SMALLINT','','','','','Y','','C1-4','3','');
insert into column_val (xmlid, col_xmlid, dataname, col_seq, colname, colcnname, datatype, length, precision_val, party_seq, isprimarykey, isnullable, remark, filed_type_child, sensitive_level, policyid) values ('TO_R_ADDR_INF_D_JY','TO_R_ADDR_INF_D_JY_20170919','TO_R_ADDR_INF_D_JY','19','POSTNUMBER','邮政编码','STRING','','','','','Y','','C1-4','3','');
insert into column_val (xmlid, col_xmlid, dataname, col_seq, colname, colcnname, datatype, length, precision_val, party_seq, isprimarykey, isnullable, remark, filed_type_child, sensitive_level, policyid) values ('TO_R_ADDR_INF_D_JY','TO_R_ADDR_INF_D_JY_20170920','TO_R_ADDR_INF_D_JY','20','STYPE','STYPE','STRING','','','','','Y','','C1-4','3','');
insert into column_val (xmlid, col_xmlid, dataname, col_seq, colname, colcnname, datatype, length, precision_val, party_seq, isprimarykey, isnullable, remark, filed_type_child, sensitive_level, policyid) values ('TO_R_ADDR_INF_D_JY','TO_R_ADDR_INF_D_JY_20170921','TO_R_ADDR_INF_D_JY','21','NUM','NUM','STRING','','','','','Y','','C1-4','3','');
insert into column_val (xmlid, col_xmlid, dataname, col_seq, colname, colcnname, datatype, length, precision_val, party_seq, isprimarykey, isnullable, remark, filed_type_child, sensitive_level, policyid) values ('TO_R_ADDR_INF_D_JY','TO_R_ADDR_INF_D_JY_20170922','TO_R_ADDR_INF_D_JY','22','TAG','TAG','INT','','','','','Y','','C1-4','3','');
insert into column_val (xmlid, col_xmlid, dataname, col_seq, colname, colcnname, datatype, length, precision_val, party_seq, isprimarykey, isnullable, remark, filed_type_child, sensitive_level, policyid) values ('TO_R_ADDR_INF_D_JY','TO_R_ADDR_INF_D_JY_20170923','TO_R_ADDR_INF_D_JY','23','IBSS_ADDR_ID','IBSSADDRID','INT','','','','','Y','','C1-4','3','');
insert into column_val (xmlid, col_xmlid, dataname, col_seq, colname, colcnname, datatype, length, precision_val, party_seq, isprimarykey, isnullable, remark, filed_type_child, sensitive_level, policyid) values ('TO_R_ADDR_INF_D_JY','TO_R_ADDR_INF_D_JY_20170924','TO_R_ADDR_INF_D_JY','24','IBSEND','IBSEND','INT','','','','','Y','','C1-4','3','');
insert into column_val (xmlid, col_xmlid, dataname, col_seq, colname, colcnname, datatype, length, precision_val, party_seq, isprimarykey, isnullable, remark, filed_type_child, sensitive_level, policyid) values ('TO_R_ADDR_INF_D_JY','TO_R_ADDR_INF_D_JY_20170925','TO_R_ADDR_INF_D_JY','25','OLD_PARENTID','OLD_PARENTID','INT','','','','','Y','','C1-4','3','');
insert into column_val (xmlid, col_xmlid, dataname, col_seq, colname, colcnname, datatype, length, precision_val, party_seq, isprimarykey, isnullable, remark, filed_type_child, sensitive_level, policyid) values ('TO_R_ADDR_INF_D_JY','TO_R_ADDR_INF_D_JY_20170926','TO_R_ADDR_INF_D_JY','26','SPLIT_FLAGC','SPLIT_FLAGC','INT','','','','','Y','','C1-4','3','');
insert into column_val (xmlid, col_xmlid, dataname, col_seq, colname, colcnname, datatype, length, precision_val, party_seq, isprimarykey, isnullable, remark, filed_type_child, sensitive_level, policyid) values ('TO_R_ADDR_INF_D_JY','TO_R_ADDR_INF_D_JY_20170927','TO_R_ADDR_INF_D_JY','27','SPLIT_FLAG','SPLIT_FLAG','INT','','','','','Y','','C1-4','3','');
insert into column_val (xmlid, col_xmlid, dataname, col_seq, colname, colcnname, datatype, length, precision_val, party_seq, isprimarykey, isnullable, remark, filed_type_child, sensitive_level, policyid) values ('TO_R_ADDR_INF_D_JY','TO_R_ADDR_INF_D_JY_20170928','TO_R_ADDR_INF_D_JY','28','ADDRTYPE','ADDRTYPE','INT','','','','','Y','','C1-4','3','');
insert into column_val (xmlid, col_xmlid, dataname, col_seq, colname, colcnname, datatype, length, precision_val, party_seq, isprimarykey, isnullable, remark, filed_type_child, sensitive_level, policyid) values ('TO_R_ADDR_INF_D_JY','TO_R_ADDR_INF_D_JY_20170929','TO_R_ADDR_INF_D_JY','29','REGIONID','地市ID','INT','','','','','Y','200','C1-4','3','');
insert into column_val (xmlid, col_xmlid, dataname, col_seq, colname, colcnname, datatype, length, precision_val, party_seq, isprimarykey, isnullable, remark, filed_type_child, sensitive_level, policyid) values ('TO_R_ADDR_INF_D_JY','TO_R_ADDR_INF_D_JY_20170930','TO_R_ADDR_INF_D_JY','30','IMPORTFLAG','导入批次','STRING','','','','','Y','2.01303E+13','C1-4','3','');
insert into column_val (xmlid, col_xmlid, dataname, col_seq, colname, colcnname, datatype, length, precision_val, party_seq, isprimarykey, isnullable, remark, filed_type_child, sensitive_level, policyid) values ('TO_R_ADDR_INF_D_JY','TO_R_ADDR_INF_D_JY_20170931','TO_R_ADDR_INF_D_JY','31','INTSID1','第一级','STRING','','','','','Y','广州市','C1-4','3','');
insert into column_val (xmlid, col_xmlid, dataname, col_seq, colname, colcnname, datatype, length, precision_val, party_seq, isprimarykey, isnullable, remark, filed_type_child, sensitive_level, policyid) values ('TO_R_ADDR_INF_D_JY','TO_R_ADDR_INF_D_JY_20170932','TO_R_ADDR_INF_D_JY','32','INTSID2','第二级','STRING','','','','','Y','越秀区','C1-4','3','');
insert into column_val (xmlid, col_xmlid, dataname, col_seq, colname, colcnname, datatype, length, precision_val, party_seq, isprimarykey, isnullable, remark, filed_type_child, sensitive_level, policyid) values ('TO_R_ADDR_INF_D_JY','TO_R_ADDR_INF_D_JY_20170933','TO_R_ADDR_INF_D_JY','33','INTSID3','第三级','STRING','','','','','Y','站前路','C1-4','3','');
insert into column_val (xmlid, col_xmlid, dataname, col_seq, colname, colcnname, datatype, length, precision_val, party_seq, isprimarykey, isnullable, remark, filed_type_child, sensitive_level, policyid) values ('TO_R_ADDR_INF_D_JY','TO_R_ADDR_INF_D_JY_20170934','TO_R_ADDR_INF_D_JY','34','INTSID4','第四级','STRING','','','','','Y','197号','C1-4','3','');
insert into column_val (xmlid, col_xmlid, dataname, col_seq, colname, colcnname, datatype, length, precision_val, party_seq, isprimarykey, isnullable, remark, filed_type_child, sensitive_level, policyid) values ('TO_R_ADDR_INF_D_JY','TO_R_ADDR_INF_D_JY_20170935','TO_R_ADDR_INF_D_JY','35','INTSID5','第五级','STRING','','','','','Y','','C1-4','3','');
insert into column_val (xmlid, col_xmlid, dataname, col_seq, colname, colcnname, datatype, length, precision_val, party_seq, isprimarykey, isnullable, remark, filed_type_child, sensitive_level, policyid) values ('TO_R_ADDR_INF_D_JY','TO_R_ADDR_INF_D_JY_20170936','TO_R_ADDR_INF_D_JY','36','INTSID6','第六级','STRING','','','','','Y','','C1-4','3','');
insert into column_val (xmlid, col_xmlid, dataname, col_seq, colname, colcnname, datatype, length, precision_val, party_seq, isprimarykey, isnullable, remark, filed_type_child, sensitive_level, policyid) values ('TO_R_ADDR_INF_D_JY','TO_R_ADDR_INF_D_JY_20170937','TO_R_ADDR_INF_D_JY','37','INTSID7','第七级','STRING','','','','','Y','','C1-4','3','');
insert into column_val (xmlid, col_xmlid, dataname, col_seq, colname, colcnname, datatype, length, precision_val, party_seq, isprimarykey, isnullable, remark, filed_type_child, sensitive_level, policyid) values ('TO_R_ADDR_INF_D_JY','TO_R_ADDR_INF_D_JY_20170938','TO_R_ADDR_INF_D_JY','38','ADDR_TYPE_EX','ADDRTYPEEX','INT','','','','','Y','','C1-4','3','');
insert into column_val (xmlid, col_xmlid, dataname, col_seq, colname, colcnname, datatype, length, precision_val, party_seq, isprimarykey, isnullable, remark, filed_type_child, sensitive_level, policyid) values ('TO_R_ADDR_INF_D_JY','TO_R_ADDR_INF_D_JY_20170939','TO_R_ADDR_INF_D_JY','39','ADDR_TYPE_EX_2','ADDRTYPEEX_2','INT','','','','','Y','','C1-4','3','');
insert into column_val (xmlid, col_xmlid, dataname, col_seq, colname, colcnname, datatype, length, precision_val, party_seq, isprimarykey, isnullable, remark, filed_type_child, sensitive_level, policyid) values ('TO_R_ADDR_INF_D_JY','TO_R_ADDR_INF_D_JY_20170940','TO_R_ADDR_INF_D_JY','40','GREEN_LABEL','GREEN_LABEL','INT','','','','','Y','','C1-4','3','');
insert into column_val (xmlid, col_xmlid, dataname, col_seq, colname, colcnname, datatype, length, precision_val, party_seq, isprimarykey, isnullable, remark, filed_type_child, sensitive_level, policyid) values ('TO_R_ADDR_INF_D_JY','TO_R_ADDR_INF_D_JY_20170941','TO_R_ADDR_INF_D_JY','41','GRADE3ID','GRADE3ID','INT','','','','','Y','','C1-4','3','');
insert into column_val (xmlid, col_xmlid, dataname, col_seq, colname, colcnname, datatype, length, precision_val, party_seq, isprimarykey, isnullable, remark, filed_type_child, sensitive_level, policyid) values ('TO_R_ADDR_INF_D_JY','TO_R_ADDR_INF_D_JY_20170942','TO_R_ADDR_INF_D_JY','42','LONGITUDE','经度','STRING','','','','','Y','113.253285','C1-4','3','PID_all');
insert into column_val (xmlid, col_xmlid, dataname, col_seq, colname, colcnname, datatype, length, precision_val, party_seq, isprimarykey, isnullable, remark, filed_type_child, sensitive_level, policyid) values ('TO_R_ADDR_INF_D_JY','TO_R_ADDR_INF_D_JY_20170943','TO_R_ADDR_INF_D_JY','43','LATITUDE','纬度','STRING','','','','','Y','23.145451','C1-4','3','PID_all');
insert into column_val (xmlid, col_xmlid, dataname, col_seq, colname, colcnname, datatype, length, precision_val, party_seq, isprimarykey, isnullable, remark, filed_type_child, sensitive_level, policyid) values ('TO_R_ADDR_INF_D_JY','TO_R_ADDR_INF_D_JY_20170944','TO_R_ADDR_INF_D_JY','44','BELONG_CELL_ID','所属小区','STRING','','','','','Y','','C1-4','3','');
insert into column_val (xmlid, col_xmlid, dataname, col_seq, colname, colcnname, datatype, length, precision_val, party_seq, isprimarykey, isnullable, remark, filed_type_child, sensitive_level, policyid) values ('TO_R_ADDR_INF_D_JY','TO_R_ADDR_INF_D_JY_20170945','TO_R_ADDR_INF_D_JY','45','RES_TYP_CD','资源类型','SMALLINT','','','','','Y','　(1:自建宽带、2:广电宽带 （局端合作）、3:广电宽带 （末端合作）、5:第三方合作、6:第三方合作（客服服务）、9:铁通ADSL改造)','C1-4','3','');
insert into column_val (xmlid, col_xmlid, dataname, col_seq, colname, colcnname, datatype, length, precision_val, party_seq, isprimarykey, isnullable, remark, filed_type_child, sensitive_level, policyid) values ('TO_R_ADDR_INF_D_JY','TO_R_ADDR_INF_D_JY_20170946','TO_R_ADDR_INF_D_JY','46','BS_TYP','楼宇类型','SMALLINT','','','','','Y','　(1、家庭楼宇 2、商业楼宇)','C1-4','3','');
insert into column_val (xmlid, col_xmlid, dataname, col_seq, colname, colcnname, datatype, length, precision_val, party_seq, isprimarykey, isnullable, remark, filed_type_child, sensitive_level, policyid) values ('TO_R_ADDR_INF_D_JY','TO_R_ADDR_INF_D_JY_20170947','TO_R_ADDR_INF_D_JY','47','THRD_NAM','第三方名称','STRING','','','','','Y','','C1-4','3','');
insert into column_val (xmlid, col_xmlid, dataname, col_seq, colname, colcnname, datatype, length, precision_val, party_seq, isprimarykey, isnullable, remark, filed_type_child, sensitive_level, policyid) values ('TO_R_ADDR_INF_D_JY','TO_R_ADDR_INF_D_JY_20170948','TO_R_ADDR_INF_D_JY','48','THIRD_NBR','第三方联系方式','STRING','','','','','Y','','C1-4','3','');
insert into column_val (xmlid, col_xmlid, dataname, col_seq, colname, colcnname, datatype, length, precision_val, party_seq, isprimarykey, isnullable, remark, filed_type_child, sensitive_level, policyid) values ('TO_R_ADDR_INF_D_JY','TO_R_ADDR_INF_D_JY_20170949','TO_R_ADDR_INF_D_JY','49','PICTURE_LINK','图片链接','STRING','','','','','Y','','C1-4','3','');
insert into column_val (xmlid, col_xmlid, dataname, col_seq, colname, colcnname, datatype, length, precision_val, party_seq, isprimarykey, isnullable, remark, filed_type_child, sensitive_level, policyid) values ('TO_R_ADDR_INF_D_JY','TO_R_ADDR_INF_D_JY_20170950','TO_R_ADDR_INF_D_JY','50','ADDR_SOURCE','地址来源','INT','','','','','Y','　集客预覆盖流程（3）、家客预覆盖流程（4）、集客开通流程（2，esop变更为该枚举值）、资源呈现系统（1，可视化变更为该枚举值）','C1-4','3','');
insert into column_val (xmlid, col_xmlid, dataname, col_seq, colname, colcnname, datatype, length, precision_val, party_seq, isprimarykey, isnullable, remark, filed_type_child, sensitive_level, policyid) values ('TO_R_ADDR_INF_D_JY','TO_R_ADDR_INF_D_JY_20170951','TO_R_ADDR_INF_D_JY','51','STATUS','状态','INT','','','','','Y','　(1,资源录入;2,已建设楼宇;3,已开业务)','C1-4','3','');
insert into column_val (xmlid, col_xmlid, dataname, col_seq, colname, colcnname, datatype, length, precision_val, party_seq, isprimarykey, isnullable, remark, filed_type_child, sensitive_level, policyid) values ('TO_R_ADDR_INF_D_JY','TO_R_ADDR_INF_D_JY_20170952','TO_R_ADDR_INF_D_JY','52','HCOVERMODE','覆盖场景','INT','','','','','Y','　商务楼宇（1、 高价值写字楼，2、 普通写字楼，3、 专业市场，4、 机关单位、大企业、星级酒店，5、 学校、厂区、医院、政府办公区，6、 工业园厂区）家庭楼宇（7、住宅小区，8、城中村，9、独栋楼宇，10、沿街商铺，11、农村）','C1-4','3','');
insert into column_val (xmlid, col_xmlid, dataname, col_seq, colname, colcnname, datatype, length, precision_val, party_seq, isprimarykey, isnullable, remark, filed_type_child, sensitive_level, policyid) values ('TO_R_ADDR_INF_D_JY','TO_R_ADDR_INF_D_JY_20170953','TO_R_ADDR_INF_D_JY','53','REMARKS','备注','STRING','','','','','Y','','C1-4','3','');
insert into column_val (xmlid, col_xmlid, dataname, col_seq, colname, colcnname, datatype, length, precision_val, party_seq, isprimarykey, isnullable, remark, filed_type_child, sensitive_level, policyid) values ('TO_R_ADDR_INF_D_JY','TO_R_ADDR_INF_D_JY_20170954','TO_R_ADDR_INF_D_JY','54','SHIELD_OPEN_SERVICE','屏蔽开通业务','STRING','','','','','Y','（是/否，默认为否）','C1-4','3','');
insert into column_val (xmlid, col_xmlid, dataname, col_seq, colname, colcnname, datatype, length, precision_val, party_seq, isprimarykey, isnullable, remark, filed_type_child, sensitive_level, policyid) values ('TO_R_ADDR_INF_D_JY','TO_R_ADDR_INF_D_JY_20170955','TO_R_ADDR_INF_D_JY','55','CN_WAY','接入方式','STRING','','','','','Y','FTTH、FTTB','C1-4','3','');
insert into column_val (xmlid, col_xmlid, dataname, col_seq, colname, colcnname, datatype, length, precision_val, party_seq, isprimarykey, isnullable, remark, filed_type_child, sensitive_level, policyid) values ('TO_R_ADDR_INF_D_JY','TO_R_ADDR_INF_D_JY_20170956','TO_R_ADDR_INF_D_JY','56','REGION_ATTRI','地域属性','INT','','','','','Y','','C1-4','3','');
insert into column_val (xmlid, col_xmlid, dataname, col_seq, colname, colcnname, datatype, length, precision_val, party_seq, isprimarykey, isnullable, remark, filed_type_child, sensitive_level, policyid) values ('TO_R_ADDR_INF_D_JY','TO_R_ADDR_INF_D_JY_20170957','TO_R_ADDR_INF_D_JY','57','CMCC_BRANCH_CD','地市编码','STRING','','','','','Y','示例：GZ','C1-4','3','');

insert into tablefile (xmlid, dbname, dataname, datacnname, state, cycletype, topiccode, extend_cfg, rightlevel, creater, curdutyer, eff_date, state_date, team_code, open_state, remark) values ('TO_R_ADDR_INF_D_YF','BD_B','TO_R_ADDR_INF_D_YF','ODS_标准地址日全量','NEW','day','LAYERI_IRES','{"EXTERNAL":"y","LOCATION":"/tenant/BIGDATA/JCFW/JRCL/BD_B/ODS/TO_R_ADDR_INF_D/branch=YF","FILEFORMAT":"PARQUET","DELIMITER":"&"}','其他','谢英俊','谢英俊', TIMESTAMP '0006-10-17 12:00:00', TIMESTAMP '0006-10-17 12:00:00','f2999fd5-c34e-402e-9b28-fec9fca13044','','基础层-资源主题域');
insert into column_val (xmlid, col_xmlid, dataname, col_seq, colname, colcnname, datatype, length, precision_val, party_seq, isprimarykey, isnullable, remark, filed_type_child, sensitive_level, policyid) values ('TO_R_ADDR_INF_D_YF','TO_R_ADDR_INF_D_YF_2017091','TO_R_ADDR_INF_D_YF','1','ADDR_ID','地址ID','INT','','','','1','N','32596718','C1-4','3','');
insert into column_val (xmlid, col_xmlid, dataname, col_seq, colname, colcnname, datatype, length, precision_val, party_seq, isprimarykey, isnullable, remark, filed_type_child, sensitive_level, policyid) values ('TO_R_ADDR_INF_D_YF','TO_R_ADDR_INF_D_YF_2017092','TO_R_ADDR_INF_D_YF','2','ADDR_NAM','本级地址名称','STRING','','','','','Y','197号','C1-4','3','');
insert into column_val (xmlid, col_xmlid, dataname, col_seq, colname, colcnname, datatype, length, precision_val, party_seq, isprimarykey, isnullable, remark, filed_type_child, sensitive_level, policyid) values ('TO_R_ADDR_INF_D_YF','TO_R_ADDR_INF_D_YF_2017093','TO_R_ADDR_INF_D_YF','3','GRADE','地址级别','INT','','','','','Y','4','C1-4','3','');
insert into column_val (xmlid, col_xmlid, dataname, col_seq, colname, colcnname, datatype, length, precision_val, party_seq, isprimarykey, isnullable, remark, filed_type_child, sensitive_level, policyid) values ('TO_R_ADDR_INF_D_YF','TO_R_ADDR_INF_D_YF_2017094','TO_R_ADDR_INF_D_YF','4','JP','　JP','STRING','','','','','Y','','C1-4','3','');
insert into column_val (xmlid, col_xmlid, dataname, col_seq, colname, colcnname, datatype, length, precision_val, party_seq, isprimarykey, isnullable, remark, filed_type_child, sensitive_level, policyid) values ('TO_R_ADDR_INF_D_YF','TO_R_ADDR_INF_D_YF_2017095','TO_R_ADDR_INF_D_YF','5','WB','　WB','STRING','','','','','Y','','C1-4','3','');
insert into column_val (xmlid, col_xmlid, dataname, col_seq, colname, colcnname, datatype, length, precision_val, party_seq, isprimarykey, isnullable, remark, filed_type_child, sensitive_level, policyid) values ('TO_R_ADDR_INF_D_YF','TO_R_ADDR_INF_D_YF_2017096','TO_R_ADDR_INF_D_YF','6','SUPER_ID','父级地址ID','INT','','','','','Y','1255656','C1-4','3','');
insert into column_val (xmlid, col_xmlid, dataname, col_seq, colname, colcnname, datatype, length, precision_val, party_seq, isprimarykey, isnullable, remark, filed_type_child, sensitive_level, policyid) values ('TO_R_ADDR_INF_D_YF','TO_R_ADDR_INF_D_YF_2017097','TO_R_ADDR_INF_D_YF','7','ALIAS_ADDR','地址别名','STRING','','','','','Y','','C1-4','3','');
insert into column_val (xmlid, col_xmlid, dataname, col_seq, colname, colcnname, datatype, length, precision_val, party_seq, isprimarykey, isnullable, remark, filed_type_child, sensitive_level, policyid) values ('TO_R_ADDR_INF_D_YF','TO_R_ADDR_INF_D_YF_2017098','TO_R_ADDR_INF_D_YF','8','OLD_ADDR','旧地址','INT','','','','','Y','','C1-4','3','');
insert into column_val (xmlid, col_xmlid, dataname, col_seq, colname, colcnname, datatype, length, precision_val, party_seq, isprimarykey, isnullable, remark, filed_type_child, sensitive_level, policyid) values ('TO_R_ADDR_INF_D_YF','TO_R_ADDR_INF_D_YF_2017099','TO_R_ADDR_INF_D_YF','9','IS_CONFIRM','是否有效','INT','','','','','Y','1','C1-4','3','');
insert into column_val (xmlid, col_xmlid, dataname, col_seq, colname, colcnname, datatype, length, precision_val, party_seq, isprimarykey, isnullable, remark, filed_type_child, sensitive_level, policyid) values ('TO_R_ADDR_INF_D_YF','TO_R_ADDR_INF_D_YF_20170910','TO_R_ADDR_INF_D_YF','10','ADDR','地址全称','STRING','','','','','Y','广州市越秀区站前路197号','C1-4','3','');
insert into column_val (xmlid, col_xmlid, dataname, col_seq, colname, colcnname, datatype, length, precision_val, party_seq, isprimarykey, isnullable, remark, filed_type_child, sensitive_level, policyid) values ('TO_R_ADDR_INF_D_YF','TO_R_ADDR_INF_D_YF_20170911','TO_R_ADDR_INF_D_YF','11','ADDR_PY','ADDR_PY','STRING','','','','','Y','','C1-4','3','');
insert into column_val (xmlid, col_xmlid, dataname, col_seq, colname, colcnname, datatype, length, precision_val, party_seq, isprimarykey, isnullable, remark, filed_type_child, sensitive_level, policyid) values ('TO_R_ADDR_INF_D_YF','TO_R_ADDR_INF_D_YF_20170912','TO_R_ADDR_INF_D_YF','12','ALIAS_ADDR_PY','ALIAS_ADDR_PY','STRING','','','','','Y','','C1-4','3','');
insert into column_val (xmlid, col_xmlid, dataname, col_seq, colname, colcnname, datatype, length, precision_val, party_seq, isprimarykey, isnullable, remark, filed_type_child, sensitive_level, policyid) values ('TO_R_ADDR_INF_D_YF','TO_R_ADDR_INF_D_YF_20170913','TO_R_ADDR_INF_D_YF','13','CONFIRM_DATE','有效日期','STRING','','','','','Y','','C1-4','3','');
insert into column_val (xmlid, col_xmlid, dataname, col_seq, colname, colcnname, datatype, length, precision_val, party_seq, isprimarykey, isnullable, remark, filed_type_child, sensitive_level, policyid) values ('TO_R_ADDR_INF_D_YF','TO_R_ADDR_INF_D_YF_20170914','TO_R_ADDR_INF_D_YF','14','CONFIRM_DATE2','有效日期2','STRING','','','','','Y','','C1-4','3','');
insert into column_val (xmlid, col_xmlid, dataname, col_seq, colname, colcnname, datatype, length, precision_val, party_seq, isprimarykey, isnullable, remark, filed_type_child, sensitive_level, policyid) values ('TO_R_ADDR_INF_D_YF','TO_R_ADDR_INF_D_YF_20170915','TO_R_ADDR_INF_D_YF','15','AMEND','整理状态','SMALLINT','','','','','Y','(0,未整理;1,已整理)','C1-4','3','');
insert into column_val (xmlid, col_xmlid, dataname, col_seq, colname, colcnname, datatype, length, precision_val, party_seq, isprimarykey, isnullable, remark, filed_type_child, sensitive_level, policyid) values ('TO_R_ADDR_INF_D_YF','TO_R_ADDR_INF_D_YF_20170916','TO_R_ADDR_INF_D_YF','16','RECDATE','受理时间','STRING','','','','','Y','','C1-4','3','');
insert into column_val (xmlid, col_xmlid, dataname, col_seq, colname, colcnname, datatype, length, precision_val, party_seq, isprimarykey, isnullable, remark, filed_type_child, sensitive_level, policyid) values ('TO_R_ADDR_INF_D_YF','TO_R_ADDR_INF_D_YF_20170917','TO_R_ADDR_INF_D_YF','17','SUBDEP_NAME','SUBDEPNAME','STRING','','','','','Y','','C1-4','3','');
insert into column_val (xmlid, col_xmlid, dataname, col_seq, colname, colcnname, datatype, length, precision_val, party_seq, isprimarykey, isnullable, remark, filed_type_child, sensitive_level, policyid) values ('TO_R_ADDR_INF_D_YF','TO_R_ADDR_INF_D_YF_20170918','TO_R_ADDR_INF_D_YF','18','SYSFLAG','SYSFLAG','SMALLINT','','','','','Y','','C1-4','3','');
insert into column_val (xmlid, col_xmlid, dataname, col_seq, colname, colcnname, datatype, length, precision_val, party_seq, isprimarykey, isnullable, remark, filed_type_child, sensitive_level, policyid) values ('TO_R_ADDR_INF_D_YF','TO_R_ADDR_INF_D_YF_20170919','TO_R_ADDR_INF_D_YF','19','POSTNUMBER','邮政编码','STRING','','','','','Y','','C1-4','3','');
insert into column_val (xmlid, col_xmlid, dataname, col_seq, colname, colcnname, datatype, length, precision_val, party_seq, isprimarykey, isnullable, remark, filed_type_child, sensitive_level, policyid) values ('TO_R_ADDR_INF_D_YF','TO_R_ADDR_INF_D_YF_20170920','TO_R_ADDR_INF_D_YF','20','STYPE','STYPE','STRING','','','','','Y','','C1-4','3','');
insert into column_val (xmlid, col_xmlid, dataname, col_seq, colname, colcnname, datatype, length, precision_val, party_seq, isprimarykey, isnullable, remark, filed_type_child, sensitive_level, policyid) values ('TO_R_ADDR_INF_D_YF','TO_R_ADDR_INF_D_YF_20170921','TO_R_ADDR_INF_D_YF','21','NUM','NUM','STRING','','','','','Y','','C1-4','3','');
insert into column_val (xmlid, col_xmlid, dataname, col_seq, colname, colcnname, datatype, length, precision_val, party_seq, isprimarykey, isnullable, remark, filed_type_child, sensitive_level, policyid) values ('TO_R_ADDR_INF_D_YF','TO_R_ADDR_INF_D_YF_20170922','TO_R_ADDR_INF_D_YF','22','TAG','TAG','INT','','','','','Y','','C1-4','3','');
insert into column_val (xmlid, col_xmlid, dataname, col_seq, colname, colcnname, datatype, length, precision_val, party_seq, isprimarykey, isnullable, remark, filed_type_child, sensitive_level, policyid) values ('TO_R_ADDR_INF_D_YF','TO_R_ADDR_INF_D_YF_20170923','TO_R_ADDR_INF_D_YF','23','IBSS_ADDR_ID','IBSSADDRID','INT','','','','','Y','','C1-4','3','');
insert into column_val (xmlid, col_xmlid, dataname, col_seq, colname, colcnname, datatype, length, precision_val, party_seq, isprimarykey, isnullable, remark, filed_type_child, sensitive_level, policyid) values ('TO_R_ADDR_INF_D_YF','TO_R_ADDR_INF_D_YF_20170924','TO_R_ADDR_INF_D_YF','24','IBSEND','IBSEND','INT','','','','','Y','','C1-4','3','');
insert into column_val (xmlid, col_xmlid, dataname, col_seq, colname, colcnname, datatype, length, precision_val, party_seq, isprimarykey, isnullable, remark, filed_type_child, sensitive_level, policyid) values ('TO_R_ADDR_INF_D_YF','TO_R_ADDR_INF_D_YF_20170925','TO_R_ADDR_INF_D_YF','25','OLD_PARENTID','OLD_PARENTID','INT','','','','','Y','','C1-4','3','');
insert into column_val (xmlid, col_xmlid, dataname, col_seq, colname, colcnname, datatype, length, precision_val, party_seq, isprimarykey, isnullable, remark, filed_type_child, sensitive_level, policyid) values ('TO_R_ADDR_INF_D_YF','TO_R_ADDR_INF_D_YF_20170926','TO_R_ADDR_INF_D_YF','26','SPLIT_FLAGC','SPLIT_FLAGC','INT','','','','','Y','','C1-4','3','');
insert into column_val (xmlid, col_xmlid, dataname, col_seq, colname, colcnname, datatype, length, precision_val, party_seq, isprimarykey, isnullable, remark, filed_type_child, sensitive_level, policyid) values ('TO_R_ADDR_INF_D_YF','TO_R_ADDR_INF_D_YF_20170927','TO_R_ADDR_INF_D_YF','27','SPLIT_FLAG','SPLIT_FLAG','INT','','','','','Y','','C1-4','3','');
insert into column_val (xmlid, col_xmlid, dataname, col_seq, colname, colcnname, datatype, length, precision_val, party_seq, isprimarykey, isnullable, remark, filed_type_child, sensitive_level, policyid) values ('TO_R_ADDR_INF_D_YF','TO_R_ADDR_INF_D_YF_20170928','TO_R_ADDR_INF_D_YF','28','ADDRTYPE','ADDRTYPE','INT','','','','','Y','','C1-4','3','');
insert into column_val (xmlid, col_xmlid, dataname, col_seq, colname, colcnname, datatype, length, precision_val, party_seq, isprimarykey, isnullable, remark, filed_type_child, sensitive_level, policyid) values ('TO_R_ADDR_INF_D_YF','TO_R_ADDR_INF_D_YF_20170929','TO_R_ADDR_INF_D_YF','29','REGIONID','地市ID','INT','','','','','Y','200','C1-4','3','');
insert into column_val (xmlid, col_xmlid, dataname, col_seq, colname, colcnname, datatype, length, precision_val, party_seq, isprimarykey, isnullable, remark, filed_type_child, sensitive_level, policyid) values ('TO_R_ADDR_INF_D_YF','TO_R_ADDR_INF_D_YF_20170930','TO_R_ADDR_INF_D_YF','30','IMPORTFLAG','导入批次','STRING','','','','','Y','2.01303E+13','C1-4','3','');
insert into column_val (xmlid, col_xmlid, dataname, col_seq, colname, colcnname, datatype, length, precision_val, party_seq, isprimarykey, isnullable, remark, filed_type_child, sensitive_level, policyid) values ('TO_R_ADDR_INF_D_YF','TO_R_ADDR_INF_D_YF_20170931','TO_R_ADDR_INF_D_YF','31','INTSID1','第一级','STRING','','','','','Y','广州市','C1-4','3','');
insert into column_val (xmlid, col_xmlid, dataname, col_seq, colname, colcnname, datatype, length, precision_val, party_seq, isprimarykey, isnullable, remark, filed_type_child, sensitive_level, policyid) values ('TO_R_ADDR_INF_D_YF','TO_R_ADDR_INF_D_YF_20170932','TO_R_ADDR_INF_D_YF','32','INTSID2','第二级','STRING','','','','','Y','越秀区','C1-4','3','');
insert into column_val (xmlid, col_xmlid, dataname, col_seq, colname, colcnname, datatype, length, precision_val, party_seq, isprimarykey, isnullable, remark, filed_type_child, sensitive_level, policyid) values ('TO_R_ADDR_INF_D_YF','TO_R_ADDR_INF_D_YF_20170933','TO_R_ADDR_INF_D_YF','33','INTSID3','第三级','STRING','','','','','Y','站前路','C1-4','3','');
insert into column_val (xmlid, col_xmlid, dataname, col_seq, colname, colcnname, datatype, length, precision_val, party_seq, isprimarykey, isnullable, remark, filed_type_child, sensitive_level, policyid) values ('TO_R_ADDR_INF_D_YF','TO_R_ADDR_INF_D_YF_20170934','TO_R_ADDR_INF_D_YF','34','INTSID4','第四级','STRING','','','','','Y','197号','C1-4','3','');
insert into column_val (xmlid, col_xmlid, dataname, col_seq, colname, colcnname, datatype, length, precision_val, party_seq, isprimarykey, isnullable, remark, filed_type_child, sensitive_level, policyid) values ('TO_R_ADDR_INF_D_YF','TO_R_ADDR_INF_D_YF_20170935','TO_R_ADDR_INF_D_YF','35','INTSID5','第五级','STRING','','','','','Y','','C1-4','3','');
insert into column_val (xmlid, col_xmlid, dataname, col_seq, colname, colcnname, datatype, length, precision_val, party_seq, isprimarykey, isnullable, remark, filed_type_child, sensitive_level, policyid) values ('TO_R_ADDR_INF_D_YF','TO_R_ADDR_INF_D_YF_20170936','TO_R_ADDR_INF_D_YF','36','INTSID6','第六级','STRING','','','','','Y','','C1-4','3','');
insert into column_val (xmlid, col_xmlid, dataname, col_seq, colname, colcnname, datatype, length, precision_val, party_seq, isprimarykey, isnullable, remark, filed_type_child, sensitive_level, policyid) values ('TO_R_ADDR_INF_D_YF','TO_R_ADDR_INF_D_YF_20170937','TO_R_ADDR_INF_D_YF','37','INTSID7','第七级','STRING','','','','','Y','','C1-4','3','');
insert into column_val (xmlid, col_xmlid, dataname, col_seq, colname, colcnname, datatype, length, precision_val, party_seq, isprimarykey, isnullable, remark, filed_type_child, sensitive_level, policyid) values ('TO_R_ADDR_INF_D_YF','TO_R_ADDR_INF_D_YF_20170938','TO_R_ADDR_INF_D_YF','38','ADDR_TYPE_EX','ADDRTYPEEX','INT','','','','','Y','','C1-4','3','');
insert into column_val (xmlid, col_xmlid, dataname, col_seq, colname, colcnname, datatype, length, precision_val, party_seq, isprimarykey, isnullable, remark, filed_type_child, sensitive_level, policyid) values ('TO_R_ADDR_INF_D_YF','TO_R_ADDR_INF_D_YF_20170939','TO_R_ADDR_INF_D_YF','39','ADDR_TYPE_EX_2','ADDRTYPEEX_2','INT','','','','','Y','','C1-4','3','');
insert into column_val (xmlid, col_xmlid, dataname, col_seq, colname, colcnname, datatype, length, precision_val, party_seq, isprimarykey, isnullable, remark, filed_type_child, sensitive_level, policyid) values ('TO_R_ADDR_INF_D_YF','TO_R_ADDR_INF_D_YF_20170940','TO_R_ADDR_INF_D_YF','40','GREEN_LABEL','GREEN_LABEL','INT','','','','','Y','','C1-4','3','');
insert into column_val (xmlid, col_xmlid, dataname, col_seq, colname, colcnname, datatype, length, precision_val, party_seq, isprimarykey, isnullable, remark, filed_type_child, sensitive_level, policyid) values ('TO_R_ADDR_INF_D_YF','TO_R_ADDR_INF_D_YF_20170941','TO_R_ADDR_INF_D_YF','41','GRADE3ID','GRADE3ID','INT','','','','','Y','','C1-4','3','');
insert into column_val (xmlid, col_xmlid, dataname, col_seq, colname, colcnname, datatype, length, precision_val, party_seq, isprimarykey, isnullable, remark, filed_type_child, sensitive_level, policyid) values ('TO_R_ADDR_INF_D_YF','TO_R_ADDR_INF_D_YF_20170942','TO_R_ADDR_INF_D_YF','42','LONGITUDE','经度','STRING','','','','','Y','113.253285','C1-4','3','PID_all');
insert into column_val (xmlid, col_xmlid, dataname, col_seq, colname, colcnname, datatype, length, precision_val, party_seq, isprimarykey, isnullable, remark, filed_type_child, sensitive_level, policyid) values ('TO_R_ADDR_INF_D_YF','TO_R_ADDR_INF_D_YF_20170943','TO_R_ADDR_INF_D_YF','43','LATITUDE','纬度','STRING','','','','','Y','23.145451','C1-4','3','PID_all');
insert into column_val (xmlid, col_xmlid, dataname, col_seq, colname, colcnname, datatype, length, precision_val, party_seq, isprimarykey, isnullable, remark, filed_type_child, sensitive_level, policyid) values ('TO_R_ADDR_INF_D_YF','TO_R_ADDR_INF_D_YF_20170944','TO_R_ADDR_INF_D_YF','44','BELONG_CELL_ID','所属小区','STRING','','','','','Y','','C1-4','3','');
insert into column_val (xmlid, col_xmlid, dataname, col_seq, colname, colcnname, datatype, length, precision_val, party_seq, isprimarykey, isnullable, remark, filed_type_child, sensitive_level, policyid) values ('TO_R_ADDR_INF_D_YF','TO_R_ADDR_INF_D_YF_20170945','TO_R_ADDR_INF_D_YF','45','RES_TYP_CD','资源类型','SMALLINT','','','','','Y','　(1:自建宽带、2:广电宽带 （局端合作）、3:广电宽带 （末端合作）、5:第三方合作、6:第三方合作（客服服务）、9:铁通ADSL改造)','C1-4','3','');
insert into column_val (xmlid, col_xmlid, dataname, col_seq, colname, colcnname, datatype, length, precision_val, party_seq, isprimarykey, isnullable, remark, filed_type_child, sensitive_level, policyid) values ('TO_R_ADDR_INF_D_YF','TO_R_ADDR_INF_D_YF_20170946','TO_R_ADDR_INF_D_YF','46','BS_TYP','楼宇类型','SMALLINT','','','','','Y','　(1、家庭楼宇 2、商业楼宇)','C1-4','3','');
insert into column_val (xmlid, col_xmlid, dataname, col_seq, colname, colcnname, datatype, length, precision_val, party_seq, isprimarykey, isnullable, remark, filed_type_child, sensitive_level, policyid) values ('TO_R_ADDR_INF_D_YF','TO_R_ADDR_INF_D_YF_20170947','TO_R_ADDR_INF_D_YF','47','THRD_NAM','第三方名称','STRING','','','','','Y','','C1-4','3','');
insert into column_val (xmlid, col_xmlid, dataname, col_seq, colname, colcnname, datatype, length, precision_val, party_seq, isprimarykey, isnullable, remark, filed_type_child, sensitive_level, policyid) values ('TO_R_ADDR_INF_D_YF','TO_R_ADDR_INF_D_YF_20170948','TO_R_ADDR_INF_D_YF','48','THIRD_NBR','第三方联系方式','STRING','','','','','Y','','C1-4','3','');
insert into column_val (xmlid, col_xmlid, dataname, col_seq, colname, colcnname, datatype, length, precision_val, party_seq, isprimarykey, isnullable, remark, filed_type_child, sensitive_level, policyid) values ('TO_R_ADDR_INF_D_YF','TO_R_ADDR_INF_D_YF_20170949','TO_R_ADDR_INF_D_YF','49','PICTURE_LINK','图片链接','STRING','','','','','Y','','C1-4','3','');
insert into column_val (xmlid, col_xmlid, dataname, col_seq, colname, colcnname, datatype, length, precision_val, party_seq, isprimarykey, isnullable, remark, filed_type_child, sensitive_level, policyid) values ('TO_R_ADDR_INF_D_YF','TO_R_ADDR_INF_D_YF_20170950','TO_R_ADDR_INF_D_YF','50','ADDR_SOURCE','地址来源','INT','','','','','Y','　集客预覆盖流程（3）、家客预覆盖流程（4）、集客开通流程（2，esop变更为该枚举值）、资源呈现系统（1，可视化变更为该枚举值）','C1-4','3','');
insert into column_val (xmlid, col_xmlid, dataname, col_seq, colname, colcnname, datatype, length, precision_val, party_seq, isprimarykey, isnullable, remark, filed_type_child, sensitive_level, policyid) values ('TO_R_ADDR_INF_D_YF','TO_R_ADDR_INF_D_YF_20170951','TO_R_ADDR_INF_D_YF','51','STATUS','状态','INT','','','','','Y','　(1,资源录入;2,已建设楼宇;3,已开业务)','C1-4','3','');
insert into column_val (xmlid, col_xmlid, dataname, col_seq, colname, colcnname, datatype, length, precision_val, party_seq, isprimarykey, isnullable, remark, filed_type_child, sensitive_level, policyid) values ('TO_R_ADDR_INF_D_YF','TO_R_ADDR_INF_D_YF_20170952','TO_R_ADDR_INF_D_YF','52','HCOVERMODE','覆盖场景','INT','','','','','Y','　商务楼宇（1、 高价值写字楼，2、 普通写字楼，3、 专业市场，4、 机关单位、大企业、星级酒店，5、 学校、厂区、医院、政府办公区，6、 工业园厂区）家庭楼宇（7、住宅小区，8、城中村，9、独栋楼宇，10、沿街商铺，11、农村）','C1-4','3','');
insert into column_val (xmlid, col_xmlid, dataname, col_seq, colname, colcnname, datatype, length, precision_val, party_seq, isprimarykey, isnullable, remark, filed_type_child, sensitive_level, policyid) values ('TO_R_ADDR_INF_D_YF','TO_R_ADDR_INF_D_YF_20170953','TO_R_ADDR_INF_D_YF','53','REMARKS','备注','STRING','','','','','Y','','C1-4','3','');
insert into column_val (xmlid, col_xmlid, dataname, col_seq, colname, colcnname, datatype, length, precision_val, party_seq, isprimarykey, isnullable, remark, filed_type_child, sensitive_level, policyid) values ('TO_R_ADDR_INF_D_YF','TO_R_ADDR_INF_D_YF_20170954','TO_R_ADDR_INF_D_YF','54','SHIELD_OPEN_SERVICE','屏蔽开通业务','STRING','','','','','Y','（是/否，默认为否）','C1-4','3','');
insert into column_val (xmlid, col_xmlid, dataname, col_seq, colname, colcnname, datatype, length, precision_val, party_seq, isprimarykey, isnullable, remark, filed_type_child, sensitive_level, policyid) values ('TO_R_ADDR_INF_D_YF','TO_R_ADDR_INF_D_YF_20170955','TO_R_ADDR_INF_D_YF','55','CN_WAY','接入方式','STRING','','','','','Y','FTTH、FTTB','C1-4','3','');
insert into column_val (xmlid, col_xmlid, dataname, col_seq, colname, colcnname, datatype, length, precision_val, party_seq, isprimarykey, isnullable, remark, filed_type_child, sensitive_level, policyid) values ('TO_R_ADDR_INF_D_YF','TO_R_ADDR_INF_D_YF_20170956','TO_R_ADDR_INF_D_YF','56','REGION_ATTRI','地域属性','INT','','','','','Y','','C1-4','3','');
insert into column_val (xmlid, col_xmlid, dataname, col_seq, colname, colcnname, datatype, length, precision_val, party_seq, isprimarykey, isnullable, remark, filed_type_child, sensitive_level, policyid) values ('TO_R_ADDR_INF_D_YF','TO_R_ADDR_INF_D_YF_20170957','TO_R_ADDR_INF_D_YF','57','CMCC_BRANCH_CD','地市编码','STRING','','','','','Y','示例：GZ','C1-4','3','');

insert into tablefile (xmlid, dbname, dataname, datacnname, state, cycletype, topiccode, extend_cfg, rightlevel, creater, curdutyer, eff_date, state_date, team_code, open_state, remark) values ('TO_R_CRM_ELCTR_RECORD_DATA_M_GZ','BD_B','TO_R_CRM_ELCTR_RECORD_DATA_M_GZ','ODS_和包电子券发放记录','NEW','month','LAYERI_IRES','{"EXTERNAL":"y","LOCATION":"/tenant/BIGDATA/JCFW/JRCL/BD_B/ODS/TO_R_CRM_ELCTR_RECORD_DATA_M/branch=GZ","FILEFORMAT":"PARQUET","DELIMITER":"@#$"}','其他','谢英俊','谢英俊', TIMESTAMP '0008-05-17 12:00:00', TIMESTAMP '0008-05-17 12:00:00','f2999fd5-c34e-402e-9b28-fec9fca13044','','基础层-资源主题域');
insert into column_val (xmlid, col_xmlid, dataname, col_seq, colname, colcnname, datatype, length, precision_val, party_seq, isprimarykey, isnullable, remark, filed_type_child, sensitive_level, policyid) values ('TO_R_CRM_ELCTR_RECORD_DATA_M_GZ','TO_R_CRM_ELCTR_RECORD_DATA_M_GZ_2017091','TO_R_CRM_ELCTR_RECORD_DATA_M_GZ','1','STAT_MO','统计月份','INT','','','','','N','','D2-2','2','');
insert into column_val (xmlid, col_xmlid, dataname, col_seq, colname, colcnname, datatype, length, precision_val, party_seq, isprimarykey, isnullable, remark, filed_type_child, sensitive_level, policyid) values ('TO_R_CRM_ELCTR_RECORD_DATA_M_GZ','TO_R_CRM_ELCTR_RECORD_DATA_M_GZ_2017092','TO_R_CRM_ELCTR_RECORD_DATA_M_GZ','2','ORDR_SEQ','和包订单号','STRING','','','','','N','交易流水号','D2-2','2','');
insert into column_val (xmlid, col_xmlid, dataname, col_seq, colname, colcnname, datatype, length, precision_val, party_seq, isprimarykey, isnullable, remark, filed_type_child, sensitive_level, policyid) values ('TO_R_CRM_ELCTR_RECORD_DATA_M_GZ','TO_R_CRM_ELCTR_RECORD_DATA_M_GZ_2017094','TO_R_CRM_ELCTR_RECORD_DATA_M_GZ','4','TRADE_OPR_TYP','交易类型','STRING','','','','','N','发放,下单,支付','D2-2','2','');
insert into column_val (xmlid, col_xmlid, dataname, col_seq, colname, colcnname, datatype, length, precision_val, party_seq, isprimarykey, isnullable, remark, filed_type_child, sensitive_level, policyid) values ('TO_R_CRM_ELCTR_RECORD_DATA_M_GZ','TO_R_CRM_ELCTR_RECORD_DATA_M_GZ_2017095','TO_R_CRM_ELCTR_RECORD_DATA_M_GZ','5','OPR_DT','操作日期','INT','','','','','N','','D2-2','2','');
insert into column_val (xmlid, col_xmlid, dataname, col_seq, colname, colcnname, datatype, length, precision_val, party_seq, isprimarykey, isnullable, remark, filed_type_child, sensitive_level, policyid) values ('TO_R_CRM_ELCTR_RECORD_DATA_M_GZ','TO_R_CRM_ELCTR_RECORD_DATA_M_GZ_2017096','TO_R_CRM_ELCTR_RECORD_DATA_M_GZ','6','OPR_TIM','操作时间','STRING','','','','','N','','D2-2','2','');
insert into column_val (xmlid, col_xmlid, dataname, col_seq, colname, colcnname, datatype, length, precision_val, party_seq, isprimarykey, isnullable, remark, filed_type_child, sensitive_level, policyid) values ('TO_R_CRM_ELCTR_RECORD_DATA_M_GZ','TO_R_CRM_ELCTR_RECORD_DATA_M_GZ_20170915','TO_R_CRM_ELCTR_RECORD_DATA_M_GZ','15','ORDER_STS_CD','订单状态','STRING','','','','','N','回退,成功','D2-2','2','');
insert into column_val (xmlid, col_xmlid, dataname, col_seq, colname, colcnname, datatype, length, precision_val, party_seq, isprimarykey, isnullable, remark, filed_type_child, sensitive_level, policyid) values ('TO_R_CRM_ELCTR_RECORD_DATA_M_GZ','TO_R_CRM_ELCTR_RECORD_DATA_M_GZ_2017093','TO_R_CRM_ELCTR_RECORD_DATA_M_GZ','3','BATCH_NO','批次号','STRING','','','','','Y','电子券活动批次','D2-2','2','');
insert into column_val (xmlid, col_xmlid, dataname, col_seq, colname, colcnname, datatype, length, precision_val, party_seq, isprimarykey, isnullable, remark, filed_type_child, sensitive_level, policyid) values ('TO_R_CRM_ELCTR_RECORD_DATA_M_GZ','TO_R_CRM_ELCTR_RECORD_DATA_M_GZ_2017097','TO_R_CRM_ELCTR_RECORD_DATA_M_GZ','7','OPR_FEE','操作金额','DECIMAL','20','2','','','Y','','D2-2','2','');
insert into column_val (xmlid, col_xmlid, dataname, col_seq, colname, colcnname, datatype, length, precision_val, party_seq, isprimarykey, isnullable, remark, filed_type_child, sensitive_level, policyid) values ('TO_R_CRM_ELCTR_RECORD_DATA_M_GZ','TO_R_CRM_ELCTR_RECORD_DATA_M_GZ_2017098','TO_R_CRM_ELCTR_RECORD_DATA_M_GZ','8','USR_NBR','服务号码','STRING','','','','','Y','','A1-2','3','PID_all');
insert into column_val (xmlid, col_xmlid, dataname, col_seq, colname, colcnname, datatype, length, precision_val, party_seq, isprimarykey, isnullable, remark, filed_type_child, sensitive_level, policyid) values ('TO_R_CRM_ELCTR_RECORD_DATA_M_GZ','TO_R_CRM_ELCTR_RECORD_DATA_M_GZ_2017099','TO_R_CRM_ELCTR_RECORD_DATA_M_GZ','9','IMEI','IMEI','STRING','','','','','Y','电子券归属IMEI','D2-2','2','PID_9star');
insert into column_val (xmlid, col_xmlid, dataname, col_seq, colname, colcnname, datatype, length, precision_val, party_seq, isprimarykey, isnullable, remark, filed_type_child, sensitive_level, policyid) values ('TO_R_CRM_ELCTR_RECORD_DATA_M_GZ','TO_R_CRM_ELCTR_RECORD_DATA_M_GZ_20170910','TO_R_CRM_ELCTR_RECORD_DATA_M_GZ','10','OPR_CHNL_ID','接入方式','STRING','','','','','Y','操作渠道标识','D2-2','2','');
insert into column_val (xmlid, col_xmlid, dataname, col_seq, colname, colcnname, datatype, length, precision_val, party_seq, isprimarykey, isnullable, remark, filed_type_child, sensitive_level, policyid) values ('TO_R_CRM_ELCTR_RECORD_DATA_M_GZ','TO_R_CRM_ELCTR_RECORD_DATA_M_GZ_20170911','TO_R_CRM_ELCTR_RECORD_DATA_M_GZ','11','CMCC_BRANCH_NAM','操作地市','STRING','','','','','Y',' 如：广州、深圳','D2-2','2','');
insert into column_val (xmlid, col_xmlid, dataname, col_seq, colname, colcnname, datatype, length, precision_val, party_seq, isprimarykey, isnullable, remark, filed_type_child, sensitive_level, policyid) values ('TO_R_CRM_ELCTR_RECORD_DATA_M_GZ','TO_R_CRM_ELCTR_RECORD_DATA_M_GZ_20170912','TO_R_CRM_ELCTR_RECORD_DATA_M_GZ','12','MARK_PLAN_CD','产品编码','STRING','','','','','Y','营销案编码','D2-2','2','');
insert into column_val (xmlid, col_xmlid, dataname, col_seq, colname, colcnname, datatype, length, precision_val, party_seq, isprimarykey, isnullable, remark, filed_type_child, sensitive_level, policyid) values ('TO_R_CRM_ELCTR_RECORD_DATA_M_GZ','TO_R_CRM_ELCTR_RECORD_DATA_M_GZ_20170913','TO_R_CRM_ELCTR_RECORD_DATA_M_GZ','13','MARK_PLAN_NAM','产品名称','STRING','','','','','Y','营销案名称','D2-2','2','');
insert into column_val (xmlid, col_xmlid, dataname, col_seq, colname, colcnname, datatype, length, precision_val, party_seq, isprimarykey, isnullable, remark, filed_type_child, sensitive_level, policyid) values ('TO_R_CRM_ELCTR_RECORD_DATA_M_GZ','TO_R_CRM_ELCTR_RECORD_DATA_M_GZ_20170914','TO_R_CRM_ELCTR_RECORD_DATA_M_GZ','14','OPR_CODE','操作员工号','STRING','','','','','Y','操作员工标识','D2-2','2','');
insert into column_val (xmlid, col_xmlid, dataname, col_seq, colname, colcnname, datatype, length, precision_val, party_seq, isprimarykey, isnullable, remark, filed_type_child, sensitive_level, policyid) values ('TO_R_CRM_ELCTR_RECORD_DATA_M_GZ','TO_R_CRM_ELCTR_RECORD_DATA_M_GZ_20170916','TO_R_CRM_ELCTR_RECORD_DATA_M_GZ','16','CMCC_BRANCH_CD','地市编码','STRING','','','','','Y','','D2-2','2','');
insert into column_val (xmlid, col_xmlid, dataname, col_seq, colname, colcnname, datatype, length, precision_val, party_seq, isprimarykey, isnullable, remark, filed_type_child, sensitive_level, policyid) values ('TO_R_CRM_ELCTR_RECORD_DATA_M_GZ','TO_R_CRM_ELCTR_RECORD_DATA_M_GZ_20170917','TO_R_CRM_ELCTR_RECORD_DATA_M_GZ','17','ELCTR_OBT_TYP','电子券获取方式','STRING','','','','','Y','0：和包购机:1：积分兑换和包,2：赠送和包','D1-4','4','');
insert into column_val (xmlid, col_xmlid, dataname, col_seq, colname, colcnname, datatype, length, precision_val, party_seq, isprimarykey, isnullable, remark, filed_type_child, sensitive_level, policyid) values ('TO_R_CRM_ELCTR_RECORD_DATA_M_GZ','TO_R_CRM_ELCTR_RECORD_DATA_M_GZ_20170918','TO_R_CRM_ELCTR_RECORD_DATA_M_GZ','18','month','月份','INT','','','1','','N','','','','');

insert into tablefile (xmlid, dbname, dataname, datacnname, state, cycletype, topiccode, extend_cfg, rightlevel, creater, curdutyer, eff_date, state_date, team_code, open_state, remark) values ('TO_R_CRM_ELCTR_RECORD_DATA_M_SZ','BD_B','TO_R_CRM_ELCTR_RECORD_DATA_M_SZ','ODS_和包电子券发放记录','NEW','month','LAYERI_IRES','{"EXTERNAL":"y","LOCATION":"/tenant/BIGDATA/JCFW/JRCL/BD_B/ODS/TO_R_CRM_ELCTR_RECORD_DATA_M/branch=SZ","FILEFORMAT":"PARQUET","DELIMITER":"@#$"}','其他','谢英俊','谢英俊', TIMESTAMP '0008-05-17 12:00:00', TIMESTAMP '0008-05-17 12:00:00','f2999fd5-c34e-402e-9b28-fec9fca13044','','基础层-资源主题域');
insert into column_val (xmlid, col_xmlid, dataname, col_seq, colname, colcnname, datatype, length, precision_val, party_seq, isprimarykey, isnullable, remark, filed_type_child, sensitive_level, policyid) values ('TO_R_CRM_ELCTR_RECORD_DATA_M_SZ','TO_R_CRM_ELCTR_RECORD_DATA_M_SZ_2017091','TO_R_CRM_ELCTR_RECORD_DATA_M_SZ','1','STAT_MO','统计月份','INT','','','','','N','','D2-2','2','');
insert into column_val (xmlid, col_xmlid, dataname, col_seq, colname, colcnname, datatype, length, precision_val, party_seq, isprimarykey, isnullable, remark, filed_type_child, sensitive_level, policyid) values ('TO_R_CRM_ELCTR_RECORD_DATA_M_SZ','TO_R_CRM_ELCTR_RECORD_DATA_M_SZ_2017092','TO_R_CRM_ELCTR_RECORD_DATA_M_SZ','2','ORDR_SEQ','和包订单号','STRING','','','','','N','交易流水号','D2-2','2','');
insert into column_val (xmlid, col_xmlid, dataname, col_seq, colname, colcnname, datatype, length, precision_val, party_seq, isprimarykey, isnullable, remark, filed_type_child, sensitive_level, policyid) values ('TO_R_CRM_ELCTR_RECORD_DATA_M_SZ','TO_R_CRM_ELCTR_RECORD_DATA_M_SZ_2017094','TO_R_CRM_ELCTR_RECORD_DATA_M_SZ','4','TRADE_OPR_TYP','交易类型','STRING','','','','','N','发放,下单,支付','D2-2','2','');
insert into column_val (xmlid, col_xmlid, dataname, col_seq, colname, colcnname, datatype, length, precision_val, party_seq, isprimarykey, isnullable, remark, filed_type_child, sensitive_level, policyid) values ('TO_R_CRM_ELCTR_RECORD_DATA_M_SZ','TO_R_CRM_ELCTR_RECORD_DATA_M_SZ_2017095','TO_R_CRM_ELCTR_RECORD_DATA_M_SZ','5','OPR_DT','操作日期','INT','','','','','N','','D2-2','2','');
insert into column_val (xmlid, col_xmlid, dataname, col_seq, colname, colcnname, datatype, length, precision_val, party_seq, isprimarykey, isnullable, remark, filed_type_child, sensitive_level, policyid) values ('TO_R_CRM_ELCTR_RECORD_DATA_M_SZ','TO_R_CRM_ELCTR_RECORD_DATA_M_SZ_2017096','TO_R_CRM_ELCTR_RECORD_DATA_M_SZ','6','OPR_TIM','操作时间','STRING','','','','','N','','D2-2','2','');
insert into column_val (xmlid, col_xmlid, dataname, col_seq, colname, colcnname, datatype, length, precision_val, party_seq, isprimarykey, isnullable, remark, filed_type_child, sensitive_level, policyid) values ('TO_R_CRM_ELCTR_RECORD_DATA_M_SZ','TO_R_CRM_ELCTR_RECORD_DATA_M_SZ_20170915','TO_R_CRM_ELCTR_RECORD_DATA_M_SZ','15','ORDER_STS_CD','订单状态','STRING','','','','','N','回退,成功','D2-2','2','');
insert into column_val (xmlid, col_xmlid, dataname, col_seq, colname, colcnname, datatype, length, precision_val, party_seq, isprimarykey, isnullable, remark, filed_type_child, sensitive_level, policyid) values ('TO_R_CRM_ELCTR_RECORD_DATA_M_SZ','TO_R_CRM_ELCTR_RECORD_DATA_M_SZ_2017093','TO_R_CRM_ELCTR_RECORD_DATA_M_SZ','3','BATCH_NO','批次号','STRING','','','','','Y','电子券活动批次','D2-2','2','');
insert into column_val (xmlid, col_xmlid, dataname, col_seq, colname, colcnname, datatype, length, precision_val, party_seq, isprimarykey, isnullable, remark, filed_type_child, sensitive_level, policyid) values ('TO_R_CRM_ELCTR_RECORD_DATA_M_SZ','TO_R_CRM_ELCTR_RECORD_DATA_M_SZ_2017097','TO_R_CRM_ELCTR_RECORD_DATA_M_SZ','7','OPR_FEE','操作金额','DECIMAL','20','2','','','Y','','D2-2','2','');
insert into column_val (xmlid, col_xmlid, dataname, col_seq, colname, colcnname, datatype, length, precision_val, party_seq, isprimarykey, isnullable, remark, filed_type_child, sensitive_level, policyid) values ('TO_R_CRM_ELCTR_RECORD_DATA_M_SZ','TO_R_CRM_ELCTR_RECORD_DATA_M_SZ_2017098','TO_R_CRM_ELCTR_RECORD_DATA_M_SZ','8','USR_NBR','服务号码','STRING','','','','','Y','','A1-2','3','PID_all');
insert into column_val (xmlid, col_xmlid, dataname, col_seq, colname, colcnname, datatype, length, precision_val, party_seq, isprimarykey, isnullable, remark, filed_type_child, sensitive_level, policyid) values ('TO_R_CRM_ELCTR_RECORD_DATA_M_SZ','TO_R_CRM_ELCTR_RECORD_DATA_M_SZ_2017099','TO_R_CRM_ELCTR_RECORD_DATA_M_SZ','9','IMEI','IMEI','STRING','','','','','Y','电子券归属IMEI','D2-2','2','PID_9star');
insert into column_val (xmlid, col_xmlid, dataname, col_seq, colname, colcnname, datatype, length, precision_val, party_seq, isprimarykey, isnullable, remark, filed_type_child, sensitive_level, policyid) values ('TO_R_CRM_ELCTR_RECORD_DATA_M_SZ','TO_R_CRM_ELCTR_RECORD_DATA_M_SZ_20170910','TO_R_CRM_ELCTR_RECORD_DATA_M_SZ','10','OPR_CHNL_ID','接入方式','STRING','','','','','Y','操作渠道标识','D2-2','2','');
insert into column_val (xmlid, col_xmlid, dataname, col_seq, colname, colcnname, datatype, length, precision_val, party_seq, isprimarykey, isnullable, remark, filed_type_child, sensitive_level, policyid) values ('TO_R_CRM_ELCTR_RECORD_DATA_M_SZ','TO_R_CRM_ELCTR_RECORD_DATA_M_SZ_20170911','TO_R_CRM_ELCTR_RECORD_DATA_M_SZ','11','CMCC_BRANCH_NAM','操作地市','STRING','','','','','Y',' 如：广州、深圳','D2-2','2','');
insert into column_val (xmlid, col_xmlid, dataname, col_seq, colname, colcnname, datatype, length, precision_val, party_seq, isprimarykey, isnullable, remark, filed_type_child, sensitive_level, policyid) values ('TO_R_CRM_ELCTR_RECORD_DATA_M_SZ','TO_R_CRM_ELCTR_RECORD_DATA_M_SZ_20170912','TO_R_CRM_ELCTR_RECORD_DATA_M_SZ','12','MARK_PLAN_CD','产品编码','STRING','','','','','Y','营销案编码','D2-2','2','');
insert into column_val (xmlid, col_xmlid, dataname, col_seq, colname, colcnname, datatype, length, precision_val, party_seq, isprimarykey, isnullable, remark, filed_type_child, sensitive_level, policyid) values ('TO_R_CRM_ELCTR_RECORD_DATA_M_SZ','TO_R_CRM_ELCTR_RECORD_DATA_M_SZ_20170913','TO_R_CRM_ELCTR_RECORD_DATA_M_SZ','13','MARK_PLAN_NAM','产品名称','STRING','','','','','Y','营销案名称','D2-2','2','');
insert into column_val (xmlid, col_xmlid, dataname, col_seq, colname, colcnname, datatype, length, precision_val, party_seq, isprimarykey, isnullable, remark, filed_type_child, sensitive_level, policyid) values ('TO_R_CRM_ELCTR_RECORD_DATA_M_SZ','TO_R_CRM_ELCTR_RECORD_DATA_M_SZ_20170914','TO_R_CRM_ELCTR_RECORD_DATA_M_SZ','14','OPR_CODE','操作员工号','STRING','','','','','Y','操作员工标识','D2-2','2','');
insert into column_val (xmlid, col_xmlid, dataname, col_seq, colname, colcnname, datatype, length, precision_val, party_seq, isprimarykey, isnullable, remark, filed_type_child, sensitive_level, policyid) values ('TO_R_CRM_ELCTR_RECORD_DATA_M_SZ','TO_R_CRM_ELCTR_RECORD_DATA_M_SZ_20170916','TO_R_CRM_ELCTR_RECORD_DATA_M_SZ','16','CMCC_BRANCH_CD','地市编码','STRING','','','','','Y','','D2-2','2','');
insert into column_val (xmlid, col_xmlid, dataname, col_seq, colname, colcnname, datatype, length, precision_val, party_seq, isprimarykey, isnullable, remark, filed_type_child, sensitive_level, policyid) values ('TO_R_CRM_ELCTR_RECORD_DATA_M_SZ','TO_R_CRM_ELCTR_RECORD_DATA_M_SZ_20170917','TO_R_CRM_ELCTR_RECORD_DATA_M_SZ','17','ELCTR_OBT_TYP','电子券获取方式','STRING','','','','','Y','0：和包购机:1：积分兑换和包,2：赠送和包','D1-4','4','');
insert into column_val (xmlid, col_xmlid, dataname, col_seq, colname, colcnname, datatype, length, precision_val, party_seq, isprimarykey, isnullable, remark, filed_type_child, sensitive_level, policyid) values ('TO_R_CRM_ELCTR_RECORD_DATA_M_SZ','TO_R_CRM_ELCTR_RECORD_DATA_M_SZ_20170918','TO_R_CRM_ELCTR_RECORD_DATA_M_SZ','18','month','月份','INT','','','1','','N','','','','');

insert into tablefile (xmlid, dbname, dataname, datacnname, state, cycletype, topiccode, extend_cfg, rightlevel, creater, curdutyer, eff_date, state_date, team_code, open_state, remark) values ('TO_R_CRM_ELCTR_RECORD_DATA_M_DG','BD_B','TO_R_CRM_ELCTR_RECORD_DATA_M_DG','ODS_和包电子券发放记录','NEW','month','LAYERI_IRES','{"EXTERNAL":"y","LOCATION":"/tenant/BIGDATA/JCFW/JRCL/BD_B/ODS/TO_R_CRM_ELCTR_RECORD_DATA_M/branch=DG","FILEFORMAT":"PARQUET","DELIMITER":"@#$"}','其他','谢英俊','谢英俊', TIMESTAMP '0008-05-17 12:00:00', TIMESTAMP '0008-05-17 12:00:00','f2999fd5-c34e-402e-9b28-fec9fca13044','','基础层-资源主题域');
insert into column_val (xmlid, col_xmlid, dataname, col_seq, colname, colcnname, datatype, length, precision_val, party_seq, isprimarykey, isnullable, remark, filed_type_child, sensitive_level, policyid) values ('TO_R_CRM_ELCTR_RECORD_DATA_M_DG','TO_R_CRM_ELCTR_RECORD_DATA_M_DG_2017091','TO_R_CRM_ELCTR_RECORD_DATA_M_DG','1','STAT_MO','统计月份','INT','','','','','N','','D2-2','2','');
insert into column_val (xmlid, col_xmlid, dataname, col_seq, colname, colcnname, datatype, length, precision_val, party_seq, isprimarykey, isnullable, remark, filed_type_child, sensitive_level, policyid) values ('TO_R_CRM_ELCTR_RECORD_DATA_M_DG','TO_R_CRM_ELCTR_RECORD_DATA_M_DG_2017092','TO_R_CRM_ELCTR_RECORD_DATA_M_DG','2','ORDR_SEQ','和包订单号','STRING','','','','','N','交易流水号','D2-2','2','');
insert into column_val (xmlid, col_xmlid, dataname, col_seq, colname, colcnname, datatype, length, precision_val, party_seq, isprimarykey, isnullable, remark, filed_type_child, sensitive_level, policyid) values ('TO_R_CRM_ELCTR_RECORD_DATA_M_DG','TO_R_CRM_ELCTR_RECORD_DATA_M_DG_2017094','TO_R_CRM_ELCTR_RECORD_DATA_M_DG','4','TRADE_OPR_TYP','交易类型','STRING','','','','','N','发放,下单,支付','D2-2','2','');
insert into column_val (xmlid, col_xmlid, dataname, col_seq, colname, colcnname, datatype, length, precision_val, party_seq, isprimarykey, isnullable, remark, filed_type_child, sensitive_level, policyid) values ('TO_R_CRM_ELCTR_RECORD_DATA_M_DG','TO_R_CRM_ELCTR_RECORD_DATA_M_DG_2017095','TO_R_CRM_ELCTR_RECORD_DATA_M_DG','5','OPR_DT','操作日期','INT','','','','','N','','D2-2','2','');
insert into column_val (xmlid, col_xmlid, dataname, col_seq, colname, colcnname, datatype, length, precision_val, party_seq, isprimarykey, isnullable, remark, filed_type_child, sensitive_level, policyid) values ('TO_R_CRM_ELCTR_RECORD_DATA_M_DG','TO_R_CRM_ELCTR_RECORD_DATA_M_DG_2017096','TO_R_CRM_ELCTR_RECORD_DATA_M_DG','6','OPR_TIM','操作时间','STRING','','','','','N','','D2-2','2','');
insert into column_val (xmlid, col_xmlid, dataname, col_seq, colname, colcnname, datatype, length, precision_val, party_seq, isprimarykey, isnullable, remark, filed_type_child, sensitive_level, policyid) values ('TO_R_CRM_ELCTR_RECORD_DATA_M_DG','TO_R_CRM_ELCTR_RECORD_DATA_M_DG_20170915','TO_R_CRM_ELCTR_RECORD_DATA_M_DG','15','ORDER_STS_CD','订单状态','STRING','','','','','N','回退,成功','D2-2','2','');
insert into column_val (xmlid, col_xmlid, dataname, col_seq, colname, colcnname, datatype, length, precision_val, party_seq, isprimarykey, isnullable, remark, filed_type_child, sensitive_level, policyid) values ('TO_R_CRM_ELCTR_RECORD_DATA_M_DG','TO_R_CRM_ELCTR_RECORD_DATA_M_DG_2017093','TO_R_CRM_ELCTR_RECORD_DATA_M_DG','3','BATCH_NO','批次号','STRING','','','','','Y','电子券活动批次','D2-2','2','');
insert into column_val (xmlid, col_xmlid, dataname, col_seq, colname, colcnname, datatype, length, precision_val, party_seq, isprimarykey, isnullable, remark, filed_type_child, sensitive_level, policyid) values ('TO_R_CRM_ELCTR_RECORD_DATA_M_DG','TO_R_CRM_ELCTR_RECORD_DATA_M_DG_2017097','TO_R_CRM_ELCTR_RECORD_DATA_M_DG','7','OPR_FEE','操作金额','DECIMAL','20','2','','','Y','','D2-2','2','');
insert into column_val (xmlid, col_xmlid, dataname, col_seq, colname, colcnname, datatype, length, precision_val, party_seq, isprimarykey, isnullable, remark, filed_type_child, sensitive_level, policyid) values ('TO_R_CRM_ELCTR_RECORD_DATA_M_DG','TO_R_CRM_ELCTR_RECORD_DATA_M_DG_2017098','TO_R_CRM_ELCTR_RECORD_DATA_M_DG','8','USR_NBR','服务号码','STRING','','','','','Y','','A1-2','3','PID_all');
insert into column_val (xmlid, col_xmlid, dataname, col_seq, colname, colcnname, datatype, length, precision_val, party_seq, isprimarykey, isnullable, remark, filed_type_child, sensitive_level, policyid) values ('TO_R_CRM_ELCTR_RECORD_DATA_M_DG','TO_R_CRM_ELCTR_RECORD_DATA_M_DG_2017099','TO_R_CRM_ELCTR_RECORD_DATA_M_DG','9','IMEI','IMEI','STRING','','','','','Y','电子券归属IMEI','D2-2','2','PID_9star');
insert into column_val (xmlid, col_xmlid, dataname, col_seq, colname, colcnname, datatype, length, precision_val, party_seq, isprimarykey, isnullable, remark, filed_type_child, sensitive_level, policyid) values ('TO_R_CRM_ELCTR_RECORD_DATA_M_DG','TO_R_CRM_ELCTR_RECORD_DATA_M_DG_20170910','TO_R_CRM_ELCTR_RECORD_DATA_M_DG','10','OPR_CHNL_ID','接入方式','STRING','','','','','Y','操作渠道标识','D2-2','2','');
insert into column_val (xmlid, col_xmlid, dataname, col_seq, colname, colcnname, datatype, length, precision_val, party_seq, isprimarykey, isnullable, remark, filed_type_child, sensitive_level, policyid) values ('TO_R_CRM_ELCTR_RECORD_DATA_M_DG','TO_R_CRM_ELCTR_RECORD_DATA_M_DG_20170911','TO_R_CRM_ELCTR_RECORD_DATA_M_DG','11','CMCC_BRANCH_NAM','操作地市','STRING','','','','','Y',' 如：广州、深圳','D2-2','2','');
insert into column_val (xmlid, col_xmlid, dataname, col_seq, colname, colcnname, datatype, length, precision_val, party_seq, isprimarykey, isnullable, remark, filed_type_child, sensitive_level, policyid) values ('TO_R_CRM_ELCTR_RECORD_DATA_M_DG','TO_R_CRM_ELCTR_RECORD_DATA_M_DG_20170912','TO_R_CRM_ELCTR_RECORD_DATA_M_DG','12','MARK_PLAN_CD','产品编码','STRING','','','','','Y','营销案编码','D2-2','2','');
insert into column_val (xmlid, col_xmlid, dataname, col_seq, colname, colcnname, datatype, length, precision_val, party_seq, isprimarykey, isnullable, remark, filed_type_child, sensitive_level, policyid) values ('TO_R_CRM_ELCTR_RECORD_DATA_M_DG','TO_R_CRM_ELCTR_RECORD_DATA_M_DG_20170913','TO_R_CRM_ELCTR_RECORD_DATA_M_DG','13','MARK_PLAN_NAM','产品名称','STRING','','','','','Y','营销案名称','D2-2','2','');
insert into column_val (xmlid, col_xmlid, dataname, col_seq, colname, colcnname, datatype, length, precision_val, party_seq, isprimarykey, isnullable, remark, filed_type_child, sensitive_level, policyid) values ('TO_R_CRM_ELCTR_RECORD_DATA_M_DG','TO_R_CRM_ELCTR_RECORD_DATA_M_DG_20170914','TO_R_CRM_ELCTR_RECORD_DATA_M_DG','14','OPR_CODE','操作员工号','STRING','','','','','Y','操作员工标识','D2-2','2','');
insert into column_val (xmlid, col_xmlid, dataname, col_seq, colname, colcnname, datatype, length, precision_val, party_seq, isprimarykey, isnullable, remark, filed_type_child, sensitive_level, policyid) values ('TO_R_CRM_ELCTR_RECORD_DATA_M_DG','TO_R_CRM_ELCTR_RECORD_DATA_M_DG_20170916','TO_R_CRM_ELCTR_RECORD_DATA_M_DG','16','CMCC_BRANCH_CD','地市编码','STRING','','','','','Y','','D2-2','2','');
insert into column_val (xmlid, col_xmlid, dataname, col_seq, colname, colcnname, datatype, length, precision_val, party_seq, isprimarykey, isnullable, remark, filed_type_child, sensitive_level, policyid) values ('TO_R_CRM_ELCTR_RECORD_DATA_M_DG','TO_R_CRM_ELCTR_RECORD_DATA_M_DG_20170917','TO_R_CRM_ELCTR_RECORD_DATA_M_DG','17','ELCTR_OBT_TYP','电子券获取方式','STRING','','','','','Y','0：和包购机:1：积分兑换和包,2：赠送和包','D1-4','4','');
insert into column_val (xmlid, col_xmlid, dataname, col_seq, colname, colcnname, datatype, length, precision_val, party_seq, isprimarykey, isnullable, remark, filed_type_child, sensitive_level, policyid) values ('TO_R_CRM_ELCTR_RECORD_DATA_M_DG','TO_R_CRM_ELCTR_RECORD_DATA_M_DG_20170918','TO_R_CRM_ELCTR_RECORD_DATA_M_DG','18','month','月份','INT','','','1','','N','','','','');

insert into tablefile (xmlid, dbname, dataname, datacnname, state, cycletype, topiccode, extend_cfg, rightlevel, creater, curdutyer, eff_date, state_date, team_code, open_state, remark) values ('TO_R_CRM_ELCTR_RECORD_DATA_M_FS','BD_B','TO_R_CRM_ELCTR_RECORD_DATA_M_FS','ODS_和包电子券发放记录','NEW','month','LAYERI_IRES','{"EXTERNAL":"y","LOCATION":"/tenant/BIGDATA/JCFW/JRCL/BD_B/ODS/TO_R_CRM_ELCTR_RECORD_DATA_M/branch=FS","FILEFORMAT":"PARQUET","DELIMITER":"@#$"}','其他','谢英俊','谢英俊', TIMESTAMP '0008-05-17 12:00:00', TIMESTAMP '0008-05-17 12:00:00','f2999fd5-c34e-402e-9b28-fec9fca13044','','基础层-资源主题域');
insert into column_val (xmlid, col_xmlid, dataname, col_seq, colname, colcnname, datatype, length, precision_val, party_seq, isprimarykey, isnullable, remark, filed_type_child, sensitive_level, policyid) values ('TO_R_CRM_ELCTR_RECORD_DATA_M_FS','TO_R_CRM_ELCTR_RECORD_DATA_M_FS_2017091','TO_R_CRM_ELCTR_RECORD_DATA_M_FS','1','STAT_MO','统计月份','INT','','','','','N','','D2-2','2','');
insert into column_val (xmlid, col_xmlid, dataname, col_seq, colname, colcnname, datatype, length, precision_val, party_seq, isprimarykey, isnullable, remark, filed_type_child, sensitive_level, policyid) values ('TO_R_CRM_ELCTR_RECORD_DATA_M_FS','TO_R_CRM_ELCTR_RECORD_DATA_M_FS_2017092','TO_R_CRM_ELCTR_RECORD_DATA_M_FS','2','ORDR_SEQ','和包订单号','STRING','','','','','N','交易流水号','D2-2','2','');
insert into column_val (xmlid, col_xmlid, dataname, col_seq, colname, colcnname, datatype, length, precision_val, party_seq, isprimarykey, isnullable, remark, filed_type_child, sensitive_level, policyid) values ('TO_R_CRM_ELCTR_RECORD_DATA_M_FS','TO_R_CRM_ELCTR_RECORD_DATA_M_FS_2017094','TO_R_CRM_ELCTR_RECORD_DATA_M_FS','4','TRADE_OPR_TYP','交易类型','STRING','','','','','N','发放,下单,支付','D2-2','2','');
insert into column_val (xmlid, col_xmlid, dataname, col_seq, colname, colcnname, datatype, length, precision_val, party_seq, isprimarykey, isnullable, remark, filed_type_child, sensitive_level, policyid) values ('TO_R_CRM_ELCTR_RECORD_DATA_M_FS','TO_R_CRM_ELCTR_RECORD_DATA_M_FS_2017095','TO_R_CRM_ELCTR_RECORD_DATA_M_FS','5','OPR_DT','操作日期','INT','','','','','N','','D2-2','2','');
insert into column_val (xmlid, col_xmlid, dataname, col_seq, colname, colcnname, datatype, length, precision_val, party_seq, isprimarykey, isnullable, remark, filed_type_child, sensitive_level, policyid) values ('TO_R_CRM_ELCTR_RECORD_DATA_M_FS','TO_R_CRM_ELCTR_RECORD_DATA_M_FS_2017096','TO_R_CRM_ELCTR_RECORD_DATA_M_FS','6','OPR_TIM','操作时间','STRING','','','','','N','','D2-2','2','');
insert into column_val (xmlid, col_xmlid, dataname, col_seq, colname, colcnname, datatype, length, precision_val, party_seq, isprimarykey, isnullable, remark, filed_type_child, sensitive_level, policyid) values ('TO_R_CRM_ELCTR_RECORD_DATA_M_FS','TO_R_CRM_ELCTR_RECORD_DATA_M_FS_20170915','TO_R_CRM_ELCTR_RECORD_DATA_M_FS','15','ORDER_STS_CD','订单状态','STRING','','','','','N','回退,成功','D2-2','2','');
insert into column_val (xmlid, col_xmlid, dataname, col_seq, colname, colcnname, datatype, length, precision_val, party_seq, isprimarykey, isnullable, remark, filed_type_child, sensitive_level, policyid) values ('TO_R_CRM_ELCTR_RECORD_DATA_M_FS','TO_R_CRM_ELCTR_RECORD_DATA_M_FS_2017093','TO_R_CRM_ELCTR_RECORD_DATA_M_FS','3','BATCH_NO','批次号','STRING','','','','','Y','电子券活动批次','D2-2','2','');
insert into column_val (xmlid, col_xmlid, dataname, col_seq, colname, colcnname, datatype, length, precision_val, party_seq, isprimarykey, isnullable, remark, filed_type_child, sensitive_level, policyid) values ('TO_R_CRM_ELCTR_RECORD_DATA_M_FS','TO_R_CRM_ELCTR_RECORD_DATA_M_FS_2017097','TO_R_CRM_ELCTR_RECORD_DATA_M_FS','7','OPR_FEE','操作金额','DECIMAL','20','2','','','Y','','D2-2','2','');
insert into column_val (xmlid, col_xmlid, dataname, col_seq, colname, colcnname, datatype, length, precision_val, party_seq, isprimarykey, isnullable, remark, filed_type_child, sensitive_level, policyid) values ('TO_R_CRM_ELCTR_RECORD_DATA_M_FS','TO_R_CRM_ELCTR_RECORD_DATA_M_FS_2017098','TO_R_CRM_ELCTR_RECORD_DATA_M_FS','8','USR_NBR','服务号码','STRING','','','','','Y','','A1-2','3','PID_all');
insert into column_val (xmlid, col_xmlid, dataname, col_seq, colname, colcnname, datatype, length, precision_val, party_seq, isprimarykey, isnullable, remark, filed_type_child, sensitive_level, policyid) values ('TO_R_CRM_ELCTR_RECORD_DATA_M_FS','TO_R_CRM_ELCTR_RECORD_DATA_M_FS_2017099','TO_R_CRM_ELCTR_RECORD_DATA_M_FS','9','IMEI','IMEI','STRING','','','','','Y','电子券归属IMEI','D2-2','2','PID_9star');
insert into column_val (xmlid, col_xmlid, dataname, col_seq, colname, colcnname, datatype, length, precision_val, party_seq, isprimarykey, isnullable, remark, filed_type_child, sensitive_level, policyid) values ('TO_R_CRM_ELCTR_RECORD_DATA_M_FS','TO_R_CRM_ELCTR_RECORD_DATA_M_FS_20170910','TO_R_CRM_ELCTR_RECORD_DATA_M_FS','10','OPR_CHNL_ID','接入方式','STRING','','','','','Y','操作渠道标识','D2-2','2','');
insert into column_val (xmlid, col_xmlid, dataname, col_seq, colname, colcnname, datatype, length, precision_val, party_seq, isprimarykey, isnullable, remark, filed_type_child, sensitive_level, policyid) values ('TO_R_CRM_ELCTR_RECORD_DATA_M_FS','TO_R_CRM_ELCTR_RECORD_DATA_M_FS_20170911','TO_R_CRM_ELCTR_RECORD_DATA_M_FS','11','CMCC_BRANCH_NAM','操作地市','STRING','','','','','Y',' 如：广州、深圳','D2-2','2','');
insert into column_val (xmlid, col_xmlid, dataname, col_seq, colname, colcnname, datatype, length, precision_val, party_seq, isprimarykey, isnullable, remark, filed_type_child, sensitive_level, policyid) values ('TO_R_CRM_ELCTR_RECORD_DATA_M_FS','TO_R_CRM_ELCTR_RECORD_DATA_M_FS_20170912','TO_R_CRM_ELCTR_RECORD_DATA_M_FS','12','MARK_PLAN_CD','产品编码','STRING','','','','','Y','营销案编码','D2-2','2','');
insert into column_val (xmlid, col_xmlid, dataname, col_seq, colname, colcnname, datatype, length, precision_val, party_seq, isprimarykey, isnullable, remark, filed_type_child, sensitive_level, policyid) values ('TO_R_CRM_ELCTR_RECORD_DATA_M_FS','TO_R_CRM_ELCTR_RECORD_DATA_M_FS_20170913','TO_R_CRM_ELCTR_RECORD_DATA_M_FS','13','MARK_PLAN_NAM','产品名称','STRING','','','','','Y','营销案名称','D2-2','2','');
insert into column_val (xmlid, col_xmlid, dataname, col_seq, colname, colcnname, datatype, length, precision_val, party_seq, isprimarykey, isnullable, remark, filed_type_child, sensitive_level, policyid) values ('TO_R_CRM_ELCTR_RECORD_DATA_M_FS','TO_R_CRM_ELCTR_RECORD_DATA_M_FS_20170914','TO_R_CRM_ELCTR_RECORD_DATA_M_FS','14','OPR_CODE','操作员工号','STRING','','','','','Y','操作员工标识','D2-2','2','');
insert into column_val (xmlid, col_xmlid, dataname, col_seq, colname, colcnname, datatype, length, precision_val, party_seq, isprimarykey, isnullable, remark, filed_type_child, sensitive_level, policyid) values ('TO_R_CRM_ELCTR_RECORD_DATA_M_FS','TO_R_CRM_ELCTR_RECORD_DATA_M_FS_20170916','TO_R_CRM_ELCTR_RECORD_DATA_M_FS','16','CMCC_BRANCH_CD','地市编码','STRING','','','','','Y','','D2-2','2','');
insert into column_val (xmlid, col_xmlid, dataname, col_seq, colname, colcnname, datatype, length, precision_val, party_seq, isprimarykey, isnullable, remark, filed_type_child, sensitive_level, policyid) values ('TO_R_CRM_ELCTR_RECORD_DATA_M_FS','TO_R_CRM_ELCTR_RECORD_DATA_M_FS_20170917','TO_R_CRM_ELCTR_RECORD_DATA_M_FS','17','ELCTR_OBT_TYP','电子券获取方式','STRING','','','','','Y','0：和包购机:1：积分兑换和包,2：赠送和包','D1-4','4','');
insert into column_val (xmlid, col_xmlid, dataname, col_seq, colname, colcnname, datatype, length, precision_val, party_seq, isprimarykey, isnullable, remark, filed_type_child, sensitive_level, policyid) values ('TO_R_CRM_ELCTR_RECORD_DATA_M_FS','TO_R_CRM_ELCTR_RECORD_DATA_M_FS_20170918','TO_R_CRM_ELCTR_RECORD_DATA_M_FS','18','month','月份','INT','','','1','','N','','','','');

insert into tablefile (xmlid, dbname, dataname, datacnname, state, cycletype, topiccode, extend_cfg, rightlevel, creater, curdutyer, eff_date, state_date, team_code, open_state, remark) values ('TO_R_CRM_ELCTR_RECORD_DATA_M_ST','BD_B','TO_R_CRM_ELCTR_RECORD_DATA_M_ST','ODS_和包电子券发放记录','NEW','month','LAYERI_IRES','{"EXTERNAL":"y","LOCATION":"/tenant/BIGDATA/JCFW/JRCL/BD_B/ODS/TO_R_CRM_ELCTR_RECORD_DATA_M/branch=ST","FILEFORMAT":"PARQUET","DELIMITER":"@#$"}','其他','谢英俊','谢英俊', TIMESTAMP '0008-05-17 12:00:00', TIMESTAMP '0008-05-17 12:00:00','f2999fd5-c34e-402e-9b28-fec9fca13044','','基础层-资源主题域');
insert into column_val (xmlid, col_xmlid, dataname, col_seq, colname, colcnname, datatype, length, precision_val, party_seq, isprimarykey, isnullable, remark, filed_type_child, sensitive_level, policyid) values ('TO_R_CRM_ELCTR_RECORD_DATA_M_ST','TO_R_CRM_ELCTR_RECORD_DATA_M_ST_2017091','TO_R_CRM_ELCTR_RECORD_DATA_M_ST','1','STAT_MO','统计月份','INT','','','','','N','','D2-2','2','');
insert into column_val (xmlid, col_xmlid, dataname, col_seq, colname, colcnname, datatype, length, precision_val, party_seq, isprimarykey, isnullable, remark, filed_type_child, sensitive_level, policyid) values ('TO_R_CRM_ELCTR_RECORD_DATA_M_ST','TO_R_CRM_ELCTR_RECORD_DATA_M_ST_2017092','TO_R_CRM_ELCTR_RECORD_DATA_M_ST','2','ORDR_SEQ','和包订单号','STRING','','','','','N','交易流水号','D2-2','2','');
insert into column_val (xmlid, col_xmlid, dataname, col_seq, colname, colcnname, datatype, length, precision_val, party_seq, isprimarykey, isnullable, remark, filed_type_child, sensitive_level, policyid) values ('TO_R_CRM_ELCTR_RECORD_DATA_M_ST','TO_R_CRM_ELCTR_RECORD_DATA_M_ST_2017094','TO_R_CRM_ELCTR_RECORD_DATA_M_ST','4','TRADE_OPR_TYP','交易类型','STRING','','','','','N','发放,下单,支付','D2-2','2','');
insert into column_val (xmlid, col_xmlid, dataname, col_seq, colname, colcnname, datatype, length, precision_val, party_seq, isprimarykey, isnullable, remark, filed_type_child, sensitive_level, policyid) values ('TO_R_CRM_ELCTR_RECORD_DATA_M_ST','TO_R_CRM_ELCTR_RECORD_DATA_M_ST_2017095','TO_R_CRM_ELCTR_RECORD_DATA_M_ST','5','OPR_DT','操作日期','INT','','','','','N','','D2-2','2','');
insert into column_val (xmlid, col_xmlid, dataname, col_seq, colname, colcnname, datatype, length, precision_val, party_seq, isprimarykey, isnullable, remark, filed_type_child, sensitive_level, policyid) values ('TO_R_CRM_ELCTR_RECORD_DATA_M_ST','TO_R_CRM_ELCTR_RECORD_DATA_M_ST_2017096','TO_R_CRM_ELCTR_RECORD_DATA_M_ST','6','OPR_TIM','操作时间','STRING','','','','','N','','D2-2','2','');
insert into column_val (xmlid, col_xmlid, dataname, col_seq, colname, colcnname, datatype, length, precision_val, party_seq, isprimarykey, isnullable, remark, filed_type_child, sensitive_level, policyid) values ('TO_R_CRM_ELCTR_RECORD_DATA_M_ST','TO_R_CRM_ELCTR_RECORD_DATA_M_ST_20170915','TO_R_CRM_ELCTR_RECORD_DATA_M_ST','15','ORDER_STS_CD','订单状态','STRING','','','','','N','回退,成功','D2-2','2','');
insert into column_val (xmlid, col_xmlid, dataname, col_seq, colname, colcnname, datatype, length, precision_val, party_seq, isprimarykey, isnullable, remark, filed_type_child, sensitive_level, policyid) values ('TO_R_CRM_ELCTR_RECORD_DATA_M_ST','TO_R_CRM_ELCTR_RECORD_DATA_M_ST_2017093','TO_R_CRM_ELCTR_RECORD_DATA_M_ST','3','BATCH_NO','批次号','STRING','','','','','Y','电子券活动批次','D2-2','2','');
insert into column_val (xmlid, col_xmlid, dataname, col_seq, colname, colcnname, datatype, length, precision_val, party_seq, isprimarykey, isnullable, remark, filed_type_child, sensitive_level, policyid) values ('TO_R_CRM_ELCTR_RECORD_DATA_M_ST','TO_R_CRM_ELCTR_RECORD_DATA_M_ST_2017097','TO_R_CRM_ELCTR_RECORD_DATA_M_ST','7','OPR_FEE','操作金额','DECIMAL','20','2','','','Y','','D2-2','2','');
insert into column_val (xmlid, col_xmlid, dataname, col_seq, colname, colcnname, datatype, length, precision_val, party_seq, isprimarykey, isnullable, remark, filed_type_child, sensitive_level, policyid) values ('TO_R_CRM_ELCTR_RECORD_DATA_M_ST','TO_R_CRM_ELCTR_RECORD_DATA_M_ST_2017098','TO_R_CRM_ELCTR_RECORD_DATA_M_ST','8','USR_NBR','服务号码','STRING','','','','','Y','','A1-2','3','PID_all');
insert into column_val (xmlid, col_xmlid, dataname, col_seq, colname, colcnname, datatype, length, precision_val, party_seq, isprimarykey, isnullable, remark, filed_type_child, sensitive_level, policyid) values ('TO_R_CRM_ELCTR_RECORD_DATA_M_ST','TO_R_CRM_ELCTR_RECORD_DATA_M_ST_2017099','TO_R_CRM_ELCTR_RECORD_DATA_M_ST','9','IMEI','IMEI','STRING','','','','','Y','电子券归属IMEI','D2-2','2','PID_9star');
insert into column_val (xmlid, col_xmlid, dataname, col_seq, colname, colcnname, datatype, length, precision_val, party_seq, isprimarykey, isnullable, remark, filed_type_child, sensitive_level, policyid) values ('TO_R_CRM_ELCTR_RECORD_DATA_M_ST','TO_R_CRM_ELCTR_RECORD_DATA_M_ST_20170910','TO_R_CRM_ELCTR_RECORD_DATA_M_ST','10','OPR_CHNL_ID','接入方式','STRING','','','','','Y','操作渠道标识','D2-2','2','');
insert into column_val (xmlid, col_xmlid, dataname, col_seq, colname, colcnname, datatype, length, precision_val, party_seq, isprimarykey, isnullable, remark, filed_type_child, sensitive_level, policyid) values ('TO_R_CRM_ELCTR_RECORD_DATA_M_ST','TO_R_CRM_ELCTR_RECORD_DATA_M_ST_20170911','TO_R_CRM_ELCTR_RECORD_DATA_M_ST','11','CMCC_BRANCH_NAM','操作地市','STRING','','','','','Y',' 如：广州、深圳','D2-2','2','');
insert into column_val (xmlid, col_xmlid, dataname, col_seq, colname, colcnname, datatype, length, precision_val, party_seq, isprimarykey, isnullable, remark, filed_type_child, sensitive_level, policyid) values ('TO_R_CRM_ELCTR_RECORD_DATA_M_ST','TO_R_CRM_ELCTR_RECORD_DATA_M_ST_20170912','TO_R_CRM_ELCTR_RECORD_DATA_M_ST','12','MARK_PLAN_CD','产品编码','STRING','','','','','Y','营销案编码','D2-2','2','');
insert into column_val (xmlid, col_xmlid, dataname, col_seq, colname, colcnname, datatype, length, precision_val, party_seq, isprimarykey, isnullable, remark, filed_type_child, sensitive_level, policyid) values ('TO_R_CRM_ELCTR_RECORD_DATA_M_ST','TO_R_CRM_ELCTR_RECORD_DATA_M_ST_20170913','TO_R_CRM_ELCTR_RECORD_DATA_M_ST','13','MARK_PLAN_NAM','产品名称','STRING','','','','','Y','营销案名称','D2-2','2','');
insert into column_val (xmlid, col_xmlid, dataname, col_seq, colname, colcnname, datatype, length, precision_val, party_seq, isprimarykey, isnullable, remark, filed_type_child, sensitive_level, policyid) values ('TO_R_CRM_ELCTR_RECORD_DATA_M_ST','TO_R_CRM_ELCTR_RECORD_DATA_M_ST_20170914','TO_R_CRM_ELCTR_RECORD_DATA_M_ST','14','OPR_CODE','操作员工号','STRING','','','','','Y','操作员工标识','D2-2','2','');
insert into column_val (xmlid, col_xmlid, dataname, col_seq, colname, colcnname, datatype, length, precision_val, party_seq, isprimarykey, isnullable, remark, filed_type_child, sensitive_level, policyid) values ('TO_R_CRM_ELCTR_RECORD_DATA_M_ST','TO_R_CRM_ELCTR_RECORD_DATA_M_ST_20170916','TO_R_CRM_ELCTR_RECORD_DATA_M_ST','16','CMCC_BRANCH_CD','地市编码','STRING','','','','','Y','','D2-2','2','');
insert into column_val (xmlid, col_xmlid, dataname, col_seq, colname, colcnname, datatype, length, precision_val, party_seq, isprimarykey, isnullable, remark, filed_type_child, sensitive_level, policyid) values ('TO_R_CRM_ELCTR_RECORD_DATA_M_ST','TO_R_CRM_ELCTR_RECORD_DATA_M_ST_20170917','TO_R_CRM_ELCTR_RECORD_DATA_M_ST','17','ELCTR_OBT_TYP','电子券获取方式','STRING','','','','','Y','0：和包购机:1：积分兑换和包,2：赠送和包','D1-4','4','');
insert into column_val (xmlid, col_xmlid, dataname, col_seq, colname, colcnname, datatype, length, precision_val, party_seq, isprimarykey, isnullable, remark, filed_type_child, sensitive_level, policyid) values ('TO_R_CRM_ELCTR_RECORD_DATA_M_ST','TO_R_CRM_ELCTR_RECORD_DATA_M_ST_20170918','TO_R_CRM_ELCTR_RECORD_DATA_M_ST','18','month','月份','INT','','','1','','N','','','','');

insert into tablefile (xmlid, dbname, dataname, datacnname, state, cycletype, topiccode, extend_cfg, rightlevel, creater, curdutyer, eff_date, state_date, team_code, open_state, remark) values ('TO_R_CRM_ELCTR_RECORD_DATA_M_ZH','BD_B','TO_R_CRM_ELCTR_RECORD_DATA_M_ZH','ODS_和包电子券发放记录','NEW','month','LAYERI_IRES','{"EXTERNAL":"y","LOCATION":"/tenant/BIGDATA/JCFW/JRCL/BD_B/ODS/TO_R_CRM_ELCTR_RECORD_DATA_M/branch=ZH","FILEFORMAT":"PARQUET","DELIMITER":"@#$"}','其他','谢英俊','谢英俊', TIMESTAMP '0008-05-17 12:00:00', TIMESTAMP '0008-05-17 12:00:00','f2999fd5-c34e-402e-9b28-fec9fca13044','','基础层-资源主题域');
insert into column_val (xmlid, col_xmlid, dataname, col_seq, colname, colcnname, datatype, length, precision_val, party_seq, isprimarykey, isnullable, remark, filed_type_child, sensitive_level, policyid) values ('TO_R_CRM_ELCTR_RECORD_DATA_M_ZH','TO_R_CRM_ELCTR_RECORD_DATA_M_ZH_2017091','TO_R_CRM_ELCTR_RECORD_DATA_M_ZH','1','STAT_MO','统计月份','INT','','','','','N','','D2-2','2','');
insert into column_val (xmlid, col_xmlid, dataname, col_seq, colname, colcnname, datatype, length, precision_val, party_seq, isprimarykey, isnullable, remark, filed_type_child, sensitive_level, policyid) values ('TO_R_CRM_ELCTR_RECORD_DATA_M_ZH','TO_R_CRM_ELCTR_RECORD_DATA_M_ZH_2017092','TO_R_CRM_ELCTR_RECORD_DATA_M_ZH','2','ORDR_SEQ','和包订单号','STRING','','','','','N','交易流水号','D2-2','2','');
insert into column_val (xmlid, col_xmlid, dataname, col_seq, colname, colcnname, datatype, length, precision_val, party_seq, isprimarykey, isnullable, remark, filed_type_child, sensitive_level, policyid) values ('TO_R_CRM_ELCTR_RECORD_DATA_M_ZH','TO_R_CRM_ELCTR_RECORD_DATA_M_ZH_2017094','TO_R_CRM_ELCTR_RECORD_DATA_M_ZH','4','TRADE_OPR_TYP','交易类型','STRING','','','','','N','发放,下单,支付','D2-2','2','');
insert into column_val (xmlid, col_xmlid, dataname, col_seq, colname, colcnname, datatype, length, precision_val, party_seq, isprimarykey, isnullable, remark, filed_type_child, sensitive_level, policyid) values ('TO_R_CRM_ELCTR_RECORD_DATA_M_ZH','TO_R_CRM_ELCTR_RECORD_DATA_M_ZH_2017095','TO_R_CRM_ELCTR_RECORD_DATA_M_ZH','5','OPR_DT','操作日期','INT','','','','','N','','D2-2','2','');
insert into column_val (xmlid, col_xmlid, dataname, col_seq, colname, colcnname, datatype, length, precision_val, party_seq, isprimarykey, isnullable, remark, filed_type_child, sensitive_level, policyid) values ('TO_R_CRM_ELCTR_RECORD_DATA_M_ZH','TO_R_CRM_ELCTR_RECORD_DATA_M_ZH_2017096','TO_R_CRM_ELCTR_RECORD_DATA_M_ZH','6','OPR_TIM','操作时间','STRING','','','','','N','','D2-2','2','');
insert into column_val (xmlid, col_xmlid, dataname, col_seq, colname, colcnname, datatype, length, precision_val, party_seq, isprimarykey, isnullable, remark, filed_type_child, sensitive_level, policyid) values ('TO_R_CRM_ELCTR_RECORD_DATA_M_ZH','TO_R_CRM_ELCTR_RECORD_DATA_M_ZH_20170915','TO_R_CRM_ELCTR_RECORD_DATA_M_ZH','15','ORDER_STS_CD','订单状态','STRING','','','','','N','回退,成功','D2-2','2','');
insert into column_val (xmlid, col_xmlid, dataname, col_seq, colname, colcnname, datatype, length, precision_val, party_seq, isprimarykey, isnullable, remark, filed_type_child, sensitive_level, policyid) values ('TO_R_CRM_ELCTR_RECORD_DATA_M_ZH','TO_R_CRM_ELCTR_RECORD_DATA_M_ZH_2017093','TO_R_CRM_ELCTR_RECORD_DATA_M_ZH','3','BATCH_NO','批次号','STRING','','','','','Y','电子券活动批次','D2-2','2','');
insert into column_val (xmlid, col_xmlid, dataname, col_seq, colname, colcnname, datatype, length, precision_val, party_seq, isprimarykey, isnullable, remark, filed_type_child, sensitive_level, policyid) values ('TO_R_CRM_ELCTR_RECORD_DATA_M_ZH','TO_R_CRM_ELCTR_RECORD_DATA_M_ZH_2017097','TO_R_CRM_ELCTR_RECORD_DATA_M_ZH','7','OPR_FEE','操作金额','DECIMAL','20','2','','','Y','','D2-2','2','');
insert into column_val (xmlid, col_xmlid, dataname, col_seq, colname, colcnname, datatype, length, precision_val, party_seq, isprimarykey, isnullable, remark, filed_type_child, sensitive_level, policyid) values ('TO_R_CRM_ELCTR_RECORD_DATA_M_ZH','TO_R_CRM_ELCTR_RECORD_DATA_M_ZH_2017098','TO_R_CRM_ELCTR_RECORD_DATA_M_ZH','8','USR_NBR','服务号码','STRING','','','','','Y','','A1-2','3','PID_all');
insert into column_val (xmlid, col_xmlid, dataname, col_seq, colname, colcnname, datatype, length, precision_val, party_seq, isprimarykey, isnullable, remark, filed_type_child, sensitive_level, policyid) values ('TO_R_CRM_ELCTR_RECORD_DATA_M_ZH','TO_R_CRM_ELCTR_RECORD_DATA_M_ZH_2017099','TO_R_CRM_ELCTR_RECORD_DATA_M_ZH','9','IMEI','IMEI','STRING','','','','','Y','电子券归属IMEI','D2-2','2','PID_9star');
insert into column_val (xmlid, col_xmlid, dataname, col_seq, colname, colcnname, datatype, length, precision_val, party_seq, isprimarykey, isnullable, remark, filed_type_child, sensitive_level, policyid) values ('TO_R_CRM_ELCTR_RECORD_DATA_M_ZH','TO_R_CRM_ELCTR_RECORD_DATA_M_ZH_20170910','TO_R_CRM_ELCTR_RECORD_DATA_M_ZH','10','OPR_CHNL_ID','接入方式','STRING','','','','','Y','操作渠道标识','D2-2','2','');
insert into column_val (xmlid, col_xmlid, dataname, col_seq, colname, colcnname, datatype, length, precision_val, party_seq, isprimarykey, isnullable, remark, filed_type_child, sensitive_level, policyid) values ('TO_R_CRM_ELCTR_RECORD_DATA_M_ZH','TO_R_CRM_ELCTR_RECORD_DATA_M_ZH_20170911','TO_R_CRM_ELCTR_RECORD_DATA_M_ZH','11','CMCC_BRANCH_NAM','操作地市','STRING','','','','','Y',' 如：广州、深圳','D2-2','2','');
insert into column_val (xmlid, col_xmlid, dataname, col_seq, colname, colcnname, datatype, length, precision_val, party_seq, isprimarykey, isnullable, remark, filed_type_child, sensitive_level, policyid) values ('TO_R_CRM_ELCTR_RECORD_DATA_M_ZH','TO_R_CRM_ELCTR_RECORD_DATA_M_ZH_20170912','TO_R_CRM_ELCTR_RECORD_DATA_M_ZH','12','MARK_PLAN_CD','产品编码','STRING','','','','','Y','营销案编码','D2-2','2','');
insert into column_val (xmlid, col_xmlid, dataname, col_seq, colname, colcnname, datatype, length, precision_val, party_seq, isprimarykey, isnullable, remark, filed_type_child, sensitive_level, policyid) values ('TO_R_CRM_ELCTR_RECORD_DATA_M_ZH','TO_R_CRM_ELCTR_RECORD_DATA_M_ZH_20170913','TO_R_CRM_ELCTR_RECORD_DATA_M_ZH','13','MARK_PLAN_NAM','产品名称','STRING','','','','','Y','营销案名称','D2-2','2','');
insert into column_val (xmlid, col_xmlid, dataname, col_seq, colname, colcnname, datatype, length, precision_val, party_seq, isprimarykey, isnullable, remark, filed_type_child, sensitive_level, policyid) values ('TO_R_CRM_ELCTR_RECORD_DATA_M_ZH','TO_R_CRM_ELCTR_RECORD_DATA_M_ZH_20170914','TO_R_CRM_ELCTR_RECORD_DATA_M_ZH','14','OPR_CODE','操作员工号','STRING','','','','','Y','操作员工标识','D2-2','2','');
insert into column_val (xmlid, col_xmlid, dataname, col_seq, colname, colcnname, datatype, length, precision_val, party_seq, isprimarykey, isnullable, remark, filed_type_child, sensitive_level, policyid) values ('TO_R_CRM_ELCTR_RECORD_DATA_M_ZH','TO_R_CRM_ELCTR_RECORD_DATA_M_ZH_20170916','TO_R_CRM_ELCTR_RECORD_DATA_M_ZH','16','CMCC_BRANCH_CD','地市编码','STRING','','','','','Y','','D2-2','2','');
insert into column_val (xmlid, col_xmlid, dataname, col_seq, colname, colcnname, datatype, length, precision_val, party_seq, isprimarykey, isnullable, remark, filed_type_child, sensitive_level, policyid) values ('TO_R_CRM_ELCTR_RECORD_DATA_M_ZH','TO_R_CRM_ELCTR_RECORD_DATA_M_ZH_20170917','TO_R_CRM_ELCTR_RECORD_DATA_M_ZH','17','ELCTR_OBT_TYP','电子券获取方式','STRING','','','','','Y','0：和包购机:1：积分兑换和包,2：赠送和包','D1-4','4','');
insert into column_val (xmlid, col_xmlid, dataname, col_seq, colname, colcnname, datatype, length, precision_val, party_seq, isprimarykey, isnullable, remark, filed_type_child, sensitive_level, policyid) values ('TO_R_CRM_ELCTR_RECORD_DATA_M_ZH','TO_R_CRM_ELCTR_RECORD_DATA_M_ZH_20170918','TO_R_CRM_ELCTR_RECORD_DATA_M_ZH','18','month','月份','INT','','','1','','N','','','','');

insert into tablefile (xmlid, dbname, dataname, datacnname, state, cycletype, topiccode, extend_cfg, rightlevel, creater, curdutyer, eff_date, state_date, team_code, open_state, remark) values ('TO_R_CRM_ELCTR_RECORD_DATA_M_HZ','BD_B','TO_R_CRM_ELCTR_RECORD_DATA_M_HZ','ODS_和包电子券发放记录','NEW','month','LAYERI_IRES','{"EXTERNAL":"y","LOCATION":"/tenant/BIGDATA/JCFW/JRCL/BD_B/ODS/TO_R_CRM_ELCTR_RECORD_DATA_M/branch=HZ","FILEFORMAT":"PARQUET","DELIMITER":"@#$"}','其他','谢英俊','谢英俊', TIMESTAMP '0008-05-17 12:00:00', TIMESTAMP '0008-05-17 12:00:00','f2999fd5-c34e-402e-9b28-fec9fca13044','','基础层-资源主题域');
insert into column_val (xmlid, col_xmlid, dataname, col_seq, colname, colcnname, datatype, length, precision_val, party_seq, isprimarykey, isnullable, remark, filed_type_child, sensitive_level, policyid) values ('TO_R_CRM_ELCTR_RECORD_DATA_M_HZ','TO_R_CRM_ELCTR_RECORD_DATA_M_HZ_2017091','TO_R_CRM_ELCTR_RECORD_DATA_M_HZ','1','STAT_MO','统计月份','INT','','','','','N','','D2-2','2','');
insert into column_val (xmlid, col_xmlid, dataname, col_seq, colname, colcnname, datatype, length, precision_val, party_seq, isprimarykey, isnullable, remark, filed_type_child, sensitive_level, policyid) values ('TO_R_CRM_ELCTR_RECORD_DATA_M_HZ','TO_R_CRM_ELCTR_RECORD_DATA_M_HZ_2017092','TO_R_CRM_ELCTR_RECORD_DATA_M_HZ','2','ORDR_SEQ','和包订单号','STRING','','','','','N','交易流水号','D2-2','2','');
insert into column_val (xmlid, col_xmlid, dataname, col_seq, colname, colcnname, datatype, length, precision_val, party_seq, isprimarykey, isnullable, remark, filed_type_child, sensitive_level, policyid) values ('TO_R_CRM_ELCTR_RECORD_DATA_M_HZ','TO_R_CRM_ELCTR_RECORD_DATA_M_HZ_2017094','TO_R_CRM_ELCTR_RECORD_DATA_M_HZ','4','TRADE_OPR_TYP','交易类型','STRING','','','','','N','发放,下单,支付','D2-2','2','');
insert into column_val (xmlid, col_xmlid, dataname, col_seq, colname, colcnname, datatype, length, precision_val, party_seq, isprimarykey, isnullable, remark, filed_type_child, sensitive_level, policyid) values ('TO_R_CRM_ELCTR_RECORD_DATA_M_HZ','TO_R_CRM_ELCTR_RECORD_DATA_M_HZ_2017095','TO_R_CRM_ELCTR_RECORD_DATA_M_HZ','5','OPR_DT','操作日期','INT','','','','','N','','D2-2','2','');
insert into column_val (xmlid, col_xmlid, dataname, col_seq, colname, colcnname, datatype, length, precision_val, party_seq, isprimarykey, isnullable, remark, filed_type_child, sensitive_level, policyid) values ('TO_R_CRM_ELCTR_RECORD_DATA_M_HZ','TO_R_CRM_ELCTR_RECORD_DATA_M_HZ_2017096','TO_R_CRM_ELCTR_RECORD_DATA_M_HZ','6','OPR_TIM','操作时间','STRING','','','','','N','','D2-2','2','');
insert into column_val (xmlid, col_xmlid, dataname, col_seq, colname, colcnname, datatype, length, precision_val, party_seq, isprimarykey, isnullable, remark, filed_type_child, sensitive_level, policyid) values ('TO_R_CRM_ELCTR_RECORD_DATA_M_HZ','TO_R_CRM_ELCTR_RECORD_DATA_M_HZ_20170915','TO_R_CRM_ELCTR_RECORD_DATA_M_HZ','15','ORDER_STS_CD','订单状态','STRING','','','','','N','回退,成功','D2-2','2','');
insert into column_val (xmlid, col_xmlid, dataname, col_seq, colname, colcnname, datatype, length, precision_val, party_seq, isprimarykey, isnullable, remark, filed_type_child, sensitive_level, policyid) values ('TO_R_CRM_ELCTR_RECORD_DATA_M_HZ','TO_R_CRM_ELCTR_RECORD_DATA_M_HZ_2017093','TO_R_CRM_ELCTR_RECORD_DATA_M_HZ','3','BATCH_NO','批次号','STRING','','','','','Y','电子券活动批次','D2-2','2','');
insert into column_val (xmlid, col_xmlid, dataname, col_seq, colname, colcnname, datatype, length, precision_val, party_seq, isprimarykey, isnullable, remark, filed_type_child, sensitive_level, policyid) values ('TO_R_CRM_ELCTR_RECORD_DATA_M_HZ','TO_R_CRM_ELCTR_RECORD_DATA_M_HZ_2017097','TO_R_CRM_ELCTR_RECORD_DATA_M_HZ','7','OPR_FEE','操作金额','DECIMAL','20','2','','','Y','','D2-2','2','');
insert into column_val (xmlid, col_xmlid, dataname, col_seq, colname, colcnname, datatype, length, precision_val, party_seq, isprimarykey, isnullable, remark, filed_type_child, sensitive_level, policyid) values ('TO_R_CRM_ELCTR_RECORD_DATA_M_HZ','TO_R_CRM_ELCTR_RECORD_DATA_M_HZ_2017098','TO_R_CRM_ELCTR_RECORD_DATA_M_HZ','8','USR_NBR','服务号码','STRING','','','','','Y','','A1-2','3','PID_all');
insert into column_val (xmlid, col_xmlid, dataname, col_seq, colname, colcnname, datatype, length, precision_val, party_seq, isprimarykey, isnullable, remark, filed_type_child, sensitive_level, policyid) values ('TO_R_CRM_ELCTR_RECORD_DATA_M_HZ','TO_R_CRM_ELCTR_RECORD_DATA_M_HZ_2017099','TO_R_CRM_ELCTR_RECORD_DATA_M_HZ','9','IMEI','IMEI','STRING','','','','','Y','电子券归属IMEI','D2-2','2','PID_9star');
insert into column_val (xmlid, col_xmlid, dataname, col_seq, colname, colcnname, datatype, length, precision_val, party_seq, isprimarykey, isnullable, remark, filed_type_child, sensitive_level, policyid) values ('TO_R_CRM_ELCTR_RECORD_DATA_M_HZ','TO_R_CRM_ELCTR_RECORD_DATA_M_HZ_20170910','TO_R_CRM_ELCTR_RECORD_DATA_M_HZ','10','OPR_CHNL_ID','接入方式','STRING','','','','','Y','操作渠道标识','D2-2','2','');
insert into column_val (xmlid, col_xmlid, dataname, col_seq, colname, colcnname, datatype, length, precision_val, party_seq, isprimarykey, isnullable, remark, filed_type_child, sensitive_level, policyid) values ('TO_R_CRM_ELCTR_RECORD_DATA_M_HZ','TO_R_CRM_ELCTR_RECORD_DATA_M_HZ_20170911','TO_R_CRM_ELCTR_RECORD_DATA_M_HZ','11','CMCC_BRANCH_NAM','操作地市','STRING','','','','','Y',' 如：广州、深圳','D2-2','2','');
insert into column_val (xmlid, col_xmlid, dataname, col_seq, colname, colcnname, datatype, length, precision_val, party_seq, isprimarykey, isnullable, remark, filed_type_child, sensitive_level, policyid) values ('TO_R_CRM_ELCTR_RECORD_DATA_M_HZ','TO_R_CRM_ELCTR_RECORD_DATA_M_HZ_20170912','TO_R_CRM_ELCTR_RECORD_DATA_M_HZ','12','MARK_PLAN_CD','产品编码','STRING','','','','','Y','营销案编码','D2-2','2','');
insert into column_val (xmlid, col_xmlid, dataname, col_seq, colname, colcnname, datatype, length, precision_val, party_seq, isprimarykey, isnullable, remark, filed_type_child, sensitive_level, policyid) values ('TO_R_CRM_ELCTR_RECORD_DATA_M_HZ','TO_R_CRM_ELCTR_RECORD_DATA_M_HZ_20170913','TO_R_CRM_ELCTR_RECORD_DATA_M_HZ','13','MARK_PLAN_NAM','产品名称','STRING','','','','','Y','营销案名称','D2-2','2','');
insert into column_val (xmlid, col_xmlid, dataname, col_seq, colname, colcnname, datatype, length, precision_val, party_seq, isprimarykey, isnullable, remark, filed_type_child, sensitive_level, policyid) values ('TO_R_CRM_ELCTR_RECORD_DATA_M_HZ','TO_R_CRM_ELCTR_RECORD_DATA_M_HZ_20170914','TO_R_CRM_ELCTR_RECORD_DATA_M_HZ','14','OPR_CODE','操作员工号','STRING','','','','','Y','操作员工标识','D2-2','2','');
insert into column_val (xmlid, col_xmlid, dataname, col_seq, colname, colcnname, datatype, length, precision_val, party_seq, isprimarykey, isnullable, remark, filed_type_child, sensitive_level, policyid) values ('TO_R_CRM_ELCTR_RECORD_DATA_M_HZ','TO_R_CRM_ELCTR_RECORD_DATA_M_HZ_20170916','TO_R_CRM_ELCTR_RECORD_DATA_M_HZ','16','CMCC_BRANCH_CD','地市编码','STRING','','','','','Y','','D2-2','2','');
insert into column_val (xmlid, col_xmlid, dataname, col_seq, colname, colcnname, datatype, length, precision_val, party_seq, isprimarykey, isnullable, remark, filed_type_child, sensitive_level, policyid) values ('TO_R_CRM_ELCTR_RECORD_DATA_M_HZ','TO_R_CRM_ELCTR_RECORD_DATA_M_HZ_20170917','TO_R_CRM_ELCTR_RECORD_DATA_M_HZ','17','ELCTR_OBT_TYP','电子券获取方式','STRING','','','','','Y','0：和包购机:1：积分兑换和包,2：赠送和包','D1-4','4','');
insert into column_val (xmlid, col_xmlid, dataname, col_seq, colname, colcnname, datatype, length, precision_val, party_seq, isprimarykey, isnullable, remark, filed_type_child, sensitive_level, policyid) values ('TO_R_CRM_ELCTR_RECORD_DATA_M_HZ','TO_R_CRM_ELCTR_RECORD_DATA_M_HZ_20170918','TO_R_CRM_ELCTR_RECORD_DATA_M_HZ','18','month','月份','INT','','','1','','N','','','','');

insert into tablefile (xmlid, dbname, dataname, datacnname, state, cycletype, topiccode, extend_cfg, rightlevel, creater, curdutyer, eff_date, state_date, team_code, open_state, remark) values ('TO_R_CRM_ELCTR_RECORD_DATA_M_ZS','BD_B','TO_R_CRM_ELCTR_RECORD_DATA_M_ZS','ODS_和包电子券发放记录','NEW','month','LAYERI_IRES','{"EXTERNAL":"y","LOCATION":"/tenant/BIGDATA/JCFW/JRCL/BD_B/ODS/TO_R_CRM_ELCTR_RECORD_DATA_M/branch=ZS","FILEFORMAT":"PARQUET","DELIMITER":"@#$"}','其他','谢英俊','谢英俊', TIMESTAMP '0008-05-17 12:00:00', TIMESTAMP '0008-05-17 12:00:00','f2999fd5-c34e-402e-9b28-fec9fca13044','','基础层-资源主题域');
insert into column_val (xmlid, col_xmlid, dataname, col_seq, colname, colcnname, datatype, length, precision_val, party_seq, isprimarykey, isnullable, remark, filed_type_child, sensitive_level, policyid) values ('TO_R_CRM_ELCTR_RECORD_DATA_M_ZS','TO_R_CRM_ELCTR_RECORD_DATA_M_ZS_2017091','TO_R_CRM_ELCTR_RECORD_DATA_M_ZS','1','STAT_MO','统计月份','INT','','','','','N','','D2-2','2','');
insert into column_val (xmlid, col_xmlid, dataname, col_seq, colname, colcnname, datatype, length, precision_val, party_seq, isprimarykey, isnullable, remark, filed_type_child, sensitive_level, policyid) values ('TO_R_CRM_ELCTR_RECORD_DATA_M_ZS','TO_R_CRM_ELCTR_RECORD_DATA_M_ZS_2017092','TO_R_CRM_ELCTR_RECORD_DATA_M_ZS','2','ORDR_SEQ','和包订单号','STRING','','','','','N','交易流水号','D2-2','2','');
insert into column_val (xmlid, col_xmlid, dataname, col_seq, colname, colcnname, datatype, length, precision_val, party_seq, isprimarykey, isnullable, remark, filed_type_child, sensitive_level, policyid) values ('TO_R_CRM_ELCTR_RECORD_DATA_M_ZS','TO_R_CRM_ELCTR_RECORD_DATA_M_ZS_2017094','TO_R_CRM_ELCTR_RECORD_DATA_M_ZS','4','TRADE_OPR_TYP','交易类型','STRING','','','','','N','发放,下单,支付','D2-2','2','');
insert into column_val (xmlid, col_xmlid, dataname, col_seq, colname, colcnname, datatype, length, precision_val, party_seq, isprimarykey, isnullable, remark, filed_type_child, sensitive_level, policyid) values ('TO_R_CRM_ELCTR_RECORD_DATA_M_ZS','TO_R_CRM_ELCTR_RECORD_DATA_M_ZS_2017095','TO_R_CRM_ELCTR_RECORD_DATA_M_ZS','5','OPR_DT','操作日期','INT','','','','','N','','D2-2','2','');
insert into column_val (xmlid, col_xmlid, dataname, col_seq, colname, colcnname, datatype, length, precision_val, party_seq, isprimarykey, isnullable, remark, filed_type_child, sensitive_level, policyid) values ('TO_R_CRM_ELCTR_RECORD_DATA_M_ZS','TO_R_CRM_ELCTR_RECORD_DATA_M_ZS_2017096','TO_R_CRM_ELCTR_RECORD_DATA_M_ZS','6','OPR_TIM','操作时间','STRING','','','','','N','','D2-2','2','');
insert into column_val (xmlid, col_xmlid, dataname, col_seq, colname, colcnname, datatype, length, precision_val, party_seq, isprimarykey, isnullable, remark, filed_type_child, sensitive_level, policyid) values ('TO_R_CRM_ELCTR_RECORD_DATA_M_ZS','TO_R_CRM_ELCTR_RECORD_DATA_M_ZS_20170915','TO_R_CRM_ELCTR_RECORD_DATA_M_ZS','15','ORDER_STS_CD','订单状态','STRING','','','','','N','回退,成功','D2-2','2','');
insert into column_val (xmlid, col_xmlid, dataname, col_seq, colname, colcnname, datatype, length, precision_val, party_seq, isprimarykey, isnullable, remark, filed_type_child, sensitive_level, policyid) values ('TO_R_CRM_ELCTR_RECORD_DATA_M_ZS','TO_R_CRM_ELCTR_RECORD_DATA_M_ZS_2017093','TO_R_CRM_ELCTR_RECORD_DATA_M_ZS','3','BATCH_NO','批次号','STRING','','','','','Y','电子券活动批次','D2-2','2','');
insert into column_val (xmlid, col_xmlid, dataname, col_seq, colname, colcnname, datatype, length, precision_val, party_seq, isprimarykey, isnullable, remark, filed_type_child, sensitive_level, policyid) values ('TO_R_CRM_ELCTR_RECORD_DATA_M_ZS','TO_R_CRM_ELCTR_RECORD_DATA_M_ZS_2017097','TO_R_CRM_ELCTR_RECORD_DATA_M_ZS','7','OPR_FEE','操作金额','DECIMAL','20','2','','','Y','','D2-2','2','');
insert into column_val (xmlid, col_xmlid, dataname, col_seq, colname, colcnname, datatype, length, precision_val, party_seq, isprimarykey, isnullable, remark, filed_type_child, sensitive_level, policyid) values ('TO_R_CRM_ELCTR_RECORD_DATA_M_ZS','TO_R_CRM_ELCTR_RECORD_DATA_M_ZS_2017098','TO_R_CRM_ELCTR_RECORD_DATA_M_ZS','8','USR_NBR','服务号码','STRING','','','','','Y','','A1-2','3','PID_all');
insert into column_val (xmlid, col_xmlid, dataname, col_seq, colname, colcnname, datatype, length, precision_val, party_seq, isprimarykey, isnullable, remark, filed_type_child, sensitive_level, policyid) values ('TO_R_CRM_ELCTR_RECORD_DATA_M_ZS','TO_R_CRM_ELCTR_RECORD_DATA_M_ZS_2017099','TO_R_CRM_ELCTR_RECORD_DATA_M_ZS','9','IMEI','IMEI','STRING','','','','','Y','电子券归属IMEI','D2-2','2','PID_9star');
insert into column_val (xmlid, col_xmlid, dataname, col_seq, colname, colcnname, datatype, length, precision_val, party_seq, isprimarykey, isnullable, remark, filed_type_child, sensitive_level, policyid) values ('TO_R_CRM_ELCTR_RECORD_DATA_M_ZS','TO_R_CRM_ELCTR_RECORD_DATA_M_ZS_20170910','TO_R_CRM_ELCTR_RECORD_DATA_M_ZS','10','OPR_CHNL_ID','接入方式','STRING','','','','','Y','操作渠道标识','D2-2','2','');
insert into column_val (xmlid, col_xmlid, dataname, col_seq, colname, colcnname, datatype, length, precision_val, party_seq, isprimarykey, isnullable, remark, filed_type_child, sensitive_level, policyid) values ('TO_R_CRM_ELCTR_RECORD_DATA_M_ZS','TO_R_CRM_ELCTR_RECORD_DATA_M_ZS_20170911','TO_R_CRM_ELCTR_RECORD_DATA_M_ZS','11','CMCC_BRANCH_NAM','操作地市','STRING','','','','','Y',' 如：广州、深圳','D2-2','2','');
insert into column_val (xmlid, col_xmlid, dataname, col_seq, colname, colcnname, datatype, length, precision_val, party_seq, isprimarykey, isnullable, remark, filed_type_child, sensitive_level, policyid) values ('TO_R_CRM_ELCTR_RECORD_DATA_M_ZS','TO_R_CRM_ELCTR_RECORD_DATA_M_ZS_20170912','TO_R_CRM_ELCTR_RECORD_DATA_M_ZS','12','MARK_PLAN_CD','产品编码','STRING','','','','','Y','营销案编码','D2-2','2','');
insert into column_val (xmlid, col_xmlid, dataname, col_seq, colname, colcnname, datatype, length, precision_val, party_seq, isprimarykey, isnullable, remark, filed_type_child, sensitive_level, policyid) values ('TO_R_CRM_ELCTR_RECORD_DATA_M_ZS','TO_R_CRM_ELCTR_RECORD_DATA_M_ZS_20170913','TO_R_CRM_ELCTR_RECORD_DATA_M_ZS','13','MARK_PLAN_NAM','产品名称','STRING','','','','','Y','营销案名称','D2-2','2','');
insert into column_val (xmlid, col_xmlid, dataname, col_seq, colname, colcnname, datatype, length, precision_val, party_seq, isprimarykey, isnullable, remark, filed_type_child, sensitive_level, policyid) values ('TO_R_CRM_ELCTR_RECORD_DATA_M_ZS','TO_R_CRM_ELCTR_RECORD_DATA_M_ZS_20170914','TO_R_CRM_ELCTR_RECORD_DATA_M_ZS','14','OPR_CODE','操作员工号','STRING','','','','','Y','操作员工标识','D2-2','2','');
insert into column_val (xmlid, col_xmlid, dataname, col_seq, colname, colcnname, datatype, length, precision_val, party_seq, isprimarykey, isnullable, remark, filed_type_child, sensitive_level, policyid) values ('TO_R_CRM_ELCTR_RECORD_DATA_M_ZS','TO_R_CRM_ELCTR_RECORD_DATA_M_ZS_20170916','TO_R_CRM_ELCTR_RECORD_DATA_M_ZS','16','CMCC_BRANCH_CD','地市编码','STRING','','','','','Y','','D2-2','2','');
insert into column_val (xmlid, col_xmlid, dataname, col_seq, colname, colcnname, datatype, length, precision_val, party_seq, isprimarykey, isnullable, remark, filed_type_child, sensitive_level, policyid) values ('TO_R_CRM_ELCTR_RECORD_DATA_M_ZS','TO_R_CRM_ELCTR_RECORD_DATA_M_ZS_20170917','TO_R_CRM_ELCTR_RECORD_DATA_M_ZS','17','ELCTR_OBT_TYP','电子券获取方式','STRING','','','','','Y','0：和包购机:1：积分兑换和包,2：赠送和包','D1-4','4','');
insert into column_val (xmlid, col_xmlid, dataname, col_seq, colname, colcnname, datatype, length, precision_val, party_seq, isprimarykey, isnullable, remark, filed_type_child, sensitive_level, policyid) values ('TO_R_CRM_ELCTR_RECORD_DATA_M_ZS','TO_R_CRM_ELCTR_RECORD_DATA_M_ZS_20170918','TO_R_CRM_ELCTR_RECORD_DATA_M_ZS','18','month','月份','INT','','','1','','N','','','','');

insert into tablefile (xmlid, dbname, dataname, datacnname, state, cycletype, topiccode, extend_cfg, rightlevel, creater, curdutyer, eff_date, state_date, team_code, open_state, remark) values ('TO_R_CRM_ELCTR_RECORD_DATA_M_JM','BD_B','TO_R_CRM_ELCTR_RECORD_DATA_M_JM','ODS_和包电子券发放记录','NEW','month','LAYERI_IRES','{"EXTERNAL":"y","LOCATION":"/tenant/BIGDATA/JCFW/JRCL/BD_B/ODS/TO_R_CRM_ELCTR_RECORD_DATA_M/branch=JM","FILEFORMAT":"PARQUET","DELIMITER":"@#$"}','其他','谢英俊','谢英俊', TIMESTAMP '0008-05-17 12:00:00', TIMESTAMP '0008-05-17 12:00:00','f2999fd5-c34e-402e-9b28-fec9fca13044','','基础层-资源主题域');
insert into column_val (xmlid, col_xmlid, dataname, col_seq, colname, colcnname, datatype, length, precision_val, party_seq, isprimarykey, isnullable, remark, filed_type_child, sensitive_level, policyid) values ('TO_R_CRM_ELCTR_RECORD_DATA_M_JM','TO_R_CRM_ELCTR_RECORD_DATA_M_JM_2017091','TO_R_CRM_ELCTR_RECORD_DATA_M_JM','1','STAT_MO','统计月份','INT','','','','','N','','D2-2','2','');
insert into column_val (xmlid, col_xmlid, dataname, col_seq, colname, colcnname, datatype, length, precision_val, party_seq, isprimarykey, isnullable, remark, filed_type_child, sensitive_level, policyid) values ('TO_R_CRM_ELCTR_RECORD_DATA_M_JM','TO_R_CRM_ELCTR_RECORD_DATA_M_JM_2017092','TO_R_CRM_ELCTR_RECORD_DATA_M_JM','2','ORDR_SEQ','和包订单号','STRING','','','','','N','交易流水号','D2-2','2','');
insert into column_val (xmlid, col_xmlid, dataname, col_seq, colname, colcnname, datatype, length, precision_val, party_seq, isprimarykey, isnullable, remark, filed_type_child, sensitive_level, policyid) values ('TO_R_CRM_ELCTR_RECORD_DATA_M_JM','TO_R_CRM_ELCTR_RECORD_DATA_M_JM_2017094','TO_R_CRM_ELCTR_RECORD_DATA_M_JM','4','TRADE_OPR_TYP','交易类型','STRING','','','','','N','发放,下单,支付','D2-2','2','');
insert into column_val (xmlid, col_xmlid, dataname, col_seq, colname, colcnname, datatype, length, precision_val, party_seq, isprimarykey, isnullable, remark, filed_type_child, sensitive_level, policyid) values ('TO_R_CRM_ELCTR_RECORD_DATA_M_JM','TO_R_CRM_ELCTR_RECORD_DATA_M_JM_2017095','TO_R_CRM_ELCTR_RECORD_DATA_M_JM','5','OPR_DT','操作日期','INT','','','','','N','','D2-2','2','');
insert into column_val (xmlid, col_xmlid, dataname, col_seq, colname, colcnname, datatype, length, precision_val, party_seq, isprimarykey, isnullable, remark, filed_type_child, sensitive_level, policyid) values ('TO_R_CRM_ELCTR_RECORD_DATA_M_JM','TO_R_CRM_ELCTR_RECORD_DATA_M_JM_2017096','TO_R_CRM_ELCTR_RECORD_DATA_M_JM','6','OPR_TIM','操作时间','STRING','','','','','N','','D2-2','2','');
insert into column_val (xmlid, col_xmlid, dataname, col_seq, colname, colcnname, datatype, length, precision_val, party_seq, isprimarykey, isnullable, remark, filed_type_child, sensitive_level, policyid) values ('TO_R_CRM_ELCTR_RECORD_DATA_M_JM','TO_R_CRM_ELCTR_RECORD_DATA_M_JM_20170915','TO_R_CRM_ELCTR_RECORD_DATA_M_JM','15','ORDER_STS_CD','订单状态','STRING','','','','','N','回退,成功','D2-2','2','');
insert into column_val (xmlid, col_xmlid, dataname, col_seq, colname, colcnname, datatype, length, precision_val, party_seq, isprimarykey, isnullable, remark, filed_type_child, sensitive_level, policyid) values ('TO_R_CRM_ELCTR_RECORD_DATA_M_JM','TO_R_CRM_ELCTR_RECORD_DATA_M_JM_2017093','TO_R_CRM_ELCTR_RECORD_DATA_M_JM','3','BATCH_NO','批次号','STRING','','','','','Y','电子券活动批次','D2-2','2','');
insert into column_val (xmlid, col_xmlid, dataname, col_seq, colname, colcnname, datatype, length, precision_val, party_seq, isprimarykey, isnullable, remark, filed_type_child, sensitive_level, policyid) values ('TO_R_CRM_ELCTR_RECORD_DATA_M_JM','TO_R_CRM_ELCTR_RECORD_DATA_M_JM_2017097','TO_R_CRM_ELCTR_RECORD_DATA_M_JM','7','OPR_FEE','操作金额','DECIMAL','20','2','','','Y','','D2-2','2','');
insert into column_val (xmlid, col_xmlid, dataname, col_seq, colname, colcnname, datatype, length, precision_val, party_seq, isprimarykey, isnullable, remark, filed_type_child, sensitive_level, policyid) values ('TO_R_CRM_ELCTR_RECORD_DATA_M_JM','TO_R_CRM_ELCTR_RECORD_DATA_M_JM_2017098','TO_R_CRM_ELCTR_RECORD_DATA_M_JM','8','USR_NBR','服务号码','STRING','','','','','Y','','A1-2','3','PID_all');
insert into column_val (xmlid, col_xmlid, dataname, col_seq, colname, colcnname, datatype, length, precision_val, party_seq, isprimarykey, isnullable, remark, filed_type_child, sensitive_level, policyid) values ('TO_R_CRM_ELCTR_RECORD_DATA_M_JM','TO_R_CRM_ELCTR_RECORD_DATA_M_JM_2017099','TO_R_CRM_ELCTR_RECORD_DATA_M_JM','9','IMEI','IMEI','STRING','','','','','Y','电子券归属IMEI','D2-2','2','PID_9star');
insert into column_val (xmlid, col_xmlid, dataname, col_seq, colname, colcnname, datatype, length, precision_val, party_seq, isprimarykey, isnullable, remark, filed_type_child, sensitive_level, policyid) values ('TO_R_CRM_ELCTR_RECORD_DATA_M_JM','TO_R_CRM_ELCTR_RECORD_DATA_M_JM_20170910','TO_R_CRM_ELCTR_RECORD_DATA_M_JM','10','OPR_CHNL_ID','接入方式','STRING','','','','','Y','操作渠道标识','D2-2','2','');
insert into column_val (xmlid, col_xmlid, dataname, col_seq, colname, colcnname, datatype, length, precision_val, party_seq, isprimarykey, isnullable, remark, filed_type_child, sensitive_level, policyid) values ('TO_R_CRM_ELCTR_RECORD_DATA_M_JM','TO_R_CRM_ELCTR_RECORD_DATA_M_JM_20170911','TO_R_CRM_ELCTR_RECORD_DATA_M_JM','11','CMCC_BRANCH_NAM','操作地市','STRING','','','','','Y',' 如：广州、深圳','D2-2','2','');
insert into column_val (xmlid, col_xmlid, dataname, col_seq, colname, colcnname, datatype, length, precision_val, party_seq, isprimarykey, isnullable, remark, filed_type_child, sensitive_level, policyid) values ('TO_R_CRM_ELCTR_RECORD_DATA_M_JM','TO_R_CRM_ELCTR_RECORD_DATA_M_JM_20170912','TO_R_CRM_ELCTR_RECORD_DATA_M_JM','12','MARK_PLAN_CD','产品编码','STRING','','','','','Y','营销案编码','D2-2','2','');
insert into column_val (xmlid, col_xmlid, dataname, col_seq, colname, colcnname, datatype, length, precision_val, party_seq, isprimarykey, isnullable, remark, filed_type_child, sensitive_level, policyid) values ('TO_R_CRM_ELCTR_RECORD_DATA_M_JM','TO_R_CRM_ELCTR_RECORD_DATA_M_JM_20170913','TO_R_CRM_ELCTR_RECORD_DATA_M_JM','13','MARK_PLAN_NAM','产品名称','STRING','','','','','Y','营销案名称','D2-2','2','');
insert into column_val (xmlid, col_xmlid, dataname, col_seq, colname, colcnname, datatype, length, precision_val, party_seq, isprimarykey, isnullable, remark, filed_type_child, sensitive_level, policyid) values ('TO_R_CRM_ELCTR_RECORD_DATA_M_JM','TO_R_CRM_ELCTR_RECORD_DATA_M_JM_20170914','TO_R_CRM_ELCTR_RECORD_DATA_M_JM','14','OPR_CODE','操作员工号','STRING','','','','','Y','操作员工标识','D2-2','2','');
insert into column_val (xmlid, col_xmlid, dataname, col_seq, colname, colcnname, datatype, length, precision_val, party_seq, isprimarykey, isnullable, remark, filed_type_child, sensitive_level, policyid) values ('TO_R_CRM_ELCTR_RECORD_DATA_M_JM','TO_R_CRM_ELCTR_RECORD_DATA_M_JM_20170916','TO_R_CRM_ELCTR_RECORD_DATA_M_JM','16','CMCC_BRANCH_CD','地市编码','STRING','','','','','Y','','D2-2','2','');
insert into column_val (xmlid, col_xmlid, dataname, col_seq, colname, colcnname, datatype, length, precision_val, party_seq, isprimarykey, isnullable, remark, filed_type_child, sensitive_level, policyid) values ('TO_R_CRM_ELCTR_RECORD_DATA_M_JM','TO_R_CRM_ELCTR_RECORD_DATA_M_JM_20170917','TO_R_CRM_ELCTR_RECORD_DATA_M_JM','17','ELCTR_OBT_TYP','电子券获取方式','STRING','','','','','Y','0：和包购机:1：积分兑换和包,2：赠送和包','D1-4','4','');
insert into column_val (xmlid, col_xmlid, dataname, col_seq, colname, colcnname, datatype, length, precision_val, party_seq, isprimarykey, isnullable, remark, filed_type_child, sensitive_level, policyid) values ('TO_R_CRM_ELCTR_RECORD_DATA_M_JM','TO_R_CRM_ELCTR_RECORD_DATA_M_JM_20170918','TO_R_CRM_ELCTR_RECORD_DATA_M_JM','18','month','月份','INT','','','1','','N','','','','');

insert into tablefile (xmlid, dbname, dataname, datacnname, state, cycletype, topiccode, extend_cfg, rightlevel, creater, curdutyer, eff_date, state_date, team_code, open_state, remark) values ('TO_R_CRM_ELCTR_RECORD_DATA_M_ZJ','BD_B','TO_R_CRM_ELCTR_RECORD_DATA_M_ZJ','ODS_和包电子券发放记录','NEW','month','LAYERI_IRES','{"EXTERNAL":"y","LOCATION":"/tenant/BIGDATA/JCFW/JRCL/BD_B/ODS/TO_R_CRM_ELCTR_RECORD_DATA_M/branch=ZJ","FILEFORMAT":"PARQUET","DELIMITER":"@#$"}','其他','谢英俊','谢英俊', TIMESTAMP '0008-05-17 12:00:00', TIMESTAMP '0008-05-17 12:00:00','f2999fd5-c34e-402e-9b28-fec9fca13044','','基础层-资源主题域');
insert into column_val (xmlid, col_xmlid, dataname, col_seq, colname, colcnname, datatype, length, precision_val, party_seq, isprimarykey, isnullable, remark, filed_type_child, sensitive_level, policyid) values ('TO_R_CRM_ELCTR_RECORD_DATA_M_ZJ','TO_R_CRM_ELCTR_RECORD_DATA_M_ZJ_2017091','TO_R_CRM_ELCTR_RECORD_DATA_M_ZJ','1','STAT_MO','统计月份','INT','','','','','N','','D2-2','2','');
insert into column_val (xmlid, col_xmlid, dataname, col_seq, colname, colcnname, datatype, length, precision_val, party_seq, isprimarykey, isnullable, remark, filed_type_child, sensitive_level, policyid) values ('TO_R_CRM_ELCTR_RECORD_DATA_M_ZJ','TO_R_CRM_ELCTR_RECORD_DATA_M_ZJ_2017092','TO_R_CRM_ELCTR_RECORD_DATA_M_ZJ','2','ORDR_SEQ','和包订单号','STRING','','','','','N','交易流水号','D2-2','2','');
insert into column_val (xmlid, col_xmlid, dataname, col_seq, colname, colcnname, datatype, length, precision_val, party_seq, isprimarykey, isnullable, remark, filed_type_child, sensitive_level, policyid) values ('TO_R_CRM_ELCTR_RECORD_DATA_M_ZJ','TO_R_CRM_ELCTR_RECORD_DATA_M_ZJ_2017094','TO_R_CRM_ELCTR_RECORD_DATA_M_ZJ','4','TRADE_OPR_TYP','交易类型','STRING','','','','','N','发放,下单,支付','D2-2','2','');
insert into column_val (xmlid, col_xmlid, dataname, col_seq, colname, colcnname, datatype, length, precision_val, party_seq, isprimarykey, isnullable, remark, filed_type_child, sensitive_level, policyid) values ('TO_R_CRM_ELCTR_RECORD_DATA_M_ZJ','TO_R_CRM_ELCTR_RECORD_DATA_M_ZJ_2017095','TO_R_CRM_ELCTR_RECORD_DATA_M_ZJ','5','OPR_DT','操作日期','INT','','','','','N','','D2-2','2','');
insert into column_val (xmlid, col_xmlid, dataname, col_seq, colname, colcnname, datatype, length, precision_val, party_seq, isprimarykey, isnullable, remark, filed_type_child, sensitive_level, policyid) values ('TO_R_CRM_ELCTR_RECORD_DATA_M_ZJ','TO_R_CRM_ELCTR_RECORD_DATA_M_ZJ_2017096','TO_R_CRM_ELCTR_RECORD_DATA_M_ZJ','6','OPR_TIM','操作时间','STRING','','','','','N','','D2-2','2','');
insert into column_val (xmlid, col_xmlid, dataname, col_seq, colname, colcnname, datatype, length, precision_val, party_seq, isprimarykey, isnullable, remark, filed_type_child, sensitive_level, policyid) values ('TO_R_CRM_ELCTR_RECORD_DATA_M_ZJ','TO_R_CRM_ELCTR_RECORD_DATA_M_ZJ_20170915','TO_R_CRM_ELCTR_RECORD_DATA_M_ZJ','15','ORDER_STS_CD','订单状态','STRING','','','','','N','回退,成功','D2-2','2','');
insert into column_val (xmlid, col_xmlid, dataname, col_seq, colname, colcnname, datatype, length, precision_val, party_seq, isprimarykey, isnullable, remark, filed_type_child, sensitive_level, policyid) values ('TO_R_CRM_ELCTR_RECORD_DATA_M_ZJ','TO_R_CRM_ELCTR_RECORD_DATA_M_ZJ_2017093','TO_R_CRM_ELCTR_RECORD_DATA_M_ZJ','3','BATCH_NO','批次号','STRING','','','','','Y','电子券活动批次','D2-2','2','');
insert into column_val (xmlid, col_xmlid, dataname, col_seq, colname, colcnname, datatype, length, precision_val, party_seq, isprimarykey, isnullable, remark, filed_type_child, sensitive_level, policyid) values ('TO_R_CRM_ELCTR_RECORD_DATA_M_ZJ','TO_R_CRM_ELCTR_RECORD_DATA_M_ZJ_2017097','TO_R_CRM_ELCTR_RECORD_DATA_M_ZJ','7','OPR_FEE','操作金额','DECIMAL','20','2','','','Y','','D2-2','2','');
insert into column_val (xmlid, col_xmlid, dataname, col_seq, colname, colcnname, datatype, length, precision_val, party_seq, isprimarykey, isnullable, remark, filed_type_child, sensitive_level, policyid) values ('TO_R_CRM_ELCTR_RECORD_DATA_M_ZJ','TO_R_CRM_ELCTR_RECORD_DATA_M_ZJ_2017098','TO_R_CRM_ELCTR_RECORD_DATA_M_ZJ','8','USR_NBR','服务号码','STRING','','','','','Y','','A1-2','3','PID_all');
insert into column_val (xmlid, col_xmlid, dataname, col_seq, colname, colcnname, datatype, length, precision_val, party_seq, isprimarykey, isnullable, remark, filed_type_child, sensitive_level, policyid) values ('TO_R_CRM_ELCTR_RECORD_DATA_M_ZJ','TO_R_CRM_ELCTR_RECORD_DATA_M_ZJ_2017099','TO_R_CRM_ELCTR_RECORD_DATA_M_ZJ','9','IMEI','IMEI','STRING','','','','','Y','电子券归属IMEI','D2-2','2','PID_9star');
insert into column_val (xmlid, col_xmlid, dataname, col_seq, colname, colcnname, datatype, length, precision_val, party_seq, isprimarykey, isnullable, remark, filed_type_child, sensitive_level, policyid) values ('TO_R_CRM_ELCTR_RECORD_DATA_M_ZJ','TO_R_CRM_ELCTR_RECORD_DATA_M_ZJ_20170910','TO_R_CRM_ELCTR_RECORD_DATA_M_ZJ','10','OPR_CHNL_ID','接入方式','STRING','','','','','Y','操作渠道标识','D2-2','2','');
insert into column_val (xmlid, col_xmlid, dataname, col_seq, colname, colcnname, datatype, length, precision_val, party_seq, isprimarykey, isnullable, remark, filed_type_child, sensitive_level, policyid) values ('TO_R_CRM_ELCTR_RECORD_DATA_M_ZJ','TO_R_CRM_ELCTR_RECORD_DATA_M_ZJ_20170911','TO_R_CRM_ELCTR_RECORD_DATA_M_ZJ','11','CMCC_BRANCH_NAM','操作地市','STRING','','','','','Y',' 如：广州、深圳','D2-2','2','');
insert into column_val (xmlid, col_xmlid, dataname, col_seq, colname, colcnname, datatype, length, precision_val, party_seq, isprimarykey, isnullable, remark, filed_type_child, sensitive_level, policyid) values ('TO_R_CRM_ELCTR_RECORD_DATA_M_ZJ','TO_R_CRM_ELCTR_RECORD_DATA_M_ZJ_20170912','TO_R_CRM_ELCTR_RECORD_DATA_M_ZJ','12','MARK_PLAN_CD','产品编码','STRING','','','','','Y','营销案编码','D2-2','2','');
insert into column_val (xmlid, col_xmlid, dataname, col_seq, colname, colcnname, datatype, length, precision_val, party_seq, isprimarykey, isnullable, remark, filed_type_child, sensitive_level, policyid) values ('TO_R_CRM_ELCTR_RECORD_DATA_M_ZJ','TO_R_CRM_ELCTR_RECORD_DATA_M_ZJ_20170913','TO_R_CRM_ELCTR_RECORD_DATA_M_ZJ','13','MARK_PLAN_NAM','产品名称','STRING','','','','','Y','营销案名称','D2-2','2','');
insert into column_val (xmlid, col_xmlid, dataname, col_seq, colname, colcnname, datatype, length, precision_val, party_seq, isprimarykey, isnullable, remark, filed_type_child, sensitive_level, policyid) values ('TO_R_CRM_ELCTR_RECORD_DATA_M_ZJ','TO_R_CRM_ELCTR_RECORD_DATA_M_ZJ_20170914','TO_R_CRM_ELCTR_RECORD_DATA_M_ZJ','14','OPR_CODE','操作员工号','STRING','','','','','Y','操作员工标识','D2-2','2','');
insert into column_val (xmlid, col_xmlid, dataname, col_seq, colname, colcnname, datatype, length, precision_val, party_seq, isprimarykey, isnullable, remark, filed_type_child, sensitive_level, policyid) values ('TO_R_CRM_ELCTR_RECORD_DATA_M_ZJ','TO_R_CRM_ELCTR_RECORD_DATA_M_ZJ_20170916','TO_R_CRM_ELCTR_RECORD_DATA_M_ZJ','16','CMCC_BRANCH_CD','地市编码','STRING','','','','','Y','','D2-2','2','');
insert into column_val (xmlid, col_xmlid, dataname, col_seq, colname, colcnname, datatype, length, precision_val, party_seq, isprimarykey, isnullable, remark, filed_type_child, sensitive_level, policyid) values ('TO_R_CRM_ELCTR_RECORD_DATA_M_ZJ','TO_R_CRM_ELCTR_RECORD_DATA_M_ZJ_20170917','TO_R_CRM_ELCTR_RECORD_DATA_M_ZJ','17','ELCTR_OBT_TYP','电子券获取方式','STRING','','','','','Y','0：和包购机:1：积分兑换和包,2：赠送和包','D1-4','4','');
insert into column_val (xmlid, col_xmlid, dataname, col_seq, colname, colcnname, datatype, length, precision_val, party_seq, isprimarykey, isnullable, remark, filed_type_child, sensitive_level, policyid) values ('TO_R_CRM_ELCTR_RECORD_DATA_M_ZJ','TO_R_CRM_ELCTR_RECORD_DATA_M_ZJ_20170918','TO_R_CRM_ELCTR_RECORD_DATA_M_ZJ','18','month','月份','INT','','','1','','N','','','','');

insert into tablefile (xmlid, dbname, dataname, datacnname, state, cycletype, topiccode, extend_cfg, rightlevel, creater, curdutyer, eff_date, state_date, team_code, open_state, remark) values ('TO_R_CRM_ELCTR_RECORD_DATA_M_SG','BD_B','TO_R_CRM_ELCTR_RECORD_DATA_M_SG','ODS_和包电子券发放记录','NEW','month','LAYERI_IRES','{"EXTERNAL":"y","LOCATION":"/tenant/BIGDATA/JCFW/JRCL/BD_B/ODS/TO_R_CRM_ELCTR_RECORD_DATA_M/branch=SG","FILEFORMAT":"PARQUET","DELIMITER":"@#$"}','其他','谢英俊','谢英俊', TIMESTAMP '0008-05-17 12:00:00', TIMESTAMP '0008-05-17 12:00:00','f2999fd5-c34e-402e-9b28-fec9fca13044','','基础层-资源主题域');
insert into column_val (xmlid, col_xmlid, dataname, col_seq, colname, colcnname, datatype, length, precision_val, party_seq, isprimarykey, isnullable, remark, filed_type_child, sensitive_level, policyid) values ('TO_R_CRM_ELCTR_RECORD_DATA_M_SG','TO_R_CRM_ELCTR_RECORD_DATA_M_SG_2017091','TO_R_CRM_ELCTR_RECORD_DATA_M_SG','1','STAT_MO','统计月份','INT','','','','','N','','D2-2','2','');
insert into column_val (xmlid, col_xmlid, dataname, col_seq, colname, colcnname, datatype, length, precision_val, party_seq, isprimarykey, isnullable, remark, filed_type_child, sensitive_level, policyid) values ('TO_R_CRM_ELCTR_RECORD_DATA_M_SG','TO_R_CRM_ELCTR_RECORD_DATA_M_SG_2017092','TO_R_CRM_ELCTR_RECORD_DATA_M_SG','2','ORDR_SEQ','和包订单号','STRING','','','','','N','交易流水号','D2-2','2','');
insert into column_val (xmlid, col_xmlid, dataname, col_seq, colname, colcnname, datatype, length, precision_val, party_seq, isprimarykey, isnullable, remark, filed_type_child, sensitive_level, policyid) values ('TO_R_CRM_ELCTR_RECORD_DATA_M_SG','TO_R_CRM_ELCTR_RECORD_DATA_M_SG_2017094','TO_R_CRM_ELCTR_RECORD_DATA_M_SG','4','TRADE_OPR_TYP','交易类型','STRING','','','','','N','发放,下单,支付','D2-2','2','');
insert into column_val (xmlid, col_xmlid, dataname, col_seq, colname, colcnname, datatype, length, precision_val, party_seq, isprimarykey, isnullable, remark, filed_type_child, sensitive_level, policyid) values ('TO_R_CRM_ELCTR_RECORD_DATA_M_SG','TO_R_CRM_ELCTR_RECORD_DATA_M_SG_2017095','TO_R_CRM_ELCTR_RECORD_DATA_M_SG','5','OPR_DT','操作日期','INT','','','','','N','','D2-2','2','');
insert into column_val (xmlid, col_xmlid, dataname, col_seq, colname, colcnname, datatype, length, precision_val, party_seq, isprimarykey, isnullable, remark, filed_type_child, sensitive_level, policyid) values ('TO_R_CRM_ELCTR_RECORD_DATA_M_SG','TO_R_CRM_ELCTR_RECORD_DATA_M_SG_2017096','TO_R_CRM_ELCTR_RECORD_DATA_M_SG','6','OPR_TIM','操作时间','STRING','','','','','N','','D2-2','2','');
insert into column_val (xmlid, col_xmlid, dataname, col_seq, colname, colcnname, datatype, length, precision_val, party_seq, isprimarykey, isnullable, remark, filed_type_child, sensitive_level, policyid) values ('TO_R_CRM_ELCTR_RECORD_DATA_M_SG','TO_R_CRM_ELCTR_RECORD_DATA_M_SG_20170915','TO_R_CRM_ELCTR_RECORD_DATA_M_SG','15','ORDER_STS_CD','订单状态','STRING','','','','','N','回退,成功','D2-2','2','');
insert into column_val (xmlid, col_xmlid, dataname, col_seq, colname, colcnname, datatype, length, precision_val, party_seq, isprimarykey, isnullable, remark, filed_type_child, sensitive_level, policyid) values ('TO_R_CRM_ELCTR_RECORD_DATA_M_SG','TO_R_CRM_ELCTR_RECORD_DATA_M_SG_2017093','TO_R_CRM_ELCTR_RECORD_DATA_M_SG','3','BATCH_NO','批次号','STRING','','','','','Y','电子券活动批次','D2-2','2','');
insert into column_val (xmlid, col_xmlid, dataname, col_seq, colname, colcnname, datatype, length, precision_val, party_seq, isprimarykey, isnullable, remark, filed_type_child, sensitive_level, policyid) values ('TO_R_CRM_ELCTR_RECORD_DATA_M_SG','TO_R_CRM_ELCTR_RECORD_DATA_M_SG_2017097','TO_R_CRM_ELCTR_RECORD_DATA_M_SG','7','OPR_FEE','操作金额','DECIMAL','20','2','','','Y','','D2-2','2','');
insert into column_val (xmlid, col_xmlid, dataname, col_seq, colname, colcnname, datatype, length, precision_val, party_seq, isprimarykey, isnullable, remark, filed_type_child, sensitive_level, policyid) values ('TO_R_CRM_ELCTR_RECORD_DATA_M_SG','TO_R_CRM_ELCTR_RECORD_DATA_M_SG_2017098','TO_R_CRM_ELCTR_RECORD_DATA_M_SG','8','USR_NBR','服务号码','STRING','','','','','Y','','A1-2','3','PID_all');
insert into column_val (xmlid, col_xmlid, dataname, col_seq, colname, colcnname, datatype, length, precision_val, party_seq, isprimarykey, isnullable, remark, filed_type_child, sensitive_level, policyid) values ('TO_R_CRM_ELCTR_RECORD_DATA_M_SG','TO_R_CRM_ELCTR_RECORD_DATA_M_SG_2017099','TO_R_CRM_ELCTR_RECORD_DATA_M_SG','9','IMEI','IMEI','STRING','','','','','Y','电子券归属IMEI','D2-2','2','PID_9star');
insert into column_val (xmlid, col_xmlid, dataname, col_seq, colname, colcnname, datatype, length, precision_val, party_seq, isprimarykey, isnullable, remark, filed_type_child, sensitive_level, policyid) values ('TO_R_CRM_ELCTR_RECORD_DATA_M_SG','TO_R_CRM_ELCTR_RECORD_DATA_M_SG_20170910','TO_R_CRM_ELCTR_RECORD_DATA_M_SG','10','OPR_CHNL_ID','接入方式','STRING','','','','','Y','操作渠道标识','D2-2','2','');
insert into column_val (xmlid, col_xmlid, dataname, col_seq, colname, colcnname, datatype, length, precision_val, party_seq, isprimarykey, isnullable, remark, filed_type_child, sensitive_level, policyid) values ('TO_R_CRM_ELCTR_RECORD_DATA_M_SG','TO_R_CRM_ELCTR_RECORD_DATA_M_SG_20170911','TO_R_CRM_ELCTR_RECORD_DATA_M_SG','11','CMCC_BRANCH_NAM','操作地市','STRING','','','','','Y',' 如：广州、深圳','D2-2','2','');
insert into column_val (xmlid, col_xmlid, dataname, col_seq, colname, colcnname, datatype, length, precision_val, party_seq, isprimarykey, isnullable, remark, filed_type_child, sensitive_level, policyid) values ('TO_R_CRM_ELCTR_RECORD_DATA_M_SG','TO_R_CRM_ELCTR_RECORD_DATA_M_SG_20170912','TO_R_CRM_ELCTR_RECORD_DATA_M_SG','12','MARK_PLAN_CD','产品编码','STRING','','','','','Y','营销案编码','D2-2','2','');
insert into column_val (xmlid, col_xmlid, dataname, col_seq, colname, colcnname, datatype, length, precision_val, party_seq, isprimarykey, isnullable, remark, filed_type_child, sensitive_level, policyid) values ('TO_R_CRM_ELCTR_RECORD_DATA_M_SG','TO_R_CRM_ELCTR_RECORD_DATA_M_SG_20170913','TO_R_CRM_ELCTR_RECORD_DATA_M_SG','13','MARK_PLAN_NAM','产品名称','STRING','','','','','Y','营销案名称','D2-2','2','');
insert into column_val (xmlid, col_xmlid, dataname, col_seq, colname, colcnname, datatype, length, precision_val, party_seq, isprimarykey, isnullable, remark, filed_type_child, sensitive_level, policyid) values ('TO_R_CRM_ELCTR_RECORD_DATA_M_SG','TO_R_CRM_ELCTR_RECORD_DATA_M_SG_20170914','TO_R_CRM_ELCTR_RECORD_DATA_M_SG','14','OPR_CODE','操作员工号','STRING','','','','','Y','操作员工标识','D2-2','2','');
insert into column_val (xmlid, col_xmlid, dataname, col_seq, colname, colcnname, datatype, length, precision_val, party_seq, isprimarykey, isnullable, remark, filed_type_child, sensitive_level, policyid) values ('TO_R_CRM_ELCTR_RECORD_DATA_M_SG','TO_R_CRM_ELCTR_RECORD_DATA_M_SG_20170916','TO_R_CRM_ELCTR_RECORD_DATA_M_SG','16','CMCC_BRANCH_CD','地市编码','STRING','','','','','Y','','D2-2','2','');
insert into column_val (xmlid, col_xmlid, dataname, col_seq, colname, colcnname, datatype, length, precision_val, party_seq, isprimarykey, isnullable, remark, filed_type_child, sensitive_level, policyid) values ('TO_R_CRM_ELCTR_RECORD_DATA_M_SG','TO_R_CRM_ELCTR_RECORD_DATA_M_SG_20170917','TO_R_CRM_ELCTR_RECORD_DATA_M_SG','17','ELCTR_OBT_TYP','电子券获取方式','STRING','','','','','Y','0：和包购机:1：积分兑换和包,2：赠送和包','D1-4','4','');
insert into column_val (xmlid, col_xmlid, dataname, col_seq, colname, colcnname, datatype, length, precision_val, party_seq, isprimarykey, isnullable, remark, filed_type_child, sensitive_level, policyid) values ('TO_R_CRM_ELCTR_RECORD_DATA_M_SG','TO_R_CRM_ELCTR_RECORD_DATA_M_SG_20170918','TO_R_CRM_ELCTR_RECORD_DATA_M_SG','18','month','月份','INT','','','1','','N','','','','');

insert into tablefile (xmlid, dbname, dataname, datacnname, state, cycletype, topiccode, extend_cfg, rightlevel, creater, curdutyer, eff_date, state_date, team_code, open_state, remark) values ('TO_R_CRM_ELCTR_RECORD_DATA_M_HY','BD_B','TO_R_CRM_ELCTR_RECORD_DATA_M_HY','ODS_和包电子券发放记录','NEW','month','LAYERI_IRES','{"EXTERNAL":"y","LOCATION":"/tenant/BIGDATA/JCFW/JRCL/BD_B/ODS/TO_R_CRM_ELCTR_RECORD_DATA_M/branch=HY","FILEFORMAT":"PARQUET","DELIMITER":"@#$"}','其他','谢英俊','谢英俊', TIMESTAMP '0008-05-17 12:00:00', TIMESTAMP '0008-05-17 12:00:00','f2999fd5-c34e-402e-9b28-fec9fca13044','','基础层-资源主题域');
insert into column_val (xmlid, col_xmlid, dataname, col_seq, colname, colcnname, datatype, length, precision_val, party_seq, isprimarykey, isnullable, remark, filed_type_child, sensitive_level, policyid) values ('TO_R_CRM_ELCTR_RECORD_DATA_M_HY','TO_R_CRM_ELCTR_RECORD_DATA_M_HY_2017091','TO_R_CRM_ELCTR_RECORD_DATA_M_HY','1','STAT_MO','统计月份','INT','','','','','N','','D2-2','2','');
insert into column_val (xmlid, col_xmlid, dataname, col_seq, colname, colcnname, datatype, length, precision_val, party_seq, isprimarykey, isnullable, remark, filed_type_child, sensitive_level, policyid) values ('TO_R_CRM_ELCTR_RECORD_DATA_M_HY','TO_R_CRM_ELCTR_RECORD_DATA_M_HY_2017092','TO_R_CRM_ELCTR_RECORD_DATA_M_HY','2','ORDR_SEQ','和包订单号','STRING','','','','','N','交易流水号','D2-2','2','');
insert into column_val (xmlid, col_xmlid, dataname, col_seq, colname, colcnname, datatype, length, precision_val, party_seq, isprimarykey, isnullable, remark, filed_type_child, sensitive_level, policyid) values ('TO_R_CRM_ELCTR_RECORD_DATA_M_HY','TO_R_CRM_ELCTR_RECORD_DATA_M_HY_2017094','TO_R_CRM_ELCTR_RECORD_DATA_M_HY','4','TRADE_OPR_TYP','交易类型','STRING','','','','','N','发放,下单,支付','D2-2','2','');
insert into column_val (xmlid, col_xmlid, dataname, col_seq, colname, colcnname, datatype, length, precision_val, party_seq, isprimarykey, isnullable, remark, filed_type_child, sensitive_level, policyid) values ('TO_R_CRM_ELCTR_RECORD_DATA_M_HY','TO_R_CRM_ELCTR_RECORD_DATA_M_HY_2017095','TO_R_CRM_ELCTR_RECORD_DATA_M_HY','5','OPR_DT','操作日期','INT','','','','','N','','D2-2','2','');
insert into column_val (xmlid, col_xmlid, dataname, col_seq, colname, colcnname, datatype, length, precision_val, party_seq, isprimarykey, isnullable, remark, filed_type_child, sensitive_level, policyid) values ('TO_R_CRM_ELCTR_RECORD_DATA_M_HY','TO_R_CRM_ELCTR_RECORD_DATA_M_HY_2017096','TO_R_CRM_ELCTR_RECORD_DATA_M_HY','6','OPR_TIM','操作时间','STRING','','','','','N','','D2-2','2','');
insert into column_val (xmlid, col_xmlid, dataname, col_seq, colname, colcnname, datatype, length, precision_val, party_seq, isprimarykey, isnullable, remark, filed_type_child, sensitive_level, policyid) values ('TO_R_CRM_ELCTR_RECORD_DATA_M_HY','TO_R_CRM_ELCTR_RECORD_DATA_M_HY_20170915','TO_R_CRM_ELCTR_RECORD_DATA_M_HY','15','ORDER_STS_CD','订单状态','STRING','','','','','N','回退,成功','D2-2','2','');
insert into column_val (xmlid, col_xmlid, dataname, col_seq, colname, colcnname, datatype, length, precision_val, party_seq, isprimarykey, isnullable, remark, filed_type_child, sensitive_level, policyid) values ('TO_R_CRM_ELCTR_RECORD_DATA_M_HY','TO_R_CRM_ELCTR_RECORD_DATA_M_HY_2017093','TO_R_CRM_ELCTR_RECORD_DATA_M_HY','3','BATCH_NO','批次号','STRING','','','','','Y','电子券活动批次','D2-2','2','');
insert into column_val (xmlid, col_xmlid, dataname, col_seq, colname, colcnname, datatype, length, precision_val, party_seq, isprimarykey, isnullable, remark, filed_type_child, sensitive_level, policyid) values ('TO_R_CRM_ELCTR_RECORD_DATA_M_HY','TO_R_CRM_ELCTR_RECORD_DATA_M_HY_2017097','TO_R_CRM_ELCTR_RECORD_DATA_M_HY','7','OPR_FEE','操作金额','DECIMAL','20','2','','','Y','','D2-2','2','');
insert into column_val (xmlid, col_xmlid, dataname, col_seq, colname, colcnname, datatype, length, precision_val, party_seq, isprimarykey, isnullable, remark, filed_type_child, sensitive_level, policyid) values ('TO_R_CRM_ELCTR_RECORD_DATA_M_HY','TO_R_CRM_ELCTR_RECORD_DATA_M_HY_2017098','TO_R_CRM_ELCTR_RECORD_DATA_M_HY','8','USR_NBR','服务号码','STRING','','','','','Y','','A1-2','3','PID_all');
insert into column_val (xmlid, col_xmlid, dataname, col_seq, colname, colcnname, datatype, length, precision_val, party_seq, isprimarykey, isnullable, remark, filed_type_child, sensitive_level, policyid) values ('TO_R_CRM_ELCTR_RECORD_DATA_M_HY','TO_R_CRM_ELCTR_RECORD_DATA_M_HY_2017099','TO_R_CRM_ELCTR_RECORD_DATA_M_HY','9','IMEI','IMEI','STRING','','','','','Y','电子券归属IMEI','D2-2','2','PID_9star');
insert into column_val (xmlid, col_xmlid, dataname, col_seq, colname, colcnname, datatype, length, precision_val, party_seq, isprimarykey, isnullable, remark, filed_type_child, sensitive_level, policyid) values ('TO_R_CRM_ELCTR_RECORD_DATA_M_HY','TO_R_CRM_ELCTR_RECORD_DATA_M_HY_20170910','TO_R_CRM_ELCTR_RECORD_DATA_M_HY','10','OPR_CHNL_ID','接入方式','STRING','','','','','Y','操作渠道标识','D2-2','2','');
insert into column_val (xmlid, col_xmlid, dataname, col_seq, colname, colcnname, datatype, length, precision_val, party_seq, isprimarykey, isnullable, remark, filed_type_child, sensitive_level, policyid) values ('TO_R_CRM_ELCTR_RECORD_DATA_M_HY','TO_R_CRM_ELCTR_RECORD_DATA_M_HY_20170911','TO_R_CRM_ELCTR_RECORD_DATA_M_HY','11','CMCC_BRANCH_NAM','操作地市','STRING','','','','','Y',' 如：广州、深圳','D2-2','2','');
insert into column_val (xmlid, col_xmlid, dataname, col_seq, colname, colcnname, datatype, length, precision_val, party_seq, isprimarykey, isnullable, remark, filed_type_child, sensitive_level, policyid) values ('TO_R_CRM_ELCTR_RECORD_DATA_M_HY','TO_R_CRM_ELCTR_RECORD_DATA_M_HY_20170912','TO_R_CRM_ELCTR_RECORD_DATA_M_HY','12','MARK_PLAN_CD','产品编码','STRING','','','','','Y','营销案编码','D2-2','2','');
insert into column_val (xmlid, col_xmlid, dataname, col_seq, colname, colcnname, datatype, length, precision_val, party_seq, isprimarykey, isnullable, remark, filed_type_child, sensitive_level, policyid) values ('TO_R_CRM_ELCTR_RECORD_DATA_M_HY','TO_R_CRM_ELCTR_RECORD_DATA_M_HY_20170913','TO_R_CRM_ELCTR_RECORD_DATA_M_HY','13','MARK_PLAN_NAM','产品名称','STRING','','','','','Y','营销案名称','D2-2','2','');
insert into column_val (xmlid, col_xmlid, dataname, col_seq, colname, colcnname, datatype, length, precision_val, party_seq, isprimarykey, isnullable, remark, filed_type_child, sensitive_level, policyid) values ('TO_R_CRM_ELCTR_RECORD_DATA_M_HY','TO_R_CRM_ELCTR_RECORD_DATA_M_HY_20170914','TO_R_CRM_ELCTR_RECORD_DATA_M_HY','14','OPR_CODE','操作员工号','STRING','','','','','Y','操作员工标识','D2-2','2','');
insert into column_val (xmlid, col_xmlid, dataname, col_seq, colname, colcnname, datatype, length, precision_val, party_seq, isprimarykey, isnullable, remark, filed_type_child, sensitive_level, policyid) values ('TO_R_CRM_ELCTR_RECORD_DATA_M_HY','TO_R_CRM_ELCTR_RECORD_DATA_M_HY_20170916','TO_R_CRM_ELCTR_RECORD_DATA_M_HY','16','CMCC_BRANCH_CD','地市编码','STRING','','','','','Y','','D2-2','2','');
insert into column_val (xmlid, col_xmlid, dataname, col_seq, colname, colcnname, datatype, length, precision_val, party_seq, isprimarykey, isnullable, remark, filed_type_child, sensitive_level, policyid) values ('TO_R_CRM_ELCTR_RECORD_DATA_M_HY','TO_R_CRM_ELCTR_RECORD_DATA_M_HY_20170917','TO_R_CRM_ELCTR_RECORD_DATA_M_HY','17','ELCTR_OBT_TYP','电子券获取方式','STRING','','','','','Y','0：和包购机:1：积分兑换和包,2：赠送和包','D1-4','4','');
insert into column_val (xmlid, col_xmlid, dataname, col_seq, colname, colcnname, datatype, length, precision_val, party_seq, isprimarykey, isnullable, remark, filed_type_child, sensitive_level, policyid) values ('TO_R_CRM_ELCTR_RECORD_DATA_M_HY','TO_R_CRM_ELCTR_RECORD_DATA_M_HY_20170918','TO_R_CRM_ELCTR_RECORD_DATA_M_HY','18','month','月份','INT','','','1','','N','','','','');

insert into tablefile (xmlid, dbname, dataname, datacnname, state, cycletype, topiccode, extend_cfg, rightlevel, creater, curdutyer, eff_date, state_date, team_code, open_state, remark) values ('TO_R_CRM_ELCTR_RECORD_DATA_M_MZ','BD_B','TO_R_CRM_ELCTR_RECORD_DATA_M_MZ','ODS_和包电子券发放记录','NEW','month','LAYERI_IRES','{"EXTERNAL":"y","LOCATION":"/tenant/BIGDATA/JCFW/JRCL/BD_B/ODS/TO_R_CRM_ELCTR_RECORD_DATA_M/branch=MZ","FILEFORMAT":"PARQUET","DELIMITER":"@#$"}','其他','谢英俊','谢英俊', TIMESTAMP '0008-05-17 12:00:00', TIMESTAMP '0008-05-17 12:00:00','f2999fd5-c34e-402e-9b28-fec9fca13044','','基础层-资源主题域');
insert into column_val (xmlid, col_xmlid, dataname, col_seq, colname, colcnname, datatype, length, precision_val, party_seq, isprimarykey, isnullable, remark, filed_type_child, sensitive_level, policyid) values ('TO_R_CRM_ELCTR_RECORD_DATA_M_MZ','TO_R_CRM_ELCTR_RECORD_DATA_M_MZ_2017091','TO_R_CRM_ELCTR_RECORD_DATA_M_MZ','1','STAT_MO','统计月份','INT','','','','','N','','D2-2','2','');
insert into column_val (xmlid, col_xmlid, dataname, col_seq, colname, colcnname, datatype, length, precision_val, party_seq, isprimarykey, isnullable, remark, filed_type_child, sensitive_level, policyid) values ('TO_R_CRM_ELCTR_RECORD_DATA_M_MZ','TO_R_CRM_ELCTR_RECORD_DATA_M_MZ_2017092','TO_R_CRM_ELCTR_RECORD_DATA_M_MZ','2','ORDR_SEQ','和包订单号','STRING','','','','','N','交易流水号','D2-2','2','');
insert into column_val (xmlid, col_xmlid, dataname, col_seq, colname, colcnname, datatype, length, precision_val, party_seq, isprimarykey, isnullable, remark, filed_type_child, sensitive_level, policyid) values ('TO_R_CRM_ELCTR_RECORD_DATA_M_MZ','TO_R_CRM_ELCTR_RECORD_DATA_M_MZ_2017094','TO_R_CRM_ELCTR_RECORD_DATA_M_MZ','4','TRADE_OPR_TYP','交易类型','STRING','','','','','N','发放,下单,支付','D2-2','2','');
insert into column_val (xmlid, col_xmlid, dataname, col_seq, colname, colcnname, datatype, length, precision_val, party_seq, isprimarykey, isnullable, remark, filed_type_child, sensitive_level, policyid) values ('TO_R_CRM_ELCTR_RECORD_DATA_M_MZ','TO_R_CRM_ELCTR_RECORD_DATA_M_MZ_2017095','TO_R_CRM_ELCTR_RECORD_DATA_M_MZ','5','OPR_DT','操作日期','INT','','','','','N','','D2-2','2','');
insert into column_val (xmlid, col_xmlid, dataname, col_seq, colname, colcnname, datatype, length, precision_val, party_seq, isprimarykey, isnullable, remark, filed_type_child, sensitive_level, policyid) values ('TO_R_CRM_ELCTR_RECORD_DATA_M_MZ','TO_R_CRM_ELCTR_RECORD_DATA_M_MZ_2017096','TO_R_CRM_ELCTR_RECORD_DATA_M_MZ','6','OPR_TIM','操作时间','STRING','','','','','N','','D2-2','2','');
insert into column_val (xmlid, col_xmlid, dataname, col_seq, colname, colcnname, datatype, length, precision_val, party_seq, isprimarykey, isnullable, remark, filed_type_child, sensitive_level, policyid) values ('TO_R_CRM_ELCTR_RECORD_DATA_M_MZ','TO_R_CRM_ELCTR_RECORD_DATA_M_MZ_20170915','TO_R_CRM_ELCTR_RECORD_DATA_M_MZ','15','ORDER_STS_CD','订单状态','STRING','','','','','N','回退,成功','D2-2','2','');
insert into column_val (xmlid, col_xmlid, dataname, col_seq, colname, colcnname, datatype, length, precision_val, party_seq, isprimarykey, isnullable, remark, filed_type_child, sensitive_level, policyid) values ('TO_R_CRM_ELCTR_RECORD_DATA_M_MZ','TO_R_CRM_ELCTR_RECORD_DATA_M_MZ_2017093','TO_R_CRM_ELCTR_RECORD_DATA_M_MZ','3','BATCH_NO','批次号','STRING','','','','','Y','电子券活动批次','D2-2','2','');
insert into column_val (xmlid, col_xmlid, dataname, col_seq, colname, colcnname, datatype, length, precision_val, party_seq, isprimarykey, isnullable, remark, filed_type_child, sensitive_level, policyid) values ('TO_R_CRM_ELCTR_RECORD_DATA_M_MZ','TO_R_CRM_ELCTR_RECORD_DATA_M_MZ_2017097','TO_R_CRM_ELCTR_RECORD_DATA_M_MZ','7','OPR_FEE','操作金额','DECIMAL','20','2','','','Y','','D2-2','2','');
insert into column_val (xmlid, col_xmlid, dataname, col_seq, colname, colcnname, datatype, length, precision_val, party_seq, isprimarykey, isnullable, remark, filed_type_child, sensitive_level, policyid) values ('TO_R_CRM_ELCTR_RECORD_DATA_M_MZ','TO_R_CRM_ELCTR_RECORD_DATA_M_MZ_2017098','TO_R_CRM_ELCTR_RECORD_DATA_M_MZ','8','USR_NBR','服务号码','STRING','','','','','Y','','A1-2','3','PID_all');
insert into column_val (xmlid, col_xmlid, dataname, col_seq, colname, colcnname, datatype, length, precision_val, party_seq, isprimarykey, isnullable, remark, filed_type_child, sensitive_level, policyid) values ('TO_R_CRM_ELCTR_RECORD_DATA_M_MZ','TO_R_CRM_ELCTR_RECORD_DATA_M_MZ_2017099','TO_R_CRM_ELCTR_RECORD_DATA_M_MZ','9','IMEI','IMEI','STRING','','','','','Y','电子券归属IMEI','D2-2','2','PID_9star');
insert into column_val (xmlid, col_xmlid, dataname, col_seq, colname, colcnname, datatype, length, precision_val, party_seq, isprimarykey, isnullable, remark, filed_type_child, sensitive_level, policyid) values ('TO_R_CRM_ELCTR_RECORD_DATA_M_MZ','TO_R_CRM_ELCTR_RECORD_DATA_M_MZ_20170910','TO_R_CRM_ELCTR_RECORD_DATA_M_MZ','10','OPR_CHNL_ID','接入方式','STRING','','','','','Y','操作渠道标识','D2-2','2','');
insert into column_val (xmlid, col_xmlid, dataname, col_seq, colname, colcnname, datatype, length, precision_val, party_seq, isprimarykey, isnullable, remark, filed_type_child, sensitive_level, policyid) values ('TO_R_CRM_ELCTR_RECORD_DATA_M_MZ','TO_R_CRM_ELCTR_RECORD_DATA_M_MZ_20170911','TO_R_CRM_ELCTR_RECORD_DATA_M_MZ','11','CMCC_BRANCH_NAM','操作地市','STRING','','','','','Y',' 如：广州、深圳','D2-2','2','');
insert into column_val (xmlid, col_xmlid, dataname, col_seq, colname, colcnname, datatype, length, precision_val, party_seq, isprimarykey, isnullable, remark, filed_type_child, sensitive_level, policyid) values ('TO_R_CRM_ELCTR_RECORD_DATA_M_MZ','TO_R_CRM_ELCTR_RECORD_DATA_M_MZ_20170912','TO_R_CRM_ELCTR_RECORD_DATA_M_MZ','12','MARK_PLAN_CD','产品编码','STRING','','','','','Y','营销案编码','D2-2','2','');
insert into column_val (xmlid, col_xmlid, dataname, col_seq, colname, colcnname, datatype, length, precision_val, party_seq, isprimarykey, isnullable, remark, filed_type_child, sensitive_level, policyid) values ('TO_R_CRM_ELCTR_RECORD_DATA_M_MZ','TO_R_CRM_ELCTR_RECORD_DATA_M_MZ_20170913','TO_R_CRM_ELCTR_RECORD_DATA_M_MZ','13','MARK_PLAN_NAM','产品名称','STRING','','','','','Y','营销案名称','D2-2','2','');
insert into column_val (xmlid, col_xmlid, dataname, col_seq, colname, colcnname, datatype, length, precision_val, party_seq, isprimarykey, isnullable, remark, filed_type_child, sensitive_level, policyid) values ('TO_R_CRM_ELCTR_RECORD_DATA_M_MZ','TO_R_CRM_ELCTR_RECORD_DATA_M_MZ_20170914','TO_R_CRM_ELCTR_RECORD_DATA_M_MZ','14','OPR_CODE','操作员工号','STRING','','','','','Y','操作员工标识','D2-2','2','');
insert into column_val (xmlid, col_xmlid, dataname, col_seq, colname, colcnname, datatype, length, precision_val, party_seq, isprimarykey, isnullable, remark, filed_type_child, sensitive_level, policyid) values ('TO_R_CRM_ELCTR_RECORD_DATA_M_MZ','TO_R_CRM_ELCTR_RECORD_DATA_M_MZ_20170916','TO_R_CRM_ELCTR_RECORD_DATA_M_MZ','16','CMCC_BRANCH_CD','地市编码','STRING','','','','','Y','','D2-2','2','');
insert into column_val (xmlid, col_xmlid, dataname, col_seq, colname, colcnname, datatype, length, precision_val, party_seq, isprimarykey, isnullable, remark, filed_type_child, sensitive_level, policyid) values ('TO_R_CRM_ELCTR_RECORD_DATA_M_MZ','TO_R_CRM_ELCTR_RECORD_DATA_M_MZ_20170917','TO_R_CRM_ELCTR_RECORD_DATA_M_MZ','17','ELCTR_OBT_TYP','电子券获取方式','STRING','','','','','Y','0：和包购机:1：积分兑换和包,2：赠送和包','D1-4','4','');
insert into column_val (xmlid, col_xmlid, dataname, col_seq, colname, colcnname, datatype, length, precision_val, party_seq, isprimarykey, isnullable, remark, filed_type_child, sensitive_level, policyid) values ('TO_R_CRM_ELCTR_RECORD_DATA_M_MZ','TO_R_CRM_ELCTR_RECORD_DATA_M_MZ_20170918','TO_R_CRM_ELCTR_RECORD_DATA_M_MZ','18','month','月份','INT','','','1','','N','','','','');

insert into tablefile (xmlid, dbname, dataname, datacnname, state, cycletype, topiccode, extend_cfg, rightlevel, creater, curdutyer, eff_date, state_date, team_code, open_state, remark) values ('TO_R_CRM_ELCTR_RECORD_DATA_M_SW','BD_B','TO_R_CRM_ELCTR_RECORD_DATA_M_SW','ODS_和包电子券发放记录','NEW','month','LAYERI_IRES','{"EXTERNAL":"y","LOCATION":"/tenant/BIGDATA/JCFW/JRCL/BD_B/ODS/TO_R_CRM_ELCTR_RECORD_DATA_M/branch=SW","FILEFORMAT":"PARQUET","DELIMITER":"@#$"}','其他','谢英俊','谢英俊', TIMESTAMP '0008-05-17 12:00:00', TIMESTAMP '0008-05-17 12:00:00','f2999fd5-c34e-402e-9b28-fec9fca13044','','基础层-资源主题域');
insert into column_val (xmlid, col_xmlid, dataname, col_seq, colname, colcnname, datatype, length, precision_val, party_seq, isprimarykey, isnullable, remark, filed_type_child, sensitive_level, policyid) values ('TO_R_CRM_ELCTR_RECORD_DATA_M_SW','TO_R_CRM_ELCTR_RECORD_DATA_M_SW_2017091','TO_R_CRM_ELCTR_RECORD_DATA_M_SW','1','STAT_MO','统计月份','INT','','','','','N','','D2-2','2','');
insert into column_val (xmlid, col_xmlid, dataname, col_seq, colname, colcnname, datatype, length, precision_val, party_seq, isprimarykey, isnullable, remark, filed_type_child, sensitive_level, policyid) values ('TO_R_CRM_ELCTR_RECORD_DATA_M_SW','TO_R_CRM_ELCTR_RECORD_DATA_M_SW_2017092','TO_R_CRM_ELCTR_RECORD_DATA_M_SW','2','ORDR_SEQ','和包订单号','STRING','','','','','N','交易流水号','D2-2','2','');
insert into column_val (xmlid, col_xmlid, dataname, col_seq, colname, colcnname, datatype, length, precision_val, party_seq, isprimarykey, isnullable, remark, filed_type_child, sensitive_level, policyid) values ('TO_R_CRM_ELCTR_RECORD_DATA_M_SW','TO_R_CRM_ELCTR_RECORD_DATA_M_SW_2017094','TO_R_CRM_ELCTR_RECORD_DATA_M_SW','4','TRADE_OPR_TYP','交易类型','STRING','','','','','N','发放,下单,支付','D2-2','2','');
insert into column_val (xmlid, col_xmlid, dataname, col_seq, colname, colcnname, datatype, length, precision_val, party_seq, isprimarykey, isnullable, remark, filed_type_child, sensitive_level, policyid) values ('TO_R_CRM_ELCTR_RECORD_DATA_M_SW','TO_R_CRM_ELCTR_RECORD_DATA_M_SW_2017095','TO_R_CRM_ELCTR_RECORD_DATA_M_SW','5','OPR_DT','操作日期','INT','','','','','N','','D2-2','2','');
insert into column_val (xmlid, col_xmlid, dataname, col_seq, colname, colcnname, datatype, length, precision_val, party_seq, isprimarykey, isnullable, remark, filed_type_child, sensitive_level, policyid) values ('TO_R_CRM_ELCTR_RECORD_DATA_M_SW','TO_R_CRM_ELCTR_RECORD_DATA_M_SW_2017096','TO_R_CRM_ELCTR_RECORD_DATA_M_SW','6','OPR_TIM','操作时间','STRING','','','','','N','','D2-2','2','');
insert into column_val (xmlid, col_xmlid, dataname, col_seq, colname, colcnname, datatype, length, precision_val, party_seq, isprimarykey, isnullable, remark, filed_type_child, sensitive_level, policyid) values ('TO_R_CRM_ELCTR_RECORD_DATA_M_SW','TO_R_CRM_ELCTR_RECORD_DATA_M_SW_20170915','TO_R_CRM_ELCTR_RECORD_DATA_M_SW','15','ORDER_STS_CD','订单状态','STRING','','','','','N','回退,成功','D2-2','2','');
insert into column_val (xmlid, col_xmlid, dataname, col_seq, colname, colcnname, datatype, length, precision_val, party_seq, isprimarykey, isnullable, remark, filed_type_child, sensitive_level, policyid) values ('TO_R_CRM_ELCTR_RECORD_DATA_M_SW','TO_R_CRM_ELCTR_RECORD_DATA_M_SW_2017093','TO_R_CRM_ELCTR_RECORD_DATA_M_SW','3','BATCH_NO','批次号','STRING','','','','','Y','电子券活动批次','D2-2','2','');
insert into column_val (xmlid, col_xmlid, dataname, col_seq, colname, colcnname, datatype, length, precision_val, party_seq, isprimarykey, isnullable, remark, filed_type_child, sensitive_level, policyid) values ('TO_R_CRM_ELCTR_RECORD_DATA_M_SW','TO_R_CRM_ELCTR_RECORD_DATA_M_SW_2017097','TO_R_CRM_ELCTR_RECORD_DATA_M_SW','7','OPR_FEE','操作金额','DECIMAL','20','2','','','Y','','D2-2','2','');
insert into column_val (xmlid, col_xmlid, dataname, col_seq, colname, colcnname, datatype, length, precision_val, party_seq, isprimarykey, isnullable, remark, filed_type_child, sensitive_level, policyid) values ('TO_R_CRM_ELCTR_RECORD_DATA_M_SW','TO_R_CRM_ELCTR_RECORD_DATA_M_SW_2017098','TO_R_CRM_ELCTR_RECORD_DATA_M_SW','8','USR_NBR','服务号码','STRING','','','','','Y','','A1-2','3','PID_all');
insert into column_val (xmlid, col_xmlid, dataname, col_seq, colname, colcnname, datatype, length, precision_val, party_seq, isprimarykey, isnullable, remark, filed_type_child, sensitive_level, policyid) values ('TO_R_CRM_ELCTR_RECORD_DATA_M_SW','TO_R_CRM_ELCTR_RECORD_DATA_M_SW_2017099','TO_R_CRM_ELCTR_RECORD_DATA_M_SW','9','IMEI','IMEI','STRING','','','','','Y','电子券归属IMEI','D2-2','2','PID_9star');
insert into column_val (xmlid, col_xmlid, dataname, col_seq, colname, colcnname, datatype, length, precision_val, party_seq, isprimarykey, isnullable, remark, filed_type_child, sensitive_level, policyid) values ('TO_R_CRM_ELCTR_RECORD_DATA_M_SW','TO_R_CRM_ELCTR_RECORD_DATA_M_SW_20170910','TO_R_CRM_ELCTR_RECORD_DATA_M_SW','10','OPR_CHNL_ID','接入方式','STRING','','','','','Y','操作渠道标识','D2-2','2','');
insert into column_val (xmlid, col_xmlid, dataname, col_seq, colname, colcnname, datatype, length, precision_val, party_seq, isprimarykey, isnullable, remark, filed_type_child, sensitive_level, policyid) values ('TO_R_CRM_ELCTR_RECORD_DATA_M_SW','TO_R_CRM_ELCTR_RECORD_DATA_M_SW_20170911','TO_R_CRM_ELCTR_RECORD_DATA_M_SW','11','CMCC_BRANCH_NAM','操作地市','STRING','','','','','Y',' 如：广州、深圳','D2-2','2','');
insert into column_val (xmlid, col_xmlid, dataname, col_seq, colname, colcnname, datatype, length, precision_val, party_seq, isprimarykey, isnullable, remark, filed_type_child, sensitive_level, policyid) values ('TO_R_CRM_ELCTR_RECORD_DATA_M_SW','TO_R_CRM_ELCTR_RECORD_DATA_M_SW_20170912','TO_R_CRM_ELCTR_RECORD_DATA_M_SW','12','MARK_PLAN_CD','产品编码','STRING','','','','','Y','营销案编码','D2-2','2','');
insert into column_val (xmlid, col_xmlid, dataname, col_seq, colname, colcnname, datatype, length, precision_val, party_seq, isprimarykey, isnullable, remark, filed_type_child, sensitive_level, policyid) values ('TO_R_CRM_ELCTR_RECORD_DATA_M_SW','TO_R_CRM_ELCTR_RECORD_DATA_M_SW_20170913','TO_R_CRM_ELCTR_RECORD_DATA_M_SW','13','MARK_PLAN_NAM','产品名称','STRING','','','','','Y','营销案名称','D2-2','2','');
insert into column_val (xmlid, col_xmlid, dataname, col_seq, colname, colcnname, datatype, length, precision_val, party_seq, isprimarykey, isnullable, remark, filed_type_child, sensitive_level, policyid) values ('TO_R_CRM_ELCTR_RECORD_DATA_M_SW','TO_R_CRM_ELCTR_RECORD_DATA_M_SW_20170914','TO_R_CRM_ELCTR_RECORD_DATA_M_SW','14','OPR_CODE','操作员工号','STRING','','','','','Y','操作员工标识','D2-2','2','');
insert into column_val (xmlid, col_xmlid, dataname, col_seq, colname, colcnname, datatype, length, precision_val, party_seq, isprimarykey, isnullable, remark, filed_type_child, sensitive_level, policyid) values ('TO_R_CRM_ELCTR_RECORD_DATA_M_SW','TO_R_CRM_ELCTR_RECORD_DATA_M_SW_20170916','TO_R_CRM_ELCTR_RECORD_DATA_M_SW','16','CMCC_BRANCH_CD','地市编码','STRING','','','','','Y','','D2-2','2','');
insert into column_val (xmlid, col_xmlid, dataname, col_seq, colname, colcnname, datatype, length, precision_val, party_seq, isprimarykey, isnullable, remark, filed_type_child, sensitive_level, policyid) values ('TO_R_CRM_ELCTR_RECORD_DATA_M_SW','TO_R_CRM_ELCTR_RECORD_DATA_M_SW_20170917','TO_R_CRM_ELCTR_RECORD_DATA_M_SW','17','ELCTR_OBT_TYP','电子券获取方式','STRING','','','','','Y','0：和包购机:1：积分兑换和包,2：赠送和包','D1-4','4','');
insert into column_val (xmlid, col_xmlid, dataname, col_seq, colname, colcnname, datatype, length, precision_val, party_seq, isprimarykey, isnullable, remark, filed_type_child, sensitive_level, policyid) values ('TO_R_CRM_ELCTR_RECORD_DATA_M_SW','TO_R_CRM_ELCTR_RECORD_DATA_M_SW_20170918','TO_R_CRM_ELCTR_RECORD_DATA_M_SW','18','month','月份','INT','','','1','','N','','','','');

insert into tablefile (xmlid, dbname, dataname, datacnname, state, cycletype, topiccode, extend_cfg, rightlevel, creater, curdutyer, eff_date, state_date, team_code, open_state, remark) values ('TO_R_CRM_ELCTR_RECORD_DATA_M_YJ','BD_B','TO_R_CRM_ELCTR_RECORD_DATA_M_YJ','ODS_和包电子券发放记录','NEW','month','LAYERI_IRES','{"EXTERNAL":"y","LOCATION":"/tenant/BIGDATA/JCFW/JRCL/BD_B/ODS/TO_R_CRM_ELCTR_RECORD_DATA_M/branch=YJ","FILEFORMAT":"PARQUET","DELIMITER":"@#$"}','其他','谢英俊','谢英俊', TIMESTAMP '0008-05-17 12:00:00', TIMESTAMP '0008-05-17 12:00:00','f2999fd5-c34e-402e-9b28-fec9fca13044','','基础层-资源主题域');
insert into column_val (xmlid, col_xmlid, dataname, col_seq, colname, colcnname, datatype, length, precision_val, party_seq, isprimarykey, isnullable, remark, filed_type_child, sensitive_level, policyid) values ('TO_R_CRM_ELCTR_RECORD_DATA_M_YJ','TO_R_CRM_ELCTR_RECORD_DATA_M_YJ_2017091','TO_R_CRM_ELCTR_RECORD_DATA_M_YJ','1','STAT_MO','统计月份','INT','','','','','N','','D2-2','2','');
insert into column_val (xmlid, col_xmlid, dataname, col_seq, colname, colcnname, datatype, length, precision_val, party_seq, isprimarykey, isnullable, remark, filed_type_child, sensitive_level, policyid) values ('TO_R_CRM_ELCTR_RECORD_DATA_M_YJ','TO_R_CRM_ELCTR_RECORD_DATA_M_YJ_2017092','TO_R_CRM_ELCTR_RECORD_DATA_M_YJ','2','ORDR_SEQ','和包订单号','STRING','','','','','N','交易流水号','D2-2','2','');
insert into column_val (xmlid, col_xmlid, dataname, col_seq, colname, colcnname, datatype, length, precision_val, party_seq, isprimarykey, isnullable, remark, filed_type_child, sensitive_level, policyid) values ('TO_R_CRM_ELCTR_RECORD_DATA_M_YJ','TO_R_CRM_ELCTR_RECORD_DATA_M_YJ_2017094','TO_R_CRM_ELCTR_RECORD_DATA_M_YJ','4','TRADE_OPR_TYP','交易类型','STRING','','','','','N','发放,下单,支付','D2-2','2','');
insert into column_val (xmlid, col_xmlid, dataname, col_seq, colname, colcnname, datatype, length, precision_val, party_seq, isprimarykey, isnullable, remark, filed_type_child, sensitive_level, policyid) values ('TO_R_CRM_ELCTR_RECORD_DATA_M_YJ','TO_R_CRM_ELCTR_RECORD_DATA_M_YJ_2017095','TO_R_CRM_ELCTR_RECORD_DATA_M_YJ','5','OPR_DT','操作日期','INT','','','','','N','','D2-2','2','');
insert into column_val (xmlid, col_xmlid, dataname, col_seq, colname, colcnname, datatype, length, precision_val, party_seq, isprimarykey, isnullable, remark, filed_type_child, sensitive_level, policyid) values ('TO_R_CRM_ELCTR_RECORD_DATA_M_YJ','TO_R_CRM_ELCTR_RECORD_DATA_M_YJ_2017096','TO_R_CRM_ELCTR_RECORD_DATA_M_YJ','6','OPR_TIM','操作时间','STRING','','','','','N','','D2-2','2','');
insert into column_val (xmlid, col_xmlid, dataname, col_seq, colname, colcnname, datatype, length, precision_val, party_seq, isprimarykey, isnullable, remark, filed_type_child, sensitive_level, policyid) values ('TO_R_CRM_ELCTR_RECORD_DATA_M_YJ','TO_R_CRM_ELCTR_RECORD_DATA_M_YJ_20170915','TO_R_CRM_ELCTR_RECORD_DATA_M_YJ','15','ORDER_STS_CD','订单状态','STRING','','','','','N','回退,成功','D2-2','2','');
insert into column_val (xmlid, col_xmlid, dataname, col_seq, colname, colcnname, datatype, length, precision_val, party_seq, isprimarykey, isnullable, remark, filed_type_child, sensitive_level, policyid) values ('TO_R_CRM_ELCTR_RECORD_DATA_M_YJ','TO_R_CRM_ELCTR_RECORD_DATA_M_YJ_2017093','TO_R_CRM_ELCTR_RECORD_DATA_M_YJ','3','BATCH_NO','批次号','STRING','','','','','Y','电子券活动批次','D2-2','2','');
insert into column_val (xmlid, col_xmlid, dataname, col_seq, colname, colcnname, datatype, length, precision_val, party_seq, isprimarykey, isnullable, remark, filed_type_child, sensitive_level, policyid) values ('TO_R_CRM_ELCTR_RECORD_DATA_M_YJ','TO_R_CRM_ELCTR_RECORD_DATA_M_YJ_2017097','TO_R_CRM_ELCTR_RECORD_DATA_M_YJ','7','OPR_FEE','操作金额','DECIMAL','20','2','','','Y','','D2-2','2','');
insert into column_val (xmlid, col_xmlid, dataname, col_seq, colname, colcnname, datatype, length, precision_val, party_seq, isprimarykey, isnullable, remark, filed_type_child, sensitive_level, policyid) values ('TO_R_CRM_ELCTR_RECORD_DATA_M_YJ','TO_R_CRM_ELCTR_RECORD_DATA_M_YJ_2017098','TO_R_CRM_ELCTR_RECORD_DATA_M_YJ','8','USR_NBR','服务号码','STRING','','','','','Y','','A1-2','3','PID_all');
insert into column_val (xmlid, col_xmlid, dataname, col_seq, colname, colcnname, datatype, length, precision_val, party_seq, isprimarykey, isnullable, remark, filed_type_child, sensitive_level, policyid) values ('TO_R_CRM_ELCTR_RECORD_DATA_M_YJ','TO_R_CRM_ELCTR_RECORD_DATA_M_YJ_2017099','TO_R_CRM_ELCTR_RECORD_DATA_M_YJ','9','IMEI','IMEI','STRING','','','','','Y','电子券归属IMEI','D2-2','2','PID_9star');
insert into column_val (xmlid, col_xmlid, dataname, col_seq, colname, colcnname, datatype, length, precision_val, party_seq, isprimarykey, isnullable, remark, filed_type_child, sensitive_level, policyid) values ('TO_R_CRM_ELCTR_RECORD_DATA_M_YJ','TO_R_CRM_ELCTR_RECORD_DATA_M_YJ_20170910','TO_R_CRM_ELCTR_RECORD_DATA_M_YJ','10','OPR_CHNL_ID','接入方式','STRING','','','','','Y','操作渠道标识','D2-2','2','');
insert into column_val (xmlid, col_xmlid, dataname, col_seq, colname, colcnname, datatype, length, precision_val, party_seq, isprimarykey, isnullable, remark, filed_type_child, sensitive_level, policyid) values ('TO_R_CRM_ELCTR_RECORD_DATA_M_YJ','TO_R_CRM_ELCTR_RECORD_DATA_M_YJ_20170911','TO_R_CRM_ELCTR_RECORD_DATA_M_YJ','11','CMCC_BRANCH_NAM','操作地市','STRING','','','','','Y',' 如：广州、深圳','D2-2','2','');
insert into column_val (xmlid, col_xmlid, dataname, col_seq, colname, colcnname, datatype, length, precision_val, party_seq, isprimarykey, isnullable, remark, filed_type_child, sensitive_level, policyid) values ('TO_R_CRM_ELCTR_RECORD_DATA_M_YJ','TO_R_CRM_ELCTR_RECORD_DATA_M_YJ_20170912','TO_R_CRM_ELCTR_RECORD_DATA_M_YJ','12','MARK_PLAN_CD','产品编码','STRING','','','','','Y','营销案编码','D2-2','2','');
insert into column_val (xmlid, col_xmlid, dataname, col_seq, colname, colcnname, datatype, length, precision_val, party_seq, isprimarykey, isnullable, remark, filed_type_child, sensitive_level, policyid) values ('TO_R_CRM_ELCTR_RECORD_DATA_M_YJ','TO_R_CRM_ELCTR_RECORD_DATA_M_YJ_20170913','TO_R_CRM_ELCTR_RECORD_DATA_M_YJ','13','MARK_PLAN_NAM','产品名称','STRING','','','','','Y','营销案名称','D2-2','2','');
insert into column_val (xmlid, col_xmlid, dataname, col_seq, colname, colcnname, datatype, length, precision_val, party_seq, isprimarykey, isnullable, remark, filed_type_child, sensitive_level, policyid) values ('TO_R_CRM_ELCTR_RECORD_DATA_M_YJ','TO_R_CRM_ELCTR_RECORD_DATA_M_YJ_20170914','TO_R_CRM_ELCTR_RECORD_DATA_M_YJ','14','OPR_CODE','操作员工号','STRING','','','','','Y','操作员工标识','D2-2','2','');
insert into column_val (xmlid, col_xmlid, dataname, col_seq, colname, colcnname, datatype, length, precision_val, party_seq, isprimarykey, isnullable, remark, filed_type_child, sensitive_level, policyid) values ('TO_R_CRM_ELCTR_RECORD_DATA_M_YJ','TO_R_CRM_ELCTR_RECORD_DATA_M_YJ_20170916','TO_R_CRM_ELCTR_RECORD_DATA_M_YJ','16','CMCC_BRANCH_CD','地市编码','STRING','','','','','Y','','D2-2','2','');
insert into column_val (xmlid, col_xmlid, dataname, col_seq, colname, colcnname, datatype, length, precision_val, party_seq, isprimarykey, isnullable, remark, filed_type_child, sensitive_level, policyid) values ('TO_R_CRM_ELCTR_RECORD_DATA_M_YJ','TO_R_CRM_ELCTR_RECORD_DATA_M_YJ_20170917','TO_R_CRM_ELCTR_RECORD_DATA_M_YJ','17','ELCTR_OBT_TYP','电子券获取方式','STRING','','','','','Y','0：和包购机:1：积分兑换和包,2：赠送和包','D1-4','4','');
insert into column_val (xmlid, col_xmlid, dataname, col_seq, colname, colcnname, datatype, length, precision_val, party_seq, isprimarykey, isnullable, remark, filed_type_child, sensitive_level, policyid) values ('TO_R_CRM_ELCTR_RECORD_DATA_M_YJ','TO_R_CRM_ELCTR_RECORD_DATA_M_YJ_20170918','TO_R_CRM_ELCTR_RECORD_DATA_M_YJ','18','month','月份','INT','','','1','','N','','','','');

insert into tablefile (xmlid, dbname, dataname, datacnname, state, cycletype, topiccode, extend_cfg, rightlevel, creater, curdutyer, eff_date, state_date, team_code, open_state, remark) values ('TO_R_CRM_ELCTR_RECORD_DATA_M_MM','BD_B','TO_R_CRM_ELCTR_RECORD_DATA_M_MM','ODS_和包电子券发放记录','NEW','month','LAYERI_IRES','{"EXTERNAL":"y","LOCATION":"/tenant/BIGDATA/JCFW/JRCL/BD_B/ODS/TO_R_CRM_ELCTR_RECORD_DATA_M/branch=MM","FILEFORMAT":"PARQUET","DELIMITER":"@#$"}','其他','谢英俊','谢英俊', TIMESTAMP '0008-05-17 12:00:00', TIMESTAMP '0008-05-17 12:00:00','f2999fd5-c34e-402e-9b28-fec9fca13044','','基础层-资源主题域');
insert into column_val (xmlid, col_xmlid, dataname, col_seq, colname, colcnname, datatype, length, precision_val, party_seq, isprimarykey, isnullable, remark, filed_type_child, sensitive_level, policyid) values ('TO_R_CRM_ELCTR_RECORD_DATA_M_MM','TO_R_CRM_ELCTR_RECORD_DATA_M_MM_2017091','TO_R_CRM_ELCTR_RECORD_DATA_M_MM','1','STAT_MO','统计月份','INT','','','','','N','','D2-2','2','');
insert into column_val (xmlid, col_xmlid, dataname, col_seq, colname, colcnname, datatype, length, precision_val, party_seq, isprimarykey, isnullable, remark, filed_type_child, sensitive_level, policyid) values ('TO_R_CRM_ELCTR_RECORD_DATA_M_MM','TO_R_CRM_ELCTR_RECORD_DATA_M_MM_2017092','TO_R_CRM_ELCTR_RECORD_DATA_M_MM','2','ORDR_SEQ','和包订单号','STRING','','','','','N','交易流水号','D2-2','2','');
insert into column_val (xmlid, col_xmlid, dataname, col_seq, colname, colcnname, datatype, length, precision_val, party_seq, isprimarykey, isnullable, remark, filed_type_child, sensitive_level, policyid) values ('TO_R_CRM_ELCTR_RECORD_DATA_M_MM','TO_R_CRM_ELCTR_RECORD_DATA_M_MM_2017094','TO_R_CRM_ELCTR_RECORD_DATA_M_MM','4','TRADE_OPR_TYP','交易类型','STRING','','','','','N','发放,下单,支付','D2-2','2','');
insert into column_val (xmlid, col_xmlid, dataname, col_seq, colname, colcnname, datatype, length, precision_val, party_seq, isprimarykey, isnullable, remark, filed_type_child, sensitive_level, policyid) values ('TO_R_CRM_ELCTR_RECORD_DATA_M_MM','TO_R_CRM_ELCTR_RECORD_DATA_M_MM_2017095','TO_R_CRM_ELCTR_RECORD_DATA_M_MM','5','OPR_DT','操作日期','INT','','','','','N','','D2-2','2','');
insert into column_val (xmlid, col_xmlid, dataname, col_seq, colname, colcnname, datatype, length, precision_val, party_seq, isprimarykey, isnullable, remark, filed_type_child, sensitive_level, policyid) values ('TO_R_CRM_ELCTR_RECORD_DATA_M_MM','TO_R_CRM_ELCTR_RECORD_DATA_M_MM_2017096','TO_R_CRM_ELCTR_RECORD_DATA_M_MM','6','OPR_TIM','操作时间','STRING','','','','','N','','D2-2','2','');
insert into column_val (xmlid, col_xmlid, dataname, col_seq, colname, colcnname, datatype, length, precision_val, party_seq, isprimarykey, isnullable, remark, filed_type_child, sensitive_level, policyid) values ('TO_R_CRM_ELCTR_RECORD_DATA_M_MM','TO_R_CRM_ELCTR_RECORD_DATA_M_MM_20170915','TO_R_CRM_ELCTR_RECORD_DATA_M_MM','15','ORDER_STS_CD','订单状态','STRING','','','','','N','回退,成功','D2-2','2','');
insert into column_val (xmlid, col_xmlid, dataname, col_seq, colname, colcnname, datatype, length, precision_val, party_seq, isprimarykey, isnullable, remark, filed_type_child, sensitive_level, policyid) values ('TO_R_CRM_ELCTR_RECORD_DATA_M_MM','TO_R_CRM_ELCTR_RECORD_DATA_M_MM_2017093','TO_R_CRM_ELCTR_RECORD_DATA_M_MM','3','BATCH_NO','批次号','STRING','','','','','Y','电子券活动批次','D2-2','2','');
insert into column_val (xmlid, col_xmlid, dataname, col_seq, colname, colcnname, datatype, length, precision_val, party_seq, isprimarykey, isnullable, remark, filed_type_child, sensitive_level, policyid) values ('TO_R_CRM_ELCTR_RECORD_DATA_M_MM','TO_R_CRM_ELCTR_RECORD_DATA_M_MM_2017097','TO_R_CRM_ELCTR_RECORD_DATA_M_MM','7','OPR_FEE','操作金额','DECIMAL','20','2','','','Y','','D2-2','2','');
insert into column_val (xmlid, col_xmlid, dataname, col_seq, colname, colcnname, datatype, length, precision_val, party_seq, isprimarykey, isnullable, remark, filed_type_child, sensitive_level, policyid) values ('TO_R_CRM_ELCTR_RECORD_DATA_M_MM','TO_R_CRM_ELCTR_RECORD_DATA_M_MM_2017098','TO_R_CRM_ELCTR_RECORD_DATA_M_MM','8','USR_NBR','服务号码','STRING','','','','','Y','','A1-2','3','PID_all');
insert into column_val (xmlid, col_xmlid, dataname, col_seq, colname, colcnname, datatype, length, precision_val, party_seq, isprimarykey, isnullable, remark, filed_type_child, sensitive_level, policyid) values ('TO_R_CRM_ELCTR_RECORD_DATA_M_MM','TO_R_CRM_ELCTR_RECORD_DATA_M_MM_2017099','TO_R_CRM_ELCTR_RECORD_DATA_M_MM','9','IMEI','IMEI','STRING','','','','','Y','电子券归属IMEI','D2-2','2','PID_9star');
insert into column_val (xmlid, col_xmlid, dataname, col_seq, colname, colcnname, datatype, length, precision_val, party_seq, isprimarykey, isnullable, remark, filed_type_child, sensitive_level, policyid) values ('TO_R_CRM_ELCTR_RECORD_DATA_M_MM','TO_R_CRM_ELCTR_RECORD_DATA_M_MM_20170910','TO_R_CRM_ELCTR_RECORD_DATA_M_MM','10','OPR_CHNL_ID','接入方式','STRING','','','','','Y','操作渠道标识','D2-2','2','');
insert into column_val (xmlid, col_xmlid, dataname, col_seq, colname, colcnname, datatype, length, precision_val, party_seq, isprimarykey, isnullable, remark, filed_type_child, sensitive_level, policyid) values ('TO_R_CRM_ELCTR_RECORD_DATA_M_MM','TO_R_CRM_ELCTR_RECORD_DATA_M_MM_20170911','TO_R_CRM_ELCTR_RECORD_DATA_M_MM','11','CMCC_BRANCH_NAM','操作地市','STRING','','','','','Y',' 如：广州、深圳','D2-2','2','');
insert into column_val (xmlid, col_xmlid, dataname, col_seq, colname, colcnname, datatype, length, precision_val, party_seq, isprimarykey, isnullable, remark, filed_type_child, sensitive_level, policyid) values ('TO_R_CRM_ELCTR_RECORD_DATA_M_MM','TO_R_CRM_ELCTR_RECORD_DATA_M_MM_20170912','TO_R_CRM_ELCTR_RECORD_DATA_M_MM','12','MARK_PLAN_CD','产品编码','STRING','','','','','Y','营销案编码','D2-2','2','');
insert into column_val (xmlid, col_xmlid, dataname, col_seq, colname, colcnname, datatype, length, precision_val, party_seq, isprimarykey, isnullable, remark, filed_type_child, sensitive_level, policyid) values ('TO_R_CRM_ELCTR_RECORD_DATA_M_MM','TO_R_CRM_ELCTR_RECORD_DATA_M_MM_20170913','TO_R_CRM_ELCTR_RECORD_DATA_M_MM','13','MARK_PLAN_NAM','产品名称','STRING','','','','','Y','营销案名称','D2-2','2','');
insert into column_val (xmlid, col_xmlid, dataname, col_seq, colname, colcnname, datatype, length, precision_val, party_seq, isprimarykey, isnullable, remark, filed_type_child, sensitive_level, policyid) values ('TO_R_CRM_ELCTR_RECORD_DATA_M_MM','TO_R_CRM_ELCTR_RECORD_DATA_M_MM_20170914','TO_R_CRM_ELCTR_RECORD_DATA_M_MM','14','OPR_CODE','操作员工号','STRING','','','','','Y','操作员工标识','D2-2','2','');
insert into column_val (xmlid, col_xmlid, dataname, col_seq, colname, colcnname, datatype, length, precision_val, party_seq, isprimarykey, isnullable, remark, filed_type_child, sensitive_level, policyid) values ('TO_R_CRM_ELCTR_RECORD_DATA_M_MM','TO_R_CRM_ELCTR_RECORD_DATA_M_MM_20170916','TO_R_CRM_ELCTR_RECORD_DATA_M_MM','16','CMCC_BRANCH_CD','地市编码','STRING','','','','','Y','','D2-2','2','');
insert into column_val (xmlid, col_xmlid, dataname, col_seq, colname, colcnname, datatype, length, precision_val, party_seq, isprimarykey, isnullable, remark, filed_type_child, sensitive_level, policyid) values ('TO_R_CRM_ELCTR_RECORD_DATA_M_MM','TO_R_CRM_ELCTR_RECORD_DATA_M_MM_20170917','TO_R_CRM_ELCTR_RECORD_DATA_M_MM','17','ELCTR_OBT_TYP','电子券获取方式','STRING','','','','','Y','0：和包购机:1：积分兑换和包,2：赠送和包','D1-4','4','');
insert into column_val (xmlid, col_xmlid, dataname, col_seq, colname, colcnname, datatype, length, precision_val, party_seq, isprimarykey, isnullable, remark, filed_type_child, sensitive_level, policyid) values ('TO_R_CRM_ELCTR_RECORD_DATA_M_MM','TO_R_CRM_ELCTR_RECORD_DATA_M_MM_20170918','TO_R_CRM_ELCTR_RECORD_DATA_M_MM','18','month','月份','INT','','','1','','N','','','','');

insert into tablefile (xmlid, dbname, dataname, datacnname, state, cycletype, topiccode, extend_cfg, rightlevel, creater, curdutyer, eff_date, state_date, team_code, open_state, remark) values ('TO_R_CRM_ELCTR_RECORD_DATA_M_ZQ','BD_B','TO_R_CRM_ELCTR_RECORD_DATA_M_ZQ','ODS_和包电子券发放记录','NEW','month','LAYERI_IRES','{"EXTERNAL":"y","LOCATION":"/tenant/BIGDATA/JCFW/JRCL/BD_B/ODS/TO_R_CRM_ELCTR_RECORD_DATA_M/branch=ZQ","FILEFORMAT":"PARQUET","DELIMITER":"@#$"}','其他','谢英俊','谢英俊', TIMESTAMP '0008-05-17 12:00:00', TIMESTAMP '0008-05-17 12:00:00','f2999fd5-c34e-402e-9b28-fec9fca13044','','基础层-资源主题域');
insert into column_val (xmlid, col_xmlid, dataname, col_seq, colname, colcnname, datatype, length, precision_val, party_seq, isprimarykey, isnullable, remark, filed_type_child, sensitive_level, policyid) values ('TO_R_CRM_ELCTR_RECORD_DATA_M_ZQ','TO_R_CRM_ELCTR_RECORD_DATA_M_ZQ_2017091','TO_R_CRM_ELCTR_RECORD_DATA_M_ZQ','1','STAT_MO','统计月份','INT','','','','','N','','D2-2','2','');
insert into column_val (xmlid, col_xmlid, dataname, col_seq, colname, colcnname, datatype, length, precision_val, party_seq, isprimarykey, isnullable, remark, filed_type_child, sensitive_level, policyid) values ('TO_R_CRM_ELCTR_RECORD_DATA_M_ZQ','TO_R_CRM_ELCTR_RECORD_DATA_M_ZQ_2017092','TO_R_CRM_ELCTR_RECORD_DATA_M_ZQ','2','ORDR_SEQ','和包订单号','STRING','','','','','N','交易流水号','D2-2','2','');
insert into column_val (xmlid, col_xmlid, dataname, col_seq, colname, colcnname, datatype, length, precision_val, party_seq, isprimarykey, isnullable, remark, filed_type_child, sensitive_level, policyid) values ('TO_R_CRM_ELCTR_RECORD_DATA_M_ZQ','TO_R_CRM_ELCTR_RECORD_DATA_M_ZQ_2017094','TO_R_CRM_ELCTR_RECORD_DATA_M_ZQ','4','TRADE_OPR_TYP','交易类型','STRING','','','','','N','发放,下单,支付','D2-2','2','');
insert into column_val (xmlid, col_xmlid, dataname, col_seq, colname, colcnname, datatype, length, precision_val, party_seq, isprimarykey, isnullable, remark, filed_type_child, sensitive_level, policyid) values ('TO_R_CRM_ELCTR_RECORD_DATA_M_ZQ','TO_R_CRM_ELCTR_RECORD_DATA_M_ZQ_2017095','TO_R_CRM_ELCTR_RECORD_DATA_M_ZQ','5','OPR_DT','操作日期','INT','','','','','N','','D2-2','2','');
insert into column_val (xmlid, col_xmlid, dataname, col_seq, colname, colcnname, datatype, length, precision_val, party_seq, isprimarykey, isnullable, remark, filed_type_child, sensitive_level, policyid) values ('TO_R_CRM_ELCTR_RECORD_DATA_M_ZQ','TO_R_CRM_ELCTR_RECORD_DATA_M_ZQ_2017096','TO_R_CRM_ELCTR_RECORD_DATA_M_ZQ','6','OPR_TIM','操作时间','STRING','','','','','N','','D2-2','2','');
insert into column_val (xmlid, col_xmlid, dataname, col_seq, colname, colcnname, datatype, length, precision_val, party_seq, isprimarykey, isnullable, remark, filed_type_child, sensitive_level, policyid) values ('TO_R_CRM_ELCTR_RECORD_DATA_M_ZQ','TO_R_CRM_ELCTR_RECORD_DATA_M_ZQ_20170915','TO_R_CRM_ELCTR_RECORD_DATA_M_ZQ','15','ORDER_STS_CD','订单状态','STRING','','','','','N','回退,成功','D2-2','2','');
insert into column_val (xmlid, col_xmlid, dataname, col_seq, colname, colcnname, datatype, length, precision_val, party_seq, isprimarykey, isnullable, remark, filed_type_child, sensitive_level, policyid) values ('TO_R_CRM_ELCTR_RECORD_DATA_M_ZQ','TO_R_CRM_ELCTR_RECORD_DATA_M_ZQ_2017093','TO_R_CRM_ELCTR_RECORD_DATA_M_ZQ','3','BATCH_NO','批次号','STRING','','','','','Y','电子券活动批次','D2-2','2','');
insert into column_val (xmlid, col_xmlid, dataname, col_seq, colname, colcnname, datatype, length, precision_val, party_seq, isprimarykey, isnullable, remark, filed_type_child, sensitive_level, policyid) values ('TO_R_CRM_ELCTR_RECORD_DATA_M_ZQ','TO_R_CRM_ELCTR_RECORD_DATA_M_ZQ_2017097','TO_R_CRM_ELCTR_RECORD_DATA_M_ZQ','7','OPR_FEE','操作金额','DECIMAL','20','2','','','Y','','D2-2','2','');
insert into column_val (xmlid, col_xmlid, dataname, col_seq, colname, colcnname, datatype, length, precision_val, party_seq, isprimarykey, isnullable, remark, filed_type_child, sensitive_level, policyid) values ('TO_R_CRM_ELCTR_RECORD_DATA_M_ZQ','TO_R_CRM_ELCTR_RECORD_DATA_M_ZQ_2017098','TO_R_CRM_ELCTR_RECORD_DATA_M_ZQ','8','USR_NBR','服务号码','STRING','','','','','Y','','A1-2','3','PID_all');
insert into column_val (xmlid, col_xmlid, dataname, col_seq, colname, colcnname, datatype, length, precision_val, party_seq, isprimarykey, isnullable, remark, filed_type_child, sensitive_level, policyid) values ('TO_R_CRM_ELCTR_RECORD_DATA_M_ZQ','TO_R_CRM_ELCTR_RECORD_DATA_M_ZQ_2017099','TO_R_CRM_ELCTR_RECORD_DATA_M_ZQ','9','IMEI','IMEI','STRING','','','','','Y','电子券归属IMEI','D2-2','2','PID_9star');
insert into column_val (xmlid, col_xmlid, dataname, col_seq, colname, colcnname, datatype, length, precision_val, party_seq, isprimarykey, isnullable, remark, filed_type_child, sensitive_level, policyid) values ('TO_R_CRM_ELCTR_RECORD_DATA_M_ZQ','TO_R_CRM_ELCTR_RECORD_DATA_M_ZQ_20170910','TO_R_CRM_ELCTR_RECORD_DATA_M_ZQ','10','OPR_CHNL_ID','接入方式','STRING','','','','','Y','操作渠道标识','D2-2','2','');
insert into column_val (xmlid, col_xmlid, dataname, col_seq, colname, colcnname, datatype, length, precision_val, party_seq, isprimarykey, isnullable, remark, filed_type_child, sensitive_level, policyid) values ('TO_R_CRM_ELCTR_RECORD_DATA_M_ZQ','TO_R_CRM_ELCTR_RECORD_DATA_M_ZQ_20170911','TO_R_CRM_ELCTR_RECORD_DATA_M_ZQ','11','CMCC_BRANCH_NAM','操作地市','STRING','','','','','Y',' 如：广州、深圳','D2-2','2','');
insert into column_val (xmlid, col_xmlid, dataname, col_seq, colname, colcnname, datatype, length, precision_val, party_seq, isprimarykey, isnullable, remark, filed_type_child, sensitive_level, policyid) values ('TO_R_CRM_ELCTR_RECORD_DATA_M_ZQ','TO_R_CRM_ELCTR_RECORD_DATA_M_ZQ_20170912','TO_R_CRM_ELCTR_RECORD_DATA_M_ZQ','12','MARK_PLAN_CD','产品编码','STRING','','','','','Y','营销案编码','D2-2','2','');
insert into column_val (xmlid, col_xmlid, dataname, col_seq, colname, colcnname, datatype, length, precision_val, party_seq, isprimarykey, isnullable, remark, filed_type_child, sensitive_level, policyid) values ('TO_R_CRM_ELCTR_RECORD_DATA_M_ZQ','TO_R_CRM_ELCTR_RECORD_DATA_M_ZQ_20170913','TO_R_CRM_ELCTR_RECORD_DATA_M_ZQ','13','MARK_PLAN_NAM','产品名称','STRING','','','','','Y','营销案名称','D2-2','2','');
insert into column_val (xmlid, col_xmlid, dataname, col_seq, colname, colcnname, datatype, length, precision_val, party_seq, isprimarykey, isnullable, remark, filed_type_child, sensitive_level, policyid) values ('TO_R_CRM_ELCTR_RECORD_DATA_M_ZQ','TO_R_CRM_ELCTR_RECORD_DATA_M_ZQ_20170914','TO_R_CRM_ELCTR_RECORD_DATA_M_ZQ','14','OPR_CODE','操作员工号','STRING','','','','','Y','操作员工标识','D2-2','2','');
insert into column_val (xmlid, col_xmlid, dataname, col_seq, colname, colcnname, datatype, length, precision_val, party_seq, isprimarykey, isnullable, remark, filed_type_child, sensitive_level, policyid) values ('TO_R_CRM_ELCTR_RECORD_DATA_M_ZQ','TO_R_CRM_ELCTR_RECORD_DATA_M_ZQ_20170916','TO_R_CRM_ELCTR_RECORD_DATA_M_ZQ','16','CMCC_BRANCH_CD','地市编码','STRING','','','','','Y','','D2-2','2','');
insert into column_val (xmlid, col_xmlid, dataname, col_seq, colname, colcnname, datatype, length, precision_val, party_seq, isprimarykey, isnullable, remark, filed_type_child, sensitive_level, policyid) values ('TO_R_CRM_ELCTR_RECORD_DATA_M_ZQ','TO_R_CRM_ELCTR_RECORD_DATA_M_ZQ_20170917','TO_R_CRM_ELCTR_RECORD_DATA_M_ZQ','17','ELCTR_OBT_TYP','电子券获取方式','STRING','','','','','Y','0：和包购机:1：积分兑换和包,2：赠送和包','D1-4','4','');
insert into column_val (xmlid, col_xmlid, dataname, col_seq, colname, colcnname, datatype, length, precision_val, party_seq, isprimarykey, isnullable, remark, filed_type_child, sensitive_level, policyid) values ('TO_R_CRM_ELCTR_RECORD_DATA_M_ZQ','TO_R_CRM_ELCTR_RECORD_DATA_M_ZQ_20170918','TO_R_CRM_ELCTR_RECORD_DATA_M_ZQ','18','month','月份','INT','','','1','','N','','','','');

insert into tablefile (xmlid, dbname, dataname, datacnname, state, cycletype, topiccode, extend_cfg, rightlevel, creater, curdutyer, eff_date, state_date, team_code, open_state, remark) values ('TO_R_CRM_ELCTR_RECORD_DATA_M_QY','BD_B','TO_R_CRM_ELCTR_RECORD_DATA_M_QY','ODS_和包电子券发放记录','NEW','month','LAYERI_IRES','{"EXTERNAL":"y","LOCATION":"/tenant/BIGDATA/JCFW/JRCL/BD_B/ODS/TO_R_CRM_ELCTR_RECORD_DATA_M/branch=QY","FILEFORMAT":"PARQUET","DELIMITER":"@#$"}','其他','谢英俊','谢英俊', TIMESTAMP '0008-05-17 12:00:00', TIMESTAMP '0008-05-17 12:00:00','f2999fd5-c34e-402e-9b28-fec9fca13044','','基础层-资源主题域');
insert into column_val (xmlid, col_xmlid, dataname, col_seq, colname, colcnname, datatype, length, precision_val, party_seq, isprimarykey, isnullable, remark, filed_type_child, sensitive_level, policyid) values ('TO_R_CRM_ELCTR_RECORD_DATA_M_QY','TO_R_CRM_ELCTR_RECORD_DATA_M_QY_2017091','TO_R_CRM_ELCTR_RECORD_DATA_M_QY','1','STAT_MO','统计月份','INT','','','','','N','','D2-2','2','');
insert into column_val (xmlid, col_xmlid, dataname, col_seq, colname, colcnname, datatype, length, precision_val, party_seq, isprimarykey, isnullable, remark, filed_type_child, sensitive_level, policyid) values ('TO_R_CRM_ELCTR_RECORD_DATA_M_QY','TO_R_CRM_ELCTR_RECORD_DATA_M_QY_2017092','TO_R_CRM_ELCTR_RECORD_DATA_M_QY','2','ORDR_SEQ','和包订单号','STRING','','','','','N','交易流水号','D2-2','2','');
insert into column_val (xmlid, col_xmlid, dataname, col_seq, colname, colcnname, datatype, length, precision_val, party_seq, isprimarykey, isnullable, remark, filed_type_child, sensitive_level, policyid) values ('TO_R_CRM_ELCTR_RECORD_DATA_M_QY','TO_R_CRM_ELCTR_RECORD_DATA_M_QY_2017094','TO_R_CRM_ELCTR_RECORD_DATA_M_QY','4','TRADE_OPR_TYP','交易类型','STRING','','','','','N','发放,下单,支付','D2-2','2','');
insert into column_val (xmlid, col_xmlid, dataname, col_seq, colname, colcnname, datatype, length, precision_val, party_seq, isprimarykey, isnullable, remark, filed_type_child, sensitive_level, policyid) values ('TO_R_CRM_ELCTR_RECORD_DATA_M_QY','TO_R_CRM_ELCTR_RECORD_DATA_M_QY_2017095','TO_R_CRM_ELCTR_RECORD_DATA_M_QY','5','OPR_DT','操作日期','INT','','','','','N','','D2-2','2','');
insert into column_val (xmlid, col_xmlid, dataname, col_seq, colname, colcnname, datatype, length, precision_val, party_seq, isprimarykey, isnullable, remark, filed_type_child, sensitive_level, policyid) values ('TO_R_CRM_ELCTR_RECORD_DATA_M_QY','TO_R_CRM_ELCTR_RECORD_DATA_M_QY_2017096','TO_R_CRM_ELCTR_RECORD_DATA_M_QY','6','OPR_TIM','操作时间','STRING','','','','','N','','D2-2','2','');
insert into column_val (xmlid, col_xmlid, dataname, col_seq, colname, colcnname, datatype, length, precision_val, party_seq, isprimarykey, isnullable, remark, filed_type_child, sensitive_level, policyid) values ('TO_R_CRM_ELCTR_RECORD_DATA_M_QY','TO_R_CRM_ELCTR_RECORD_DATA_M_QY_20170915','TO_R_CRM_ELCTR_RECORD_DATA_M_QY','15','ORDER_STS_CD','订单状态','STRING','','','','','N','回退,成功','D2-2','2','');
insert into column_val (xmlid, col_xmlid, dataname, col_seq, colname, colcnname, datatype, length, precision_val, party_seq, isprimarykey, isnullable, remark, filed_type_child, sensitive_level, policyid) values ('TO_R_CRM_ELCTR_RECORD_DATA_M_QY','TO_R_CRM_ELCTR_RECORD_DATA_M_QY_2017093','TO_R_CRM_ELCTR_RECORD_DATA_M_QY','3','BATCH_NO','批次号','STRING','','','','','Y','电子券活动批次','D2-2','2','');
insert into column_val (xmlid, col_xmlid, dataname, col_seq, colname, colcnname, datatype, length, precision_val, party_seq, isprimarykey, isnullable, remark, filed_type_child, sensitive_level, policyid) values ('TO_R_CRM_ELCTR_RECORD_DATA_M_QY','TO_R_CRM_ELCTR_RECORD_DATA_M_QY_2017097','TO_R_CRM_ELCTR_RECORD_DATA_M_QY','7','OPR_FEE','操作金额','DECIMAL','20','2','','','Y','','D2-2','2','');
insert into column_val (xmlid, col_xmlid, dataname, col_seq, colname, colcnname, datatype, length, precision_val, party_seq, isprimarykey, isnullable, remark, filed_type_child, sensitive_level, policyid) values ('TO_R_CRM_ELCTR_RECORD_DATA_M_QY','TO_R_CRM_ELCTR_RECORD_DATA_M_QY_2017098','TO_R_CRM_ELCTR_RECORD_DATA_M_QY','8','USR_NBR','服务号码','STRING','','','','','Y','','A1-2','3','PID_all');
insert into column_val (xmlid, col_xmlid, dataname, col_seq, colname, colcnname, datatype, length, precision_val, party_seq, isprimarykey, isnullable, remark, filed_type_child, sensitive_level, policyid) values ('TO_R_CRM_ELCTR_RECORD_DATA_M_QY','TO_R_CRM_ELCTR_RECORD_DATA_M_QY_2017099','TO_R_CRM_ELCTR_RECORD_DATA_M_QY','9','IMEI','IMEI','STRING','','','','','Y','电子券归属IMEI','D2-2','2','PID_9star');
insert into column_val (xmlid, col_xmlid, dataname, col_seq, colname, colcnname, datatype, length, precision_val, party_seq, isprimarykey, isnullable, remark, filed_type_child, sensitive_level, policyid) values ('TO_R_CRM_ELCTR_RECORD_DATA_M_QY','TO_R_CRM_ELCTR_RECORD_DATA_M_QY_20170910','TO_R_CRM_ELCTR_RECORD_DATA_M_QY','10','OPR_CHNL_ID','接入方式','STRING','','','','','Y','操作渠道标识','D2-2','2','');
insert into column_val (xmlid, col_xmlid, dataname, col_seq, colname, colcnname, datatype, length, precision_val, party_seq, isprimarykey, isnullable, remark, filed_type_child, sensitive_level, policyid) values ('TO_R_CRM_ELCTR_RECORD_DATA_M_QY','TO_R_CRM_ELCTR_RECORD_DATA_M_QY_20170911','TO_R_CRM_ELCTR_RECORD_DATA_M_QY','11','CMCC_BRANCH_NAM','操作地市','STRING','','','','','Y',' 如：广州、深圳','D2-2','2','');
insert into column_val (xmlid, col_xmlid, dataname, col_seq, colname, colcnname, datatype, length, precision_val, party_seq, isprimarykey, isnullable, remark, filed_type_child, sensitive_level, policyid) values ('TO_R_CRM_ELCTR_RECORD_DATA_M_QY','TO_R_CRM_ELCTR_RECORD_DATA_M_QY_20170912','TO_R_CRM_ELCTR_RECORD_DATA_M_QY','12','MARK_PLAN_CD','产品编码','STRING','','','','','Y','营销案编码','D2-2','2','');
insert into column_val (xmlid, col_xmlid, dataname, col_seq, colname, colcnname, datatype, length, precision_val, party_seq, isprimarykey, isnullable, remark, filed_type_child, sensitive_level, policyid) values ('TO_R_CRM_ELCTR_RECORD_DATA_M_QY','TO_R_CRM_ELCTR_RECORD_DATA_M_QY_20170913','TO_R_CRM_ELCTR_RECORD_DATA_M_QY','13','MARK_PLAN_NAM','产品名称','STRING','','','','','Y','营销案名称','D2-2','2','');
insert into column_val (xmlid, col_xmlid, dataname, col_seq, colname, colcnname, datatype, length, precision_val, party_seq, isprimarykey, isnullable, remark, filed_type_child, sensitive_level, policyid) values ('TO_R_CRM_ELCTR_RECORD_DATA_M_QY','TO_R_CRM_ELCTR_RECORD_DATA_M_QY_20170914','TO_R_CRM_ELCTR_RECORD_DATA_M_QY','14','OPR_CODE','操作员工号','STRING','','','','','Y','操作员工标识','D2-2','2','');
insert into column_val (xmlid, col_xmlid, dataname, col_seq, colname, colcnname, datatype, length, precision_val, party_seq, isprimarykey, isnullable, remark, filed_type_child, sensitive_level, policyid) values ('TO_R_CRM_ELCTR_RECORD_DATA_M_QY','TO_R_CRM_ELCTR_RECORD_DATA_M_QY_20170916','TO_R_CRM_ELCTR_RECORD_DATA_M_QY','16','CMCC_BRANCH_CD','地市编码','STRING','','','','','Y','','D2-2','2','');
insert into column_val (xmlid, col_xmlid, dataname, col_seq, colname, colcnname, datatype, length, precision_val, party_seq, isprimarykey, isnullable, remark, filed_type_child, sensitive_level, policyid) values ('TO_R_CRM_ELCTR_RECORD_DATA_M_QY','TO_R_CRM_ELCTR_RECORD_DATA_M_QY_20170917','TO_R_CRM_ELCTR_RECORD_DATA_M_QY','17','ELCTR_OBT_TYP','电子券获取方式','STRING','','','','','Y','0：和包购机:1：积分兑换和包,2：赠送和包','D1-4','4','');
insert into column_val (xmlid, col_xmlid, dataname, col_seq, colname, colcnname, datatype, length, precision_val, party_seq, isprimarykey, isnullable, remark, filed_type_child, sensitive_level, policyid) values ('TO_R_CRM_ELCTR_RECORD_DATA_M_QY','TO_R_CRM_ELCTR_RECORD_DATA_M_QY_20170918','TO_R_CRM_ELCTR_RECORD_DATA_M_QY','18','month','月份','INT','','','1','','N','','','','');

insert into tablefile (xmlid, dbname, dataname, datacnname, state, cycletype, topiccode, extend_cfg, rightlevel, creater, curdutyer, eff_date, state_date, team_code, open_state, remark) values ('TO_R_CRM_ELCTR_RECORD_DATA_M_CZ','BD_B','TO_R_CRM_ELCTR_RECORD_DATA_M_CZ','ODS_和包电子券发放记录','NEW','month','LAYERI_IRES','{"EXTERNAL":"y","LOCATION":"/tenant/BIGDATA/JCFW/JRCL/BD_B/ODS/TO_R_CRM_ELCTR_RECORD_DATA_M/branch=CZ","FILEFORMAT":"PARQUET","DELIMITER":"@#$"}','其他','谢英俊','谢英俊', TIMESTAMP '0008-05-17 12:00:00', TIMESTAMP '0008-05-17 12:00:00','f2999fd5-c34e-402e-9b28-fec9fca13044','','基础层-资源主题域');
insert into column_val (xmlid, col_xmlid, dataname, col_seq, colname, colcnname, datatype, length, precision_val, party_seq, isprimarykey, isnullable, remark, filed_type_child, sensitive_level, policyid) values ('TO_R_CRM_ELCTR_RECORD_DATA_M_CZ','TO_R_CRM_ELCTR_RECORD_DATA_M_CZ_2017091','TO_R_CRM_ELCTR_RECORD_DATA_M_CZ','1','STAT_MO','统计月份','INT','','','','','N','','D2-2','2','');
insert into column_val (xmlid, col_xmlid, dataname, col_seq, colname, colcnname, datatype, length, precision_val, party_seq, isprimarykey, isnullable, remark, filed_type_child, sensitive_level, policyid) values ('TO_R_CRM_ELCTR_RECORD_DATA_M_CZ','TO_R_CRM_ELCTR_RECORD_DATA_M_CZ_2017092','TO_R_CRM_ELCTR_RECORD_DATA_M_CZ','2','ORDR_SEQ','和包订单号','STRING','','','','','N','交易流水号','D2-2','2','');
insert into column_val (xmlid, col_xmlid, dataname, col_seq, colname, colcnname, datatype, length, precision_val, party_seq, isprimarykey, isnullable, remark, filed_type_child, sensitive_level, policyid) values ('TO_R_CRM_ELCTR_RECORD_DATA_M_CZ','TO_R_CRM_ELCTR_RECORD_DATA_M_CZ_2017094','TO_R_CRM_ELCTR_RECORD_DATA_M_CZ','4','TRADE_OPR_TYP','交易类型','STRING','','','','','N','发放,下单,支付','D2-2','2','');
insert into column_val (xmlid, col_xmlid, dataname, col_seq, colname, colcnname, datatype, length, precision_val, party_seq, isprimarykey, isnullable, remark, filed_type_child, sensitive_level, policyid) values ('TO_R_CRM_ELCTR_RECORD_DATA_M_CZ','TO_R_CRM_ELCTR_RECORD_DATA_M_CZ_2017095','TO_R_CRM_ELCTR_RECORD_DATA_M_CZ','5','OPR_DT','操作日期','INT','','','','','N','','D2-2','2','');
insert into column_val (xmlid, col_xmlid, dataname, col_seq, colname, colcnname, datatype, length, precision_val, party_seq, isprimarykey, isnullable, remark, filed_type_child, sensitive_level, policyid) values ('TO_R_CRM_ELCTR_RECORD_DATA_M_CZ','TO_R_CRM_ELCTR_RECORD_DATA_M_CZ_2017096','TO_R_CRM_ELCTR_RECORD_DATA_M_CZ','6','OPR_TIM','操作时间','STRING','','','','','N','','D2-2','2','');
insert into column_val (xmlid, col_xmlid, dataname, col_seq, colname, colcnname, datatype, length, precision_val, party_seq, isprimarykey, isnullable, remark, filed_type_child, sensitive_level, policyid) values ('TO_R_CRM_ELCTR_RECORD_DATA_M_CZ','TO_R_CRM_ELCTR_RECORD_DATA_M_CZ_20170915','TO_R_CRM_ELCTR_RECORD_DATA_M_CZ','15','ORDER_STS_CD','订单状态','STRING','','','','','N','回退,成功','D2-2','2','');
insert into column_val (xmlid, col_xmlid, dataname, col_seq, colname, colcnname, datatype, length, precision_val, party_seq, isprimarykey, isnullable, remark, filed_type_child, sensitive_level, policyid) values ('TO_R_CRM_ELCTR_RECORD_DATA_M_CZ','TO_R_CRM_ELCTR_RECORD_DATA_M_CZ_2017093','TO_R_CRM_ELCTR_RECORD_DATA_M_CZ','3','BATCH_NO','批次号','STRING','','','','','Y','电子券活动批次','D2-2','2','');
insert into column_val (xmlid, col_xmlid, dataname, col_seq, colname, colcnname, datatype, length, precision_val, party_seq, isprimarykey, isnullable, remark, filed_type_child, sensitive_level, policyid) values ('TO_R_CRM_ELCTR_RECORD_DATA_M_CZ','TO_R_CRM_ELCTR_RECORD_DATA_M_CZ_2017097','TO_R_CRM_ELCTR_RECORD_DATA_M_CZ','7','OPR_FEE','操作金额','DECIMAL','20','2','','','Y','','D2-2','2','');
insert into column_val (xmlid, col_xmlid, dataname, col_seq, colname, colcnname, datatype, length, precision_val, party_seq, isprimarykey, isnullable, remark, filed_type_child, sensitive_level, policyid) values ('TO_R_CRM_ELCTR_RECORD_DATA_M_CZ','TO_R_CRM_ELCTR_RECORD_DATA_M_CZ_2017098','TO_R_CRM_ELCTR_RECORD_DATA_M_CZ','8','USR_NBR','服务号码','STRING','','','','','Y','','A1-2','3','PID_all');
insert into column_val (xmlid, col_xmlid, dataname, col_seq, colname, colcnname, datatype, length, precision_val, party_seq, isprimarykey, isnullable, remark, filed_type_child, sensitive_level, policyid) values ('TO_R_CRM_ELCTR_RECORD_DATA_M_CZ','TO_R_CRM_ELCTR_RECORD_DATA_M_CZ_2017099','TO_R_CRM_ELCTR_RECORD_DATA_M_CZ','9','IMEI','IMEI','STRING','','','','','Y','电子券归属IMEI','D2-2','2','PID_9star');
insert into column_val (xmlid, col_xmlid, dataname, col_seq, colname, colcnname, datatype, length, precision_val, party_seq, isprimarykey, isnullable, remark, filed_type_child, sensitive_level, policyid) values ('TO_R_CRM_ELCTR_RECORD_DATA_M_CZ','TO_R_CRM_ELCTR_RECORD_DATA_M_CZ_20170910','TO_R_CRM_ELCTR_RECORD_DATA_M_CZ','10','OPR_CHNL_ID','接入方式','STRING','','','','','Y','操作渠道标识','D2-2','2','');
insert into column_val (xmlid, col_xmlid, dataname, col_seq, colname, colcnname, datatype, length, precision_val, party_seq, isprimarykey, isnullable, remark, filed_type_child, sensitive_level, policyid) values ('TO_R_CRM_ELCTR_RECORD_DATA_M_CZ','TO_R_CRM_ELCTR_RECORD_DATA_M_CZ_20170911','TO_R_CRM_ELCTR_RECORD_DATA_M_CZ','11','CMCC_BRANCH_NAM','操作地市','STRING','','','','','Y',' 如：广州、深圳','D2-2','2','');
insert into column_val (xmlid, col_xmlid, dataname, col_seq, colname, colcnname, datatype, length, precision_val, party_seq, isprimarykey, isnullable, remark, filed_type_child, sensitive_level, policyid) values ('TO_R_CRM_ELCTR_RECORD_DATA_M_CZ','TO_R_CRM_ELCTR_RECORD_DATA_M_CZ_20170912','TO_R_CRM_ELCTR_RECORD_DATA_M_CZ','12','MARK_PLAN_CD','产品编码','STRING','','','','','Y','营销案编码','D2-2','2','');
insert into column_val (xmlid, col_xmlid, dataname, col_seq, colname, colcnname, datatype, length, precision_val, party_seq, isprimarykey, isnullable, remark, filed_type_child, sensitive_level, policyid) values ('TO_R_CRM_ELCTR_RECORD_DATA_M_CZ','TO_R_CRM_ELCTR_RECORD_DATA_M_CZ_20170913','TO_R_CRM_ELCTR_RECORD_DATA_M_CZ','13','MARK_PLAN_NAM','产品名称','STRING','','','','','Y','营销案名称','D2-2','2','');
insert into column_val (xmlid, col_xmlid, dataname, col_seq, colname, colcnname, datatype, length, precision_val, party_seq, isprimarykey, isnullable, remark, filed_type_child, sensitive_level, policyid) values ('TO_R_CRM_ELCTR_RECORD_DATA_M_CZ','TO_R_CRM_ELCTR_RECORD_DATA_M_CZ_20170914','TO_R_CRM_ELCTR_RECORD_DATA_M_CZ','14','OPR_CODE','操作员工号','STRING','','','','','Y','操作员工标识','D2-2','2','');
insert into column_val (xmlid, col_xmlid, dataname, col_seq, colname, colcnname, datatype, length, precision_val, party_seq, isprimarykey, isnullable, remark, filed_type_child, sensitive_level, policyid) values ('TO_R_CRM_ELCTR_RECORD_DATA_M_CZ','TO_R_CRM_ELCTR_RECORD_DATA_M_CZ_20170916','TO_R_CRM_ELCTR_RECORD_DATA_M_CZ','16','CMCC_BRANCH_CD','地市编码','STRING','','','','','Y','','D2-2','2','');
insert into column_val (xmlid, col_xmlid, dataname, col_seq, colname, colcnname, datatype, length, precision_val, party_seq, isprimarykey, isnullable, remark, filed_type_child, sensitive_level, policyid) values ('TO_R_CRM_ELCTR_RECORD_DATA_M_CZ','TO_R_CRM_ELCTR_RECORD_DATA_M_CZ_20170917','TO_R_CRM_ELCTR_RECORD_DATA_M_CZ','17','ELCTR_OBT_TYP','电子券获取方式','STRING','','','','','Y','0：和包购机:1：积分兑换和包,2：赠送和包','D1-4','4','');
insert into column_val (xmlid, col_xmlid, dataname, col_seq, colname, colcnname, datatype, length, precision_val, party_seq, isprimarykey, isnullable, remark, filed_type_child, sensitive_level, policyid) values ('TO_R_CRM_ELCTR_RECORD_DATA_M_CZ','TO_R_CRM_ELCTR_RECORD_DATA_M_CZ_20170918','TO_R_CRM_ELCTR_RECORD_DATA_M_CZ','18','month','月份','INT','','','1','','N','','','','');

insert into tablefile (xmlid, dbname, dataname, datacnname, state, cycletype, topiccode, extend_cfg, rightlevel, creater, curdutyer, eff_date, state_date, team_code, open_state, remark) values ('TO_R_CRM_ELCTR_RECORD_DATA_M_JY','BD_B','TO_R_CRM_ELCTR_RECORD_DATA_M_JY','ODS_和包电子券发放记录','NEW','month','LAYERI_IRES','{"EXTERNAL":"y","LOCATION":"/tenant/BIGDATA/JCFW/JRCL/BD_B/ODS/TO_R_CRM_ELCTR_RECORD_DATA_M/branch=JY","FILEFORMAT":"PARQUET","DELIMITER":"@#$"}','其他','谢英俊','谢英俊', TIMESTAMP '0008-05-17 12:00:00', TIMESTAMP '0008-05-17 12:00:00','f2999fd5-c34e-402e-9b28-fec9fca13044','','基础层-资源主题域');
insert into column_val (xmlid, col_xmlid, dataname, col_seq, colname, colcnname, datatype, length, precision_val, party_seq, isprimarykey, isnullable, remark, filed_type_child, sensitive_level, policyid) values ('TO_R_CRM_ELCTR_RECORD_DATA_M_JY','TO_R_CRM_ELCTR_RECORD_DATA_M_JY_2017091','TO_R_CRM_ELCTR_RECORD_DATA_M_JY','1','STAT_MO','统计月份','INT','','','','','N','','D2-2','2','');
insert into column_val (xmlid, col_xmlid, dataname, col_seq, colname, colcnname, datatype, length, precision_val, party_seq, isprimarykey, isnullable, remark, filed_type_child, sensitive_level, policyid) values ('TO_R_CRM_ELCTR_RECORD_DATA_M_JY','TO_R_CRM_ELCTR_RECORD_DATA_M_JY_2017092','TO_R_CRM_ELCTR_RECORD_DATA_M_JY','2','ORDR_SEQ','和包订单号','STRING','','','','','N','交易流水号','D2-2','2','');
insert into column_val (xmlid, col_xmlid, dataname, col_seq, colname, colcnname, datatype, length, precision_val, party_seq, isprimarykey, isnullable, remark, filed_type_child, sensitive_level, policyid) values ('TO_R_CRM_ELCTR_RECORD_DATA_M_JY','TO_R_CRM_ELCTR_RECORD_DATA_M_JY_2017094','TO_R_CRM_ELCTR_RECORD_DATA_M_JY','4','TRADE_OPR_TYP','交易类型','STRING','','','','','N','发放,下单,支付','D2-2','2','');
insert into column_val (xmlid, col_xmlid, dataname, col_seq, colname, colcnname, datatype, length, precision_val, party_seq, isprimarykey, isnullable, remark, filed_type_child, sensitive_level, policyid) values ('TO_R_CRM_ELCTR_RECORD_DATA_M_JY','TO_R_CRM_ELCTR_RECORD_DATA_M_JY_2017095','TO_R_CRM_ELCTR_RECORD_DATA_M_JY','5','OPR_DT','操作日期','INT','','','','','N','','D2-2','2','');
insert into column_val (xmlid, col_xmlid, dataname, col_seq, colname, colcnname, datatype, length, precision_val, party_seq, isprimarykey, isnullable, remark, filed_type_child, sensitive_level, policyid) values ('TO_R_CRM_ELCTR_RECORD_DATA_M_JY','TO_R_CRM_ELCTR_RECORD_DATA_M_JY_2017096','TO_R_CRM_ELCTR_RECORD_DATA_M_JY','6','OPR_TIM','操作时间','STRING','','','','','N','','D2-2','2','');
insert into column_val (xmlid, col_xmlid, dataname, col_seq, colname, colcnname, datatype, length, precision_val, party_seq, isprimarykey, isnullable, remark, filed_type_child, sensitive_level, policyid) values ('TO_R_CRM_ELCTR_RECORD_DATA_M_JY','TO_R_CRM_ELCTR_RECORD_DATA_M_JY_20170915','TO_R_CRM_ELCTR_RECORD_DATA_M_JY','15','ORDER_STS_CD','订单状态','STRING','','','','','N','回退,成功','D2-2','2','');
insert into column_val (xmlid, col_xmlid, dataname, col_seq, colname, colcnname, datatype, length, precision_val, party_seq, isprimarykey, isnullable, remark, filed_type_child, sensitive_level, policyid) values ('TO_R_CRM_ELCTR_RECORD_DATA_M_JY','TO_R_CRM_ELCTR_RECORD_DATA_M_JY_2017093','TO_R_CRM_ELCTR_RECORD_DATA_M_JY','3','BATCH_NO','批次号','STRING','','','','','Y','电子券活动批次','D2-2','2','');
insert into column_val (xmlid, col_xmlid, dataname, col_seq, colname, colcnname, datatype, length, precision_val, party_seq, isprimarykey, isnullable, remark, filed_type_child, sensitive_level, policyid) values ('TO_R_CRM_ELCTR_RECORD_DATA_M_JY','TO_R_CRM_ELCTR_RECORD_DATA_M_JY_2017097','TO_R_CRM_ELCTR_RECORD_DATA_M_JY','7','OPR_FEE','操作金额','DECIMAL','20','2','','','Y','','D2-2','2','');
insert into column_val (xmlid, col_xmlid, dataname, col_seq, colname, colcnname, datatype, length, precision_val, party_seq, isprimarykey, isnullable, remark, filed_type_child, sensitive_level, policyid) values ('TO_R_CRM_ELCTR_RECORD_DATA_M_JY','TO_R_CRM_ELCTR_RECORD_DATA_M_JY_2017098','TO_R_CRM_ELCTR_RECORD_DATA_M_JY','8','USR_NBR','服务号码','STRING','','','','','Y','','A1-2','3','PID_all');
insert into column_val (xmlid, col_xmlid, dataname, col_seq, colname, colcnname, datatype, length, precision_val, party_seq, isprimarykey, isnullable, remark, filed_type_child, sensitive_level, policyid) values ('TO_R_CRM_ELCTR_RECORD_DATA_M_JY','TO_R_CRM_ELCTR_RECORD_DATA_M_JY_2017099','TO_R_CRM_ELCTR_RECORD_DATA_M_JY','9','IMEI','IMEI','STRING','','','','','Y','电子券归属IMEI','D2-2','2','PID_9star');
insert into column_val (xmlid, col_xmlid, dataname, col_seq, colname, colcnname, datatype, length, precision_val, party_seq, isprimarykey, isnullable, remark, filed_type_child, sensitive_level, policyid) values ('TO_R_CRM_ELCTR_RECORD_DATA_M_JY','TO_R_CRM_ELCTR_RECORD_DATA_M_JY_20170910','TO_R_CRM_ELCTR_RECORD_DATA_M_JY','10','OPR_CHNL_ID','接入方式','STRING','','','','','Y','操作渠道标识','D2-2','2','');
insert into column_val (xmlid, col_xmlid, dataname, col_seq, colname, colcnname, datatype, length, precision_val, party_seq, isprimarykey, isnullable, remark, filed_type_child, sensitive_level, policyid) values ('TO_R_CRM_ELCTR_RECORD_DATA_M_JY','TO_R_CRM_ELCTR_RECORD_DATA_M_JY_20170911','TO_R_CRM_ELCTR_RECORD_DATA_M_JY','11','CMCC_BRANCH_NAM','操作地市','STRING','','','','','Y',' 如：广州、深圳','D2-2','2','');
insert into column_val (xmlid, col_xmlid, dataname, col_seq, colname, colcnname, datatype, length, precision_val, party_seq, isprimarykey, isnullable, remark, filed_type_child, sensitive_level, policyid) values ('TO_R_CRM_ELCTR_RECORD_DATA_M_JY','TO_R_CRM_ELCTR_RECORD_DATA_M_JY_20170912','TO_R_CRM_ELCTR_RECORD_DATA_M_JY','12','MARK_PLAN_CD','产品编码','STRING','','','','','Y','营销案编码','D2-2','2','');
insert into column_val (xmlid, col_xmlid, dataname, col_seq, colname, colcnname, datatype, length, precision_val, party_seq, isprimarykey, isnullable, remark, filed_type_child, sensitive_level, policyid) values ('TO_R_CRM_ELCTR_RECORD_DATA_M_JY','TO_R_CRM_ELCTR_RECORD_DATA_M_JY_20170913','TO_R_CRM_ELCTR_RECORD_DATA_M_JY','13','MARK_PLAN_NAM','产品名称','STRING','','','','','Y','营销案名称','D2-2','2','');
insert into column_val (xmlid, col_xmlid, dataname, col_seq, colname, colcnname, datatype, length, precision_val, party_seq, isprimarykey, isnullable, remark, filed_type_child, sensitive_level, policyid) values ('TO_R_CRM_ELCTR_RECORD_DATA_M_JY','TO_R_CRM_ELCTR_RECORD_DATA_M_JY_20170914','TO_R_CRM_ELCTR_RECORD_DATA_M_JY','14','OPR_CODE','操作员工号','STRING','','','','','Y','操作员工标识','D2-2','2','');
insert into column_val (xmlid, col_xmlid, dataname, col_seq, colname, colcnname, datatype, length, precision_val, party_seq, isprimarykey, isnullable, remark, filed_type_child, sensitive_level, policyid) values ('TO_R_CRM_ELCTR_RECORD_DATA_M_JY','TO_R_CRM_ELCTR_RECORD_DATA_M_JY_20170916','TO_R_CRM_ELCTR_RECORD_DATA_M_JY','16','CMCC_BRANCH_CD','地市编码','STRING','','','','','Y','','D2-2','2','');
insert into column_val (xmlid, col_xmlid, dataname, col_seq, colname, colcnname, datatype, length, precision_val, party_seq, isprimarykey, isnullable, remark, filed_type_child, sensitive_level, policyid) values ('TO_R_CRM_ELCTR_RECORD_DATA_M_JY','TO_R_CRM_ELCTR_RECORD_DATA_M_JY_20170917','TO_R_CRM_ELCTR_RECORD_DATA_M_JY','17','ELCTR_OBT_TYP','电子券获取方式','STRING','','','','','Y','0：和包购机:1：积分兑换和包,2：赠送和包','D1-4','4','');
insert into column_val (xmlid, col_xmlid, dataname, col_seq, colname, colcnname, datatype, length, precision_val, party_seq, isprimarykey, isnullable, remark, filed_type_child, sensitive_level, policyid) values ('TO_R_CRM_ELCTR_RECORD_DATA_M_JY','TO_R_CRM_ELCTR_RECORD_DATA_M_JY_20170918','TO_R_CRM_ELCTR_RECORD_DATA_M_JY','18','month','月份','INT','','','1','','N','','','','');

insert into tablefile (xmlid, dbname, dataname, datacnname, state, cycletype, topiccode, extend_cfg, rightlevel, creater, curdutyer, eff_date, state_date, team_code, open_state, remark) values ('TO_R_CRM_ELCTR_RECORD_DATA_M_YF','BD_B','TO_R_CRM_ELCTR_RECORD_DATA_M_YF','ODS_和包电子券发放记录','NEW','month','LAYERI_IRES','{"EXTERNAL":"y","LOCATION":"/tenant/BIGDATA/JCFW/JRCL/BD_B/ODS/TO_R_CRM_ELCTR_RECORD_DATA_M/branch=YF","FILEFORMAT":"PARQUET","DELIMITER":"@#$"}','其他','谢英俊','谢英俊', TIMESTAMP '0008-05-17 12:00:00', TIMESTAMP '0008-05-17 12:00:00','f2999fd5-c34e-402e-9b28-fec9fca13044','','基础层-资源主题域');
insert into column_val (xmlid, col_xmlid, dataname, col_seq, colname, colcnname, datatype, length, precision_val, party_seq, isprimarykey, isnullable, remark, filed_type_child, sensitive_level, policyid) values ('TO_R_CRM_ELCTR_RECORD_DATA_M_YF','TO_R_CRM_ELCTR_RECORD_DATA_M_YF_2017091','TO_R_CRM_ELCTR_RECORD_DATA_M_YF','1','STAT_MO','统计月份','INT','','','','','N','','D2-2','2','');
insert into column_val (xmlid, col_xmlid, dataname, col_seq, colname, colcnname, datatype, length, precision_val, party_seq, isprimarykey, isnullable, remark, filed_type_child, sensitive_level, policyid) values ('TO_R_CRM_ELCTR_RECORD_DATA_M_YF','TO_R_CRM_ELCTR_RECORD_DATA_M_YF_2017092','TO_R_CRM_ELCTR_RECORD_DATA_M_YF','2','ORDR_SEQ','和包订单号','STRING','','','','','N','交易流水号','D2-2','2','');
insert into column_val (xmlid, col_xmlid, dataname, col_seq, colname, colcnname, datatype, length, precision_val, party_seq, isprimarykey, isnullable, remark, filed_type_child, sensitive_level, policyid) values ('TO_R_CRM_ELCTR_RECORD_DATA_M_YF','TO_R_CRM_ELCTR_RECORD_DATA_M_YF_2017094','TO_R_CRM_ELCTR_RECORD_DATA_M_YF','4','TRADE_OPR_TYP','交易类型','STRING','','','','','N','发放,下单,支付','D2-2','2','');
insert into column_val (xmlid, col_xmlid, dataname, col_seq, colname, colcnname, datatype, length, precision_val, party_seq, isprimarykey, isnullable, remark, filed_type_child, sensitive_level, policyid) values ('TO_R_CRM_ELCTR_RECORD_DATA_M_YF','TO_R_CRM_ELCTR_RECORD_DATA_M_YF_2017095','TO_R_CRM_ELCTR_RECORD_DATA_M_YF','5','OPR_DT','操作日期','INT','','','','','N','','D2-2','2','');
insert into column_val (xmlid, col_xmlid, dataname, col_seq, colname, colcnname, datatype, length, precision_val, party_seq, isprimarykey, isnullable, remark, filed_type_child, sensitive_level, policyid) values ('TO_R_CRM_ELCTR_RECORD_DATA_M_YF','TO_R_CRM_ELCTR_RECORD_DATA_M_YF_2017096','TO_R_CRM_ELCTR_RECORD_DATA_M_YF','6','OPR_TIM','操作时间','STRING','','','','','N','','D2-2','2','');
insert into column_val (xmlid, col_xmlid, dataname, col_seq, colname, colcnname, datatype, length, precision_val, party_seq, isprimarykey, isnullable, remark, filed_type_child, sensitive_level, policyid) values ('TO_R_CRM_ELCTR_RECORD_DATA_M_YF','TO_R_CRM_ELCTR_RECORD_DATA_M_YF_20170915','TO_R_CRM_ELCTR_RECORD_DATA_M_YF','15','ORDER_STS_CD','订单状态','STRING','','','','','N','回退,成功','D2-2','2','');
insert into column_val (xmlid, col_xmlid, dataname, col_seq, colname, colcnname, datatype, length, precision_val, party_seq, isprimarykey, isnullable, remark, filed_type_child, sensitive_level, policyid) values ('TO_R_CRM_ELCTR_RECORD_DATA_M_YF','TO_R_CRM_ELCTR_RECORD_DATA_M_YF_2017093','TO_R_CRM_ELCTR_RECORD_DATA_M_YF','3','BATCH_NO','批次号','STRING','','','','','Y','电子券活动批次','D2-2','2','');
insert into column_val (xmlid, col_xmlid, dataname, col_seq, colname, colcnname, datatype, length, precision_val, party_seq, isprimarykey, isnullable, remark, filed_type_child, sensitive_level, policyid) values ('TO_R_CRM_ELCTR_RECORD_DATA_M_YF','TO_R_CRM_ELCTR_RECORD_DATA_M_YF_2017097','TO_R_CRM_ELCTR_RECORD_DATA_M_YF','7','OPR_FEE','操作金额','DECIMAL','20','2','','','Y','','D2-2','2','');
insert into column_val (xmlid, col_xmlid, dataname, col_seq, colname, colcnname, datatype, length, precision_val, party_seq, isprimarykey, isnullable, remark, filed_type_child, sensitive_level, policyid) values ('TO_R_CRM_ELCTR_RECORD_DATA_M_YF','TO_R_CRM_ELCTR_RECORD_DATA_M_YF_2017098','TO_R_CRM_ELCTR_RECORD_DATA_M_YF','8','USR_NBR','服务号码','STRING','','','','','Y','','A1-2','3','PID_all');
insert into column_val (xmlid, col_xmlid, dataname, col_seq, colname, colcnname, datatype, length, precision_val, party_seq, isprimarykey, isnullable, remark, filed_type_child, sensitive_level, policyid) values ('TO_R_CRM_ELCTR_RECORD_DATA_M_YF','TO_R_CRM_ELCTR_RECORD_DATA_M_YF_2017099','TO_R_CRM_ELCTR_RECORD_DATA_M_YF','9','IMEI','IMEI','STRING','','','','','Y','电子券归属IMEI','D2-2','2','PID_9star');
insert into column_val (xmlid, col_xmlid, dataname, col_seq, colname, colcnname, datatype, length, precision_val, party_seq, isprimarykey, isnullable, remark, filed_type_child, sensitive_level, policyid) values ('TO_R_CRM_ELCTR_RECORD_DATA_M_YF','TO_R_CRM_ELCTR_RECORD_DATA_M_YF_20170910','TO_R_CRM_ELCTR_RECORD_DATA_M_YF','10','OPR_CHNL_ID','接入方式','STRING','','','','','Y','操作渠道标识','D2-2','2','');
insert into column_val (xmlid, col_xmlid, dataname, col_seq, colname, colcnname, datatype, length, precision_val, party_seq, isprimarykey, isnullable, remark, filed_type_child, sensitive_level, policyid) values ('TO_R_CRM_ELCTR_RECORD_DATA_M_YF','TO_R_CRM_ELCTR_RECORD_DATA_M_YF_20170911','TO_R_CRM_ELCTR_RECORD_DATA_M_YF','11','CMCC_BRANCH_NAM','操作地市','STRING','','','','','Y',' 如：广州、深圳','D2-2','2','');
insert into column_val (xmlid, col_xmlid, dataname, col_seq, colname, colcnname, datatype, length, precision_val, party_seq, isprimarykey, isnullable, remark, filed_type_child, sensitive_level, policyid) values ('TO_R_CRM_ELCTR_RECORD_DATA_M_YF','TO_R_CRM_ELCTR_RECORD_DATA_M_YF_20170912','TO_R_CRM_ELCTR_RECORD_DATA_M_YF','12','MARK_PLAN_CD','产品编码','STRING','','','','','Y','营销案编码','D2-2','2','');
insert into column_val (xmlid, col_xmlid, dataname, col_seq, colname, colcnname, datatype, length, precision_val, party_seq, isprimarykey, isnullable, remark, filed_type_child, sensitive_level, policyid) values ('TO_R_CRM_ELCTR_RECORD_DATA_M_YF','TO_R_CRM_ELCTR_RECORD_DATA_M_YF_20170913','TO_R_CRM_ELCTR_RECORD_DATA_M_YF','13','MARK_PLAN_NAM','产品名称','STRING','','','','','Y','营销案名称','D2-2','2','');
insert into column_val (xmlid, col_xmlid, dataname, col_seq, colname, colcnname, datatype, length, precision_val, party_seq, isprimarykey, isnullable, remark, filed_type_child, sensitive_level, policyid) values ('TO_R_CRM_ELCTR_RECORD_DATA_M_YF','TO_R_CRM_ELCTR_RECORD_DATA_M_YF_20170914','TO_R_CRM_ELCTR_RECORD_DATA_M_YF','14','OPR_CODE','操作员工号','STRING','','','','','Y','操作员工标识','D2-2','2','');
insert into column_val (xmlid, col_xmlid, dataname, col_seq, colname, colcnname, datatype, length, precision_val, party_seq, isprimarykey, isnullable, remark, filed_type_child, sensitive_level, policyid) values ('TO_R_CRM_ELCTR_RECORD_DATA_M_YF','TO_R_CRM_ELCTR_RECORD_DATA_M_YF_20170916','TO_R_CRM_ELCTR_RECORD_DATA_M_YF','16','CMCC_BRANCH_CD','地市编码','STRING','','','','','Y','','D2-2','2','');
insert into column_val (xmlid, col_xmlid, dataname, col_seq, colname, colcnname, datatype, length, precision_val, party_seq, isprimarykey, isnullable, remark, filed_type_child, sensitive_level, policyid) values ('TO_R_CRM_ELCTR_RECORD_DATA_M_YF','TO_R_CRM_ELCTR_RECORD_DATA_M_YF_20170917','TO_R_CRM_ELCTR_RECORD_DATA_M_YF','17','ELCTR_OBT_TYP','电子券获取方式','STRING','','','','','Y','0：和包购机:1：积分兑换和包,2：赠送和包','D1-4','4','');
insert into column_val (xmlid, col_xmlid, dataname, col_seq, colname, colcnname, datatype, length, precision_val, party_seq, isprimarykey, isnullable, remark, filed_type_child, sensitive_level, policyid) values ('TO_R_CRM_ELCTR_RECORD_DATA_M_YF','TO_R_CRM_ELCTR_RECORD_DATA_M_YF_20170918','TO_R_CRM_ELCTR_RECORD_DATA_M_YF','18','month','月份','INT','','','1','','N','','','','');

insert into tablefile (xmlid, dbname, dataname, datacnname, state, cycletype, topiccode, extend_cfg, rightlevel, creater, curdutyer, eff_date, state_date, team_code, open_state, remark) values ('TO_R_BLANKSIM_IN_STORE_D_GZ_20161128','BD_B','TO_R_BLANKSIM_IN_STORE_D_GZ','ODS_空白SIM卡入库数据日增量(HWCRM)','NEW','day','LAYERI_IEVENT','{"EXTERNAL":"y","LOCATION":"/tenant/BIGDATA/JCFW/JRCL/BD_B/ODS/TO_R_BLANKSIM_IN_STORE_D/branch=GZ","FILEFORMAT":"TEXTFILE","DELIMITER":"|"}','其他','谢英俊','谢英俊', TIMESTAMP '2016-09-08 12:00:00', TIMESTAMP '2016-09-08 12:00:00','f2999fd5-c34e-402e-9b28-fec9fca13044','','接口层-事件主题域');
insert into column_val (xmlid, col_xmlid, dataname, col_seq, colname, colcnname, datatype, length, precision_val, party_seq, isprimarykey, isnullable, remark, filed_type_child, sensitive_level, policyid) values ('TO_R_BLANKSIM_IN_STORE_D_GZ_20161128','TO_R_BLANKSIM_IN_STORE_D_GZ_2017091','TO_R_BLANKSIM_IN_STORE_D_GZ','1','IN_CITY_TIME','入库时间','STRING','','','','','N','格式:YYYYMMDDHH24MISS','D2-2','2','');
insert into column_val (xmlid, col_xmlid, dataname, col_seq, colname, colcnname, datatype, length, precision_val, party_seq, isprimarykey, isnullable, remark, filed_type_child, sensitive_level, policyid) values ('TO_R_BLANKSIM_IN_STORE_D_GZ_20161128','TO_R_BLANKSIM_IN_STORE_D_GZ_2017092','TO_R_BLANKSIM_IN_STORE_D_GZ','2','CHANNEL','渠道','STRING','','','','','N','例如：GZA001','D2-2','2','');
insert into column_val (xmlid, col_xmlid, dataname, col_seq, colname, colcnname, datatype, length, precision_val, party_seq, isprimarykey, isnullable, remark, filed_type_child, sensitive_level, policyid) values ('TO_R_BLANKSIM_IN_STORE_D_GZ_20161128','TO_R_BLANKSIM_IN_STORE_D_GZ_2017093','TO_R_BLANKSIM_IN_STORE_D_GZ','3','CARD_ID','卡标识','STRING','','','','','N','空白卡取序列号','D2-2','2','');
insert into column_val (xmlid, col_xmlid, dataname, col_seq, colname, colcnname, datatype, length, precision_val, party_seq, isprimarykey, isnullable, remark, filed_type_child, sensitive_level, policyid) values ('TO_R_BLANKSIM_IN_STORE_D_GZ_20161128','TO_R_BLANKSIM_IN_STORE_D_GZ_2017094','TO_R_BLANKSIM_IN_STORE_D_GZ','4','CITY','地市标识','STRING','','','','','N','例如：GZ','D2-2','2','');
insert into column_val (xmlid, col_xmlid, dataname, col_seq, colname, colcnname, datatype, length, precision_val, party_seq, isprimarykey, isnullable, remark, filed_type_child, sensitive_level, policyid) values ('TO_R_BLANKSIM_IN_STORE_D_GZ_20161128','TO_R_BLANKSIM_IN_STORE_D_GZ_2017095','TO_R_BLANKSIM_IN_STORE_D_GZ','5','PRODUCT_ID','商品标识','BIGINT','','','','','N','例如：10000003','D2-2','2','');
insert into column_val (xmlid, col_xmlid, dataname, col_seq, colname, colcnname, datatype, length, precision_val, party_seq, isprimarykey, isnullable, remark, filed_type_child, sensitive_level, policyid) values ('TO_R_BLANKSIM_IN_STORE_D_GZ_20161128','TO_R_BLANKSIM_IN_STORE_D_GZ_2017096','TO_R_BLANKSIM_IN_STORE_D_GZ','6','month','月份','INT','','','1','','N','','','','');
insert into column_val (xmlid, col_xmlid, dataname, col_seq, colname, colcnname, datatype, length, precision_val, party_seq, isprimarykey, isnullable, remark, filed_type_child, sensitive_level, policyid) values ('TO_R_BLANKSIM_IN_STORE_D_GZ_20161128','TO_R_BLANKSIM_IN_STORE_D_GZ_2017097','TO_R_BLANKSIM_IN_STORE_D_GZ','7','day','日期','INT','','','2','','N','','','','');

insert into tablefile (xmlid, dbname, dataname, datacnname, state, cycletype, topiccode, extend_cfg, rightlevel, creater, curdutyer, eff_date, state_date, team_code, open_state, remark) values ('TO_R_BLANKSIM_IN_STORE_D_SZ_20161128','BD_B','TO_R_BLANKSIM_IN_STORE_D_SZ','ODS_空白SIM卡入库数据日增量(HWCRM)','NEW','day','LAYERI_IEVENT','{"EXTERNAL":"y","LOCATION":"/tenant/BIGDATA/JCFW/JRCL/BD_B/ODS/TO_R_BLANKSIM_IN_STORE_D/branch=SZ","FILEFORMAT":"TEXTFILE","DELIMITER":"|"}','其他','谢英俊','谢英俊', TIMESTAMP '2016-09-08 12:00:00', TIMESTAMP '2016-09-08 12:00:00','f2999fd5-c34e-402e-9b28-fec9fca13044','','接口层-事件主题域');
insert into column_val (xmlid, col_xmlid, dataname, col_seq, colname, colcnname, datatype, length, precision_val, party_seq, isprimarykey, isnullable, remark, filed_type_child, sensitive_level, policyid) values ('TO_R_BLANKSIM_IN_STORE_D_SZ_20161128','TO_R_BLANKSIM_IN_STORE_D_SZ_2017091','TO_R_BLANKSIM_IN_STORE_D_SZ','1','IN_CITY_TIME','入库时间','STRING','','','','','N','格式:YYYYMMDDHH24MISS','D2-2','2','');
insert into column_val (xmlid, col_xmlid, dataname, col_seq, colname, colcnname, datatype, length, precision_val, party_seq, isprimarykey, isnullable, remark, filed_type_child, sensitive_level, policyid) values ('TO_R_BLANKSIM_IN_STORE_D_SZ_20161128','TO_R_BLANKSIM_IN_STORE_D_SZ_2017092','TO_R_BLANKSIM_IN_STORE_D_SZ','2','CHANNEL','渠道','STRING','','','','','N','例如：GZA001','D2-2','2','');
insert into column_val (xmlid, col_xmlid, dataname, col_seq, colname, colcnname, datatype, length, precision_val, party_seq, isprimarykey, isnullable, remark, filed_type_child, sensitive_level, policyid) values ('TO_R_BLANKSIM_IN_STORE_D_SZ_20161128','TO_R_BLANKSIM_IN_STORE_D_SZ_2017093','TO_R_BLANKSIM_IN_STORE_D_SZ','3','CARD_ID','卡标识','STRING','','','','','N','空白卡取序列号','D2-2','2','');
insert into column_val (xmlid, col_xmlid, dataname, col_seq, colname, colcnname, datatype, length, precision_val, party_seq, isprimarykey, isnullable, remark, filed_type_child, sensitive_level, policyid) values ('TO_R_BLANKSIM_IN_STORE_D_SZ_20161128','TO_R_BLANKSIM_IN_STORE_D_SZ_2017094','TO_R_BLANKSIM_IN_STORE_D_SZ','4','CITY','地市标识','STRING','','','','','N','例如：GZ','D2-2','2','');
insert into column_val (xmlid, col_xmlid, dataname, col_seq, colname, colcnname, datatype, length, precision_val, party_seq, isprimarykey, isnullable, remark, filed_type_child, sensitive_level, policyid) values ('TO_R_BLANKSIM_IN_STORE_D_SZ_20161128','TO_R_BLANKSIM_IN_STORE_D_SZ_2017095','TO_R_BLANKSIM_IN_STORE_D_SZ','5','PRODUCT_ID','商品标识','BIGINT','','','','','N','例如：10000003','D2-2','2','');
insert into column_val (xmlid, col_xmlid, dataname, col_seq, colname, colcnname, datatype, length, precision_val, party_seq, isprimarykey, isnullable, remark, filed_type_child, sensitive_level, policyid) values ('TO_R_BLANKSIM_IN_STORE_D_SZ_20161128','TO_R_BLANKSIM_IN_STORE_D_SZ_2017096','TO_R_BLANKSIM_IN_STORE_D_SZ','6','month','月份','INT','','','1','','N','','','','');
insert into column_val (xmlid, col_xmlid, dataname, col_seq, colname, colcnname, datatype, length, precision_val, party_seq, isprimarykey, isnullable, remark, filed_type_child, sensitive_level, policyid) values ('TO_R_BLANKSIM_IN_STORE_D_SZ_20161128','TO_R_BLANKSIM_IN_STORE_D_SZ_2017097','TO_R_BLANKSIM_IN_STORE_D_SZ','7','day','日期','INT','','','2','','N','','','','');

insert into tablefile (xmlid, dbname, dataname, datacnname, state, cycletype, topiccode, extend_cfg, rightlevel, creater, curdutyer, eff_date, state_date, team_code, open_state, remark) values ('TO_R_BLANKSIM_IN_STORE_D_DG_20161128','BD_B','TO_R_BLANKSIM_IN_STORE_D_DG','ODS_空白SIM卡入库数据日增量(HWCRM)','NEW','day','LAYERI_IEVENT','{"EXTERNAL":"y","LOCATION":"/tenant/BIGDATA/JCFW/JRCL/BD_B/ODS/TO_R_BLANKSIM_IN_STORE_D/branch=DG","FILEFORMAT":"TEXTFILE","DELIMITER":"|"}','其他','谢英俊','谢英俊', TIMESTAMP '2016-09-08 12:00:00', TIMESTAMP '2016-09-08 12:00:00','f2999fd5-c34e-402e-9b28-fec9fca13044','','接口层-事件主题域');
insert into column_val (xmlid, col_xmlid, dataname, col_seq, colname, colcnname, datatype, length, precision_val, party_seq, isprimarykey, isnullable, remark, filed_type_child, sensitive_level, policyid) values ('TO_R_BLANKSIM_IN_STORE_D_DG_20161128','TO_R_BLANKSIM_IN_STORE_D_DG_2017091','TO_R_BLANKSIM_IN_STORE_D_DG','1','IN_CITY_TIME','入库时间','STRING','','','','','N','格式:YYYYMMDDHH24MISS','D2-2','2','');
insert into column_val (xmlid, col_xmlid, dataname, col_seq, colname, colcnname, datatype, length, precision_val, party_seq, isprimarykey, isnullable, remark, filed_type_child, sensitive_level, policyid) values ('TO_R_BLANKSIM_IN_STORE_D_DG_20161128','TO_R_BLANKSIM_IN_STORE_D_DG_2017092','TO_R_BLANKSIM_IN_STORE_D_DG','2','CHANNEL','渠道','STRING','','','','','N','例如：GZA001','D2-2','2','');
insert into column_val (xmlid, col_xmlid, dataname, col_seq, colname, colcnname, datatype, length, precision_val, party_seq, isprimarykey, isnullable, remark, filed_type_child, sensitive_level, policyid) values ('TO_R_BLANKSIM_IN_STORE_D_DG_20161128','TO_R_BLANKSIM_IN_STORE_D_DG_2017093','TO_R_BLANKSIM_IN_STORE_D_DG','3','CARD_ID','卡标识','STRING','','','','','N','空白卡取序列号','D2-2','2','');
insert into column_val (xmlid, col_xmlid, dataname, col_seq, colname, colcnname, datatype, length, precision_val, party_seq, isprimarykey, isnullable, remark, filed_type_child, sensitive_level, policyid) values ('TO_R_BLANKSIM_IN_STORE_D_DG_20161128','TO_R_BLANKSIM_IN_STORE_D_DG_2017094','TO_R_BLANKSIM_IN_STORE_D_DG','4','CITY','地市标识','STRING','','','','','N','例如：GZ','D2-2','2','');
insert into column_val (xmlid, col_xmlid, dataname, col_seq, colname, colcnname, datatype, length, precision_val, party_seq, isprimarykey, isnullable, remark, filed_type_child, sensitive_level, policyid) values ('TO_R_BLANKSIM_IN_STORE_D_DG_20161128','TO_R_BLANKSIM_IN_STORE_D_DG_2017095','TO_R_BLANKSIM_IN_STORE_D_DG','5','PRODUCT_ID','商品标识','BIGINT','','','','','N','例如：10000003','D2-2','2','');
insert into column_val (xmlid, col_xmlid, dataname, col_seq, colname, colcnname, datatype, length, precision_val, party_seq, isprimarykey, isnullable, remark, filed_type_child, sensitive_level, policyid) values ('TO_R_BLANKSIM_IN_STORE_D_DG_20161128','TO_R_BLANKSIM_IN_STORE_D_DG_2017096','TO_R_BLANKSIM_IN_STORE_D_DG','6','month','月份','INT','','','1','','N','','','','');
insert into column_val (xmlid, col_xmlid, dataname, col_seq, colname, colcnname, datatype, length, precision_val, party_seq, isprimarykey, isnullable, remark, filed_type_child, sensitive_level, policyid) values ('TO_R_BLANKSIM_IN_STORE_D_DG_20161128','TO_R_BLANKSIM_IN_STORE_D_DG_2017097','TO_R_BLANKSIM_IN_STORE_D_DG','7','day','日期','INT','','','2','','N','','','','');

insert into tablefile (xmlid, dbname, dataname, datacnname, state, cycletype, topiccode, extend_cfg, rightlevel, creater, curdutyer, eff_date, state_date, team_code, open_state, remark) values ('TO_R_BLANKSIM_IN_STORE_D_FS_20161128','BD_B','TO_R_BLANKSIM_IN_STORE_D_FS','ODS_空白SIM卡入库数据日增量(HWCRM)','NEW','day','LAYERI_IEVENT','{"EXTERNAL":"y","LOCATION":"/tenant/BIGDATA/JCFW/JRCL/BD_B/ODS/TO_R_BLANKSIM_IN_STORE_D/branch=FS","FILEFORMAT":"TEXTFILE","DELIMITER":"|"}','其他','谢英俊','谢英俊', TIMESTAMP '2016-09-08 12:00:00', TIMESTAMP '2016-09-08 12:00:00','f2999fd5-c34e-402e-9b28-fec9fca13044','','接口层-事件主题域');
insert into column_val (xmlid, col_xmlid, dataname, col_seq, colname, colcnname, datatype, length, precision_val, party_seq, isprimarykey, isnullable, remark, filed_type_child, sensitive_level, policyid) values ('TO_R_BLANKSIM_IN_STORE_D_FS_20161128','TO_R_BLANKSIM_IN_STORE_D_FS_2017091','TO_R_BLANKSIM_IN_STORE_D_FS','1','IN_CITY_TIME','入库时间','STRING','','','','','N','格式:YYYYMMDDHH24MISS','D2-2','2','');
insert into column_val (xmlid, col_xmlid, dataname, col_seq, colname, colcnname, datatype, length, precision_val, party_seq, isprimarykey, isnullable, remark, filed_type_child, sensitive_level, policyid) values ('TO_R_BLANKSIM_IN_STORE_D_FS_20161128','TO_R_BLANKSIM_IN_STORE_D_FS_2017092','TO_R_BLANKSIM_IN_STORE_D_FS','2','CHANNEL','渠道','STRING','','','','','N','例如：GZA001','D2-2','2','');
insert into column_val (xmlid, col_xmlid, dataname, col_seq, colname, colcnname, datatype, length, precision_val, party_seq, isprimarykey, isnullable, remark, filed_type_child, sensitive_level, policyid) values ('TO_R_BLANKSIM_IN_STORE_D_FS_20161128','TO_R_BLANKSIM_IN_STORE_D_FS_2017093','TO_R_BLANKSIM_IN_STORE_D_FS','3','CARD_ID','卡标识','STRING','','','','','N','空白卡取序列号','D2-2','2','');
insert into column_val (xmlid, col_xmlid, dataname, col_seq, colname, colcnname, datatype, length, precision_val, party_seq, isprimarykey, isnullable, remark, filed_type_child, sensitive_level, policyid) values ('TO_R_BLANKSIM_IN_STORE_D_FS_20161128','TO_R_BLANKSIM_IN_STORE_D_FS_2017094','TO_R_BLANKSIM_IN_STORE_D_FS','4','CITY','地市标识','STRING','','','','','N','例如：GZ','D2-2','2','');
insert into column_val (xmlid, col_xmlid, dataname, col_seq, colname, colcnname, datatype, length, precision_val, party_seq, isprimarykey, isnullable, remark, filed_type_child, sensitive_level, policyid) values ('TO_R_BLANKSIM_IN_STORE_D_FS_20161128','TO_R_BLANKSIM_IN_STORE_D_FS_2017095','TO_R_BLANKSIM_IN_STORE_D_FS','5','PRODUCT_ID','商品标识','BIGINT','','','','','N','例如：10000003','D2-2','2','');
insert into column_val (xmlid, col_xmlid, dataname, col_seq, colname, colcnname, datatype, length, precision_val, party_seq, isprimarykey, isnullable, remark, filed_type_child, sensitive_level, policyid) values ('TO_R_BLANKSIM_IN_STORE_D_FS_20161128','TO_R_BLANKSIM_IN_STORE_D_FS_2017096','TO_R_BLANKSIM_IN_STORE_D_FS','6','month','月份','INT','','','1','','N','','','','');
insert into column_val (xmlid, col_xmlid, dataname, col_seq, colname, colcnname, datatype, length, precision_val, party_seq, isprimarykey, isnullable, remark, filed_type_child, sensitive_level, policyid) values ('TO_R_BLANKSIM_IN_STORE_D_FS_20161128','TO_R_BLANKSIM_IN_STORE_D_FS_2017097','TO_R_BLANKSIM_IN_STORE_D_FS','7','day','日期','INT','','','2','','N','','','','');

insert into tablefile (xmlid, dbname, dataname, datacnname, state, cycletype, topiccode, extend_cfg, rightlevel, creater, curdutyer, eff_date, state_date, team_code, open_state, remark) values ('TO_R_BLANKSIM_IN_STORE_D_ST_20161128','BD_B','TO_R_BLANKSIM_IN_STORE_D_ST','ODS_空白SIM卡入库数据日增量(HWCRM)','NEW','day','LAYERI_IEVENT','{"EXTERNAL":"y","LOCATION":"/tenant/BIGDATA/JCFW/JRCL/BD_B/ODS/TO_R_BLANKSIM_IN_STORE_D/branch=ST","FILEFORMAT":"TEXTFILE","DELIMITER":"|"}','其他','谢英俊','谢英俊', TIMESTAMP '2016-09-08 12:00:00', TIMESTAMP '2016-09-08 12:00:00','f2999fd5-c34e-402e-9b28-fec9fca13044','','接口层-事件主题域');
insert into column_val (xmlid, col_xmlid, dataname, col_seq, colname, colcnname, datatype, length, precision_val, party_seq, isprimarykey, isnullable, remark, filed_type_child, sensitive_level, policyid) values ('TO_R_BLANKSIM_IN_STORE_D_ST_20161128','TO_R_BLANKSIM_IN_STORE_D_ST_2017091','TO_R_BLANKSIM_IN_STORE_D_ST','1','IN_CITY_TIME','入库时间','STRING','','','','','N','格式:YYYYMMDDHH24MISS','D2-2','2','');
insert into column_val (xmlid, col_xmlid, dataname, col_seq, colname, colcnname, datatype, length, precision_val, party_seq, isprimarykey, isnullable, remark, filed_type_child, sensitive_level, policyid) values ('TO_R_BLANKSIM_IN_STORE_D_ST_20161128','TO_R_BLANKSIM_IN_STORE_D_ST_2017092','TO_R_BLANKSIM_IN_STORE_D_ST','2','CHANNEL','渠道','STRING','','','','','N','例如：GZA001','D2-2','2','');
insert into column_val (xmlid, col_xmlid, dataname, col_seq, colname, colcnname, datatype, length, precision_val, party_seq, isprimarykey, isnullable, remark, filed_type_child, sensitive_level, policyid) values ('TO_R_BLANKSIM_IN_STORE_D_ST_20161128','TO_R_BLANKSIM_IN_STORE_D_ST_2017093','TO_R_BLANKSIM_IN_STORE_D_ST','3','CARD_ID','卡标识','STRING','','','','','N','空白卡取序列号','D2-2','2','');
insert into column_val (xmlid, col_xmlid, dataname, col_seq, colname, colcnname, datatype, length, precision_val, party_seq, isprimarykey, isnullable, remark, filed_type_child, sensitive_level, policyid) values ('TO_R_BLANKSIM_IN_STORE_D_ST_20161128','TO_R_BLANKSIM_IN_STORE_D_ST_2017094','TO_R_BLANKSIM_IN_STORE_D_ST','4','CITY','地市标识','STRING','','','','','N','例如：GZ','D2-2','2','');
insert into column_val (xmlid, col_xmlid, dataname, col_seq, colname, colcnname, datatype, length, precision_val, party_seq, isprimarykey, isnullable, remark, filed_type_child, sensitive_level, policyid) values ('TO_R_BLANKSIM_IN_STORE_D_ST_20161128','TO_R_BLANKSIM_IN_STORE_D_ST_2017095','TO_R_BLANKSIM_IN_STORE_D_ST','5','PRODUCT_ID','商品标识','BIGINT','','','','','N','例如：10000003','D2-2','2','');
insert into column_val (xmlid, col_xmlid, dataname, col_seq, colname, colcnname, datatype, length, precision_val, party_seq, isprimarykey, isnullable, remark, filed_type_child, sensitive_level, policyid) values ('TO_R_BLANKSIM_IN_STORE_D_ST_20161128','TO_R_BLANKSIM_IN_STORE_D_ST_2017096','TO_R_BLANKSIM_IN_STORE_D_ST','6','month','月份','INT','','','1','','N','','','','');
insert into column_val (xmlid, col_xmlid, dataname, col_seq, colname, colcnname, datatype, length, precision_val, party_seq, isprimarykey, isnullable, remark, filed_type_child, sensitive_level, policyid) values ('TO_R_BLANKSIM_IN_STORE_D_ST_20161128','TO_R_BLANKSIM_IN_STORE_D_ST_2017097','TO_R_BLANKSIM_IN_STORE_D_ST','7','day','日期','INT','','','2','','N','','','','');

insert into tablefile (xmlid, dbname, dataname, datacnname, state, cycletype, topiccode, extend_cfg, rightlevel, creater, curdutyer, eff_date, state_date, team_code, open_state, remark) values ('TO_R_BLANKSIM_IN_STORE_D_ZH_20161128','BD_B','TO_R_BLANKSIM_IN_STORE_D_ZH','ODS_空白SIM卡入库数据日增量(HWCRM)','NEW','day','LAYERI_IEVENT','{"EXTERNAL":"y","LOCATION":"/tenant/BIGDATA/JCFW/JRCL/BD_B/ODS/TO_R_BLANKSIM_IN_STORE_D/branch=ZH","FILEFORMAT":"TEXTFILE","DELIMITER":"|"}','其他','谢英俊','谢英俊', TIMESTAMP '2016-09-08 12:00:00', TIMESTAMP '2016-09-08 12:00:00','f2999fd5-c34e-402e-9b28-fec9fca13044','','接口层-事件主题域');
insert into column_val (xmlid, col_xmlid, dataname, col_seq, colname, colcnname, datatype, length, precision_val, party_seq, isprimarykey, isnullable, remark, filed_type_child, sensitive_level, policyid) values ('TO_R_BLANKSIM_IN_STORE_D_ZH_20161128','TO_R_BLANKSIM_IN_STORE_D_ZH_2017091','TO_R_BLANKSIM_IN_STORE_D_ZH','1','IN_CITY_TIME','入库时间','STRING','','','','','N','格式:YYYYMMDDHH24MISS','D2-2','2','');
insert into column_val (xmlid, col_xmlid, dataname, col_seq, colname, colcnname, datatype, length, precision_val, party_seq, isprimarykey, isnullable, remark, filed_type_child, sensitive_level, policyid) values ('TO_R_BLANKSIM_IN_STORE_D_ZH_20161128','TO_R_BLANKSIM_IN_STORE_D_ZH_2017092','TO_R_BLANKSIM_IN_STORE_D_ZH','2','CHANNEL','渠道','STRING','','','','','N','例如：GZA001','D2-2','2','');
insert into column_val (xmlid, col_xmlid, dataname, col_seq, colname, colcnname, datatype, length, precision_val, party_seq, isprimarykey, isnullable, remark, filed_type_child, sensitive_level, policyid) values ('TO_R_BLANKSIM_IN_STORE_D_ZH_20161128','TO_R_BLANKSIM_IN_STORE_D_ZH_2017093','TO_R_BLANKSIM_IN_STORE_D_ZH','3','CARD_ID','卡标识','STRING','','','','','N','空白卡取序列号','D2-2','2','');
insert into column_val (xmlid, col_xmlid, dataname, col_seq, colname, colcnname, datatype, length, precision_val, party_seq, isprimarykey, isnullable, remark, filed_type_child, sensitive_level, policyid) values ('TO_R_BLANKSIM_IN_STORE_D_ZH_20161128','TO_R_BLANKSIM_IN_STORE_D_ZH_2017094','TO_R_BLANKSIM_IN_STORE_D_ZH','4','CITY','地市标识','STRING','','','','','N','例如：GZ','D2-2','2','');
insert into column_val (xmlid, col_xmlid, dataname, col_seq, colname, colcnname, datatype, length, precision_val, party_seq, isprimarykey, isnullable, remark, filed_type_child, sensitive_level, policyid) values ('TO_R_BLANKSIM_IN_STORE_D_ZH_20161128','TO_R_BLANKSIM_IN_STORE_D_ZH_2017095','TO_R_BLANKSIM_IN_STORE_D_ZH','5','PRODUCT_ID','商品标识','BIGINT','','','','','N','例如：10000003','D2-2','2','');
insert into column_val (xmlid, col_xmlid, dataname, col_seq, colname, colcnname, datatype, length, precision_val, party_seq, isprimarykey, isnullable, remark, filed_type_child, sensitive_level, policyid) values ('TO_R_BLANKSIM_IN_STORE_D_ZH_20161128','TO_R_BLANKSIM_IN_STORE_D_ZH_2017096','TO_R_BLANKSIM_IN_STORE_D_ZH','6','month','月份','INT','','','1','','N','','','','');
insert into column_val (xmlid, col_xmlid, dataname, col_seq, colname, colcnname, datatype, length, precision_val, party_seq, isprimarykey, isnullable, remark, filed_type_child, sensitive_level, policyid) values ('TO_R_BLANKSIM_IN_STORE_D_ZH_20161128','TO_R_BLANKSIM_IN_STORE_D_ZH_2017097','TO_R_BLANKSIM_IN_STORE_D_ZH','7','day','日期','INT','','','2','','N','','','','');

insert into tablefile (xmlid, dbname, dataname, datacnname, state, cycletype, topiccode, extend_cfg, rightlevel, creater, curdutyer, eff_date, state_date, team_code, open_state, remark) values ('TO_R_BLANKSIM_IN_STORE_D_HZ_20161128','BD_B','TO_R_BLANKSIM_IN_STORE_D_HZ','ODS_空白SIM卡入库数据日增量(HWCRM)','NEW','day','LAYERI_IEVENT','{"EXTERNAL":"y","LOCATION":"/tenant/BIGDATA/JCFW/JRCL/BD_B/ODS/TO_R_BLANKSIM_IN_STORE_D/branch=HZ","FILEFORMAT":"TEXTFILE","DELIMITER":"|"}','其他','谢英俊','谢英俊', TIMESTAMP '2016-09-08 12:00:00', TIMESTAMP '2016-09-08 12:00:00','f2999fd5-c34e-402e-9b28-fec9fca13044','','接口层-事件主题域');
insert into column_val (xmlid, col_xmlid, dataname, col_seq, colname, colcnname, datatype, length, precision_val, party_seq, isprimarykey, isnullable, remark, filed_type_child, sensitive_level, policyid) values ('TO_R_BLANKSIM_IN_STORE_D_HZ_20161128','TO_R_BLANKSIM_IN_STORE_D_HZ_2017091','TO_R_BLANKSIM_IN_STORE_D_HZ','1','IN_CITY_TIME','入库时间','STRING','','','','','N','格式:YYYYMMDDHH24MISS','D2-2','2','');
insert into column_val (xmlid, col_xmlid, dataname, col_seq, colname, colcnname, datatype, length, precision_val, party_seq, isprimarykey, isnullable, remark, filed_type_child, sensitive_level, policyid) values ('TO_R_BLANKSIM_IN_STORE_D_HZ_20161128','TO_R_BLANKSIM_IN_STORE_D_HZ_2017092','TO_R_BLANKSIM_IN_STORE_D_HZ','2','CHANNEL','渠道','STRING','','','','','N','例如：GZA001','D2-2','2','');
insert into column_val (xmlid, col_xmlid, dataname, col_seq, colname, colcnname, datatype, length, precision_val, party_seq, isprimarykey, isnullable, remark, filed_type_child, sensitive_level, policyid) values ('TO_R_BLANKSIM_IN_STORE_D_HZ_20161128','TO_R_BLANKSIM_IN_STORE_D_HZ_2017093','TO_R_BLANKSIM_IN_STORE_D_HZ','3','CARD_ID','卡标识','STRING','','','','','N','空白卡取序列号','D2-2','2','');
insert into column_val (xmlid, col_xmlid, dataname, col_seq, colname, colcnname, datatype, length, precision_val, party_seq, isprimarykey, isnullable, remark, filed_type_child, sensitive_level, policyid) values ('TO_R_BLANKSIM_IN_STORE_D_HZ_20161128','TO_R_BLANKSIM_IN_STORE_D_HZ_2017094','TO_R_BLANKSIM_IN_STORE_D_HZ','4','CITY','地市标识','STRING','','','','','N','例如：GZ','D2-2','2','');
insert into column_val (xmlid, col_xmlid, dataname, col_seq, colname, colcnname, datatype, length, precision_val, party_seq, isprimarykey, isnullable, remark, filed_type_child, sensitive_level, policyid) values ('TO_R_BLANKSIM_IN_STORE_D_HZ_20161128','TO_R_BLANKSIM_IN_STORE_D_HZ_2017095','TO_R_BLANKSIM_IN_STORE_D_HZ','5','PRODUCT_ID','商品标识','BIGINT','','','','','N','例如：10000003','D2-2','2','');
insert into column_val (xmlid, col_xmlid, dataname, col_seq, colname, colcnname, datatype, length, precision_val, party_seq, isprimarykey, isnullable, remark, filed_type_child, sensitive_level, policyid) values ('TO_R_BLANKSIM_IN_STORE_D_HZ_20161128','TO_R_BLANKSIM_IN_STORE_D_HZ_2017096','TO_R_BLANKSIM_IN_STORE_D_HZ','6','month','月份','INT','','','1','','N','','','','');
insert into column_val (xmlid, col_xmlid, dataname, col_seq, colname, colcnname, datatype, length, precision_val, party_seq, isprimarykey, isnullable, remark, filed_type_child, sensitive_level, policyid) values ('TO_R_BLANKSIM_IN_STORE_D_HZ_20161128','TO_R_BLANKSIM_IN_STORE_D_HZ_2017097','TO_R_BLANKSIM_IN_STORE_D_HZ','7','day','日期','INT','','','2','','N','','','','');

insert into tablefile (xmlid, dbname, dataname, datacnname, state, cycletype, topiccode, extend_cfg, rightlevel, creater, curdutyer, eff_date, state_date, team_code, open_state, remark) values ('TO_R_BLANKSIM_IN_STORE_D_ZS_20161128','BD_B','TO_R_BLANKSIM_IN_STORE_D_ZS','ODS_空白SIM卡入库数据日增量(HWCRM)','NEW','day','LAYERI_IEVENT','{"EXTERNAL":"y","LOCATION":"/tenant/BIGDATA/JCFW/JRCL/BD_B/ODS/TO_R_BLANKSIM_IN_STORE_D/branch=ZS","FILEFORMAT":"TEXTFILE","DELIMITER":"|"}','其他','谢英俊','谢英俊', TIMESTAMP '2016-09-08 12:00:00', TIMESTAMP '2016-09-08 12:00:00','f2999fd5-c34e-402e-9b28-fec9fca13044','','接口层-事件主题域');
insert into column_val (xmlid, col_xmlid, dataname, col_seq, colname, colcnname, datatype, length, precision_val, party_seq, isprimarykey, isnullable, remark, filed_type_child, sensitive_level, policyid) values ('TO_R_BLANKSIM_IN_STORE_D_ZS_20161128','TO_R_BLANKSIM_IN_STORE_D_ZS_2017091','TO_R_BLANKSIM_IN_STORE_D_ZS','1','IN_CITY_TIME','入库时间','STRING','','','','','N','格式:YYYYMMDDHH24MISS','D2-2','2','');
insert into column_val (xmlid, col_xmlid, dataname, col_seq, colname, colcnname, datatype, length, precision_val, party_seq, isprimarykey, isnullable, remark, filed_type_child, sensitive_level, policyid) values ('TO_R_BLANKSIM_IN_STORE_D_ZS_20161128','TO_R_BLANKSIM_IN_STORE_D_ZS_2017092','TO_R_BLANKSIM_IN_STORE_D_ZS','2','CHANNEL','渠道','STRING','','','','','N','例如：GZA001','D2-2','2','');
insert into column_val (xmlid, col_xmlid, dataname, col_seq, colname, colcnname, datatype, length, precision_val, party_seq, isprimarykey, isnullable, remark, filed_type_child, sensitive_level, policyid) values ('TO_R_BLANKSIM_IN_STORE_D_ZS_20161128','TO_R_BLANKSIM_IN_STORE_D_ZS_2017093','TO_R_BLANKSIM_IN_STORE_D_ZS','3','CARD_ID','卡标识','STRING','','','','','N','空白卡取序列号','D2-2','2','');
insert into column_val (xmlid, col_xmlid, dataname, col_seq, colname, colcnname, datatype, length, precision_val, party_seq, isprimarykey, isnullable, remark, filed_type_child, sensitive_level, policyid) values ('TO_R_BLANKSIM_IN_STORE_D_ZS_20161128','TO_R_BLANKSIM_IN_STORE_D_ZS_2017094','TO_R_BLANKSIM_IN_STORE_D_ZS','4','CITY','地市标识','STRING','','','','','N','例如：GZ','D2-2','2','');
insert into column_val (xmlid, col_xmlid, dataname, col_seq, colname, colcnname, datatype, length, precision_val, party_seq, isprimarykey, isnullable, remark, filed_type_child, sensitive_level, policyid) values ('TO_R_BLANKSIM_IN_STORE_D_ZS_20161128','TO_R_BLANKSIM_IN_STORE_D_ZS_2017095','TO_R_BLANKSIM_IN_STORE_D_ZS','5','PRODUCT_ID','商品标识','BIGINT','','','','','N','例如：10000003','D2-2','2','');
insert into column_val (xmlid, col_xmlid, dataname, col_seq, colname, colcnname, datatype, length, precision_val, party_seq, isprimarykey, isnullable, remark, filed_type_child, sensitive_level, policyid) values ('TO_R_BLANKSIM_IN_STORE_D_ZS_20161128','TO_R_BLANKSIM_IN_STORE_D_ZS_2017096','TO_R_BLANKSIM_IN_STORE_D_ZS','6','month','月份','INT','','','1','','N','','','','');
insert into column_val (xmlid, col_xmlid, dataname, col_seq, colname, colcnname, datatype, length, precision_val, party_seq, isprimarykey, isnullable, remark, filed_type_child, sensitive_level, policyid) values ('TO_R_BLANKSIM_IN_STORE_D_ZS_20161128','TO_R_BLANKSIM_IN_STORE_D_ZS_2017097','TO_R_BLANKSIM_IN_STORE_D_ZS','7','day','日期','INT','','','2','','N','','','','');

insert into tablefile (xmlid, dbname, dataname, datacnname, state, cycletype, topiccode, extend_cfg, rightlevel, creater, curdutyer, eff_date, state_date, team_code, open_state, remark) values ('TO_R_BLANKSIM_IN_STORE_D_JM_20161128','BD_B','TO_R_BLANKSIM_IN_STORE_D_JM','ODS_空白SIM卡入库数据日增量(HWCRM)','NEW','day','LAYERI_IEVENT','{"EXTERNAL":"y","LOCATION":"/tenant/BIGDATA/JCFW/JRCL/BD_B/ODS/TO_R_BLANKSIM_IN_STORE_D/branch=JM","FILEFORMAT":"TEXTFILE","DELIMITER":"|"}','其他','谢英俊','谢英俊', TIMESTAMP '2016-09-08 12:00:00', TIMESTAMP '2016-09-08 12:00:00','f2999fd5-c34e-402e-9b28-fec9fca13044','','接口层-事件主题域');
insert into column_val (xmlid, col_xmlid, dataname, col_seq, colname, colcnname, datatype, length, precision_val, party_seq, isprimarykey, isnullable, remark, filed_type_child, sensitive_level, policyid) values ('TO_R_BLANKSIM_IN_STORE_D_JM_20161128','TO_R_BLANKSIM_IN_STORE_D_JM_2017091','TO_R_BLANKSIM_IN_STORE_D_JM','1','IN_CITY_TIME','入库时间','STRING','','','','','N','格式:YYYYMMDDHH24MISS','D2-2','2','');
insert into column_val (xmlid, col_xmlid, dataname, col_seq, colname, colcnname, datatype, length, precision_val, party_seq, isprimarykey, isnullable, remark, filed_type_child, sensitive_level, policyid) values ('TO_R_BLANKSIM_IN_STORE_D_JM_20161128','TO_R_BLANKSIM_IN_STORE_D_JM_2017092','TO_R_BLANKSIM_IN_STORE_D_JM','2','CHANNEL','渠道','STRING','','','','','N','例如：GZA001','D2-2','2','');
insert into column_val (xmlid, col_xmlid, dataname, col_seq, colname, colcnname, datatype, length, precision_val, party_seq, isprimarykey, isnullable, remark, filed_type_child, sensitive_level, policyid) values ('TO_R_BLANKSIM_IN_STORE_D_JM_20161128','TO_R_BLANKSIM_IN_STORE_D_JM_2017093','TO_R_BLANKSIM_IN_STORE_D_JM','3','CARD_ID','卡标识','STRING','','','','','N','空白卡取序列号','D2-2','2','');
insert into column_val (xmlid, col_xmlid, dataname, col_seq, colname, colcnname, datatype, length, precision_val, party_seq, isprimarykey, isnullable, remark, filed_type_child, sensitive_level, policyid) values ('TO_R_BLANKSIM_IN_STORE_D_JM_20161128','TO_R_BLANKSIM_IN_STORE_D_JM_2017094','TO_R_BLANKSIM_IN_STORE_D_JM','4','CITY','地市标识','STRING','','','','','N','例如：GZ','D2-2','2','');
insert into column_val (xmlid, col_xmlid, dataname, col_seq, colname, colcnname, datatype, length, precision_val, party_seq, isprimarykey, isnullable, remark, filed_type_child, sensitive_level, policyid) values ('TO_R_BLANKSIM_IN_STORE_D_JM_20161128','TO_R_BLANKSIM_IN_STORE_D_JM_2017095','TO_R_BLANKSIM_IN_STORE_D_JM','5','PRODUCT_ID','商品标识','BIGINT','','','','','N','例如：10000003','D2-2','2','');
insert into column_val (xmlid, col_xmlid, dataname, col_seq, colname, colcnname, datatype, length, precision_val, party_seq, isprimarykey, isnullable, remark, filed_type_child, sensitive_level, policyid) values ('TO_R_BLANKSIM_IN_STORE_D_JM_20161128','TO_R_BLANKSIM_IN_STORE_D_JM_2017096','TO_R_BLANKSIM_IN_STORE_D_JM','6','month','月份','INT','','','1','','N','','','','');
insert into column_val (xmlid, col_xmlid, dataname, col_seq, colname, colcnname, datatype, length, precision_val, party_seq, isprimarykey, isnullable, remark, filed_type_child, sensitive_level, policyid) values ('TO_R_BLANKSIM_IN_STORE_D_JM_20161128','TO_R_BLANKSIM_IN_STORE_D_JM_2017097','TO_R_BLANKSIM_IN_STORE_D_JM','7','day','日期','INT','','','2','','N','','','','');

insert into tablefile (xmlid, dbname, dataname, datacnname, state, cycletype, topiccode, extend_cfg, rightlevel, creater, curdutyer, eff_date, state_date, team_code, open_state, remark) values ('TO_R_BLANKSIM_IN_STORE_D_ZJ_20161128','BD_B','TO_R_BLANKSIM_IN_STORE_D_ZJ','ODS_空白SIM卡入库数据日增量(HWCRM)','NEW','day','LAYERI_IEVENT','{"EXTERNAL":"y","LOCATION":"/tenant/BIGDATA/JCFW/JRCL/BD_B/ODS/TO_R_BLANKSIM_IN_STORE_D/branch=ZJ","FILEFORMAT":"TEXTFILE","DELIMITER":"|"}','其他','谢英俊','谢英俊', TIMESTAMP '2016-09-08 12:00:00', TIMESTAMP '2016-09-08 12:00:00','f2999fd5-c34e-402e-9b28-fec9fca13044','','接口层-事件主题域');
insert into column_val (xmlid, col_xmlid, dataname, col_seq, colname, colcnname, datatype, length, precision_val, party_seq, isprimarykey, isnullable, remark, filed_type_child, sensitive_level, policyid) values ('TO_R_BLANKSIM_IN_STORE_D_ZJ_20161128','TO_R_BLANKSIM_IN_STORE_D_ZJ_2017091','TO_R_BLANKSIM_IN_STORE_D_ZJ','1','IN_CITY_TIME','入库时间','STRING','','','','','N','格式:YYYYMMDDHH24MISS','D2-2','2','');
insert into column_val (xmlid, col_xmlid, dataname, col_seq, colname, colcnname, datatype, length, precision_val, party_seq, isprimarykey, isnullable, remark, filed_type_child, sensitive_level, policyid) values ('TO_R_BLANKSIM_IN_STORE_D_ZJ_20161128','TO_R_BLANKSIM_IN_STORE_D_ZJ_2017092','TO_R_BLANKSIM_IN_STORE_D_ZJ','2','CHANNEL','渠道','STRING','','','','','N','例如：GZA001','D2-2','2','');
insert into column_val (xmlid, col_xmlid, dataname, col_seq, colname, colcnname, datatype, length, precision_val, party_seq, isprimarykey, isnullable, remark, filed_type_child, sensitive_level, policyid) values ('TO_R_BLANKSIM_IN_STORE_D_ZJ_20161128','TO_R_BLANKSIM_IN_STORE_D_ZJ_2017093','TO_R_BLANKSIM_IN_STORE_D_ZJ','3','CARD_ID','卡标识','STRING','','','','','N','空白卡取序列号','D2-2','2','');
insert into column_val (xmlid, col_xmlid, dataname, col_seq, colname, colcnname, datatype, length, precision_val, party_seq, isprimarykey, isnullable, remark, filed_type_child, sensitive_level, policyid) values ('TO_R_BLANKSIM_IN_STORE_D_ZJ_20161128','TO_R_BLANKSIM_IN_STORE_D_ZJ_2017094','TO_R_BLANKSIM_IN_STORE_D_ZJ','4','CITY','地市标识','STRING','','','','','N','例如：GZ','D2-2','2','');
insert into column_val (xmlid, col_xmlid, dataname, col_seq, colname, colcnname, datatype, length, precision_val, party_seq, isprimarykey, isnullable, remark, filed_type_child, sensitive_level, policyid) values ('TO_R_BLANKSIM_IN_STORE_D_ZJ_20161128','TO_R_BLANKSIM_IN_STORE_D_ZJ_2017095','TO_R_BLANKSIM_IN_STORE_D_ZJ','5','PRODUCT_ID','商品标识','BIGINT','','','','','N','例如：10000003','D2-2','2','');
insert into column_val (xmlid, col_xmlid, dataname, col_seq, colname, colcnname, datatype, length, precision_val, party_seq, isprimarykey, isnullable, remark, filed_type_child, sensitive_level, policyid) values ('TO_R_BLANKSIM_IN_STORE_D_ZJ_20161128','TO_R_BLANKSIM_IN_STORE_D_ZJ_2017096','TO_R_BLANKSIM_IN_STORE_D_ZJ','6','month','月份','INT','','','1','','N','','','','');
insert into column_val (xmlid, col_xmlid, dataname, col_seq, colname, colcnname, datatype, length, precision_val, party_seq, isprimarykey, isnullable, remark, filed_type_child, sensitive_level, policyid) values ('TO_R_BLANKSIM_IN_STORE_D_ZJ_20161128','TO_R_BLANKSIM_IN_STORE_D_ZJ_2017097','TO_R_BLANKSIM_IN_STORE_D_ZJ','7','day','日期','INT','','','2','','N','','','','');

insert into tablefile (xmlid, dbname, dataname, datacnname, state, cycletype, topiccode, extend_cfg, rightlevel, creater, curdutyer, eff_date, state_date, team_code, open_state, remark) values ('TO_R_BLANKSIM_IN_STORE_D_SG_20161128','BD_B','TO_R_BLANKSIM_IN_STORE_D_SG','ODS_空白SIM卡入库数据日增量(HWCRM)','NEW','day','LAYERI_IEVENT','{"EXTERNAL":"y","LOCATION":"/tenant/BIGDATA/JCFW/JRCL/BD_B/ODS/TO_R_BLANKSIM_IN_STORE_D/branch=SG","FILEFORMAT":"TEXTFILE","DELIMITER":"|"}','其他','谢英俊','谢英俊', TIMESTAMP '2016-09-08 12:00:00', TIMESTAMP '2016-09-08 12:00:00','f2999fd5-c34e-402e-9b28-fec9fca13044','','接口层-事件主题域');
insert into column_val (xmlid, col_xmlid, dataname, col_seq, colname, colcnname, datatype, length, precision_val, party_seq, isprimarykey, isnullable, remark, filed_type_child, sensitive_level, policyid) values ('TO_R_BLANKSIM_IN_STORE_D_SG_20161128','TO_R_BLANKSIM_IN_STORE_D_SG_2017091','TO_R_BLANKSIM_IN_STORE_D_SG','1','IN_CITY_TIME','入库时间','STRING','','','','','N','格式:YYYYMMDDHH24MISS','D2-2','2','');
insert into column_val (xmlid, col_xmlid, dataname, col_seq, colname, colcnname, datatype, length, precision_val, party_seq, isprimarykey, isnullable, remark, filed_type_child, sensitive_level, policyid) values ('TO_R_BLANKSIM_IN_STORE_D_SG_20161128','TO_R_BLANKSIM_IN_STORE_D_SG_2017092','TO_R_BLANKSIM_IN_STORE_D_SG','2','CHANNEL','渠道','STRING','','','','','N','例如：GZA001','D2-2','2','');
insert into column_val (xmlid, col_xmlid, dataname, col_seq, colname, colcnname, datatype, length, precision_val, party_seq, isprimarykey, isnullable, remark, filed_type_child, sensitive_level, policyid) values ('TO_R_BLANKSIM_IN_STORE_D_SG_20161128','TO_R_BLANKSIM_IN_STORE_D_SG_2017093','TO_R_BLANKSIM_IN_STORE_D_SG','3','CARD_ID','卡标识','STRING','','','','','N','空白卡取序列号','D2-2','2','');
insert into column_val (xmlid, col_xmlid, dataname, col_seq, colname, colcnname, datatype, length, precision_val, party_seq, isprimarykey, isnullable, remark, filed_type_child, sensitive_level, policyid) values ('TO_R_BLANKSIM_IN_STORE_D_SG_20161128','TO_R_BLANKSIM_IN_STORE_D_SG_2017094','TO_R_BLANKSIM_IN_STORE_D_SG','4','CITY','地市标识','STRING','','','','','N','例如：GZ','D2-2','2','');
insert into column_val (xmlid, col_xmlid, dataname, col_seq, colname, colcnname, datatype, length, precision_val, party_seq, isprimarykey, isnullable, remark, filed_type_child, sensitive_level, policyid) values ('TO_R_BLANKSIM_IN_STORE_D_SG_20161128','TO_R_BLANKSIM_IN_STORE_D_SG_2017095','TO_R_BLANKSIM_IN_STORE_D_SG','5','PRODUCT_ID','商品标识','BIGINT','','','','','N','例如：10000003','D2-2','2','');
insert into column_val (xmlid, col_xmlid, dataname, col_seq, colname, colcnname, datatype, length, precision_val, party_seq, isprimarykey, isnullable, remark, filed_type_child, sensitive_level, policyid) values ('TO_R_BLANKSIM_IN_STORE_D_SG_20161128','TO_R_BLANKSIM_IN_STORE_D_SG_2017096','TO_R_BLANKSIM_IN_STORE_D_SG','6','month','月份','INT','','','1','','N','','','','');
insert into column_val (xmlid, col_xmlid, dataname, col_seq, colname, colcnname, datatype, length, precision_val, party_seq, isprimarykey, isnullable, remark, filed_type_child, sensitive_level, policyid) values ('TO_R_BLANKSIM_IN_STORE_D_SG_20161128','TO_R_BLANKSIM_IN_STORE_D_SG_2017097','TO_R_BLANKSIM_IN_STORE_D_SG','7','day','日期','INT','','','2','','N','','','','');

insert into tablefile (xmlid, dbname, dataname, datacnname, state, cycletype, topiccode, extend_cfg, rightlevel, creater, curdutyer, eff_date, state_date, team_code, open_state, remark) values ('TO_R_BLANKSIM_IN_STORE_D_HY_20161128','BD_B','TO_R_BLANKSIM_IN_STORE_D_HY','ODS_空白SIM卡入库数据日增量(HWCRM)','NEW','day','LAYERI_IEVENT','{"EXTERNAL":"y","LOCATION":"/tenant/BIGDATA/JCFW/JRCL/BD_B/ODS/TO_R_BLANKSIM_IN_STORE_D/branch=HY","FILEFORMAT":"TEXTFILE","DELIMITER":"|"}','其他','谢英俊','谢英俊', TIMESTAMP '2016-09-08 12:00:00', TIMESTAMP '2016-09-08 12:00:00','f2999fd5-c34e-402e-9b28-fec9fca13044','','接口层-事件主题域');
insert into column_val (xmlid, col_xmlid, dataname, col_seq, colname, colcnname, datatype, length, precision_val, party_seq, isprimarykey, isnullable, remark, filed_type_child, sensitive_level, policyid) values ('TO_R_BLANKSIM_IN_STORE_D_HY_20161128','TO_R_BLANKSIM_IN_STORE_D_HY_2017091','TO_R_BLANKSIM_IN_STORE_D_HY','1','IN_CITY_TIME','入库时间','STRING','','','','','N','格式:YYYYMMDDHH24MISS','D2-2','2','');
insert into column_val (xmlid, col_xmlid, dataname, col_seq, colname, colcnname, datatype, length, precision_val, party_seq, isprimarykey, isnullable, remark, filed_type_child, sensitive_level, policyid) values ('TO_R_BLANKSIM_IN_STORE_D_HY_20161128','TO_R_BLANKSIM_IN_STORE_D_HY_2017092','TO_R_BLANKSIM_IN_STORE_D_HY','2','CHANNEL','渠道','STRING','','','','','N','例如：GZA001','D2-2','2','');
insert into column_val (xmlid, col_xmlid, dataname, col_seq, colname, colcnname, datatype, length, precision_val, party_seq, isprimarykey, isnullable, remark, filed_type_child, sensitive_level, policyid) values ('TO_R_BLANKSIM_IN_STORE_D_HY_20161128','TO_R_BLANKSIM_IN_STORE_D_HY_2017093','TO_R_BLANKSIM_IN_STORE_D_HY','3','CARD_ID','卡标识','STRING','','','','','N','空白卡取序列号','D2-2','2','');
insert into column_val (xmlid, col_xmlid, dataname, col_seq, colname, colcnname, datatype, length, precision_val, party_seq, isprimarykey, isnullable, remark, filed_type_child, sensitive_level, policyid) values ('TO_R_BLANKSIM_IN_STORE_D_HY_20161128','TO_R_BLANKSIM_IN_STORE_D_HY_2017094','TO_R_BLANKSIM_IN_STORE_D_HY','4','CITY','地市标识','STRING','','','','','N','例如：GZ','D2-2','2','');
insert into column_val (xmlid, col_xmlid, dataname, col_seq, colname, colcnname, datatype, length, precision_val, party_seq, isprimarykey, isnullable, remark, filed_type_child, sensitive_level, policyid) values ('TO_R_BLANKSIM_IN_STORE_D_HY_20161128','TO_R_BLANKSIM_IN_STORE_D_HY_2017095','TO_R_BLANKSIM_IN_STORE_D_HY','5','PRODUCT_ID','商品标识','BIGINT','','','','','N','例如：10000003','D2-2','2','');
insert into column_val (xmlid, col_xmlid, dataname, col_seq, colname, colcnname, datatype, length, precision_val, party_seq, isprimarykey, isnullable, remark, filed_type_child, sensitive_level, policyid) values ('TO_R_BLANKSIM_IN_STORE_D_HY_20161128','TO_R_BLANKSIM_IN_STORE_D_HY_2017096','TO_R_BLANKSIM_IN_STORE_D_HY','6','month','月份','INT','','','1','','N','','','','');
insert into column_val (xmlid, col_xmlid, dataname, col_seq, colname, colcnname, datatype, length, precision_val, party_seq, isprimarykey, isnullable, remark, filed_type_child, sensitive_level, policyid) values ('TO_R_BLANKSIM_IN_STORE_D_HY_20161128','TO_R_BLANKSIM_IN_STORE_D_HY_2017097','TO_R_BLANKSIM_IN_STORE_D_HY','7','day','日期','INT','','','2','','N','','','','');

insert into tablefile (xmlid, dbname, dataname, datacnname, state, cycletype, topiccode, extend_cfg, rightlevel, creater, curdutyer, eff_date, state_date, team_code, open_state, remark) values ('TO_R_BLANKSIM_IN_STORE_D_MZ_20161128','BD_B','TO_R_BLANKSIM_IN_STORE_D_MZ','ODS_空白SIM卡入库数据日增量(HWCRM)','NEW','day','LAYERI_IEVENT','{"EXTERNAL":"y","LOCATION":"/tenant/BIGDATA/JCFW/JRCL/BD_B/ODS/TO_R_BLANKSIM_IN_STORE_D/branch=MZ","FILEFORMAT":"TEXTFILE","DELIMITER":"|"}','其他','谢英俊','谢英俊', TIMESTAMP '2016-09-08 12:00:00', TIMESTAMP '2016-09-08 12:00:00','f2999fd5-c34e-402e-9b28-fec9fca13044','','接口层-事件主题域');
insert into column_val (xmlid, col_xmlid, dataname, col_seq, colname, colcnname, datatype, length, precision_val, party_seq, isprimarykey, isnullable, remark, filed_type_child, sensitive_level, policyid) values ('TO_R_BLANKSIM_IN_STORE_D_MZ_20161128','TO_R_BLANKSIM_IN_STORE_D_MZ_2017091','TO_R_BLANKSIM_IN_STORE_D_MZ','1','IN_CITY_TIME','入库时间','STRING','','','','','N','格式:YYYYMMDDHH24MISS','D2-2','2','');
insert into column_val (xmlid, col_xmlid, dataname, col_seq, colname, colcnname, datatype, length, precision_val, party_seq, isprimarykey, isnullable, remark, filed_type_child, sensitive_level, policyid) values ('TO_R_BLANKSIM_IN_STORE_D_MZ_20161128','TO_R_BLANKSIM_IN_STORE_D_MZ_2017092','TO_R_BLANKSIM_IN_STORE_D_MZ','2','CHANNEL','渠道','STRING','','','','','N','例如：GZA001','D2-2','2','');
insert into column_val (xmlid, col_xmlid, dataname, col_seq, colname, colcnname, datatype, length, precision_val, party_seq, isprimarykey, isnullable, remark, filed_type_child, sensitive_level, policyid) values ('TO_R_BLANKSIM_IN_STORE_D_MZ_20161128','TO_R_BLANKSIM_IN_STORE_D_MZ_2017093','TO_R_BLANKSIM_IN_STORE_D_MZ','3','CARD_ID','卡标识','STRING','','','','','N','空白卡取序列号','D2-2','2','');
insert into column_val (xmlid, col_xmlid, dataname, col_seq, colname, colcnname, datatype, length, precision_val, party_seq, isprimarykey, isnullable, remark, filed_type_child, sensitive_level, policyid) values ('TO_R_BLANKSIM_IN_STORE_D_MZ_20161128','TO_R_BLANKSIM_IN_STORE_D_MZ_2017094','TO_R_BLANKSIM_IN_STORE_D_MZ','4','CITY','地市标识','STRING','','','','','N','例如：GZ','D2-2','2','');
insert into column_val (xmlid, col_xmlid, dataname, col_seq, colname, colcnname, datatype, length, precision_val, party_seq, isprimarykey, isnullable, remark, filed_type_child, sensitive_level, policyid) values ('TO_R_BLANKSIM_IN_STORE_D_MZ_20161128','TO_R_BLANKSIM_IN_STORE_D_MZ_2017095','TO_R_BLANKSIM_IN_STORE_D_MZ','5','PRODUCT_ID','商品标识','BIGINT','','','','','N','例如：10000003','D2-2','2','');
insert into column_val (xmlid, col_xmlid, dataname, col_seq, colname, colcnname, datatype, length, precision_val, party_seq, isprimarykey, isnullable, remark, filed_type_child, sensitive_level, policyid) values ('TO_R_BLANKSIM_IN_STORE_D_MZ_20161128','TO_R_BLANKSIM_IN_STORE_D_MZ_2017096','TO_R_BLANKSIM_IN_STORE_D_MZ','6','month','月份','INT','','','1','','N','','','','');
insert into column_val (xmlid, col_xmlid, dataname, col_seq, colname, colcnname, datatype, length, precision_val, party_seq, isprimarykey, isnullable, remark, filed_type_child, sensitive_level, policyid) values ('TO_R_BLANKSIM_IN_STORE_D_MZ_20161128','TO_R_BLANKSIM_IN_STORE_D_MZ_2017097','TO_R_BLANKSIM_IN_STORE_D_MZ','7','day','日期','INT','','','2','','N','','','','');

insert into tablefile (xmlid, dbname, dataname, datacnname, state, cycletype, topiccode, extend_cfg, rightlevel, creater, curdutyer, eff_date, state_date, team_code, open_state, remark) values ('TO_R_BLANKSIM_IN_STORE_D_SW_20161128','BD_B','TO_R_BLANKSIM_IN_STORE_D_SW','ODS_空白SIM卡入库数据日增量(HWCRM)','NEW','day','LAYERI_IEVENT','{"EXTERNAL":"y","LOCATION":"/tenant/BIGDATA/JCFW/JRCL/BD_B/ODS/TO_R_BLANKSIM_IN_STORE_D/branch=SW","FILEFORMAT":"TEXTFILE","DELIMITER":"|"}','其他','谢英俊','谢英俊', TIMESTAMP '2016-09-08 12:00:00', TIMESTAMP '2016-09-08 12:00:00','f2999fd5-c34e-402e-9b28-fec9fca13044','','接口层-事件主题域');
insert into column_val (xmlid, col_xmlid, dataname, col_seq, colname, colcnname, datatype, length, precision_val, party_seq, isprimarykey, isnullable, remark, filed_type_child, sensitive_level, policyid) values ('TO_R_BLANKSIM_IN_STORE_D_SW_20161128','TO_R_BLANKSIM_IN_STORE_D_SW_2017091','TO_R_BLANKSIM_IN_STORE_D_SW','1','IN_CITY_TIME','入库时间','STRING','','','','','N','格式:YYYYMMDDHH24MISS','D2-2','2','');
insert into column_val (xmlid, col_xmlid, dataname, col_seq, colname, colcnname, datatype, length, precision_val, party_seq, isprimarykey, isnullable, remark, filed_type_child, sensitive_level, policyid) values ('TO_R_BLANKSIM_IN_STORE_D_SW_20161128','TO_R_BLANKSIM_IN_STORE_D_SW_2017092','TO_R_BLANKSIM_IN_STORE_D_SW','2','CHANNEL','渠道','STRING','','','','','N','例如：GZA001','D2-2','2','');
insert into column_val (xmlid, col_xmlid, dataname, col_seq, colname, colcnname, datatype, length, precision_val, party_seq, isprimarykey, isnullable, remark, filed_type_child, sensitive_level, policyid) values ('TO_R_BLANKSIM_IN_STORE_D_SW_20161128','TO_R_BLANKSIM_IN_STORE_D_SW_2017093','TO_R_BLANKSIM_IN_STORE_D_SW','3','CARD_ID','卡标识','STRING','','','','','N','空白卡取序列号','D2-2','2','');
insert into column_val (xmlid, col_xmlid, dataname, col_seq, colname, colcnname, datatype, length, precision_val, party_seq, isprimarykey, isnullable, remark, filed_type_child, sensitive_level, policyid) values ('TO_R_BLANKSIM_IN_STORE_D_SW_20161128','TO_R_BLANKSIM_IN_STORE_D_SW_2017094','TO_R_BLANKSIM_IN_STORE_D_SW','4','CITY','地市标识','STRING','','','','','N','例如：GZ','D2-2','2','');
insert into column_val (xmlid, col_xmlid, dataname, col_seq, colname, colcnname, datatype, length, precision_val, party_seq, isprimarykey, isnullable, remark, filed_type_child, sensitive_level, policyid) values ('TO_R_BLANKSIM_IN_STORE_D_SW_20161128','TO_R_BLANKSIM_IN_STORE_D_SW_2017095','TO_R_BLANKSIM_IN_STORE_D_SW','5','PRODUCT_ID','商品标识','BIGINT','','','','','N','例如：10000003','D2-2','2','');
insert into column_val (xmlid, col_xmlid, dataname, col_seq, colname, colcnname, datatype, length, precision_val, party_seq, isprimarykey, isnullable, remark, filed_type_child, sensitive_level, policyid) values ('TO_R_BLANKSIM_IN_STORE_D_SW_20161128','TO_R_BLANKSIM_IN_STORE_D_SW_2017096','TO_R_BLANKSIM_IN_STORE_D_SW','6','month','月份','INT','','','1','','N','','','','');
insert into column_val (xmlid, col_xmlid, dataname, col_seq, colname, colcnname, datatype, length, precision_val, party_seq, isprimarykey, isnullable, remark, filed_type_child, sensitive_level, policyid) values ('TO_R_BLANKSIM_IN_STORE_D_SW_20161128','TO_R_BLANKSIM_IN_STORE_D_SW_2017097','TO_R_BLANKSIM_IN_STORE_D_SW','7','day','日期','INT','','','2','','N','','','','');

insert into tablefile (xmlid, dbname, dataname, datacnname, state, cycletype, topiccode, extend_cfg, rightlevel, creater, curdutyer, eff_date, state_date, team_code, open_state, remark) values ('TO_R_BLANKSIM_IN_STORE_D_YJ_20161128','BD_B','TO_R_BLANKSIM_IN_STORE_D_YJ','ODS_空白SIM卡入库数据日增量(HWCRM)','NEW','day','LAYERI_IEVENT','{"EXTERNAL":"y","LOCATION":"/tenant/BIGDATA/JCFW/JRCL/BD_B/ODS/TO_R_BLANKSIM_IN_STORE_D/branch=YJ","FILEFORMAT":"TEXTFILE","DELIMITER":"|"}','其他','谢英俊','谢英俊', TIMESTAMP '2016-09-08 12:00:00', TIMESTAMP '2016-09-08 12:00:00','f2999fd5-c34e-402e-9b28-fec9fca13044','','接口层-事件主题域');
insert into column_val (xmlid, col_xmlid, dataname, col_seq, colname, colcnname, datatype, length, precision_val, party_seq, isprimarykey, isnullable, remark, filed_type_child, sensitive_level, policyid) values ('TO_R_BLANKSIM_IN_STORE_D_YJ_20161128','TO_R_BLANKSIM_IN_STORE_D_YJ_2017091','TO_R_BLANKSIM_IN_STORE_D_YJ','1','IN_CITY_TIME','入库时间','STRING','','','','','N','格式:YYYYMMDDHH24MISS','D2-2','2','');
insert into column_val (xmlid, col_xmlid, dataname, col_seq, colname, colcnname, datatype, length, precision_val, party_seq, isprimarykey, isnullable, remark, filed_type_child, sensitive_level, policyid) values ('TO_R_BLANKSIM_IN_STORE_D_YJ_20161128','TO_R_BLANKSIM_IN_STORE_D_YJ_2017092','TO_R_BLANKSIM_IN_STORE_D_YJ','2','CHANNEL','渠道','STRING','','','','','N','例如：GZA001','D2-2','2','');
insert into column_val (xmlid, col_xmlid, dataname, col_seq, colname, colcnname, datatype, length, precision_val, party_seq, isprimarykey, isnullable, remark, filed_type_child, sensitive_level, policyid) values ('TO_R_BLANKSIM_IN_STORE_D_YJ_20161128','TO_R_BLANKSIM_IN_STORE_D_YJ_2017093','TO_R_BLANKSIM_IN_STORE_D_YJ','3','CARD_ID','卡标识','STRING','','','','','N','空白卡取序列号','D2-2','2','');
insert into column_val (xmlid, col_xmlid, dataname, col_seq, colname, colcnname, datatype, length, precision_val, party_seq, isprimarykey, isnullable, remark, filed_type_child, sensitive_level, policyid) values ('TO_R_BLANKSIM_IN_STORE_D_YJ_20161128','TO_R_BLANKSIM_IN_STORE_D_YJ_2017094','TO_R_BLANKSIM_IN_STORE_D_YJ','4','CITY','地市标识','STRING','','','','','N','例如：GZ','D2-2','2','');
insert into column_val (xmlid, col_xmlid, dataname, col_seq, colname, colcnname, datatype, length, precision_val, party_seq, isprimarykey, isnullable, remark, filed_type_child, sensitive_level, policyid) values ('TO_R_BLANKSIM_IN_STORE_D_YJ_20161128','TO_R_BLANKSIM_IN_STORE_D_YJ_2017095','TO_R_BLANKSIM_IN_STORE_D_YJ','5','PRODUCT_ID','商品标识','BIGINT','','','','','N','例如：10000003','D2-2','2','');
insert into column_val (xmlid, col_xmlid, dataname, col_seq, colname, colcnname, datatype, length, precision_val, party_seq, isprimarykey, isnullable, remark, filed_type_child, sensitive_level, policyid) values ('TO_R_BLANKSIM_IN_STORE_D_YJ_20161128','TO_R_BLANKSIM_IN_STORE_D_YJ_2017096','TO_R_BLANKSIM_IN_STORE_D_YJ','6','month','月份','INT','','','1','','N','','','','');
insert into column_val (xmlid, col_xmlid, dataname, col_seq, colname, colcnname, datatype, length, precision_val, party_seq, isprimarykey, isnullable, remark, filed_type_child, sensitive_level, policyid) values ('TO_R_BLANKSIM_IN_STORE_D_YJ_20161128','TO_R_BLANKSIM_IN_STORE_D_YJ_2017097','TO_R_BLANKSIM_IN_STORE_D_YJ','7','day','日期','INT','','','2','','N','','','','');

insert into tablefile (xmlid, dbname, dataname, datacnname, state, cycletype, topiccode, extend_cfg, rightlevel, creater, curdutyer, eff_date, state_date, team_code, open_state, remark) values ('TO_R_BLANKSIM_IN_STORE_D_MM_20161128','BD_B','TO_R_BLANKSIM_IN_STORE_D_MM','ODS_空白SIM卡入库数据日增量(HWCRM)','NEW','day','LAYERI_IEVENT','{"EXTERNAL":"y","LOCATION":"/tenant/BIGDATA/JCFW/JRCL/BD_B/ODS/TO_R_BLANKSIM_IN_STORE_D/branch=MM","FILEFORMAT":"TEXTFILE","DELIMITER":"|"}','其他','谢英俊','谢英俊', TIMESTAMP '2016-09-08 12:00:00', TIMESTAMP '2016-09-08 12:00:00','f2999fd5-c34e-402e-9b28-fec9fca13044','','接口层-事件主题域');
insert into column_val (xmlid, col_xmlid, dataname, col_seq, colname, colcnname, datatype, length, precision_val, party_seq, isprimarykey, isnullable, remark, filed_type_child, sensitive_level, policyid) values ('TO_R_BLANKSIM_IN_STORE_D_MM_20161128','TO_R_BLANKSIM_IN_STORE_D_MM_2017091','TO_R_BLANKSIM_IN_STORE_D_MM','1','IN_CITY_TIME','入库时间','STRING','','','','','N','格式:YYYYMMDDHH24MISS','D2-2','2','');
insert into column_val (xmlid, col_xmlid, dataname, col_seq, colname, colcnname, datatype, length, precision_val, party_seq, isprimarykey, isnullable, remark, filed_type_child, sensitive_level, policyid) values ('TO_R_BLANKSIM_IN_STORE_D_MM_20161128','TO_R_BLANKSIM_IN_STORE_D_MM_2017092','TO_R_BLANKSIM_IN_STORE_D_MM','2','CHANNEL','渠道','STRING','','','','','N','例如：GZA001','D2-2','2','');
insert into column_val (xmlid, col_xmlid, dataname, col_seq, colname, colcnname, datatype, length, precision_val, party_seq, isprimarykey, isnullable, remark, filed_type_child, sensitive_level, policyid) values ('TO_R_BLANKSIM_IN_STORE_D_MM_20161128','TO_R_BLANKSIM_IN_STORE_D_MM_2017093','TO_R_BLANKSIM_IN_STORE_D_MM','3','CARD_ID','卡标识','STRING','','','','','N','空白卡取序列号','D2-2','2','');
insert into column_val (xmlid, col_xmlid, dataname, col_seq, colname, colcnname, datatype, length, precision_val, party_seq, isprimarykey, isnullable, remark, filed_type_child, sensitive_level, policyid) values ('TO_R_BLANKSIM_IN_STORE_D_MM_20161128','TO_R_BLANKSIM_IN_STORE_D_MM_2017094','TO_R_BLANKSIM_IN_STORE_D_MM','4','CITY','地市标识','STRING','','','','','N','例如：GZ','D2-2','2','');
insert into column_val (xmlid, col_xmlid, dataname, col_seq, colname, colcnname, datatype, length, precision_val, party_seq, isprimarykey, isnullable, remark, filed_type_child, sensitive_level, policyid) values ('TO_R_BLANKSIM_IN_STORE_D_MM_20161128','TO_R_BLANKSIM_IN_STORE_D_MM_2017095','TO_R_BLANKSIM_IN_STORE_D_MM','5','PRODUCT_ID','商品标识','BIGINT','','','','','N','例如：10000003','D2-2','2','');
insert into column_val (xmlid, col_xmlid, dataname, col_seq, colname, colcnname, datatype, length, precision_val, party_seq, isprimarykey, isnullable, remark, filed_type_child, sensitive_level, policyid) values ('TO_R_BLANKSIM_IN_STORE_D_MM_20161128','TO_R_BLANKSIM_IN_STORE_D_MM_2017096','TO_R_BLANKSIM_IN_STORE_D_MM','6','month','月份','INT','','','1','','N','','','','');
insert into column_val (xmlid, col_xmlid, dataname, col_seq, colname, colcnname, datatype, length, precision_val, party_seq, isprimarykey, isnullable, remark, filed_type_child, sensitive_level, policyid) values ('TO_R_BLANKSIM_IN_STORE_D_MM_20161128','TO_R_BLANKSIM_IN_STORE_D_MM_2017097','TO_R_BLANKSIM_IN_STORE_D_MM','7','day','日期','INT','','','2','','N','','','','');

insert into tablefile (xmlid, dbname, dataname, datacnname, state, cycletype, topiccode, extend_cfg, rightlevel, creater, curdutyer, eff_date, state_date, team_code, open_state, remark) values ('TO_R_BLANKSIM_IN_STORE_D_ZQ_20161128','BD_B','TO_R_BLANKSIM_IN_STORE_D_ZQ','ODS_空白SIM卡入库数据日增量(HWCRM)','NEW','day','LAYERI_IEVENT','{"EXTERNAL":"y","LOCATION":"/tenant/BIGDATA/JCFW/JRCL/BD_B/ODS/TO_R_BLANKSIM_IN_STORE_D/branch=ZQ","FILEFORMAT":"TEXTFILE","DELIMITER":"|"}','其他','谢英俊','谢英俊', TIMESTAMP '2016-09-08 12:00:00', TIMESTAMP '2016-09-08 12:00:00','f2999fd5-c34e-402e-9b28-fec9fca13044','','接口层-事件主题域');
insert into column_val (xmlid, col_xmlid, dataname, col_seq, colname, colcnname, datatype, length, precision_val, party_seq, isprimarykey, isnullable, remark, filed_type_child, sensitive_level, policyid) values ('TO_R_BLANKSIM_IN_STORE_D_ZQ_20161128','TO_R_BLANKSIM_IN_STORE_D_ZQ_2017091','TO_R_BLANKSIM_IN_STORE_D_ZQ','1','IN_CITY_TIME','入库时间','STRING','','','','','N','格式:YYYYMMDDHH24MISS','D2-2','2','');
insert into column_val (xmlid, col_xmlid, dataname, col_seq, colname, colcnname, datatype, length, precision_val, party_seq, isprimarykey, isnullable, remark, filed_type_child, sensitive_level, policyid) values ('TO_R_BLANKSIM_IN_STORE_D_ZQ_20161128','TO_R_BLANKSIM_IN_STORE_D_ZQ_2017092','TO_R_BLANKSIM_IN_STORE_D_ZQ','2','CHANNEL','渠道','STRING','','','','','N','例如：GZA001','D2-2','2','');
insert into column_val (xmlid, col_xmlid, dataname, col_seq, colname, colcnname, datatype, length, precision_val, party_seq, isprimarykey, isnullable, remark, filed_type_child, sensitive_level, policyid) values ('TO_R_BLANKSIM_IN_STORE_D_ZQ_20161128','TO_R_BLANKSIM_IN_STORE_D_ZQ_2017093','TO_R_BLANKSIM_IN_STORE_D_ZQ','3','CARD_ID','卡标识','STRING','','','','','N','空白卡取序列号','D2-2','2','');
insert into column_val (xmlid, col_xmlid, dataname, col_seq, colname, colcnname, datatype, length, precision_val, party_seq, isprimarykey, isnullable, remark, filed_type_child, sensitive_level, policyid) values ('TO_R_BLANKSIM_IN_STORE_D_ZQ_20161128','TO_R_BLANKSIM_IN_STORE_D_ZQ_2017094','TO_R_BLANKSIM_IN_STORE_D_ZQ','4','CITY','地市标识','STRING','','','','','N','例如：GZ','D2-2','2','');
insert into column_val (xmlid, col_xmlid, dataname, col_seq, colname, colcnname, datatype, length, precision_val, party_seq, isprimarykey, isnullable, remark, filed_type_child, sensitive_level, policyid) values ('TO_R_BLANKSIM_IN_STORE_D_ZQ_20161128','TO_R_BLANKSIM_IN_STORE_D_ZQ_2017095','TO_R_BLANKSIM_IN_STORE_D_ZQ','5','PRODUCT_ID','商品标识','BIGINT','','','','','N','例如：10000003','D2-2','2','');
insert into column_val (xmlid, col_xmlid, dataname, col_seq, colname, colcnname, datatype, length, precision_val, party_seq, isprimarykey, isnullable, remark, filed_type_child, sensitive_level, policyid) values ('TO_R_BLANKSIM_IN_STORE_D_ZQ_20161128','TO_R_BLANKSIM_IN_STORE_D_ZQ_2017096','TO_R_BLANKSIM_IN_STORE_D_ZQ','6','month','月份','INT','','','1','','N','','','','');
insert into column_val (xmlid, col_xmlid, dataname, col_seq, colname, colcnname, datatype, length, precision_val, party_seq, isprimarykey, isnullable, remark, filed_type_child, sensitive_level, policyid) values ('TO_R_BLANKSIM_IN_STORE_D_ZQ_20161128','TO_R_BLANKSIM_IN_STORE_D_ZQ_2017097','TO_R_BLANKSIM_IN_STORE_D_ZQ','7','day','日期','INT','','','2','','N','','','','');

insert into tablefile (xmlid, dbname, dataname, datacnname, state, cycletype, topiccode, extend_cfg, rightlevel, creater, curdutyer, eff_date, state_date, team_code, open_state, remark) values ('TO_R_BLANKSIM_IN_STORE_D_QY_20161128','BD_B','TO_R_BLANKSIM_IN_STORE_D_QY','ODS_空白SIM卡入库数据日增量(HWCRM)','NEW','day','LAYERI_IEVENT','{"EXTERNAL":"y","LOCATION":"/tenant/BIGDATA/JCFW/JRCL/BD_B/ODS/TO_R_BLANKSIM_IN_STORE_D/branch=QY","FILEFORMAT":"TEXTFILE","DELIMITER":"|"}','其他','谢英俊','谢英俊', TIMESTAMP '2016-09-08 12:00:00', TIMESTAMP '2016-09-08 12:00:00','f2999fd5-c34e-402e-9b28-fec9fca13044','','接口层-事件主题域');
insert into column_val (xmlid, col_xmlid, dataname, col_seq, colname, colcnname, datatype, length, precision_val, party_seq, isprimarykey, isnullable, remark, filed_type_child, sensitive_level, policyid) values ('TO_R_BLANKSIM_IN_STORE_D_QY_20161128','TO_R_BLANKSIM_IN_STORE_D_QY_2017091','TO_R_BLANKSIM_IN_STORE_D_QY','1','IN_CITY_TIME','入库时间','STRING','','','','','N','格式:YYYYMMDDHH24MISS','D2-2','2','');
insert into column_val (xmlid, col_xmlid, dataname, col_seq, colname, colcnname, datatype, length, precision_val, party_seq, isprimarykey, isnullable, remark, filed_type_child, sensitive_level, policyid) values ('TO_R_BLANKSIM_IN_STORE_D_QY_20161128','TO_R_BLANKSIM_IN_STORE_D_QY_2017092','TO_R_BLANKSIM_IN_STORE_D_QY','2','CHANNEL','渠道','STRING','','','','','N','例如：GZA001','D2-2','2','');
insert into column_val (xmlid, col_xmlid, dataname, col_seq, colname, colcnname, datatype, length, precision_val, party_seq, isprimarykey, isnullable, remark, filed_type_child, sensitive_level, policyid) values ('TO_R_BLANKSIM_IN_STORE_D_QY_20161128','TO_R_BLANKSIM_IN_STORE_D_QY_2017093','TO_R_BLANKSIM_IN_STORE_D_QY','3','CARD_ID','卡标识','STRING','','','','','N','空白卡取序列号','D2-2','2','');
insert into column_val (xmlid, col_xmlid, dataname, col_seq, colname, colcnname, datatype, length, precision_val, party_seq, isprimarykey, isnullable, remark, filed_type_child, sensitive_level, policyid) values ('TO_R_BLANKSIM_IN_STORE_D_QY_20161128','TO_R_BLANKSIM_IN_STORE_D_QY_2017094','TO_R_BLANKSIM_IN_STORE_D_QY','4','CITY','地市标识','STRING','','','','','N','例如：GZ','D2-2','2','');
insert into column_val (xmlid, col_xmlid, dataname, col_seq, colname, colcnname, datatype, length, precision_val, party_seq, isprimarykey, isnullable, remark, filed_type_child, sensitive_level, policyid) values ('TO_R_BLANKSIM_IN_STORE_D_QY_20161128','TO_R_BLANKSIM_IN_STORE_D_QY_2017095','TO_R_BLANKSIM_IN_STORE_D_QY','5','PRODUCT_ID','商品标识','BIGINT','','','','','N','例如：10000003','D2-2','2','');
insert into column_val (xmlid, col_xmlid, dataname, col_seq, colname, colcnname, datatype, length, precision_val, party_seq, isprimarykey, isnullable, remark, filed_type_child, sensitive_level, policyid) values ('TO_R_BLANKSIM_IN_STORE_D_QY_20161128','TO_R_BLANKSIM_IN_STORE_D_QY_2017096','TO_R_BLANKSIM_IN_STORE_D_QY','6','month','月份','INT','','','1','','N','','','','');
insert into column_val (xmlid, col_xmlid, dataname, col_seq, colname, colcnname, datatype, length, precision_val, party_seq, isprimarykey, isnullable, remark, filed_type_child, sensitive_level, policyid) values ('TO_R_BLANKSIM_IN_STORE_D_QY_20161128','TO_R_BLANKSIM_IN_STORE_D_QY_2017097','TO_R_BLANKSIM_IN_STORE_D_QY','7','day','日期','INT','','','2','','N','','','','');

insert into tablefile (xmlid, dbname, dataname, datacnname, state, cycletype, topiccode, extend_cfg, rightlevel, creater, curdutyer, eff_date, state_date, team_code, open_state, remark) values ('TO_R_BLANKSIM_IN_STORE_D_CZ_20161128','BD_B','TO_R_BLANKSIM_IN_STORE_D_CZ','ODS_空白SIM卡入库数据日增量(HWCRM)','NEW','day','LAYERI_IEVENT','{"EXTERNAL":"y","LOCATION":"/tenant/BIGDATA/JCFW/JRCL/BD_B/ODS/TO_R_BLANKSIM_IN_STORE_D/branch=CZ","FILEFORMAT":"TEXTFILE","DELIMITER":"|"}','其他','谢英俊','谢英俊', TIMESTAMP '2016-09-08 12:00:00', TIMESTAMP '2016-09-08 12:00:00','f2999fd5-c34e-402e-9b28-fec9fca13044','','接口层-事件主题域');
insert into column_val (xmlid, col_xmlid, dataname, col_seq, colname, colcnname, datatype, length, precision_val, party_seq, isprimarykey, isnullable, remark, filed_type_child, sensitive_level, policyid) values ('TO_R_BLANKSIM_IN_STORE_D_CZ_20161128','TO_R_BLANKSIM_IN_STORE_D_CZ_2017091','TO_R_BLANKSIM_IN_STORE_D_CZ','1','IN_CITY_TIME','入库时间','STRING','','','','','N','格式:YYYYMMDDHH24MISS','D2-2','2','');
insert into column_val (xmlid, col_xmlid, dataname, col_seq, colname, colcnname, datatype, length, precision_val, party_seq, isprimarykey, isnullable, remark, filed_type_child, sensitive_level, policyid) values ('TO_R_BLANKSIM_IN_STORE_D_CZ_20161128','TO_R_BLANKSIM_IN_STORE_D_CZ_2017092','TO_R_BLANKSIM_IN_STORE_D_CZ','2','CHANNEL','渠道','STRING','','','','','N','例如：GZA001','D2-2','2','');
insert into column_val (xmlid, col_xmlid, dataname, col_seq, colname, colcnname, datatype, length, precision_val, party_seq, isprimarykey, isnullable, remark, filed_type_child, sensitive_level, policyid) values ('TO_R_BLANKSIM_IN_STORE_D_CZ_20161128','TO_R_BLANKSIM_IN_STORE_D_CZ_2017093','TO_R_BLANKSIM_IN_STORE_D_CZ','3','CARD_ID','卡标识','STRING','','','','','N','空白卡取序列号','D2-2','2','');
insert into column_val (xmlid, col_xmlid, dataname, col_seq, colname, colcnname, datatype, length, precision_val, party_seq, isprimarykey, isnullable, remark, filed_type_child, sensitive_level, policyid) values ('TO_R_BLANKSIM_IN_STORE_D_CZ_20161128','TO_R_BLANKSIM_IN_STORE_D_CZ_2017094','TO_R_BLANKSIM_IN_STORE_D_CZ','4','CITY','地市标识','STRING','','','','','N','例如：GZ','D2-2','2','');
insert into column_val (xmlid, col_xmlid, dataname, col_seq, colname, colcnname, datatype, length, precision_val, party_seq, isprimarykey, isnullable, remark, filed_type_child, sensitive_level, policyid) values ('TO_R_BLANKSIM_IN_STORE_D_CZ_20161128','TO_R_BLANKSIM_IN_STORE_D_CZ_2017095','TO_R_BLANKSIM_IN_STORE_D_CZ','5','PRODUCT_ID','商品标识','BIGINT','','','','','N','例如：10000003','D2-2','2','');
insert into column_val (xmlid, col_xmlid, dataname, col_seq, colname, colcnname, datatype, length, precision_val, party_seq, isprimarykey, isnullable, remark, filed_type_child, sensitive_level, policyid) values ('TO_R_BLANKSIM_IN_STORE_D_CZ_20161128','TO_R_BLANKSIM_IN_STORE_D_CZ_2017096','TO_R_BLANKSIM_IN_STORE_D_CZ','6','month','月份','INT','','','1','','N','','','','');
insert into column_val (xmlid, col_xmlid, dataname, col_seq, colname, colcnname, datatype, length, precision_val, party_seq, isprimarykey, isnullable, remark, filed_type_child, sensitive_level, policyid) values ('TO_R_BLANKSIM_IN_STORE_D_CZ_20161128','TO_R_BLANKSIM_IN_STORE_D_CZ_2017097','TO_R_BLANKSIM_IN_STORE_D_CZ','7','day','日期','INT','','','2','','N','','','','');

insert into tablefile (xmlid, dbname, dataname, datacnname, state, cycletype, topiccode, extend_cfg, rightlevel, creater, curdutyer, eff_date, state_date, team_code, open_state, remark) values ('TO_R_BLANKSIM_IN_STORE_D_JY_20161128','BD_B','TO_R_BLANKSIM_IN_STORE_D_JY','ODS_空白SIM卡入库数据日增量(HWCRM)','NEW','day','LAYERI_IEVENT','{"EXTERNAL":"y","LOCATION":"/tenant/BIGDATA/JCFW/JRCL/BD_B/ODS/TO_R_BLANKSIM_IN_STORE_D/branch=JY","FILEFORMAT":"TEXTFILE","DELIMITER":"|"}','其他','谢英俊','谢英俊', TIMESTAMP '2016-09-08 12:00:00', TIMESTAMP '2016-09-08 12:00:00','f2999fd5-c34e-402e-9b28-fec9fca13044','','接口层-事件主题域');
insert into column_val (xmlid, col_xmlid, dataname, col_seq, colname, colcnname, datatype, length, precision_val, party_seq, isprimarykey, isnullable, remark, filed_type_child, sensitive_level, policyid) values ('TO_R_BLANKSIM_IN_STORE_D_JY_20161128','TO_R_BLANKSIM_IN_STORE_D_JY_2017091','TO_R_BLANKSIM_IN_STORE_D_JY','1','IN_CITY_TIME','入库时间','STRING','','','','','N','格式:YYYYMMDDHH24MISS','D2-2','2','');
insert into column_val (xmlid, col_xmlid, dataname, col_seq, colname, colcnname, datatype, length, precision_val, party_seq, isprimarykey, isnullable, remark, filed_type_child, sensitive_level, policyid) values ('TO_R_BLANKSIM_IN_STORE_D_JY_20161128','TO_R_BLANKSIM_IN_STORE_D_JY_2017092','TO_R_BLANKSIM_IN_STORE_D_JY','2','CHANNEL','渠道','STRING','','','','','N','例如：GZA001','D2-2','2','');
insert into column_val (xmlid, col_xmlid, dataname, col_seq, colname, colcnname, datatype, length, precision_val, party_seq, isprimarykey, isnullable, remark, filed_type_child, sensitive_level, policyid) values ('TO_R_BLANKSIM_IN_STORE_D_JY_20161128','TO_R_BLANKSIM_IN_STORE_D_JY_2017093','TO_R_BLANKSIM_IN_STORE_D_JY','3','CARD_ID','卡标识','STRING','','','','','N','空白卡取序列号','D2-2','2','');
insert into column_val (xmlid, col_xmlid, dataname, col_seq, colname, colcnname, datatype, length, precision_val, party_seq, isprimarykey, isnullable, remark, filed_type_child, sensitive_level, policyid) values ('TO_R_BLANKSIM_IN_STORE_D_JY_20161128','TO_R_BLANKSIM_IN_STORE_D_JY_2017094','TO_R_BLANKSIM_IN_STORE_D_JY','4','CITY','地市标识','STRING','','','','','N','例如：GZ','D2-2','2','');
insert into column_val (xmlid, col_xmlid, dataname, col_seq, colname, colcnname, datatype, length, precision_val, party_seq, isprimarykey, isnullable, remark, filed_type_child, sensitive_level, policyid) values ('TO_R_BLANKSIM_IN_STORE_D_JY_20161128','TO_R_BLANKSIM_IN_STORE_D_JY_2017095','TO_R_BLANKSIM_IN_STORE_D_JY','5','PRODUCT_ID','商品标识','BIGINT','','','','','N','例如：10000003','D2-2','2','');
insert into column_val (xmlid, col_xmlid, dataname, col_seq, colname, colcnname, datatype, length, precision_val, party_seq, isprimarykey, isnullable, remark, filed_type_child, sensitive_level, policyid) values ('TO_R_BLANKSIM_IN_STORE_D_JY_20161128','TO_R_BLANKSIM_IN_STORE_D_JY_2017096','TO_R_BLANKSIM_IN_STORE_D_JY','6','month','月份','INT','','','1','','N','','','','');
insert into column_val (xmlid, col_xmlid, dataname, col_seq, colname, colcnname, datatype, length, precision_val, party_seq, isprimarykey, isnullable, remark, filed_type_child, sensitive_level, policyid) values ('TO_R_BLANKSIM_IN_STORE_D_JY_20161128','TO_R_BLANKSIM_IN_STORE_D_JY_2017097','TO_R_BLANKSIM_IN_STORE_D_JY','7','day','日期','INT','','','2','','N','','','','');

insert into tablefile (xmlid, dbname, dataname, datacnname, state, cycletype, topiccode, extend_cfg, rightlevel, creater, curdutyer, eff_date, state_date, team_code, open_state, remark) values ('TO_R_BLANKSIM_IN_STORE_D_YF_20161128','BD_B','TO_R_BLANKSIM_IN_STORE_D_YF','ODS_空白SIM卡入库数据日增量(HWCRM)','NEW','day','LAYERI_IEVENT','{"EXTERNAL":"y","LOCATION":"/tenant/BIGDATA/JCFW/JRCL/BD_B/ODS/TO_R_BLANKSIM_IN_STORE_D/branch=YF","FILEFORMAT":"TEXTFILE","DELIMITER":"|"}','其他','谢英俊','谢英俊', TIMESTAMP '2016-09-08 12:00:00', TIMESTAMP '2016-09-08 12:00:00','f2999fd5-c34e-402e-9b28-fec9fca13044','','接口层-事件主题域');
insert into column_val (xmlid, col_xmlid, dataname, col_seq, colname, colcnname, datatype, length, precision_val, party_seq, isprimarykey, isnullable, remark, filed_type_child, sensitive_level, policyid) values ('TO_R_BLANKSIM_IN_STORE_D_YF_20161128','TO_R_BLANKSIM_IN_STORE_D_YF_2017091','TO_R_BLANKSIM_IN_STORE_D_YF','1','IN_CITY_TIME','入库时间','STRING','','','','','N','格式:YYYYMMDDHH24MISS','D2-2','2','');
insert into column_val (xmlid, col_xmlid, dataname, col_seq, colname, colcnname, datatype, length, precision_val, party_seq, isprimarykey, isnullable, remark, filed_type_child, sensitive_level, policyid) values ('TO_R_BLANKSIM_IN_STORE_D_YF_20161128','TO_R_BLANKSIM_IN_STORE_D_YF_2017092','TO_R_BLANKSIM_IN_STORE_D_YF','2','CHANNEL','渠道','STRING','','','','','N','例如：GZA001','D2-2','2','');
insert into column_val (xmlid, col_xmlid, dataname, col_seq, colname, colcnname, datatype, length, precision_val, party_seq, isprimarykey, isnullable, remark, filed_type_child, sensitive_level, policyid) values ('TO_R_BLANKSIM_IN_STORE_D_YF_20161128','TO_R_BLANKSIM_IN_STORE_D_YF_2017093','TO_R_BLANKSIM_IN_STORE_D_YF','3','CARD_ID','卡标识','STRING','','','','','N','空白卡取序列号','D2-2','2','');
insert into column_val (xmlid, col_xmlid, dataname, col_seq, colname, colcnname, datatype, length, precision_val, party_seq, isprimarykey, isnullable, remark, filed_type_child, sensitive_level, policyid) values ('TO_R_BLANKSIM_IN_STORE_D_YF_20161128','TO_R_BLANKSIM_IN_STORE_D_YF_2017094','TO_R_BLANKSIM_IN_STORE_D_YF','4','CITY','地市标识','STRING','','','','','N','例如：GZ','D2-2','2','');
insert into column_val (xmlid, col_xmlid, dataname, col_seq, colname, colcnname, datatype, length, precision_val, party_seq, isprimarykey, isnullable, remark, filed_type_child, sensitive_level, policyid) values ('TO_R_BLANKSIM_IN_STORE_D_YF_20161128','TO_R_BLANKSIM_IN_STORE_D_YF_2017095','TO_R_BLANKSIM_IN_STORE_D_YF','5','PRODUCT_ID','商品标识','BIGINT','','','','','N','例如：10000003','D2-2','2','');
insert into column_val (xmlid, col_xmlid, dataname, col_seq, colname, colcnname, datatype, length, precision_val, party_seq, isprimarykey, isnullable, remark, filed_type_child, sensitive_level, policyid) values ('TO_R_BLANKSIM_IN_STORE_D_YF_20161128','TO_R_BLANKSIM_IN_STORE_D_YF_2017096','TO_R_BLANKSIM_IN_STORE_D_YF','6','month','月份','INT','','','1','','N','','','','');
insert into column_val (xmlid, col_xmlid, dataname, col_seq, colname, colcnname, datatype, length, precision_val, party_seq, isprimarykey, isnullable, remark, filed_type_child, sensitive_level, policyid) values ('TO_R_BLANKSIM_IN_STORE_D_YF_20161128','TO_R_BLANKSIM_IN_STORE_D_YF_2017097','TO_R_BLANKSIM_IN_STORE_D_YF','7','day','日期','INT','','','2','','N','','','','');

insert into tablefile (xmlid, dbname, dataname, datacnname, state, cycletype, topiccode, extend_cfg, rightlevel, creater, curdutyer, eff_date, state_date, team_code, open_state, remark) values ('TO_R_CORP_XXT_CODEBI_D_GZ','BD_B','TO_R_CORP_XXT_CODEBI_D_GZ','ODS_校讯通BI全省业务代码日全量表','NEW','other','LAYERI_IRES','{"EXTERNAL":"y","LOCATION":"/tenant/BIGDATA/JCFW/JRCL/BD_B/ODS/TO_R_CORP_XXT_CODEBI_D/branch=GZ","FILEFORMAT":"TEXTFILE","DELIMITER":"@#$"}','其他','谢英俊','谢英俊', TIMESTAMP '2016-07-11 12:00:00', TIMESTAMP '2016-09-28 12:00:00','f2999fd5-c34e-402e-9b28-fec9fca13044','','接口层-资源主题域');
insert into column_val (xmlid, col_xmlid, dataname, col_seq, colname, colcnname, datatype, length, precision_val, party_seq, isprimarykey, isnullable, remark, filed_type_child, sensitive_level, policyid) values ('TO_R_CORP_XXT_CODEBI_D_GZ','TO_R_CORP_XXT_CODEBI_D_GZ_2017091','TO_R_CORP_XXT_CODEBI_D_GZ','1','SID','序号','INT','','','','1','N','','D2-2','2','');
insert into column_val (xmlid, col_xmlid, dataname, col_seq, colname, colcnname, datatype, length, precision_val, party_seq, isprimarykey, isnullable, remark, filed_type_child, sensitive_level, policyid) values ('TO_R_CORP_XXT_CODEBI_D_GZ','TO_R_CORP_XXT_CODEBI_D_GZ_2017092','TO_R_CORP_XXT_CODEBI_D_GZ','2','CMCC_BRANCH_CD','地市','STRING','','','','','Y','','D2-2','2','');
insert into column_val (xmlid, col_xmlid, dataname, col_seq, colname, colcnname, datatype, length, precision_val, party_seq, isprimarykey, isnullable, remark, filed_type_child, sensitive_level, policyid) values ('TO_R_CORP_XXT_CODEBI_D_GZ','TO_R_CORP_XXT_CODEBI_D_GZ_2017093','TO_R_CORP_XXT_CODEBI_D_GZ','3','BUSI_BRIEF','业务名称','STRING','','','','','Y','','D2-2','2','');
insert into column_val (xmlid, col_xmlid, dataname, col_seq, colname, colcnname, datatype, length, precision_val, party_seq, isprimarykey, isnullable, remark, filed_type_child, sensitive_level, policyid) values ('TO_R_CORP_XXT_CODEBI_D_GZ','TO_R_CORP_XXT_CODEBI_D_GZ_2017094','TO_R_CORP_XXT_CODEBI_D_GZ','4','EFF_DT','制作日期','INT','','','','','Y','','D2-2','2','');
insert into column_val (xmlid, col_xmlid, dataname, col_seq, colname, colcnname, datatype, length, precision_val, party_seq, isprimarykey, isnullable, remark, filed_type_child, sensitive_level, policyid) values ('TO_R_CORP_XXT_CODEBI_D_GZ','TO_R_CORP_XXT_CODEBI_D_GZ_2017095','TO_R_CORP_XXT_CODEBI_D_GZ','5','SP_SERV_CD','端口','STRING','','','','','Y','','D2-2','2','');
insert into column_val (xmlid, col_xmlid, dataname, col_seq, colname, colcnname, datatype, length, precision_val, party_seq, isprimarykey, isnullable, remark, filed_type_child, sensitive_level, policyid) values ('TO_R_CORP_XXT_CODEBI_D_GZ','TO_R_CORP_XXT_CODEBI_D_GZ_2017096','TO_R_CORP_XXT_CODEBI_D_GZ','6','SP_SUBBUSI_CD','业务代码','STRING','','','','','Y','','D2-2','2','');
insert into column_val (xmlid, col_xmlid, dataname, col_seq, colname, colcnname, datatype, length, precision_val, party_seq, isprimarykey, isnullable, remark, filed_type_child, sensitive_level, policyid) values ('TO_R_CORP_XXT_CODEBI_D_GZ','TO_R_CORP_XXT_CODEBI_D_GZ_2017097','TO_R_CORP_XXT_CODEBI_D_GZ','7','APPLY_SCOPE','业务级别','INT','','','','','Y','1：市级
2：省级','D2-2','2','');
insert into column_val (xmlid, col_xmlid, dataname, col_seq, colname, colcnname, datatype, length, precision_val, party_seq, isprimarykey, isnullable, remark, filed_type_child, sensitive_level, policyid) values ('TO_R_CORP_XXT_CODEBI_D_GZ','TO_R_CORP_XXT_CODEBI_D_GZ_2017098','TO_R_CORP_XXT_CODEBI_D_GZ','8','SP_SUBBUSI_TYP','SP_SUBBUSI_TYP','STRING','','','','','Y','','D2-2','2','');
insert into column_val (xmlid, col_xmlid, dataname, col_seq, colname, colcnname, datatype, length, precision_val, party_seq, isprimarykey, isnullable, remark, filed_type_child, sensitive_level, policyid) values ('TO_R_CORP_XXT_CODEBI_D_GZ','TO_R_CORP_XXT_CODEBI_D_GZ_2017099','TO_R_CORP_XXT_CODEBI_D_GZ','9','TARIFF','资费','DECIMAL','12','2','','','Y','','D2-2','2','');
insert into column_val (xmlid, col_xmlid, dataname, col_seq, colname, colcnname, datatype, length, precision_val, party_seq, isprimarykey, isnullable, remark, filed_type_child, sensitive_level, policyid) values ('TO_R_CORP_XXT_CODEBI_D_GZ','TO_R_CORP_XXT_CODEBI_D_GZ_20170910','TO_R_CORP_XXT_CODEBI_D_GZ','10','SP_SERV_TYP','端口类型','SMALLINT','','','','','Y','0：表示原和校园端口 1：表示点播业务','D2-2','2','');

insert into tablefile (xmlid, dbname, dataname, datacnname, state, cycletype, topiccode, extend_cfg, rightlevel, creater, curdutyer, eff_date, state_date, team_code, open_state, remark) values ('TO_R_CORP_XXT_CODEBI_D_SZ','BD_B','TO_R_CORP_XXT_CODEBI_D_SZ','ODS_校讯通BI全省业务代码日全量表','NEW','other','LAYERI_IRES','{"EXTERNAL":"y","LOCATION":"/tenant/BIGDATA/JCFW/JRCL/BD_B/ODS/TO_R_CORP_XXT_CODEBI_D/branch=SZ","FILEFORMAT":"TEXTFILE","DELIMITER":"@#$"}','其他','谢英俊','谢英俊', TIMESTAMP '2016-07-11 12:00:00', TIMESTAMP '2016-09-28 12:00:00','f2999fd5-c34e-402e-9b28-fec9fca13044','','接口层-资源主题域');
insert into column_val (xmlid, col_xmlid, dataname, col_seq, colname, colcnname, datatype, length, precision_val, party_seq, isprimarykey, isnullable, remark, filed_type_child, sensitive_level, policyid) values ('TO_R_CORP_XXT_CODEBI_D_SZ','TO_R_CORP_XXT_CODEBI_D_SZ_2017091','TO_R_CORP_XXT_CODEBI_D_SZ','1','SID','序号','INT','','','','1','N','','D2-2','2','');
insert into column_val (xmlid, col_xmlid, dataname, col_seq, colname, colcnname, datatype, length, precision_val, party_seq, isprimarykey, isnullable, remark, filed_type_child, sensitive_level, policyid) values ('TO_R_CORP_XXT_CODEBI_D_SZ','TO_R_CORP_XXT_CODEBI_D_SZ_2017092','TO_R_CORP_XXT_CODEBI_D_SZ','2','CMCC_BRANCH_CD','地市','STRING','','','','','Y','','D2-2','2','');
insert into column_val (xmlid, col_xmlid, dataname, col_seq, colname, colcnname, datatype, length, precision_val, party_seq, isprimarykey, isnullable, remark, filed_type_child, sensitive_level, policyid) values ('TO_R_CORP_XXT_CODEBI_D_SZ','TO_R_CORP_XXT_CODEBI_D_SZ_2017093','TO_R_CORP_XXT_CODEBI_D_SZ','3','BUSI_BRIEF','业务名称','STRING','','','','','Y','','D2-2','2','');
insert into column_val (xmlid, col_xmlid, dataname, col_seq, colname, colcnname, datatype, length, precision_val, party_seq, isprimarykey, isnullable, remark, filed_type_child, sensitive_level, policyid) values ('TO_R_CORP_XXT_CODEBI_D_SZ','TO_R_CORP_XXT_CODEBI_D_SZ_2017094','TO_R_CORP_XXT_CODEBI_D_SZ','4','EFF_DT','制作日期','INT','','','','','Y','','D2-2','2','');
insert into column_val (xmlid, col_xmlid, dataname, col_seq, colname, colcnname, datatype, length, precision_val, party_seq, isprimarykey, isnullable, remark, filed_type_child, sensitive_level, policyid) values ('TO_R_CORP_XXT_CODEBI_D_SZ','TO_R_CORP_XXT_CODEBI_D_SZ_2017095','TO_R_CORP_XXT_CODEBI_D_SZ','5','SP_SERV_CD','端口','STRING','','','','','Y','','D2-2','2','');
insert into column_val (xmlid, col_xmlid, dataname, col_seq, colname, colcnname, datatype, length, precision_val, party_seq, isprimarykey, isnullable, remark, filed_type_child, sensitive_level, policyid) values ('TO_R_CORP_XXT_CODEBI_D_SZ','TO_R_CORP_XXT_CODEBI_D_SZ_2017096','TO_R_CORP_XXT_CODEBI_D_SZ','6','SP_SUBBUSI_CD','业务代码','STRING','','','','','Y','','D2-2','2','');
insert into column_val (xmlid, col_xmlid, dataname, col_seq, colname, colcnname, datatype, length, precision_val, party_seq, isprimarykey, isnullable, remark, filed_type_child, sensitive_level, policyid) values ('TO_R_CORP_XXT_CODEBI_D_SZ','TO_R_CORP_XXT_CODEBI_D_SZ_2017097','TO_R_CORP_XXT_CODEBI_D_SZ','7','APPLY_SCOPE','业务级别','INT','','','','','Y','1：市级
2：省级','D2-2','2','');
insert into column_val (xmlid, col_xmlid, dataname, col_seq, colname, colcnname, datatype, length, precision_val, party_seq, isprimarykey, isnullable, remark, filed_type_child, sensitive_level, policyid) values ('TO_R_CORP_XXT_CODEBI_D_SZ','TO_R_CORP_XXT_CODEBI_D_SZ_2017098','TO_R_CORP_XXT_CODEBI_D_SZ','8','SP_SUBBUSI_TYP','SP_SUBBUSI_TYP','STRING','','','','','Y','','D2-2','2','');
insert into column_val (xmlid, col_xmlid, dataname, col_seq, colname, colcnname, datatype, length, precision_val, party_seq, isprimarykey, isnullable, remark, filed_type_child, sensitive_level, policyid) values ('TO_R_CORP_XXT_CODEBI_D_SZ','TO_R_CORP_XXT_CODEBI_D_SZ_2017099','TO_R_CORP_XXT_CODEBI_D_SZ','9','TARIFF','资费','DECIMAL','12','2','','','Y','','D2-2','2','');
insert into column_val (xmlid, col_xmlid, dataname, col_seq, colname, colcnname, datatype, length, precision_val, party_seq, isprimarykey, isnullable, remark, filed_type_child, sensitive_level, policyid) values ('TO_R_CORP_XXT_CODEBI_D_SZ','TO_R_CORP_XXT_CODEBI_D_SZ_20170910','TO_R_CORP_XXT_CODEBI_D_SZ','10','SP_SERV_TYP','端口类型','SMALLINT','','','','','Y','0：表示原和校园端口 1：表示点播业务','D2-2','2','');

insert into tablefile (xmlid, dbname, dataname, datacnname, state, cycletype, topiccode, extend_cfg, rightlevel, creater, curdutyer, eff_date, state_date, team_code, open_state, remark) values ('TO_R_CORP_XXT_CODEBI_D_DG','BD_B','TO_R_CORP_XXT_CODEBI_D_DG','ODS_校讯通BI全省业务代码日全量表','NEW','other','LAYERI_IRES','{"EXTERNAL":"y","LOCATION":"/tenant/BIGDATA/JCFW/JRCL/BD_B/ODS/TO_R_CORP_XXT_CODEBI_D/branch=DG","FILEFORMAT":"TEXTFILE","DELIMITER":"@#$"}','其他','谢英俊','谢英俊', TIMESTAMP '2016-07-11 12:00:00', TIMESTAMP '2016-09-28 12:00:00','f2999fd5-c34e-402e-9b28-fec9fca13044','','接口层-资源主题域');
insert into column_val (xmlid, col_xmlid, dataname, col_seq, colname, colcnname, datatype, length, precision_val, party_seq, isprimarykey, isnullable, remark, filed_type_child, sensitive_level, policyid) values ('TO_R_CORP_XXT_CODEBI_D_DG','TO_R_CORP_XXT_CODEBI_D_DG_2017091','TO_R_CORP_XXT_CODEBI_D_DG','1','SID','序号','INT','','','','1','N','','D2-2','2','');
insert into column_val (xmlid, col_xmlid, dataname, col_seq, colname, colcnname, datatype, length, precision_val, party_seq, isprimarykey, isnullable, remark, filed_type_child, sensitive_level, policyid) values ('TO_R_CORP_XXT_CODEBI_D_DG','TO_R_CORP_XXT_CODEBI_D_DG_2017092','TO_R_CORP_XXT_CODEBI_D_DG','2','CMCC_BRANCH_CD','地市','STRING','','','','','Y','','D2-2','2','');
insert into column_val (xmlid, col_xmlid, dataname, col_seq, colname, colcnname, datatype, length, precision_val, party_seq, isprimarykey, isnullable, remark, filed_type_child, sensitive_level, policyid) values ('TO_R_CORP_XXT_CODEBI_D_DG','TO_R_CORP_XXT_CODEBI_D_DG_2017093','TO_R_CORP_XXT_CODEBI_D_DG','3','BUSI_BRIEF','业务名称','STRING','','','','','Y','','D2-2','2','');
insert into column_val (xmlid, col_xmlid, dataname, col_seq, colname, colcnname, datatype, length, precision_val, party_seq, isprimarykey, isnullable, remark, filed_type_child, sensitive_level, policyid) values ('TO_R_CORP_XXT_CODEBI_D_DG','TO_R_CORP_XXT_CODEBI_D_DG_2017094','TO_R_CORP_XXT_CODEBI_D_DG','4','EFF_DT','制作日期','INT','','','','','Y','','D2-2','2','');
insert into column_val (xmlid, col_xmlid, dataname, col_seq, colname, colcnname, datatype, length, precision_val, party_seq, isprimarykey, isnullable, remark, filed_type_child, sensitive_level, policyid) values ('TO_R_CORP_XXT_CODEBI_D_DG','TO_R_CORP_XXT_CODEBI_D_DG_2017095','TO_R_CORP_XXT_CODEBI_D_DG','5','SP_SERV_CD','端口','STRING','','','','','Y','','D2-2','2','');
insert into column_val (xmlid, col_xmlid, dataname, col_seq, colname, colcnname, datatype, length, precision_val, party_seq, isprimarykey, isnullable, remark, filed_type_child, sensitive_level, policyid) values ('TO_R_CORP_XXT_CODEBI_D_DG','TO_R_CORP_XXT_CODEBI_D_DG_2017096','TO_R_CORP_XXT_CODEBI_D_DG','6','SP_SUBBUSI_CD','业务代码','STRING','','','','','Y','','D2-2','2','');
insert into column_val (xmlid, col_xmlid, dataname, col_seq, colname, colcnname, datatype, length, precision_val, party_seq, isprimarykey, isnullable, remark, filed_type_child, sensitive_level, policyid) values ('TO_R_CORP_XXT_CODEBI_D_DG','TO_R_CORP_XXT_CODEBI_D_DG_2017097','TO_R_CORP_XXT_CODEBI_D_DG','7','APPLY_SCOPE','业务级别','INT','','','','','Y','1：市级
2：省级','D2-2','2','');
insert into column_val (xmlid, col_xmlid, dataname, col_seq, colname, colcnname, datatype, length, precision_val, party_seq, isprimarykey, isnullable, remark, filed_type_child, sensitive_level, policyid) values ('TO_R_CORP_XXT_CODEBI_D_DG','TO_R_CORP_XXT_CODEBI_D_DG_2017098','TO_R_CORP_XXT_CODEBI_D_DG','8','SP_SUBBUSI_TYP','SP_SUBBUSI_TYP','STRING','','','','','Y','','D2-2','2','');
insert into column_val (xmlid, col_xmlid, dataname, col_seq, colname, colcnname, datatype, length, precision_val, party_seq, isprimarykey, isnullable, remark, filed_type_child, sensitive_level, policyid) values ('TO_R_CORP_XXT_CODEBI_D_DG','TO_R_CORP_XXT_CODEBI_D_DG_2017099','TO_R_CORP_XXT_CODEBI_D_DG','9','TARIFF','资费','DECIMAL','12','2','','','Y','','D2-2','2','');
insert into column_val (xmlid, col_xmlid, dataname, col_seq, colname, colcnname, datatype, length, precision_val, party_seq, isprimarykey, isnullable, remark, filed_type_child, sensitive_level, policyid) values ('TO_R_CORP_XXT_CODEBI_D_DG','TO_R_CORP_XXT_CODEBI_D_DG_20170910','TO_R_CORP_XXT_CODEBI_D_DG','10','SP_SERV_TYP','端口类型','SMALLINT','','','','','Y','0：表示原和校园端口 1：表示点播业务','D2-2','2','');

insert into tablefile (xmlid, dbname, dataname, datacnname, state, cycletype, topiccode, extend_cfg, rightlevel, creater, curdutyer, eff_date, state_date, team_code, open_state, remark) values ('TO_R_CORP_XXT_CODEBI_D_FS','BD_B','TO_R_CORP_XXT_CODEBI_D_FS','ODS_校讯通BI全省业务代码日全量表','NEW','other','LAYERI_IRES','{"EXTERNAL":"y","LOCATION":"/tenant/BIGDATA/JCFW/JRCL/BD_B/ODS/TO_R_CORP_XXT_CODEBI_D/branch=FS","FILEFORMAT":"TEXTFILE","DELIMITER":"@#$"}','其他','谢英俊','谢英俊', TIMESTAMP '2016-07-11 12:00:00', TIMESTAMP '2016-09-28 12:00:00','f2999fd5-c34e-402e-9b28-fec9fca13044','','接口层-资源主题域');
insert into column_val (xmlid, col_xmlid, dataname, col_seq, colname, colcnname, datatype, length, precision_val, party_seq, isprimarykey, isnullable, remark, filed_type_child, sensitive_level, policyid) values ('TO_R_CORP_XXT_CODEBI_D_FS','TO_R_CORP_XXT_CODEBI_D_FS_2017091','TO_R_CORP_XXT_CODEBI_D_FS','1','SID','序号','INT','','','','1','N','','D2-2','2','');
insert into column_val (xmlid, col_xmlid, dataname, col_seq, colname, colcnname, datatype, length, precision_val, party_seq, isprimarykey, isnullable, remark, filed_type_child, sensitive_level, policyid) values ('TO_R_CORP_XXT_CODEBI_D_FS','TO_R_CORP_XXT_CODEBI_D_FS_2017092','TO_R_CORP_XXT_CODEBI_D_FS','2','CMCC_BRANCH_CD','地市','STRING','','','','','Y','','D2-2','2','');
insert into column_val (xmlid, col_xmlid, dataname, col_seq, colname, colcnname, datatype, length, precision_val, party_seq, isprimarykey, isnullable, remark, filed_type_child, sensitive_level, policyid) values ('TO_R_CORP_XXT_CODEBI_D_FS','TO_R_CORP_XXT_CODEBI_D_FS_2017093','TO_R_CORP_XXT_CODEBI_D_FS','3','BUSI_BRIEF','业务名称','STRING','','','','','Y','','D2-2','2','');
insert into column_val (xmlid, col_xmlid, dataname, col_seq, colname, colcnname, datatype, length, precision_val, party_seq, isprimarykey, isnullable, remark, filed_type_child, sensitive_level, policyid) values ('TO_R_CORP_XXT_CODEBI_D_FS','TO_R_CORP_XXT_CODEBI_D_FS_2017094','TO_R_CORP_XXT_CODEBI_D_FS','4','EFF_DT','制作日期','INT','','','','','Y','','D2-2','2','');
insert into column_val (xmlid, col_xmlid, dataname, col_seq, colname, colcnname, datatype, length, precision_val, party_seq, isprimarykey, isnullable, remark, filed_type_child, sensitive_level, policyid) values ('TO_R_CORP_XXT_CODEBI_D_FS','TO_R_CORP_XXT_CODEBI_D_FS_2017095','TO_R_CORP_XXT_CODEBI_D_FS','5','SP_SERV_CD','端口','STRING','','','','','Y','','D2-2','2','');
insert into column_val (xmlid, col_xmlid, dataname, col_seq, colname, colcnname, datatype, length, precision_val, party_seq, isprimarykey, isnullable, remark, filed_type_child, sensitive_level, policyid) values ('TO_R_CORP_XXT_CODEBI_D_FS','TO_R_CORP_XXT_CODEBI_D_FS_2017096','TO_R_CORP_XXT_CODEBI_D_FS','6','SP_SUBBUSI_CD','业务代码','STRING','','','','','Y','','D2-2','2','');
insert into column_val (xmlid, col_xmlid, dataname, col_seq, colname, colcnname, datatype, length, precision_val, party_seq, isprimarykey, isnullable, remark, filed_type_child, sensitive_level, policyid) values ('TO_R_CORP_XXT_CODEBI_D_FS','TO_R_CORP_XXT_CODEBI_D_FS_2017097','TO_R_CORP_XXT_CODEBI_D_FS','7','APPLY_SCOPE','业务级别','INT','','','','','Y','1：市级
2：省级','D2-2','2','');
insert into column_val (xmlid, col_xmlid, dataname, col_seq, colname, colcnname, datatype, length, precision_val, party_seq, isprimarykey, isnullable, remark, filed_type_child, sensitive_level, policyid) values ('TO_R_CORP_XXT_CODEBI_D_FS','TO_R_CORP_XXT_CODEBI_D_FS_2017098','TO_R_CORP_XXT_CODEBI_D_FS','8','SP_SUBBUSI_TYP','SP_SUBBUSI_TYP','STRING','','','','','Y','','D2-2','2','');
insert into column_val (xmlid, col_xmlid, dataname, col_seq, colname, colcnname, datatype, length, precision_val, party_seq, isprimarykey, isnullable, remark, filed_type_child, sensitive_level, policyid) values ('TO_R_CORP_XXT_CODEBI_D_FS','TO_R_CORP_XXT_CODEBI_D_FS_2017099','TO_R_CORP_XXT_CODEBI_D_FS','9','TARIFF','资费','DECIMAL','12','2','','','Y','','D2-2','2','');
insert into column_val (xmlid, col_xmlid, dataname, col_seq, colname, colcnname, datatype, length, precision_val, party_seq, isprimarykey, isnullable, remark, filed_type_child, sensitive_level, policyid) values ('TO_R_CORP_XXT_CODEBI_D_FS','TO_R_CORP_XXT_CODEBI_D_FS_20170910','TO_R_CORP_XXT_CODEBI_D_FS','10','SP_SERV_TYP','端口类型','SMALLINT','','','','','Y','0：表示原和校园端口 1：表示点播业务','D2-2','2','');

insert into tablefile (xmlid, dbname, dataname, datacnname, state, cycletype, topiccode, extend_cfg, rightlevel, creater, curdutyer, eff_date, state_date, team_code, open_state, remark) values ('TO_R_CORP_XXT_CODEBI_D_ST','BD_B','TO_R_CORP_XXT_CODEBI_D_ST','ODS_校讯通BI全省业务代码日全量表','NEW','other','LAYERI_IRES','{"EXTERNAL":"y","LOCATION":"/tenant/BIGDATA/JCFW/JRCL/BD_B/ODS/TO_R_CORP_XXT_CODEBI_D/branch=ST","FILEFORMAT":"TEXTFILE","DELIMITER":"@#$"}','其他','谢英俊','谢英俊', TIMESTAMP '2016-07-11 12:00:00', TIMESTAMP '2016-09-28 12:00:00','f2999fd5-c34e-402e-9b28-fec9fca13044','','接口层-资源主题域');
insert into column_val (xmlid, col_xmlid, dataname, col_seq, colname, colcnname, datatype, length, precision_val, party_seq, isprimarykey, isnullable, remark, filed_type_child, sensitive_level, policyid) values ('TO_R_CORP_XXT_CODEBI_D_ST','TO_R_CORP_XXT_CODEBI_D_ST_2017091','TO_R_CORP_XXT_CODEBI_D_ST','1','SID','序号','INT','','','','1','N','','D2-2','2','');
insert into column_val (xmlid, col_xmlid, dataname, col_seq, colname, colcnname, datatype, length, precision_val, party_seq, isprimarykey, isnullable, remark, filed_type_child, sensitive_level, policyid) values ('TO_R_CORP_XXT_CODEBI_D_ST','TO_R_CORP_XXT_CODEBI_D_ST_2017092','TO_R_CORP_XXT_CODEBI_D_ST','2','CMCC_BRANCH_CD','地市','STRING','','','','','Y','','D2-2','2','');
insert into column_val (xmlid, col_xmlid, dataname, col_seq, colname, colcnname, datatype, length, precision_val, party_seq, isprimarykey, isnullable, remark, filed_type_child, sensitive_level, policyid) values ('TO_R_CORP_XXT_CODEBI_D_ST','TO_R_CORP_XXT_CODEBI_D_ST_2017093','TO_R_CORP_XXT_CODEBI_D_ST','3','BUSI_BRIEF','业务名称','STRING','','','','','Y','','D2-2','2','');
insert into column_val (xmlid, col_xmlid, dataname, col_seq, colname, colcnname, datatype, length, precision_val, party_seq, isprimarykey, isnullable, remark, filed_type_child, sensitive_level, policyid) values ('TO_R_CORP_XXT_CODEBI_D_ST','TO_R_CORP_XXT_CODEBI_D_ST_2017094','TO_R_CORP_XXT_CODEBI_D_ST','4','EFF_DT','制作日期','INT','','','','','Y','','D2-2','2','');
insert into column_val (xmlid, col_xmlid, dataname, col_seq, colname, colcnname, datatype, length, precision_val, party_seq, isprimarykey, isnullable, remark, filed_type_child, sensitive_level, policyid) values ('TO_R_CORP_XXT_CODEBI_D_ST','TO_R_CORP_XXT_CODEBI_D_ST_2017095','TO_R_CORP_XXT_CODEBI_D_ST','5','SP_SERV_CD','端口','STRING','','','','','Y','','D2-2','2','');
insert into column_val (xmlid, col_xmlid, dataname, col_seq, colname, colcnname, datatype, length, precision_val, party_seq, isprimarykey, isnullable, remark, filed_type_child, sensitive_level, policyid) values ('TO_R_CORP_XXT_CODEBI_D_ST','TO_R_CORP_XXT_CODEBI_D_ST_2017096','TO_R_CORP_XXT_CODEBI_D_ST','6','SP_SUBBUSI_CD','业务代码','STRING','','','','','Y','','D2-2','2','');
insert into column_val (xmlid, col_xmlid, dataname, col_seq, colname, colcnname, datatype, length, precision_val, party_seq, isprimarykey, isnullable, remark, filed_type_child, sensitive_level, policyid) values ('TO_R_CORP_XXT_CODEBI_D_ST','TO_R_CORP_XXT_CODEBI_D_ST_2017097','TO_R_CORP_XXT_CODEBI_D_ST','7','APPLY_SCOPE','业务级别','INT','','','','','Y','1：市级
2：省级','D2-2','2','');
insert into column_val (xmlid, col_xmlid, dataname, col_seq, colname, colcnname, datatype, length, precision_val, party_seq, isprimarykey, isnullable, remark, filed_type_child, sensitive_level, policyid) values ('TO_R_CORP_XXT_CODEBI_D_ST','TO_R_CORP_XXT_CODEBI_D_ST_2017098','TO_R_CORP_XXT_CODEBI_D_ST','8','SP_SUBBUSI_TYP','SP_SUBBUSI_TYP','STRING','','','','','Y','','D2-2','2','');
insert into column_val (xmlid, col_xmlid, dataname, col_seq, colname, colcnname, datatype, length, precision_val, party_seq, isprimarykey, isnullable, remark, filed_type_child, sensitive_level, policyid) values ('TO_R_CORP_XXT_CODEBI_D_ST','TO_R_CORP_XXT_CODEBI_D_ST_2017099','TO_R_CORP_XXT_CODEBI_D_ST','9','TARIFF','资费','DECIMAL','12','2','','','Y','','D2-2','2','');
insert into column_val (xmlid, col_xmlid, dataname, col_seq, colname, colcnname, datatype, length, precision_val, party_seq, isprimarykey, isnullable, remark, filed_type_child, sensitive_level, policyid) values ('TO_R_CORP_XXT_CODEBI_D_ST','TO_R_CORP_XXT_CODEBI_D_ST_20170910','TO_R_CORP_XXT_CODEBI_D_ST','10','SP_SERV_TYP','端口类型','SMALLINT','','','','','Y','0：表示原和校园端口 1：表示点播业务','D2-2','2','');

insert into tablefile (xmlid, dbname, dataname, datacnname, state, cycletype, topiccode, extend_cfg, rightlevel, creater, curdutyer, eff_date, state_date, team_code, open_state, remark) values ('TO_R_CORP_XXT_CODEBI_D_ZH','BD_B','TO_R_CORP_XXT_CODEBI_D_ZH','ODS_校讯通BI全省业务代码日全量表','NEW','other','LAYERI_IRES','{"EXTERNAL":"y","LOCATION":"/tenant/BIGDATA/JCFW/JRCL/BD_B/ODS/TO_R_CORP_XXT_CODEBI_D/branch=ZH","FILEFORMAT":"TEXTFILE","DELIMITER":"@#$"}','其他','谢英俊','谢英俊', TIMESTAMP '2016-07-11 12:00:00', TIMESTAMP '2016-09-28 12:00:00','f2999fd5-c34e-402e-9b28-fec9fca13044','','接口层-资源主题域');
insert into column_val (xmlid, col_xmlid, dataname, col_seq, colname, colcnname, datatype, length, precision_val, party_seq, isprimarykey, isnullable, remark, filed_type_child, sensitive_level, policyid) values ('TO_R_CORP_XXT_CODEBI_D_ZH','TO_R_CORP_XXT_CODEBI_D_ZH_2017091','TO_R_CORP_XXT_CODEBI_D_ZH','1','SID','序号','INT','','','','1','N','','D2-2','2','');
insert into column_val (xmlid, col_xmlid, dataname, col_seq, colname, colcnname, datatype, length, precision_val, party_seq, isprimarykey, isnullable, remark, filed_type_child, sensitive_level, policyid) values ('TO_R_CORP_XXT_CODEBI_D_ZH','TO_R_CORP_XXT_CODEBI_D_ZH_2017092','TO_R_CORP_XXT_CODEBI_D_ZH','2','CMCC_BRANCH_CD','地市','STRING','','','','','Y','','D2-2','2','');
insert into column_val (xmlid, col_xmlid, dataname, col_seq, colname, colcnname, datatype, length, precision_val, party_seq, isprimarykey, isnullable, remark, filed_type_child, sensitive_level, policyid) values ('TO_R_CORP_XXT_CODEBI_D_ZH','TO_R_CORP_XXT_CODEBI_D_ZH_2017093','TO_R_CORP_XXT_CODEBI_D_ZH','3','BUSI_BRIEF','业务名称','STRING','','','','','Y','','D2-2','2','');
insert into column_val (xmlid, col_xmlid, dataname, col_seq, colname, colcnname, datatype, length, precision_val, party_seq, isprimarykey, isnullable, remark, filed_type_child, sensitive_level, policyid) values ('TO_R_CORP_XXT_CODEBI_D_ZH','TO_R_CORP_XXT_CODEBI_D_ZH_2017094','TO_R_CORP_XXT_CODEBI_D_ZH','4','EFF_DT','制作日期','INT','','','','','Y','','D2-2','2','');
insert into column_val (xmlid, col_xmlid, dataname, col_seq, colname, colcnname, datatype, length, precision_val, party_seq, isprimarykey, isnullable, remark, filed_type_child, sensitive_level, policyid) values ('TO_R_CORP_XXT_CODEBI_D_ZH','TO_R_CORP_XXT_CODEBI_D_ZH_2017095','TO_R_CORP_XXT_CODEBI_D_ZH','5','SP_SERV_CD','端口','STRING','','','','','Y','','D2-2','2','');
insert into column_val (xmlid, col_xmlid, dataname, col_seq, colname, colcnname, datatype, length, precision_val, party_seq, isprimarykey, isnullable, remark, filed_type_child, sensitive_level, policyid) values ('TO_R_CORP_XXT_CODEBI_D_ZH','TO_R_CORP_XXT_CODEBI_D_ZH_2017096','TO_R_CORP_XXT_CODEBI_D_ZH','6','SP_SUBBUSI_CD','业务代码','STRING','','','','','Y','','D2-2','2','');
insert into column_val (xmlid, col_xmlid, dataname, col_seq, colname, colcnname, datatype, length, precision_val, party_seq, isprimarykey, isnullable, remark, filed_type_child, sensitive_level, policyid) values ('TO_R_CORP_XXT_CODEBI_D_ZH','TO_R_CORP_XXT_CODEBI_D_ZH_2017097','TO_R_CORP_XXT_CODEBI_D_ZH','7','APPLY_SCOPE','业务级别','INT','','','','','Y','1：市级
2：省级','D2-2','2','');
insert into column_val (xmlid, col_xmlid, dataname, col_seq, colname, colcnname, datatype, length, precision_val, party_seq, isprimarykey, isnullable, remark, filed_type_child, sensitive_level, policyid) values ('TO_R_CORP_XXT_CODEBI_D_ZH','TO_R_CORP_XXT_CODEBI_D_ZH_2017098','TO_R_CORP_XXT_CODEBI_D_ZH','8','SP_SUBBUSI_TYP','SP_SUBBUSI_TYP','STRING','','','','','Y','','D2-2','2','');
insert into column_val (xmlid, col_xmlid, dataname, col_seq, colname, colcnname, datatype, length, precision_val, party_seq, isprimarykey, isnullable, remark, filed_type_child, sensitive_level, policyid) values ('TO_R_CORP_XXT_CODEBI_D_ZH','TO_R_CORP_XXT_CODEBI_D_ZH_2017099','TO_R_CORP_XXT_CODEBI_D_ZH','9','TARIFF','资费','DECIMAL','12','2','','','Y','','D2-2','2','');
insert into column_val (xmlid, col_xmlid, dataname, col_seq, colname, colcnname, datatype, length, precision_val, party_seq, isprimarykey, isnullable, remark, filed_type_child, sensitive_level, policyid) values ('TO_R_CORP_XXT_CODEBI_D_ZH','TO_R_CORP_XXT_CODEBI_D_ZH_20170910','TO_R_CORP_XXT_CODEBI_D_ZH','10','SP_SERV_TYP','端口类型','SMALLINT','','','','','Y','0：表示原和校园端口 1：表示点播业务','D2-2','2','');

insert into tablefile (xmlid, dbname, dataname, datacnname, state, cycletype, topiccode, extend_cfg, rightlevel, creater, curdutyer, eff_date, state_date, team_code, open_state, remark) values ('TO_R_CORP_XXT_CODEBI_D_HZ','BD_B','TO_R_CORP_XXT_CODEBI_D_HZ','ODS_校讯通BI全省业务代码日全量表','NEW','other','LAYERI_IRES','{"EXTERNAL":"y","LOCATION":"/tenant/BIGDATA/JCFW/JRCL/BD_B/ODS/TO_R_CORP_XXT_CODEBI_D/branch=HZ","FILEFORMAT":"TEXTFILE","DELIMITER":"@#$"}','其他','谢英俊','谢英俊', TIMESTAMP '2016-07-11 12:00:00', TIMESTAMP '2016-09-28 12:00:00','f2999fd5-c34e-402e-9b28-fec9fca13044','','接口层-资源主题域');
insert into column_val (xmlid, col_xmlid, dataname, col_seq, colname, colcnname, datatype, length, precision_val, party_seq, isprimarykey, isnullable, remark, filed_type_child, sensitive_level, policyid) values ('TO_R_CORP_XXT_CODEBI_D_HZ','TO_R_CORP_XXT_CODEBI_D_HZ_2017091','TO_R_CORP_XXT_CODEBI_D_HZ','1','SID','序号','INT','','','','1','N','','D2-2','2','');
insert into column_val (xmlid, col_xmlid, dataname, col_seq, colname, colcnname, datatype, length, precision_val, party_seq, isprimarykey, isnullable, remark, filed_type_child, sensitive_level, policyid) values ('TO_R_CORP_XXT_CODEBI_D_HZ','TO_R_CORP_XXT_CODEBI_D_HZ_2017092','TO_R_CORP_XXT_CODEBI_D_HZ','2','CMCC_BRANCH_CD','地市','STRING','','','','','Y','','D2-2','2','');
insert into column_val (xmlid, col_xmlid, dataname, col_seq, colname, colcnname, datatype, length, precision_val, party_seq, isprimarykey, isnullable, remark, filed_type_child, sensitive_level, policyid) values ('TO_R_CORP_XXT_CODEBI_D_HZ','TO_R_CORP_XXT_CODEBI_D_HZ_2017093','TO_R_CORP_XXT_CODEBI_D_HZ','3','BUSI_BRIEF','业务名称','STRING','','','','','Y','','D2-2','2','');
insert into column_val (xmlid, col_xmlid, dataname, col_seq, colname, colcnname, datatype, length, precision_val, party_seq, isprimarykey, isnullable, remark, filed_type_child, sensitive_level, policyid) values ('TO_R_CORP_XXT_CODEBI_D_HZ','TO_R_CORP_XXT_CODEBI_D_HZ_2017094','TO_R_CORP_XXT_CODEBI_D_HZ','4','EFF_DT','制作日期','INT','','','','','Y','','D2-2','2','');
insert into column_val (xmlid, col_xmlid, dataname, col_seq, colname, colcnname, datatype, length, precision_val, party_seq, isprimarykey, isnullable, remark, filed_type_child, sensitive_level, policyid) values ('TO_R_CORP_XXT_CODEBI_D_HZ','TO_R_CORP_XXT_CODEBI_D_HZ_2017095','TO_R_CORP_XXT_CODEBI_D_HZ','5','SP_SERV_CD','端口','STRING','','','','','Y','','D2-2','2','');
insert into column_val (xmlid, col_xmlid, dataname, col_seq, colname, colcnname, datatype, length, precision_val, party_seq, isprimarykey, isnullable, remark, filed_type_child, sensitive_level, policyid) values ('TO_R_CORP_XXT_CODEBI_D_HZ','TO_R_CORP_XXT_CODEBI_D_HZ_2017096','TO_R_CORP_XXT_CODEBI_D_HZ','6','SP_SUBBUSI_CD','业务代码','STRING','','','','','Y','','D2-2','2','');
insert into column_val (xmlid, col_xmlid, dataname, col_seq, colname, colcnname, datatype, length, precision_val, party_seq, isprimarykey, isnullable, remark, filed_type_child, sensitive_level, policyid) values ('TO_R_CORP_XXT_CODEBI_D_HZ','TO_R_CORP_XXT_CODEBI_D_HZ_2017097','TO_R_CORP_XXT_CODEBI_D_HZ','7','APPLY_SCOPE','业务级别','INT','','','','','Y','1：市级
2：省级','D2-2','2','');
insert into column_val (xmlid, col_xmlid, dataname, col_seq, colname, colcnname, datatype, length, precision_val, party_seq, isprimarykey, isnullable, remark, filed_type_child, sensitive_level, policyid) values ('TO_R_CORP_XXT_CODEBI_D_HZ','TO_R_CORP_XXT_CODEBI_D_HZ_2017098','TO_R_CORP_XXT_CODEBI_D_HZ','8','SP_SUBBUSI_TYP','SP_SUBBUSI_TYP','STRING','','','','','Y','','D2-2','2','');
insert into column_val (xmlid, col_xmlid, dataname, col_seq, colname, colcnname, datatype, length, precision_val, party_seq, isprimarykey, isnullable, remark, filed_type_child, sensitive_level, policyid) values ('TO_R_CORP_XXT_CODEBI_D_HZ','TO_R_CORP_XXT_CODEBI_D_HZ_2017099','TO_R_CORP_XXT_CODEBI_D_HZ','9','TARIFF','资费','DECIMAL','12','2','','','Y','','D2-2','2','');
insert into column_val (xmlid, col_xmlid, dataname, col_seq, colname, colcnname, datatype, length, precision_val, party_seq, isprimarykey, isnullable, remark, filed_type_child, sensitive_level, policyid) values ('TO_R_CORP_XXT_CODEBI_D_HZ','TO_R_CORP_XXT_CODEBI_D_HZ_20170910','TO_R_CORP_XXT_CODEBI_D_HZ','10','SP_SERV_TYP','端口类型','SMALLINT','','','','','Y','0：表示原和校园端口 1：表示点播业务','D2-2','2','');

insert into tablefile (xmlid, dbname, dataname, datacnname, state, cycletype, topiccode, extend_cfg, rightlevel, creater, curdutyer, eff_date, state_date, team_code, open_state, remark) values ('TO_R_CORP_XXT_CODEBI_D_ZS','BD_B','TO_R_CORP_XXT_CODEBI_D_ZS','ODS_校讯通BI全省业务代码日全量表','NEW','other','LAYERI_IRES','{"EXTERNAL":"y","LOCATION":"/tenant/BIGDATA/JCFW/JRCL/BD_B/ODS/TO_R_CORP_XXT_CODEBI_D/branch=ZS","FILEFORMAT":"TEXTFILE","DELIMITER":"@#$"}','其他','谢英俊','谢英俊', TIMESTAMP '2016-07-11 12:00:00', TIMESTAMP '2016-09-28 12:00:00','f2999fd5-c34e-402e-9b28-fec9fca13044','','接口层-资源主题域');
insert into column_val (xmlid, col_xmlid, dataname, col_seq, colname, colcnname, datatype, length, precision_val, party_seq, isprimarykey, isnullable, remark, filed_type_child, sensitive_level, policyid) values ('TO_R_CORP_XXT_CODEBI_D_ZS','TO_R_CORP_XXT_CODEBI_D_ZS_2017091','TO_R_CORP_XXT_CODEBI_D_ZS','1','SID','序号','INT','','','','1','N','','D2-2','2','');
insert into column_val (xmlid, col_xmlid, dataname, col_seq, colname, colcnname, datatype, length, precision_val, party_seq, isprimarykey, isnullable, remark, filed_type_child, sensitive_level, policyid) values ('TO_R_CORP_XXT_CODEBI_D_ZS','TO_R_CORP_XXT_CODEBI_D_ZS_2017092','TO_R_CORP_XXT_CODEBI_D_ZS','2','CMCC_BRANCH_CD','地市','STRING','','','','','Y','','D2-2','2','');
insert into column_val (xmlid, col_xmlid, dataname, col_seq, colname, colcnname, datatype, length, precision_val, party_seq, isprimarykey, isnullable, remark, filed_type_child, sensitive_level, policyid) values ('TO_R_CORP_XXT_CODEBI_D_ZS','TO_R_CORP_XXT_CODEBI_D_ZS_2017093','TO_R_CORP_XXT_CODEBI_D_ZS','3','BUSI_BRIEF','业务名称','STRING','','','','','Y','','D2-2','2','');
insert into column_val (xmlid, col_xmlid, dataname, col_seq, colname, colcnname, datatype, length, precision_val, party_seq, isprimarykey, isnullable, remark, filed_type_child, sensitive_level, policyid) values ('TO_R_CORP_XXT_CODEBI_D_ZS','TO_R_CORP_XXT_CODEBI_D_ZS_2017094','TO_R_CORP_XXT_CODEBI_D_ZS','4','EFF_DT','制作日期','INT','','','','','Y','','D2-2','2','');
insert into column_val (xmlid, col_xmlid, dataname, col_seq, colname, colcnname, datatype, length, precision_val, party_seq, isprimarykey, isnullable, remark, filed_type_child, sensitive_level, policyid) values ('TO_R_CORP_XXT_CODEBI_D_ZS','TO_R_CORP_XXT_CODEBI_D_ZS_2017095','TO_R_CORP_XXT_CODEBI_D_ZS','5','SP_SERV_CD','端口','STRING','','','','','Y','','D2-2','2','');
insert into column_val (xmlid, col_xmlid, dataname, col_seq, colname, colcnname, datatype, length, precision_val, party_seq, isprimarykey, isnullable, remark, filed_type_child, sensitive_level, policyid) values ('TO_R_CORP_XXT_CODEBI_D_ZS','TO_R_CORP_XXT_CODEBI_D_ZS_2017096','TO_R_CORP_XXT_CODEBI_D_ZS','6','SP_SUBBUSI_CD','业务代码','STRING','','','','','Y','','D2-2','2','');
insert into column_val (xmlid, col_xmlid, dataname, col_seq, colname, colcnname, datatype, length, precision_val, party_seq, isprimarykey, isnullable, remark, filed_type_child, sensitive_level, policyid) values ('TO_R_CORP_XXT_CODEBI_D_ZS','TO_R_CORP_XXT_CODEBI_D_ZS_2017097','TO_R_CORP_XXT_CODEBI_D_ZS','7','APPLY_SCOPE','业务级别','INT','','','','','Y','1：市级
2：省级','D2-2','2','');
insert into column_val (xmlid, col_xmlid, dataname, col_seq, colname, colcnname, datatype, length, precision_val, party_seq, isprimarykey, isnullable, remark, filed_type_child, sensitive_level, policyid) values ('TO_R_CORP_XXT_CODEBI_D_ZS','TO_R_CORP_XXT_CODEBI_D_ZS_2017098','TO_R_CORP_XXT_CODEBI_D_ZS','8','SP_SUBBUSI_TYP','SP_SUBBUSI_TYP','STRING','','','','','Y','','D2-2','2','');
insert into column_val (xmlid, col_xmlid, dataname, col_seq, colname, colcnname, datatype, length, precision_val, party_seq, isprimarykey, isnullable, remark, filed_type_child, sensitive_level, policyid) values ('TO_R_CORP_XXT_CODEBI_D_ZS','TO_R_CORP_XXT_CODEBI_D_ZS_2017099','TO_R_CORP_XXT_CODEBI_D_ZS','9','TARIFF','资费','DECIMAL','12','2','','','Y','','D2-2','2','');
insert into column_val (xmlid, col_xmlid, dataname, col_seq, colname, colcnname, datatype, length, precision_val, party_seq, isprimarykey, isnullable, remark, filed_type_child, sensitive_level, policyid) values ('TO_R_CORP_XXT_CODEBI_D_ZS','TO_R_CORP_XXT_CODEBI_D_ZS_20170910','TO_R_CORP_XXT_CODEBI_D_ZS','10','SP_SERV_TYP','端口类型','SMALLINT','','','','','Y','0：表示原和校园端口 1：表示点播业务','D2-2','2','');

insert into tablefile (xmlid, dbname, dataname, datacnname, state, cycletype, topiccode, extend_cfg, rightlevel, creater, curdutyer, eff_date, state_date, team_code, open_state, remark) values ('TO_R_CORP_XXT_CODEBI_D_JM','BD_B','TO_R_CORP_XXT_CODEBI_D_JM','ODS_校讯通BI全省业务代码日全量表','NEW','other','LAYERI_IRES','{"EXTERNAL":"y","LOCATION":"/tenant/BIGDATA/JCFW/JRCL/BD_B/ODS/TO_R_CORP_XXT_CODEBI_D/branch=JM","FILEFORMAT":"TEXTFILE","DELIMITER":"@#$"}','其他','谢英俊','谢英俊', TIMESTAMP '2016-07-11 12:00:00', TIMESTAMP '2016-09-28 12:00:00','f2999fd5-c34e-402e-9b28-fec9fca13044','','接口层-资源主题域');
insert into column_val (xmlid, col_xmlid, dataname, col_seq, colname, colcnname, datatype, length, precision_val, party_seq, isprimarykey, isnullable, remark, filed_type_child, sensitive_level, policyid) values ('TO_R_CORP_XXT_CODEBI_D_JM','TO_R_CORP_XXT_CODEBI_D_JM_2017091','TO_R_CORP_XXT_CODEBI_D_JM','1','SID','序号','INT','','','','1','N','','D2-2','2','');
insert into column_val (xmlid, col_xmlid, dataname, col_seq, colname, colcnname, datatype, length, precision_val, party_seq, isprimarykey, isnullable, remark, filed_type_child, sensitive_level, policyid) values ('TO_R_CORP_XXT_CODEBI_D_JM','TO_R_CORP_XXT_CODEBI_D_JM_2017092','TO_R_CORP_XXT_CODEBI_D_JM','2','CMCC_BRANCH_CD','地市','STRING','','','','','Y','','D2-2','2','');
insert into column_val (xmlid, col_xmlid, dataname, col_seq, colname, colcnname, datatype, length, precision_val, party_seq, isprimarykey, isnullable, remark, filed_type_child, sensitive_level, policyid) values ('TO_R_CORP_XXT_CODEBI_D_JM','TO_R_CORP_XXT_CODEBI_D_JM_2017093','TO_R_CORP_XXT_CODEBI_D_JM','3','BUSI_BRIEF','业务名称','STRING','','','','','Y','','D2-2','2','');
insert into column_val (xmlid, col_xmlid, dataname, col_seq, colname, colcnname, datatype, length, precision_val, party_seq, isprimarykey, isnullable, remark, filed_type_child, sensitive_level, policyid) values ('TO_R_CORP_XXT_CODEBI_D_JM','TO_R_CORP_XXT_CODEBI_D_JM_2017094','TO_R_CORP_XXT_CODEBI_D_JM','4','EFF_DT','制作日期','INT','','','','','Y','','D2-2','2','');
insert into column_val (xmlid, col_xmlid, dataname, col_seq, colname, colcnname, datatype, length, precision_val, party_seq, isprimarykey, isnullable, remark, filed_type_child, sensitive_level, policyid) values ('TO_R_CORP_XXT_CODEBI_D_JM','TO_R_CORP_XXT_CODEBI_D_JM_2017095','TO_R_CORP_XXT_CODEBI_D_JM','5','SP_SERV_CD','端口','STRING','','','','','Y','','D2-2','2','');
insert into column_val (xmlid, col_xmlid, dataname, col_seq, colname, colcnname, datatype, length, precision_val, party_seq, isprimarykey, isnullable, remark, filed_type_child, sensitive_level, policyid) values ('TO_R_CORP_XXT_CODEBI_D_JM','TO_R_CORP_XXT_CODEBI_D_JM_2017096','TO_R_CORP_XXT_CODEBI_D_JM','6','SP_SUBBUSI_CD','业务代码','STRING','','','','','Y','','D2-2','2','');
insert into column_val (xmlid, col_xmlid, dataname, col_seq, colname, colcnname, datatype, length, precision_val, party_seq, isprimarykey, isnullable, remark, filed_type_child, sensitive_level, policyid) values ('TO_R_CORP_XXT_CODEBI_D_JM','TO_R_CORP_XXT_CODEBI_D_JM_2017097','TO_R_CORP_XXT_CODEBI_D_JM','7','APPLY_SCOPE','业务级别','INT','','','','','Y','1：市级
2：省级','D2-2','2','');
insert into column_val (xmlid, col_xmlid, dataname, col_seq, colname, colcnname, datatype, length, precision_val, party_seq, isprimarykey, isnullable, remark, filed_type_child, sensitive_level, policyid) values ('TO_R_CORP_XXT_CODEBI_D_JM','TO_R_CORP_XXT_CODEBI_D_JM_2017098','TO_R_CORP_XXT_CODEBI_D_JM','8','SP_SUBBUSI_TYP','SP_SUBBUSI_TYP','STRING','','','','','Y','','D2-2','2','');
insert into column_val (xmlid, col_xmlid, dataname, col_seq, colname, colcnname, datatype, length, precision_val, party_seq, isprimarykey, isnullable, remark, filed_type_child, sensitive_level, policyid) values ('TO_R_CORP_XXT_CODEBI_D_JM','TO_R_CORP_XXT_CODEBI_D_JM_2017099','TO_R_CORP_XXT_CODEBI_D_JM','9','TARIFF','资费','DECIMAL','12','2','','','Y','','D2-2','2','');
insert into column_val (xmlid, col_xmlid, dataname, col_seq, colname, colcnname, datatype, length, precision_val, party_seq, isprimarykey, isnullable, remark, filed_type_child, sensitive_level, policyid) values ('TO_R_CORP_XXT_CODEBI_D_JM','TO_R_CORP_XXT_CODEBI_D_JM_20170910','TO_R_CORP_XXT_CODEBI_D_JM','10','SP_SERV_TYP','端口类型','SMALLINT','','','','','Y','0：表示原和校园端口 1：表示点播业务','D2-2','2','');

insert into tablefile (xmlid, dbname, dataname, datacnname, state, cycletype, topiccode, extend_cfg, rightlevel, creater, curdutyer, eff_date, state_date, team_code, open_state, remark) values ('TO_R_CORP_XXT_CODEBI_D_ZJ','BD_B','TO_R_CORP_XXT_CODEBI_D_ZJ','ODS_校讯通BI全省业务代码日全量表','NEW','other','LAYERI_IRES','{"EXTERNAL":"y","LOCATION":"/tenant/BIGDATA/JCFW/JRCL/BD_B/ODS/TO_R_CORP_XXT_CODEBI_D/branch=ZJ","FILEFORMAT":"TEXTFILE","DELIMITER":"@#$"}','其他','谢英俊','谢英俊', TIMESTAMP '2016-07-11 12:00:00', TIMESTAMP '2016-09-28 12:00:00','f2999fd5-c34e-402e-9b28-fec9fca13044','','接口层-资源主题域');
insert into column_val (xmlid, col_xmlid, dataname, col_seq, colname, colcnname, datatype, length, precision_val, party_seq, isprimarykey, isnullable, remark, filed_type_child, sensitive_level, policyid) values ('TO_R_CORP_XXT_CODEBI_D_ZJ','TO_R_CORP_XXT_CODEBI_D_ZJ_2017091','TO_R_CORP_XXT_CODEBI_D_ZJ','1','SID','序号','INT','','','','1','N','','D2-2','2','');
insert into column_val (xmlid, col_xmlid, dataname, col_seq, colname, colcnname, datatype, length, precision_val, party_seq, isprimarykey, isnullable, remark, filed_type_child, sensitive_level, policyid) values ('TO_R_CORP_XXT_CODEBI_D_ZJ','TO_R_CORP_XXT_CODEBI_D_ZJ_2017092','TO_R_CORP_XXT_CODEBI_D_ZJ','2','CMCC_BRANCH_CD','地市','STRING','','','','','Y','','D2-2','2','');
insert into column_val (xmlid, col_xmlid, dataname, col_seq, colname, colcnname, datatype, length, precision_val, party_seq, isprimarykey, isnullable, remark, filed_type_child, sensitive_level, policyid) values ('TO_R_CORP_XXT_CODEBI_D_ZJ','TO_R_CORP_XXT_CODEBI_D_ZJ_2017093','TO_R_CORP_XXT_CODEBI_D_ZJ','3','BUSI_BRIEF','业务名称','STRING','','','','','Y','','D2-2','2','');
insert into column_val (xmlid, col_xmlid, dataname, col_seq, colname, colcnname, datatype, length, precision_val, party_seq, isprimarykey, isnullable, remark, filed_type_child, sensitive_level, policyid) values ('TO_R_CORP_XXT_CODEBI_D_ZJ','TO_R_CORP_XXT_CODEBI_D_ZJ_2017094','TO_R_CORP_XXT_CODEBI_D_ZJ','4','EFF_DT','制作日期','INT','','','','','Y','','D2-2','2','');
insert into column_val (xmlid, col_xmlid, dataname, col_seq, colname, colcnname, datatype, length, precision_val, party_seq, isprimarykey, isnullable, remark, filed_type_child, sensitive_level, policyid) values ('TO_R_CORP_XXT_CODEBI_D_ZJ','TO_R_CORP_XXT_CODEBI_D_ZJ_2017095','TO_R_CORP_XXT_CODEBI_D_ZJ','5','SP_SERV_CD','端口','STRING','','','','','Y','','D2-2','2','');
insert into column_val (xmlid, col_xmlid, dataname, col_seq, colname, colcnname, datatype, length, precision_val, party_seq, isprimarykey, isnullable, remark, filed_type_child, sensitive_level, policyid) values ('TO_R_CORP_XXT_CODEBI_D_ZJ','TO_R_CORP_XXT_CODEBI_D_ZJ_2017096','TO_R_CORP_XXT_CODEBI_D_ZJ','6','SP_SUBBUSI_CD','业务代码','STRING','','','','','Y','','D2-2','2','');
insert into column_val (xmlid, col_xmlid, dataname, col_seq, colname, colcnname, datatype, length, precision_val, party_seq, isprimarykey, isnullable, remark, filed_type_child, sensitive_level, policyid) values ('TO_R_CORP_XXT_CODEBI_D_ZJ','TO_R_CORP_XXT_CODEBI_D_ZJ_2017097','TO_R_CORP_XXT_CODEBI_D_ZJ','7','APPLY_SCOPE','业务级别','INT','','','','','Y','1：市级
2：省级','D2-2','2','');
insert into column_val (xmlid, col_xmlid, dataname, col_seq, colname, colcnname, datatype, length, precision_val, party_seq, isprimarykey, isnullable, remark, filed_type_child, sensitive_level, policyid) values ('TO_R_CORP_XXT_CODEBI_D_ZJ','TO_R_CORP_XXT_CODEBI_D_ZJ_2017098','TO_R_CORP_XXT_CODEBI_D_ZJ','8','SP_SUBBUSI_TYP','SP_SUBBUSI_TYP','STRING','','','','','Y','','D2-2','2','');
insert into column_val (xmlid, col_xmlid, dataname, col_seq, colname, colcnname, datatype, length, precision_val, party_seq, isprimarykey, isnullable, remark, filed_type_child, sensitive_level, policyid) values ('TO_R_CORP_XXT_CODEBI_D_ZJ','TO_R_CORP_XXT_CODEBI_D_ZJ_2017099','TO_R_CORP_XXT_CODEBI_D_ZJ','9','TARIFF','资费','DECIMAL','12','2','','','Y','','D2-2','2','');
insert into column_val (xmlid, col_xmlid, dataname, col_seq, colname, colcnname, datatype, length, precision_val, party_seq, isprimarykey, isnullable, remark, filed_type_child, sensitive_level, policyid) values ('TO_R_CORP_XXT_CODEBI_D_ZJ','TO_R_CORP_XXT_CODEBI_D_ZJ_20170910','TO_R_CORP_XXT_CODEBI_D_ZJ','10','SP_SERV_TYP','端口类型','SMALLINT','','','','','Y','0：表示原和校园端口 1：表示点播业务','D2-2','2','');

insert into tablefile (xmlid, dbname, dataname, datacnname, state, cycletype, topiccode, extend_cfg, rightlevel, creater, curdutyer, eff_date, state_date, team_code, open_state, remark) values ('TO_R_CORP_XXT_CODEBI_D_SG','BD_B','TO_R_CORP_XXT_CODEBI_D_SG','ODS_校讯通BI全省业务代码日全量表','NEW','other','LAYERI_IRES','{"EXTERNAL":"y","LOCATION":"/tenant/BIGDATA/JCFW/JRCL/BD_B/ODS/TO_R_CORP_XXT_CODEBI_D/branch=SG","FILEFORMAT":"TEXTFILE","DELIMITER":"@#$"}','其他','谢英俊','谢英俊', TIMESTAMP '2016-07-11 12:00:00', TIMESTAMP '2016-09-28 12:00:00','f2999fd5-c34e-402e-9b28-fec9fca13044','','接口层-资源主题域');
insert into column_val (xmlid, col_xmlid, dataname, col_seq, colname, colcnname, datatype, length, precision_val, party_seq, isprimarykey, isnullable, remark, filed_type_child, sensitive_level, policyid) values ('TO_R_CORP_XXT_CODEBI_D_SG','TO_R_CORP_XXT_CODEBI_D_SG_2017091','TO_R_CORP_XXT_CODEBI_D_SG','1','SID','序号','INT','','','','1','N','','D2-2','2','');
insert into column_val (xmlid, col_xmlid, dataname, col_seq, colname, colcnname, datatype, length, precision_val, party_seq, isprimarykey, isnullable, remark, filed_type_child, sensitive_level, policyid) values ('TO_R_CORP_XXT_CODEBI_D_SG','TO_R_CORP_XXT_CODEBI_D_SG_2017092','TO_R_CORP_XXT_CODEBI_D_SG','2','CMCC_BRANCH_CD','地市','STRING','','','','','Y','','D2-2','2','');
insert into column_val (xmlid, col_xmlid, dataname, col_seq, colname, colcnname, datatype, length, precision_val, party_seq, isprimarykey, isnullable, remark, filed_type_child, sensitive_level, policyid) values ('TO_R_CORP_XXT_CODEBI_D_SG','TO_R_CORP_XXT_CODEBI_D_SG_2017093','TO_R_CORP_XXT_CODEBI_D_SG','3','BUSI_BRIEF','业务名称','STRING','','','','','Y','','D2-2','2','');
insert into column_val (xmlid, col_xmlid, dataname, col_seq, colname, colcnname, datatype, length, precision_val, party_seq, isprimarykey, isnullable, remark, filed_type_child, sensitive_level, policyid) values ('TO_R_CORP_XXT_CODEBI_D_SG','TO_R_CORP_XXT_CODEBI_D_SG_2017094','TO_R_CORP_XXT_CODEBI_D_SG','4','EFF_DT','制作日期','INT','','','','','Y','','D2-2','2','');
insert into column_val (xmlid, col_xmlid, dataname, col_seq, colname, colcnname, datatype, length, precision_val, party_seq, isprimarykey, isnullable, remark, filed_type_child, sensitive_level, policyid) values ('TO_R_CORP_XXT_CODEBI_D_SG','TO_R_CORP_XXT_CODEBI_D_SG_2017095','TO_R_CORP_XXT_CODEBI_D_SG','5','SP_SERV_CD','端口','STRING','','','','','Y','','D2-2','2','');
insert into column_val (xmlid, col_xmlid, dataname, col_seq, colname, colcnname, datatype, length, precision_val, party_seq, isprimarykey, isnullable, remark, filed_type_child, sensitive_level, policyid) values ('TO_R_CORP_XXT_CODEBI_D_SG','TO_R_CORP_XXT_CODEBI_D_SG_2017096','TO_R_CORP_XXT_CODEBI_D_SG','6','SP_SUBBUSI_CD','业务代码','STRING','','','','','Y','','D2-2','2','');
insert into column_val (xmlid, col_xmlid, dataname, col_seq, colname, colcnname, datatype, length, precision_val, party_seq, isprimarykey, isnullable, remark, filed_type_child, sensitive_level, policyid) values ('TO_R_CORP_XXT_CODEBI_D_SG','TO_R_CORP_XXT_CODEBI_D_SG_2017097','TO_R_CORP_XXT_CODEBI_D_SG','7','APPLY_SCOPE','业务级别','INT','','','','','Y','1：市级
2：省级','D2-2','2','');
insert into column_val (xmlid, col_xmlid, dataname, col_seq, colname, colcnname, datatype, length, precision_val, party_seq, isprimarykey, isnullable, remark, filed_type_child, sensitive_level, policyid) values ('TO_R_CORP_XXT_CODEBI_D_SG','TO_R_CORP_XXT_CODEBI_D_SG_2017098','TO_R_CORP_XXT_CODEBI_D_SG','8','SP_SUBBUSI_TYP','SP_SUBBUSI_TYP','STRING','','','','','Y','','D2-2','2','');
insert into column_val (xmlid, col_xmlid, dataname, col_seq, colname, colcnname, datatype, length, precision_val, party_seq, isprimarykey, isnullable, remark, filed_type_child, sensitive_level, policyid) values ('TO_R_CORP_XXT_CODEBI_D_SG','TO_R_CORP_XXT_CODEBI_D_SG_2017099','TO_R_CORP_XXT_CODEBI_D_SG','9','TARIFF','资费','DECIMAL','12','2','','','Y','','D2-2','2','');
insert into column_val (xmlid, col_xmlid, dataname, col_seq, colname, colcnname, datatype, length, precision_val, party_seq, isprimarykey, isnullable, remark, filed_type_child, sensitive_level, policyid) values ('TO_R_CORP_XXT_CODEBI_D_SG','TO_R_CORP_XXT_CODEBI_D_SG_20170910','TO_R_CORP_XXT_CODEBI_D_SG','10','SP_SERV_TYP','端口类型','SMALLINT','','','','','Y','0：表示原和校园端口 1：表示点播业务','D2-2','2','');

insert into tablefile (xmlid, dbname, dataname, datacnname, state, cycletype, topiccode, extend_cfg, rightlevel, creater, curdutyer, eff_date, state_date, team_code, open_state, remark) values ('TO_R_CORP_XXT_CODEBI_D_HY','BD_B','TO_R_CORP_XXT_CODEBI_D_HY','ODS_校讯通BI全省业务代码日全量表','NEW','other','LAYERI_IRES','{"EXTERNAL":"y","LOCATION":"/tenant/BIGDATA/JCFW/JRCL/BD_B/ODS/TO_R_CORP_XXT_CODEBI_D/branch=HY","FILEFORMAT":"TEXTFILE","DELIMITER":"@#$"}','其他','谢英俊','谢英俊', TIMESTAMP '2016-07-11 12:00:00', TIMESTAMP '2016-09-28 12:00:00','f2999fd5-c34e-402e-9b28-fec9fca13044','','接口层-资源主题域');
insert into column_val (xmlid, col_xmlid, dataname, col_seq, colname, colcnname, datatype, length, precision_val, party_seq, isprimarykey, isnullable, remark, filed_type_child, sensitive_level, policyid) values ('TO_R_CORP_XXT_CODEBI_D_HY','TO_R_CORP_XXT_CODEBI_D_HY_2017091','TO_R_CORP_XXT_CODEBI_D_HY','1','SID','序号','INT','','','','1','N','','D2-2','2','');
insert into column_val (xmlid, col_xmlid, dataname, col_seq, colname, colcnname, datatype, length, precision_val, party_seq, isprimarykey, isnullable, remark, filed_type_child, sensitive_level, policyid) values ('TO_R_CORP_XXT_CODEBI_D_HY','TO_R_CORP_XXT_CODEBI_D_HY_2017092','TO_R_CORP_XXT_CODEBI_D_HY','2','CMCC_BRANCH_CD','地市','STRING','','','','','Y','','D2-2','2','');
insert into column_val (xmlid, col_xmlid, dataname, col_seq, colname, colcnname, datatype, length, precision_val, party_seq, isprimarykey, isnullable, remark, filed_type_child, sensitive_level, policyid) values ('TO_R_CORP_XXT_CODEBI_D_HY','TO_R_CORP_XXT_CODEBI_D_HY_2017093','TO_R_CORP_XXT_CODEBI_D_HY','3','BUSI_BRIEF','业务名称','STRING','','','','','Y','','D2-2','2','');
insert into column_val (xmlid, col_xmlid, dataname, col_seq, colname, colcnname, datatype, length, precision_val, party_seq, isprimarykey, isnullable, remark, filed_type_child, sensitive_level, policyid) values ('TO_R_CORP_XXT_CODEBI_D_HY','TO_R_CORP_XXT_CODEBI_D_HY_2017094','TO_R_CORP_XXT_CODEBI_D_HY','4','EFF_DT','制作日期','INT','','','','','Y','','D2-2','2','');
insert into column_val (xmlid, col_xmlid, dataname, col_seq, colname, colcnname, datatype, length, precision_val, party_seq, isprimarykey, isnullable, remark, filed_type_child, sensitive_level, policyid) values ('TO_R_CORP_XXT_CODEBI_D_HY','TO_R_CORP_XXT_CODEBI_D_HY_2017095','TO_R_CORP_XXT_CODEBI_D_HY','5','SP_SERV_CD','端口','STRING','','','','','Y','','D2-2','2','');
insert into column_val (xmlid, col_xmlid, dataname, col_seq, colname, colcnname, datatype, length, precision_val, party_seq, isprimarykey, isnullable, remark, filed_type_child, sensitive_level, policyid) values ('TO_R_CORP_XXT_CODEBI_D_HY','TO_R_CORP_XXT_CODEBI_D_HY_2017096','TO_R_CORP_XXT_CODEBI_D_HY','6','SP_SUBBUSI_CD','业务代码','STRING','','','','','Y','','D2-2','2','');
insert into column_val (xmlid, col_xmlid, dataname, col_seq, colname, colcnname, datatype, length, precision_val, party_seq, isprimarykey, isnullable, remark, filed_type_child, sensitive_level, policyid) values ('TO_R_CORP_XXT_CODEBI_D_HY','TO_R_CORP_XXT_CODEBI_D_HY_2017097','TO_R_CORP_XXT_CODEBI_D_HY','7','APPLY_SCOPE','业务级别','INT','','','','','Y','1：市级
2：省级','D2-2','2','');
insert into column_val (xmlid, col_xmlid, dataname, col_seq, colname, colcnname, datatype, length, precision_val, party_seq, isprimarykey, isnullable, remark, filed_type_child, sensitive_level, policyid) values ('TO_R_CORP_XXT_CODEBI_D_HY','TO_R_CORP_XXT_CODEBI_D_HY_2017098','TO_R_CORP_XXT_CODEBI_D_HY','8','SP_SUBBUSI_TYP','SP_SUBBUSI_TYP','STRING','','','','','Y','','D2-2','2','');
insert into column_val (xmlid, col_xmlid, dataname, col_seq, colname, colcnname, datatype, length, precision_val, party_seq, isprimarykey, isnullable, remark, filed_type_child, sensitive_level, policyid) values ('TO_R_CORP_XXT_CODEBI_D_HY','TO_R_CORP_XXT_CODEBI_D_HY_2017099','TO_R_CORP_XXT_CODEBI_D_HY','9','TARIFF','资费','DECIMAL','12','2','','','Y','','D2-2','2','');
insert into column_val (xmlid, col_xmlid, dataname, col_seq, colname, colcnname, datatype, length, precision_val, party_seq, isprimarykey, isnullable, remark, filed_type_child, sensitive_level, policyid) values ('TO_R_CORP_XXT_CODEBI_D_HY','TO_R_CORP_XXT_CODEBI_D_HY_20170910','TO_R_CORP_XXT_CODEBI_D_HY','10','SP_SERV_TYP','端口类型','SMALLINT','','','','','Y','0：表示原和校园端口 1：表示点播业务','D2-2','2','');

insert into tablefile (xmlid, dbname, dataname, datacnname, state, cycletype, topiccode, extend_cfg, rightlevel, creater, curdutyer, eff_date, state_date, team_code, open_state, remark) values ('TO_R_CORP_XXT_CODEBI_D_MZ','BD_B','TO_R_CORP_XXT_CODEBI_D_MZ','ODS_校讯通BI全省业务代码日全量表','NEW','other','LAYERI_IRES','{"EXTERNAL":"y","LOCATION":"/tenant/BIGDATA/JCFW/JRCL/BD_B/ODS/TO_R_CORP_XXT_CODEBI_D/branch=MZ","FILEFORMAT":"TEXTFILE","DELIMITER":"@#$"}','其他','谢英俊','谢英俊', TIMESTAMP '2016-07-11 12:00:00', TIMESTAMP '2016-09-28 12:00:00','f2999fd5-c34e-402e-9b28-fec9fca13044','','接口层-资源主题域');
insert into column_val (xmlid, col_xmlid, dataname, col_seq, colname, colcnname, datatype, length, precision_val, party_seq, isprimarykey, isnullable, remark, filed_type_child, sensitive_level, policyid) values ('TO_R_CORP_XXT_CODEBI_D_MZ','TO_R_CORP_XXT_CODEBI_D_MZ_2017091','TO_R_CORP_XXT_CODEBI_D_MZ','1','SID','序号','INT','','','','1','N','','D2-2','2','');
insert into column_val (xmlid, col_xmlid, dataname, col_seq, colname, colcnname, datatype, length, precision_val, party_seq, isprimarykey, isnullable, remark, filed_type_child, sensitive_level, policyid) values ('TO_R_CORP_XXT_CODEBI_D_MZ','TO_R_CORP_XXT_CODEBI_D_MZ_2017092','TO_R_CORP_XXT_CODEBI_D_MZ','2','CMCC_BRANCH_CD','地市','STRING','','','','','Y','','D2-2','2','');
insert into column_val (xmlid, col_xmlid, dataname, col_seq, colname, colcnname, datatype, length, precision_val, party_seq, isprimarykey, isnullable, remark, filed_type_child, sensitive_level, policyid) values ('TO_R_CORP_XXT_CODEBI_D_MZ','TO_R_CORP_XXT_CODEBI_D_MZ_2017093','TO_R_CORP_XXT_CODEBI_D_MZ','3','BUSI_BRIEF','业务名称','STRING','','','','','Y','','D2-2','2','');
insert into column_val (xmlid, col_xmlid, dataname, col_seq, colname, colcnname, datatype, length, precision_val, party_seq, isprimarykey, isnullable, remark, filed_type_child, sensitive_level, policyid) values ('TO_R_CORP_XXT_CODEBI_D_MZ','TO_R_CORP_XXT_CODEBI_D_MZ_2017094','TO_R_CORP_XXT_CODEBI_D_MZ','4','EFF_DT','制作日期','INT','','','','','Y','','D2-2','2','');
insert into column_val (xmlid, col_xmlid, dataname, col_seq, colname, colcnname, datatype, length, precision_val, party_seq, isprimarykey, isnullable, remark, filed_type_child, sensitive_level, policyid) values ('TO_R_CORP_XXT_CODEBI_D_MZ','TO_R_CORP_XXT_CODEBI_D_MZ_2017095','TO_R_CORP_XXT_CODEBI_D_MZ','5','SP_SERV_CD','端口','STRING','','','','','Y','','D2-2','2','');
insert into column_val (xmlid, col_xmlid, dataname, col_seq, colname, colcnname, datatype, length, precision_val, party_seq, isprimarykey, isnullable, remark, filed_type_child, sensitive_level, policyid) values ('TO_R_CORP_XXT_CODEBI_D_MZ','TO_R_CORP_XXT_CODEBI_D_MZ_2017096','TO_R_CORP_XXT_CODEBI_D_MZ','6','SP_SUBBUSI_CD','业务代码','STRING','','','','','Y','','D2-2','2','');
insert into column_val (xmlid, col_xmlid, dataname, col_seq, colname, colcnname, datatype, length, precision_val, party_seq, isprimarykey, isnullable, remark, filed_type_child, sensitive_level, policyid) values ('TO_R_CORP_XXT_CODEBI_D_MZ','TO_R_CORP_XXT_CODEBI_D_MZ_2017097','TO_R_CORP_XXT_CODEBI_D_MZ','7','APPLY_SCOPE','业务级别','INT','','','','','Y','1：市级
2：省级','D2-2','2','');
insert into column_val (xmlid, col_xmlid, dataname, col_seq, colname, colcnname, datatype, length, precision_val, party_seq, isprimarykey, isnullable, remark, filed_type_child, sensitive_level, policyid) values ('TO_R_CORP_XXT_CODEBI_D_MZ','TO_R_CORP_XXT_CODEBI_D_MZ_2017098','TO_R_CORP_XXT_CODEBI_D_MZ','8','SP_SUBBUSI_TYP','SP_SUBBUSI_TYP','STRING','','','','','Y','','D2-2','2','');
insert into column_val (xmlid, col_xmlid, dataname, col_seq, colname, colcnname, datatype, length, precision_val, party_seq, isprimarykey, isnullable, remark, filed_type_child, sensitive_level, policyid) values ('TO_R_CORP_XXT_CODEBI_D_MZ','TO_R_CORP_XXT_CODEBI_D_MZ_2017099','TO_R_CORP_XXT_CODEBI_D_MZ','9','TARIFF','资费','DECIMAL','12','2','','','Y','','D2-2','2','');
insert into column_val (xmlid, col_xmlid, dataname, col_seq, colname, colcnname, datatype, length, precision_val, party_seq, isprimarykey, isnullable, remark, filed_type_child, sensitive_level, policyid) values ('TO_R_CORP_XXT_CODEBI_D_MZ','TO_R_CORP_XXT_CODEBI_D_MZ_20170910','TO_R_CORP_XXT_CODEBI_D_MZ','10','SP_SERV_TYP','端口类型','SMALLINT','','','','','Y','0：表示原和校园端口 1：表示点播业务','D2-2','2','');

insert into tablefile (xmlid, dbname, dataname, datacnname, state, cycletype, topiccode, extend_cfg, rightlevel, creater, curdutyer, eff_date, state_date, team_code, open_state, remark) values ('TO_R_CORP_XXT_CODEBI_D_SW','BD_B','TO_R_CORP_XXT_CODEBI_D_SW','ODS_校讯通BI全省业务代码日全量表','NEW','other','LAYERI_IRES','{"EXTERNAL":"y","LOCATION":"/tenant/BIGDATA/JCFW/JRCL/BD_B/ODS/TO_R_CORP_XXT_CODEBI_D/branch=SW","FILEFORMAT":"TEXTFILE","DELIMITER":"@#$"}','其他','谢英俊','谢英俊', TIMESTAMP '2016-07-11 12:00:00', TIMESTAMP '2016-09-28 12:00:00','f2999fd5-c34e-402e-9b28-fec9fca13044','','接口层-资源主题域');
insert into column_val (xmlid, col_xmlid, dataname, col_seq, colname, colcnname, datatype, length, precision_val, party_seq, isprimarykey, isnullable, remark, filed_type_child, sensitive_level, policyid) values ('TO_R_CORP_XXT_CODEBI_D_SW','TO_R_CORP_XXT_CODEBI_D_SW_2017091','TO_R_CORP_XXT_CODEBI_D_SW','1','SID','序号','INT','','','','1','N','','D2-2','2','');
insert into column_val (xmlid, col_xmlid, dataname, col_seq, colname, colcnname, datatype, length, precision_val, party_seq, isprimarykey, isnullable, remark, filed_type_child, sensitive_level, policyid) values ('TO_R_CORP_XXT_CODEBI_D_SW','TO_R_CORP_XXT_CODEBI_D_SW_2017092','TO_R_CORP_XXT_CODEBI_D_SW','2','CMCC_BRANCH_CD','地市','STRING','','','','','Y','','D2-2','2','');
insert into column_val (xmlid, col_xmlid, dataname, col_seq, colname, colcnname, datatype, length, precision_val, party_seq, isprimarykey, isnullable, remark, filed_type_child, sensitive_level, policyid) values ('TO_R_CORP_XXT_CODEBI_D_SW','TO_R_CORP_XXT_CODEBI_D_SW_2017093','TO_R_CORP_XXT_CODEBI_D_SW','3','BUSI_BRIEF','业务名称','STRING','','','','','Y','','D2-2','2','');
insert into column_val (xmlid, col_xmlid, dataname, col_seq, colname, colcnname, datatype, length, precision_val, party_seq, isprimarykey, isnullable, remark, filed_type_child, sensitive_level, policyid) values ('TO_R_CORP_XXT_CODEBI_D_SW','TO_R_CORP_XXT_CODEBI_D_SW_2017094','TO_R_CORP_XXT_CODEBI_D_SW','4','EFF_DT','制作日期','INT','','','','','Y','','D2-2','2','');
insert into column_val (xmlid, col_xmlid, dataname, col_seq, colname, colcnname, datatype, length, precision_val, party_seq, isprimarykey, isnullable, remark, filed_type_child, sensitive_level, policyid) values ('TO_R_CORP_XXT_CODEBI_D_SW','TO_R_CORP_XXT_CODEBI_D_SW_2017095','TO_R_CORP_XXT_CODEBI_D_SW','5','SP_SERV_CD','端口','STRING','','','','','Y','','D2-2','2','');
insert into column_val (xmlid, col_xmlid, dataname, col_seq, colname, colcnname, datatype, length, precision_val, party_seq, isprimarykey, isnullable, remark, filed_type_child, sensitive_level, policyid) values ('TO_R_CORP_XXT_CODEBI_D_SW','TO_R_CORP_XXT_CODEBI_D_SW_2017096','TO_R_CORP_XXT_CODEBI_D_SW','6','SP_SUBBUSI_CD','业务代码','STRING','','','','','Y','','D2-2','2','');
insert into column_val (xmlid, col_xmlid, dataname, col_seq, colname, colcnname, datatype, length, precision_val, party_seq, isprimarykey, isnullable, remark, filed_type_child, sensitive_level, policyid) values ('TO_R_CORP_XXT_CODEBI_D_SW','TO_R_CORP_XXT_CODEBI_D_SW_2017097','TO_R_CORP_XXT_CODEBI_D_SW','7','APPLY_SCOPE','业务级别','INT','','','','','Y','1：市级
2：省级','D2-2','2','');
insert into column_val (xmlid, col_xmlid, dataname, col_seq, colname, colcnname, datatype, length, precision_val, party_seq, isprimarykey, isnullable, remark, filed_type_child, sensitive_level, policyid) values ('TO_R_CORP_XXT_CODEBI_D_SW','TO_R_CORP_XXT_CODEBI_D_SW_2017098','TO_R_CORP_XXT_CODEBI_D_SW','8','SP_SUBBUSI_TYP','SP_SUBBUSI_TYP','STRING','','','','','Y','','D2-2','2','');
insert into column_val (xmlid, col_xmlid, dataname, col_seq, colname, colcnname, datatype, length, precision_val, party_seq, isprimarykey, isnullable, remark, filed_type_child, sensitive_level, policyid) values ('TO_R_CORP_XXT_CODEBI_D_SW','TO_R_CORP_XXT_CODEBI_D_SW_2017099','TO_R_CORP_XXT_CODEBI_D_SW','9','TARIFF','资费','DECIMAL','12','2','','','Y','','D2-2','2','');
insert into column_val (xmlid, col_xmlid, dataname, col_seq, colname, colcnname, datatype, length, precision_val, party_seq, isprimarykey, isnullable, remark, filed_type_child, sensitive_level, policyid) values ('TO_R_CORP_XXT_CODEBI_D_SW','TO_R_CORP_XXT_CODEBI_D_SW_20170910','TO_R_CORP_XXT_CODEBI_D_SW','10','SP_SERV_TYP','端口类型','SMALLINT','','','','','Y','0：表示原和校园端口 1：表示点播业务','D2-2','2','');

insert into tablefile (xmlid, dbname, dataname, datacnname, state, cycletype, topiccode, extend_cfg, rightlevel, creater, curdutyer, eff_date, state_date, team_code, open_state, remark) values ('TO_R_CORP_XXT_CODEBI_D_YJ','BD_B','TO_R_CORP_XXT_CODEBI_D_YJ','ODS_校讯通BI全省业务代码日全量表','NEW','other','LAYERI_IRES','{"EXTERNAL":"y","LOCATION":"/tenant/BIGDATA/JCFW/JRCL/BD_B/ODS/TO_R_CORP_XXT_CODEBI_D/branch=YJ","FILEFORMAT":"TEXTFILE","DELIMITER":"@#$"}','其他','谢英俊','谢英俊', TIMESTAMP '2016-07-11 12:00:00', TIMESTAMP '2016-09-28 12:00:00','f2999fd5-c34e-402e-9b28-fec9fca13044','','接口层-资源主题域');
insert into column_val (xmlid, col_xmlid, dataname, col_seq, colname, colcnname, datatype, length, precision_val, party_seq, isprimarykey, isnullable, remark, filed_type_child, sensitive_level, policyid) values ('TO_R_CORP_XXT_CODEBI_D_YJ','TO_R_CORP_XXT_CODEBI_D_YJ_2017091','TO_R_CORP_XXT_CODEBI_D_YJ','1','SID','序号','INT','','','','1','N','','D2-2','2','');
insert into column_val (xmlid, col_xmlid, dataname, col_seq, colname, colcnname, datatype, length, precision_val, party_seq, isprimarykey, isnullable, remark, filed_type_child, sensitive_level, policyid) values ('TO_R_CORP_XXT_CODEBI_D_YJ','TO_R_CORP_XXT_CODEBI_D_YJ_2017092','TO_R_CORP_XXT_CODEBI_D_YJ','2','CMCC_BRANCH_CD','地市','STRING','','','','','Y','','D2-2','2','');
insert into column_val (xmlid, col_xmlid, dataname, col_seq, colname, colcnname, datatype, length, precision_val, party_seq, isprimarykey, isnullable, remark, filed_type_child, sensitive_level, policyid) values ('TO_R_CORP_XXT_CODEBI_D_YJ','TO_R_CORP_XXT_CODEBI_D_YJ_2017093','TO_R_CORP_XXT_CODEBI_D_YJ','3','BUSI_BRIEF','业务名称','STRING','','','','','Y','','D2-2','2','');
insert into column_val (xmlid, col_xmlid, dataname, col_seq, colname, colcnname, datatype, length, precision_val, party_seq, isprimarykey, isnullable, remark, filed_type_child, sensitive_level, policyid) values ('TO_R_CORP_XXT_CODEBI_D_YJ','TO_R_CORP_XXT_CODEBI_D_YJ_2017094','TO_R_CORP_XXT_CODEBI_D_YJ','4','EFF_DT','制作日期','INT','','','','','Y','','D2-2','2','');
insert into column_val (xmlid, col_xmlid, dataname, col_seq, colname, colcnname, datatype, length, precision_val, party_seq, isprimarykey, isnullable, remark, filed_type_child, sensitive_level, policyid) values ('TO_R_CORP_XXT_CODEBI_D_YJ','TO_R_CORP_XXT_CODEBI_D_YJ_2017095','TO_R_CORP_XXT_CODEBI_D_YJ','5','SP_SERV_CD','端口','STRING','','','','','Y','','D2-2','2','');
insert into column_val (xmlid, col_xmlid, dataname, col_seq, colname, colcnname, datatype, length, precision_val, party_seq, isprimarykey, isnullable, remark, filed_type_child, sensitive_level, policyid) values ('TO_R_CORP_XXT_CODEBI_D_YJ','TO_R_CORP_XXT_CODEBI_D_YJ_2017096','TO_R_CORP_XXT_CODEBI_D_YJ','6','SP_SUBBUSI_CD','业务代码','STRING','','','','','Y','','D2-2','2','');
insert into column_val (xmlid, col_xmlid, dataname, col_seq, colname, colcnname, datatype, length, precision_val, party_seq, isprimarykey, isnullable, remark, filed_type_child, sensitive_level, policyid) values ('TO_R_CORP_XXT_CODEBI_D_YJ','TO_R_CORP_XXT_CODEBI_D_YJ_2017097','TO_R_CORP_XXT_CODEBI_D_YJ','7','APPLY_SCOPE','业务级别','INT','','','','','Y','1：市级
2：省级','D2-2','2','');
insert into column_val (xmlid, col_xmlid, dataname, col_seq, colname, colcnname, datatype, length, precision_val, party_seq, isprimarykey, isnullable, remark, filed_type_child, sensitive_level, policyid) values ('TO_R_CORP_XXT_CODEBI_D_YJ','TO_R_CORP_XXT_CODEBI_D_YJ_2017098','TO_R_CORP_XXT_CODEBI_D_YJ','8','SP_SUBBUSI_TYP','SP_SUBBUSI_TYP','STRING','','','','','Y','','D2-2','2','');
insert into column_val (xmlid, col_xmlid, dataname, col_seq, colname, colcnname, datatype, length, precision_val, party_seq, isprimarykey, isnullable, remark, filed_type_child, sensitive_level, policyid) values ('TO_R_CORP_XXT_CODEBI_D_YJ','TO_R_CORP_XXT_CODEBI_D_YJ_2017099','TO_R_CORP_XXT_CODEBI_D_YJ','9','TARIFF','资费','DECIMAL','12','2','','','Y','','D2-2','2','');
insert into column_val (xmlid, col_xmlid, dataname, col_seq, colname, colcnname, datatype, length, precision_val, party_seq, isprimarykey, isnullable, remark, filed_type_child, sensitive_level, policyid) values ('TO_R_CORP_XXT_CODEBI_D_YJ','TO_R_CORP_XXT_CODEBI_D_YJ_20170910','TO_R_CORP_XXT_CODEBI_D_YJ','10','SP_SERV_TYP','端口类型','SMALLINT','','','','','Y','0：表示原和校园端口 1：表示点播业务','D2-2','2','');

insert into tablefile (xmlid, dbname, dataname, datacnname, state, cycletype, topiccode, extend_cfg, rightlevel, creater, curdutyer, eff_date, state_date, team_code, open_state, remark) values ('TO_R_CORP_XXT_CODEBI_D_MM','BD_B','TO_R_CORP_XXT_CODEBI_D_MM','ODS_校讯通BI全省业务代码日全量表','NEW','other','LAYERI_IRES','{"EXTERNAL":"y","LOCATION":"/tenant/BIGDATA/JCFW/JRCL/BD_B/ODS/TO_R_CORP_XXT_CODEBI_D/branch=MM","FILEFORMAT":"TEXTFILE","DELIMITER":"@#$"}','其他','谢英俊','谢英俊', TIMESTAMP '2016-07-11 12:00:00', TIMESTAMP '2016-09-28 12:00:00','f2999fd5-c34e-402e-9b28-fec9fca13044','','接口层-资源主题域');
insert into column_val (xmlid, col_xmlid, dataname, col_seq, colname, colcnname, datatype, length, precision_val, party_seq, isprimarykey, isnullable, remark, filed_type_child, sensitive_level, policyid) values ('TO_R_CORP_XXT_CODEBI_D_MM','TO_R_CORP_XXT_CODEBI_D_MM_2017091','TO_R_CORP_XXT_CODEBI_D_MM','1','SID','序号','INT','','','','1','N','','D2-2','2','');
insert into column_val (xmlid, col_xmlid, dataname, col_seq, colname, colcnname, datatype, length, precision_val, party_seq, isprimarykey, isnullable, remark, filed_type_child, sensitive_level, policyid) values ('TO_R_CORP_XXT_CODEBI_D_MM','TO_R_CORP_XXT_CODEBI_D_MM_2017092','TO_R_CORP_XXT_CODEBI_D_MM','2','CMCC_BRANCH_CD','地市','STRING','','','','','Y','','D2-2','2','');
insert into column_val (xmlid, col_xmlid, dataname, col_seq, colname, colcnname, datatype, length, precision_val, party_seq, isprimarykey, isnullable, remark, filed_type_child, sensitive_level, policyid) values ('TO_R_CORP_XXT_CODEBI_D_MM','TO_R_CORP_XXT_CODEBI_D_MM_2017093','TO_R_CORP_XXT_CODEBI_D_MM','3','BUSI_BRIEF','业务名称','STRING','','','','','Y','','D2-2','2','');
insert into column_val (xmlid, col_xmlid, dataname, col_seq, colname, colcnname, datatype, length, precision_val, party_seq, isprimarykey, isnullable, remark, filed_type_child, sensitive_level, policyid) values ('TO_R_CORP_XXT_CODEBI_D_MM','TO_R_CORP_XXT_CODEBI_D_MM_2017094','TO_R_CORP_XXT_CODEBI_D_MM','4','EFF_DT','制作日期','INT','','','','','Y','','D2-2','2','');
insert into column_val (xmlid, col_xmlid, dataname, col_seq, colname, colcnname, datatype, length, precision_val, party_seq, isprimarykey, isnullable, remark, filed_type_child, sensitive_level, policyid) values ('TO_R_CORP_XXT_CODEBI_D_MM','TO_R_CORP_XXT_CODEBI_D_MM_2017095','TO_R_CORP_XXT_CODEBI_D_MM','5','SP_SERV_CD','端口','STRING','','','','','Y','','D2-2','2','');
insert into column_val (xmlid, col_xmlid, dataname, col_seq, colname, colcnname, datatype, length, precision_val, party_seq, isprimarykey, isnullable, remark, filed_type_child, sensitive_level, policyid) values ('TO_R_CORP_XXT_CODEBI_D_MM','TO_R_CORP_XXT_CODEBI_D_MM_2017096','TO_R_CORP_XXT_CODEBI_D_MM','6','SP_SUBBUSI_CD','业务代码','STRING','','','','','Y','','D2-2','2','');
insert into column_val (xmlid, col_xmlid, dataname, col_seq, colname, colcnname, datatype, length, precision_val, party_seq, isprimarykey, isnullable, remark, filed_type_child, sensitive_level, policyid) values ('TO_R_CORP_XXT_CODEBI_D_MM','TO_R_CORP_XXT_CODEBI_D_MM_2017097','TO_R_CORP_XXT_CODEBI_D_MM','7','APPLY_SCOPE','业务级别','INT','','','','','Y','1：市级
2：省级','D2-2','2','');
insert into column_val (xmlid, col_xmlid, dataname, col_seq, colname, colcnname, datatype, length, precision_val, party_seq, isprimarykey, isnullable, remark, filed_type_child, sensitive_level, policyid) values ('TO_R_CORP_XXT_CODEBI_D_MM','TO_R_CORP_XXT_CODEBI_D_MM_2017098','TO_R_CORP_XXT_CODEBI_D_MM','8','SP_SUBBUSI_TYP','SP_SUBBUSI_TYP','STRING','','','','','Y','','D2-2','2','');
insert into column_val (xmlid, col_xmlid, dataname, col_seq, colname, colcnname, datatype, length, precision_val, party_seq, isprimarykey, isnullable, remark, filed_type_child, sensitive_level, policyid) values ('TO_R_CORP_XXT_CODEBI_D_MM','TO_R_CORP_XXT_CODEBI_D_MM_2017099','TO_R_CORP_XXT_CODEBI_D_MM','9','TARIFF','资费','DECIMAL','12','2','','','Y','','D2-2','2','');
insert into column_val (xmlid, col_xmlid, dataname, col_seq, colname, colcnname, datatype, length, precision_val, party_seq, isprimarykey, isnullable, remark, filed_type_child, sensitive_level, policyid) values ('TO_R_CORP_XXT_CODEBI_D_MM','TO_R_CORP_XXT_CODEBI_D_MM_20170910','TO_R_CORP_XXT_CODEBI_D_MM','10','SP_SERV_TYP','端口类型','SMALLINT','','','','','Y','0：表示原和校园端口 1：表示点播业务','D2-2','2','');

insert into tablefile (xmlid, dbname, dataname, datacnname, state, cycletype, topiccode, extend_cfg, rightlevel, creater, curdutyer, eff_date, state_date, team_code, open_state, remark) values ('TO_R_CORP_XXT_CODEBI_D_ZQ','BD_B','TO_R_CORP_XXT_CODEBI_D_ZQ','ODS_校讯通BI全省业务代码日全量表','NEW','other','LAYERI_IRES','{"EXTERNAL":"y","LOCATION":"/tenant/BIGDATA/JCFW/JRCL/BD_B/ODS/TO_R_CORP_XXT_CODEBI_D/branch=ZQ","FILEFORMAT":"TEXTFILE","DELIMITER":"@#$"}','其他','谢英俊','谢英俊', TIMESTAMP '2016-07-11 12:00:00', TIMESTAMP '2016-09-28 12:00:00','f2999fd5-c34e-402e-9b28-fec9fca13044','','接口层-资源主题域');
insert into column_val (xmlid, col_xmlid, dataname, col_seq, colname, colcnname, datatype, length, precision_val, party_seq, isprimarykey, isnullable, remark, filed_type_child, sensitive_level, policyid) values ('TO_R_CORP_XXT_CODEBI_D_ZQ','TO_R_CORP_XXT_CODEBI_D_ZQ_2017091','TO_R_CORP_XXT_CODEBI_D_ZQ','1','SID','序号','INT','','','','1','N','','D2-2','2','');
insert into column_val (xmlid, col_xmlid, dataname, col_seq, colname, colcnname, datatype, length, precision_val, party_seq, isprimarykey, isnullable, remark, filed_type_child, sensitive_level, policyid) values ('TO_R_CORP_XXT_CODEBI_D_ZQ','TO_R_CORP_XXT_CODEBI_D_ZQ_2017092','TO_R_CORP_XXT_CODEBI_D_ZQ','2','CMCC_BRANCH_CD','地市','STRING','','','','','Y','','D2-2','2','');
insert into column_val (xmlid, col_xmlid, dataname, col_seq, colname, colcnname, datatype, length, precision_val, party_seq, isprimarykey, isnullable, remark, filed_type_child, sensitive_level, policyid) values ('TO_R_CORP_XXT_CODEBI_D_ZQ','TO_R_CORP_XXT_CODEBI_D_ZQ_2017093','TO_R_CORP_XXT_CODEBI_D_ZQ','3','BUSI_BRIEF','业务名称','STRING','','','','','Y','','D2-2','2','');
insert into column_val (xmlid, col_xmlid, dataname, col_seq, colname, colcnname, datatype, length, precision_val, party_seq, isprimarykey, isnullable, remark, filed_type_child, sensitive_level, policyid) values ('TO_R_CORP_XXT_CODEBI_D_ZQ','TO_R_CORP_XXT_CODEBI_D_ZQ_2017094','TO_R_CORP_XXT_CODEBI_D_ZQ','4','EFF_DT','制作日期','INT','','','','','Y','','D2-2','2','');
insert into column_val (xmlid, col_xmlid, dataname, col_seq, colname, colcnname, datatype, length, precision_val, party_seq, isprimarykey, isnullable, remark, filed_type_child, sensitive_level, policyid) values ('TO_R_CORP_XXT_CODEBI_D_ZQ','TO_R_CORP_XXT_CODEBI_D_ZQ_2017095','TO_R_CORP_XXT_CODEBI_D_ZQ','5','SP_SERV_CD','端口','STRING','','','','','Y','','D2-2','2','');
insert into column_val (xmlid, col_xmlid, dataname, col_seq, colname, colcnname, datatype, length, precision_val, party_seq, isprimarykey, isnullable, remark, filed_type_child, sensitive_level, policyid) values ('TO_R_CORP_XXT_CODEBI_D_ZQ','TO_R_CORP_XXT_CODEBI_D_ZQ_2017096','TO_R_CORP_XXT_CODEBI_D_ZQ','6','SP_SUBBUSI_CD','业务代码','STRING','','','','','Y','','D2-2','2','');
insert into column_val (xmlid, col_xmlid, dataname, col_seq, colname, colcnname, datatype, length, precision_val, party_seq, isprimarykey, isnullable, remark, filed_type_child, sensitive_level, policyid) values ('TO_R_CORP_XXT_CODEBI_D_ZQ','TO_R_CORP_XXT_CODEBI_D_ZQ_2017097','TO_R_CORP_XXT_CODEBI_D_ZQ','7','APPLY_SCOPE','业务级别','INT','','','','','Y','1：市级
2：省级','D2-2','2','');
insert into column_val (xmlid, col_xmlid, dataname, col_seq, colname, colcnname, datatype, length, precision_val, party_seq, isprimarykey, isnullable, remark, filed_type_child, sensitive_level, policyid) values ('TO_R_CORP_XXT_CODEBI_D_ZQ','TO_R_CORP_XXT_CODEBI_D_ZQ_2017098','TO_R_CORP_XXT_CODEBI_D_ZQ','8','SP_SUBBUSI_TYP','SP_SUBBUSI_TYP','STRING','','','','','Y','','D2-2','2','');
insert into column_val (xmlid, col_xmlid, dataname, col_seq, colname, colcnname, datatype, length, precision_val, party_seq, isprimarykey, isnullable, remark, filed_type_child, sensitive_level, policyid) values ('TO_R_CORP_XXT_CODEBI_D_ZQ','TO_R_CORP_XXT_CODEBI_D_ZQ_2017099','TO_R_CORP_XXT_CODEBI_D_ZQ','9','TARIFF','资费','DECIMAL','12','2','','','Y','','D2-2','2','');
insert into column_val (xmlid, col_xmlid, dataname, col_seq, colname, colcnname, datatype, length, precision_val, party_seq, isprimarykey, isnullable, remark, filed_type_child, sensitive_level, policyid) values ('TO_R_CORP_XXT_CODEBI_D_ZQ','TO_R_CORP_XXT_CODEBI_D_ZQ_20170910','TO_R_CORP_XXT_CODEBI_D_ZQ','10','SP_SERV_TYP','端口类型','SMALLINT','','','','','Y','0：表示原和校园端口 1：表示点播业务','D2-2','2','');

insert into tablefile (xmlid, dbname, dataname, datacnname, state, cycletype, topiccode, extend_cfg, rightlevel, creater, curdutyer, eff_date, state_date, team_code, open_state, remark) values ('TO_R_CORP_XXT_CODEBI_D_QY','BD_B','TO_R_CORP_XXT_CODEBI_D_QY','ODS_校讯通BI全省业务代码日全量表','NEW','other','LAYERI_IRES','{"EXTERNAL":"y","LOCATION":"/tenant/BIGDATA/JCFW/JRCL/BD_B/ODS/TO_R_CORP_XXT_CODEBI_D/branch=QY","FILEFORMAT":"TEXTFILE","DELIMITER":"@#$"}','其他','谢英俊','谢英俊', TIMESTAMP '2016-07-11 12:00:00', TIMESTAMP '2016-09-28 12:00:00','f2999fd5-c34e-402e-9b28-fec9fca13044','','接口层-资源主题域');
insert into column_val (xmlid, col_xmlid, dataname, col_seq, colname, colcnname, datatype, length, precision_val, party_seq, isprimarykey, isnullable, remark, filed_type_child, sensitive_level, policyid) values ('TO_R_CORP_XXT_CODEBI_D_QY','TO_R_CORP_XXT_CODEBI_D_QY_2017091','TO_R_CORP_XXT_CODEBI_D_QY','1','SID','序号','INT','','','','1','N','','D2-2','2','');
insert into column_val (xmlid, col_xmlid, dataname, col_seq, colname, colcnname, datatype, length, precision_val, party_seq, isprimarykey, isnullable, remark, filed_type_child, sensitive_level, policyid) values ('TO_R_CORP_XXT_CODEBI_D_QY','TO_R_CORP_XXT_CODEBI_D_QY_2017092','TO_R_CORP_XXT_CODEBI_D_QY','2','CMCC_BRANCH_CD','地市','STRING','','','','','Y','','D2-2','2','');
insert into column_val (xmlid, col_xmlid, dataname, col_seq, colname, colcnname, datatype, length, precision_val, party_seq, isprimarykey, isnullable, remark, filed_type_child, sensitive_level, policyid) values ('TO_R_CORP_XXT_CODEBI_D_QY','TO_R_CORP_XXT_CODEBI_D_QY_2017093','TO_R_CORP_XXT_CODEBI_D_QY','3','BUSI_BRIEF','业务名称','STRING','','','','','Y','','D2-2','2','');
insert into column_val (xmlid, col_xmlid, dataname, col_seq, colname, colcnname, datatype, length, precision_val, party_seq, isprimarykey, isnullable, remark, filed_type_child, sensitive_level, policyid) values ('TO_R_CORP_XXT_CODEBI_D_QY','TO_R_CORP_XXT_CODEBI_D_QY_2017094','TO_R_CORP_XXT_CODEBI_D_QY','4','EFF_DT','制作日期','INT','','','','','Y','','D2-2','2','');
insert into column_val (xmlid, col_xmlid, dataname, col_seq, colname, colcnname, datatype, length, precision_val, party_seq, isprimarykey, isnullable, remark, filed_type_child, sensitive_level, policyid) values ('TO_R_CORP_XXT_CODEBI_D_QY','TO_R_CORP_XXT_CODEBI_D_QY_2017095','TO_R_CORP_XXT_CODEBI_D_QY','5','SP_SERV_CD','端口','STRING','','','','','Y','','D2-2','2','');
insert into column_val (xmlid, col_xmlid, dataname, col_seq, colname, colcnname, datatype, length, precision_val, party_seq, isprimarykey, isnullable, remark, filed_type_child, sensitive_level, policyid) values ('TO_R_CORP_XXT_CODEBI_D_QY','TO_R_CORP_XXT_CODEBI_D_QY_2017096','TO_R_CORP_XXT_CODEBI_D_QY','6','SP_SUBBUSI_CD','业务代码','STRING','','','','','Y','','D2-2','2','');
insert into column_val (xmlid, col_xmlid, dataname, col_seq, colname, colcnname, datatype, length, precision_val, party_seq, isprimarykey, isnullable, remark, filed_type_child, sensitive_level, policyid) values ('TO_R_CORP_XXT_CODEBI_D_QY','TO_R_CORP_XXT_CODEBI_D_QY_2017097','TO_R_CORP_XXT_CODEBI_D_QY','7','APPLY_SCOPE','业务级别','INT','','','','','Y','1：市级
2：省级','D2-2','2','');
insert into column_val (xmlid, col_xmlid, dataname, col_seq, colname, colcnname, datatype, length, precision_val, party_seq, isprimarykey, isnullable, remark, filed_type_child, sensitive_level, policyid) values ('TO_R_CORP_XXT_CODEBI_D_QY','TO_R_CORP_XXT_CODEBI_D_QY_2017098','TO_R_CORP_XXT_CODEBI_D_QY','8','SP_SUBBUSI_TYP','SP_SUBBUSI_TYP','STRING','','','','','Y','','D2-2','2','');
insert into column_val (xmlid, col_xmlid, dataname, col_seq, colname, colcnname, datatype, length, precision_val, party_seq, isprimarykey, isnullable, remark, filed_type_child, sensitive_level, policyid) values ('TO_R_CORP_XXT_CODEBI_D_QY','TO_R_CORP_XXT_CODEBI_D_QY_2017099','TO_R_CORP_XXT_CODEBI_D_QY','9','TARIFF','资费','DECIMAL','12','2','','','Y','','D2-2','2','');
insert into column_val (xmlid, col_xmlid, dataname, col_seq, colname, colcnname, datatype, length, precision_val, party_seq, isprimarykey, isnullable, remark, filed_type_child, sensitive_level, policyid) values ('TO_R_CORP_XXT_CODEBI_D_QY','TO_R_CORP_XXT_CODEBI_D_QY_20170910','TO_R_CORP_XXT_CODEBI_D_QY','10','SP_SERV_TYP','端口类型','SMALLINT','','','','','Y','0：表示原和校园端口 1：表示点播业务','D2-2','2','');

insert into tablefile (xmlid, dbname, dataname, datacnname, state, cycletype, topiccode, extend_cfg, rightlevel, creater, curdutyer, eff_date, state_date, team_code, open_state, remark) values ('TO_R_CORP_XXT_CODEBI_D_CZ','BD_B','TO_R_CORP_XXT_CODEBI_D_CZ','ODS_校讯通BI全省业务代码日全量表','NEW','other','LAYERI_IRES','{"EXTERNAL":"y","LOCATION":"/tenant/BIGDATA/JCFW/JRCL/BD_B/ODS/TO_R_CORP_XXT_CODEBI_D/branch=CZ","FILEFORMAT":"TEXTFILE","DELIMITER":"@#$"}','其他','谢英俊','谢英俊', TIMESTAMP '2016-07-11 12:00:00', TIMESTAMP '2016-09-28 12:00:00','f2999fd5-c34e-402e-9b28-fec9fca13044','','接口层-资源主题域');
insert into column_val (xmlid, col_xmlid, dataname, col_seq, colname, colcnname, datatype, length, precision_val, party_seq, isprimarykey, isnullable, remark, filed_type_child, sensitive_level, policyid) values ('TO_R_CORP_XXT_CODEBI_D_CZ','TO_R_CORP_XXT_CODEBI_D_CZ_2017091','TO_R_CORP_XXT_CODEBI_D_CZ','1','SID','序号','INT','','','','1','N','','D2-2','2','');
insert into column_val (xmlid, col_xmlid, dataname, col_seq, colname, colcnname, datatype, length, precision_val, party_seq, isprimarykey, isnullable, remark, filed_type_child, sensitive_level, policyid) values ('TO_R_CORP_XXT_CODEBI_D_CZ','TO_R_CORP_XXT_CODEBI_D_CZ_2017092','TO_R_CORP_XXT_CODEBI_D_CZ','2','CMCC_BRANCH_CD','地市','STRING','','','','','Y','','D2-2','2','');
insert into column_val (xmlid, col_xmlid, dataname, col_seq, colname, colcnname, datatype, length, precision_val, party_seq, isprimarykey, isnullable, remark, filed_type_child, sensitive_level, policyid) values ('TO_R_CORP_XXT_CODEBI_D_CZ','TO_R_CORP_XXT_CODEBI_D_CZ_2017093','TO_R_CORP_XXT_CODEBI_D_CZ','3','BUSI_BRIEF','业务名称','STRING','','','','','Y','','D2-2','2','');
insert into column_val (xmlid, col_xmlid, dataname, col_seq, colname, colcnname, datatype, length, precision_val, party_seq, isprimarykey, isnullable, remark, filed_type_child, sensitive_level, policyid) values ('TO_R_CORP_XXT_CODEBI_D_CZ','TO_R_CORP_XXT_CODEBI_D_CZ_2017094','TO_R_CORP_XXT_CODEBI_D_CZ','4','EFF_DT','制作日期','INT','','','','','Y','','D2-2','2','');
insert into column_val (xmlid, col_xmlid, dataname, col_seq, colname, colcnname, datatype, length, precision_val, party_seq, isprimarykey, isnullable, remark, filed_type_child, sensitive_level, policyid) values ('TO_R_CORP_XXT_CODEBI_D_CZ','TO_R_CORP_XXT_CODEBI_D_CZ_2017095','TO_R_CORP_XXT_CODEBI_D_CZ','5','SP_SERV_CD','端口','STRING','','','','','Y','','D2-2','2','');
insert into column_val (xmlid, col_xmlid, dataname, col_seq, colname, colcnname, datatype, length, precision_val, party_seq, isprimarykey, isnullable, remark, filed_type_child, sensitive_level, policyid) values ('TO_R_CORP_XXT_CODEBI_D_CZ','TO_R_CORP_XXT_CODEBI_D_CZ_2017096','TO_R_CORP_XXT_CODEBI_D_CZ','6','SP_SUBBUSI_CD','业务代码','STRING','','','','','Y','','D2-2','2','');
insert into column_val (xmlid, col_xmlid, dataname, col_seq, colname, colcnname, datatype, length, precision_val, party_seq, isprimarykey, isnullable, remark, filed_type_child, sensitive_level, policyid) values ('TO_R_CORP_XXT_CODEBI_D_CZ','TO_R_CORP_XXT_CODEBI_D_CZ_2017097','TO_R_CORP_XXT_CODEBI_D_CZ','7','APPLY_SCOPE','业务级别','INT','','','','','Y','1：市级
2：省级','D2-2','2','');
insert into column_val (xmlid, col_xmlid, dataname, col_seq, colname, colcnname, datatype, length, precision_val, party_seq, isprimarykey, isnullable, remark, filed_type_child, sensitive_level, policyid) values ('TO_R_CORP_XXT_CODEBI_D_CZ','TO_R_CORP_XXT_CODEBI_D_CZ_2017098','TO_R_CORP_XXT_CODEBI_D_CZ','8','SP_SUBBUSI_TYP','SP_SUBBUSI_TYP','STRING','','','','','Y','','D2-2','2','');
insert into column_val (xmlid, col_xmlid, dataname, col_seq, colname, colcnname, datatype, length, precision_val, party_seq, isprimarykey, isnullable, remark, filed_type_child, sensitive_level, policyid) values ('TO_R_CORP_XXT_CODEBI_D_CZ','TO_R_CORP_XXT_CODEBI_D_CZ_2017099','TO_R_CORP_XXT_CODEBI_D_CZ','9','TARIFF','资费','DECIMAL','12','2','','','Y','','D2-2','2','');
insert into column_val (xmlid, col_xmlid, dataname, col_seq, colname, colcnname, datatype, length, precision_val, party_seq, isprimarykey, isnullable, remark, filed_type_child, sensitive_level, policyid) values ('TO_R_CORP_XXT_CODEBI_D_CZ','TO_R_CORP_XXT_CODEBI_D_CZ_20170910','TO_R_CORP_XXT_CODEBI_D_CZ','10','SP_SERV_TYP','端口类型','SMALLINT','','','','','Y','0：表示原和校园端口 1：表示点播业务','D2-2','2','');

insert into tablefile (xmlid, dbname, dataname, datacnname, state, cycletype, topiccode, extend_cfg, rightlevel, creater, curdutyer, eff_date, state_date, team_code, open_state, remark) values ('TO_R_CORP_XXT_CODEBI_D_JY','BD_B','TO_R_CORP_XXT_CODEBI_D_JY','ODS_校讯通BI全省业务代码日全量表','NEW','other','LAYERI_IRES','{"EXTERNAL":"y","LOCATION":"/tenant/BIGDATA/JCFW/JRCL/BD_B/ODS/TO_R_CORP_XXT_CODEBI_D/branch=JY","FILEFORMAT":"TEXTFILE","DELIMITER":"@#$"}','其他','谢英俊','谢英俊', TIMESTAMP '2016-07-11 12:00:00', TIMESTAMP '2016-09-28 12:00:00','f2999fd5-c34e-402e-9b28-fec9fca13044','','接口层-资源主题域');
insert into column_val (xmlid, col_xmlid, dataname, col_seq, colname, colcnname, datatype, length, precision_val, party_seq, isprimarykey, isnullable, remark, filed_type_child, sensitive_level, policyid) values ('TO_R_CORP_XXT_CODEBI_D_JY','TO_R_CORP_XXT_CODEBI_D_JY_2017091','TO_R_CORP_XXT_CODEBI_D_JY','1','SID','序号','INT','','','','1','N','','D2-2','2','');
insert into column_val (xmlid, col_xmlid, dataname, col_seq, colname, colcnname, datatype, length, precision_val, party_seq, isprimarykey, isnullable, remark, filed_type_child, sensitive_level, policyid) values ('TO_R_CORP_XXT_CODEBI_D_JY','TO_R_CORP_XXT_CODEBI_D_JY_2017092','TO_R_CORP_XXT_CODEBI_D_JY','2','CMCC_BRANCH_CD','地市','STRING','','','','','Y','','D2-2','2','');
insert into column_val (xmlid, col_xmlid, dataname, col_seq, colname, colcnname, datatype, length, precision_val, party_seq, isprimarykey, isnullable, remark, filed_type_child, sensitive_level, policyid) values ('TO_R_CORP_XXT_CODEBI_D_JY','TO_R_CORP_XXT_CODEBI_D_JY_2017093','TO_R_CORP_XXT_CODEBI_D_JY','3','BUSI_BRIEF','业务名称','STRING','','','','','Y','','D2-2','2','');
insert into column_val (xmlid, col_xmlid, dataname, col_seq, colname, colcnname, datatype, length, precision_val, party_seq, isprimarykey, isnullable, remark, filed_type_child, sensitive_level, policyid) values ('TO_R_CORP_XXT_CODEBI_D_JY','TO_R_CORP_XXT_CODEBI_D_JY_2017094','TO_R_CORP_XXT_CODEBI_D_JY','4','EFF_DT','制作日期','INT','','','','','Y','','D2-2','2','');
insert into column_val (xmlid, col_xmlid, dataname, col_seq, colname, colcnname, datatype, length, precision_val, party_seq, isprimarykey, isnullable, remark, filed_type_child, sensitive_level, policyid) values ('TO_R_CORP_XXT_CODEBI_D_JY','TO_R_CORP_XXT_CODEBI_D_JY_2017095','TO_R_CORP_XXT_CODEBI_D_JY','5','SP_SERV_CD','端口','STRING','','','','','Y','','D2-2','2','');
insert into column_val (xmlid, col_xmlid, dataname, col_seq, colname, colcnname, datatype, length, precision_val, party_seq, isprimarykey, isnullable, remark, filed_type_child, sensitive_level, policyid) values ('TO_R_CORP_XXT_CODEBI_D_JY','TO_R_CORP_XXT_CODEBI_D_JY_2017096','TO_R_CORP_XXT_CODEBI_D_JY','6','SP_SUBBUSI_CD','业务代码','STRING','','','','','Y','','D2-2','2','');
insert into column_val (xmlid, col_xmlid, dataname, col_seq, colname, colcnname, datatype, length, precision_val, party_seq, isprimarykey, isnullable, remark, filed_type_child, sensitive_level, policyid) values ('TO_R_CORP_XXT_CODEBI_D_JY','TO_R_CORP_XXT_CODEBI_D_JY_2017097','TO_R_CORP_XXT_CODEBI_D_JY','7','APPLY_SCOPE','业务级别','INT','','','','','Y','1：市级
2：省级','D2-2','2','');
insert into column_val (xmlid, col_xmlid, dataname, col_seq, colname, colcnname, datatype, length, precision_val, party_seq, isprimarykey, isnullable, remark, filed_type_child, sensitive_level, policyid) values ('TO_R_CORP_XXT_CODEBI_D_JY','TO_R_CORP_XXT_CODEBI_D_JY_2017098','TO_R_CORP_XXT_CODEBI_D_JY','8','SP_SUBBUSI_TYP','SP_SUBBUSI_TYP','STRING','','','','','Y','','D2-2','2','');
insert into column_val (xmlid, col_xmlid, dataname, col_seq, colname, colcnname, datatype, length, precision_val, party_seq, isprimarykey, isnullable, remark, filed_type_child, sensitive_level, policyid) values ('TO_R_CORP_XXT_CODEBI_D_JY','TO_R_CORP_XXT_CODEBI_D_JY_2017099','TO_R_CORP_XXT_CODEBI_D_JY','9','TARIFF','资费','DECIMAL','12','2','','','Y','','D2-2','2','');
insert into column_val (xmlid, col_xmlid, dataname, col_seq, colname, colcnname, datatype, length, precision_val, party_seq, isprimarykey, isnullable, remark, filed_type_child, sensitive_level, policyid) values ('TO_R_CORP_XXT_CODEBI_D_JY','TO_R_CORP_XXT_CODEBI_D_JY_20170910','TO_R_CORP_XXT_CODEBI_D_JY','10','SP_SERV_TYP','端口类型','SMALLINT','','','','','Y','0：表示原和校园端口 1：表示点播业务','D2-2','2','');

insert into tablefile (xmlid, dbname, dataname, datacnname, state, cycletype, topiccode, extend_cfg, rightlevel, creater, curdutyer, eff_date, state_date, team_code, open_state, remark) values ('TO_R_CORP_XXT_CODEBI_D_YF','BD_B','TO_R_CORP_XXT_CODEBI_D_YF','ODS_校讯通BI全省业务代码日全量表','NEW','other','LAYERI_IRES','{"EXTERNAL":"y","LOCATION":"/tenant/BIGDATA/JCFW/JRCL/BD_B/ODS/TO_R_CORP_XXT_CODEBI_D/branch=YF","FILEFORMAT":"TEXTFILE","DELIMITER":"@#$"}','其他','谢英俊','谢英俊', TIMESTAMP '2016-07-11 12:00:00', TIMESTAMP '2016-09-28 12:00:00','f2999fd5-c34e-402e-9b28-fec9fca13044','','接口层-资源主题域');
insert into column_val (xmlid, col_xmlid, dataname, col_seq, colname, colcnname, datatype, length, precision_val, party_seq, isprimarykey, isnullable, remark, filed_type_child, sensitive_level, policyid) values ('TO_R_CORP_XXT_CODEBI_D_YF','TO_R_CORP_XXT_CODEBI_D_YF_2017091','TO_R_CORP_XXT_CODEBI_D_YF','1','SID','序号','INT','','','','1','N','','D2-2','2','');
insert into column_val (xmlid, col_xmlid, dataname, col_seq, colname, colcnname, datatype, length, precision_val, party_seq, isprimarykey, isnullable, remark, filed_type_child, sensitive_level, policyid) values ('TO_R_CORP_XXT_CODEBI_D_YF','TO_R_CORP_XXT_CODEBI_D_YF_2017092','TO_R_CORP_XXT_CODEBI_D_YF','2','CMCC_BRANCH_CD','地市','STRING','','','','','Y','','D2-2','2','');
insert into column_val (xmlid, col_xmlid, dataname, col_seq, colname, colcnname, datatype, length, precision_val, party_seq, isprimarykey, isnullable, remark, filed_type_child, sensitive_level, policyid) values ('TO_R_CORP_XXT_CODEBI_D_YF','TO_R_CORP_XXT_CODEBI_D_YF_2017093','TO_R_CORP_XXT_CODEBI_D_YF','3','BUSI_BRIEF','业务名称','STRING','','','','','Y','','D2-2','2','');
insert into column_val (xmlid, col_xmlid, dataname, col_seq, colname, colcnname, datatype, length, precision_val, party_seq, isprimarykey, isnullable, remark, filed_type_child, sensitive_level, policyid) values ('TO_R_CORP_XXT_CODEBI_D_YF','TO_R_CORP_XXT_CODEBI_D_YF_2017094','TO_R_CORP_XXT_CODEBI_D_YF','4','EFF_DT','制作日期','INT','','','','','Y','','D2-2','2','');
insert into column_val (xmlid, col_xmlid, dataname, col_seq, colname, colcnname, datatype, length, precision_val, party_seq, isprimarykey, isnullable, remark, filed_type_child, sensitive_level, policyid) values ('TO_R_CORP_XXT_CODEBI_D_YF','TO_R_CORP_XXT_CODEBI_D_YF_2017095','TO_R_CORP_XXT_CODEBI_D_YF','5','SP_SERV_CD','端口','STRING','','','','','Y','','D2-2','2','');
insert into column_val (xmlid, col_xmlid, dataname, col_seq, colname, colcnname, datatype, length, precision_val, party_seq, isprimarykey, isnullable, remark, filed_type_child, sensitive_level, policyid) values ('TO_R_CORP_XXT_CODEBI_D_YF','TO_R_CORP_XXT_CODEBI_D_YF_2017096','TO_R_CORP_XXT_CODEBI_D_YF','6','SP_SUBBUSI_CD','业务代码','STRING','','','','','Y','','D2-2','2','');
insert into column_val (xmlid, col_xmlid, dataname, col_seq, colname, colcnname, datatype, length, precision_val, party_seq, isprimarykey, isnullable, remark, filed_type_child, sensitive_level, policyid) values ('TO_R_CORP_XXT_CODEBI_D_YF','TO_R_CORP_XXT_CODEBI_D_YF_2017097','TO_R_CORP_XXT_CODEBI_D_YF','7','APPLY_SCOPE','业务级别','INT','','','','','Y','1：市级
2：省级','D2-2','2','');
insert into column_val (xmlid, col_xmlid, dataname, col_seq, colname, colcnname, datatype, length, precision_val, party_seq, isprimarykey, isnullable, remark, filed_type_child, sensitive_level, policyid) values ('TO_R_CORP_XXT_CODEBI_D_YF','TO_R_CORP_XXT_CODEBI_D_YF_2017098','TO_R_CORP_XXT_CODEBI_D_YF','8','SP_SUBBUSI_TYP','SP_SUBBUSI_TYP','STRING','','','','','Y','','D2-2','2','');
insert into column_val (xmlid, col_xmlid, dataname, col_seq, colname, colcnname, datatype, length, precision_val, party_seq, isprimarykey, isnullable, remark, filed_type_child, sensitive_level, policyid) values ('TO_R_CORP_XXT_CODEBI_D_YF','TO_R_CORP_XXT_CODEBI_D_YF_2017099','TO_R_CORP_XXT_CODEBI_D_YF','9','TARIFF','资费','DECIMAL','12','2','','','Y','','D2-2','2','');
insert into column_val (xmlid, col_xmlid, dataname, col_seq, colname, colcnname, datatype, length, precision_val, party_seq, isprimarykey, isnullable, remark, filed_type_child, sensitive_level, policyid) values ('TO_R_CORP_XXT_CODEBI_D_YF','TO_R_CORP_XXT_CODEBI_D_YF_20170910','TO_R_CORP_XXT_CODEBI_D_YF','10','SP_SERV_TYP','端口类型','SMALLINT','','','','','Y','0：表示原和校园端口 1：表示点播业务','D2-2','2','');

insert into tablefile (xmlid, dbname, dataname, datacnname, state, cycletype, topiccode, extend_cfg, rightlevel, creater, curdutyer, eff_date, state_date, team_code, open_state, remark) values ('TO_E_ESOP_LOG_MAIN_D_GZ','BD_B','TO_E_ESOP_LOG_MAIN_D_GZ','ODS_ESOP日志表','NEW','day','LAYERI_ISERV','{"EXTERNAL":"y","LOCATION":"/tenant/BIGDATA/JCFW/JRCL/BD_B/ODS/TO_E_ESOP_LOG_MAIN_D/branch=GZ","FILEFORMAT":"PARQUET","DELIMITER":"&&"}','其他','谢英俊','谢英俊', TIMESTAMP '0009-02-17 12:00:00', TIMESTAMP '0009-02-17 12:00:00','f2999fd5-c34e-402e-9b28-fec9fca13044','','基础层-服务主题域');
insert into column_val (xmlid, col_xmlid, dataname, col_seq, colname, colcnname, datatype, length, precision_val, party_seq, isprimarykey, isnullable, remark, filed_type_child, sensitive_level, policyid) values ('TO_E_ESOP_LOG_MAIN_D_GZ','TO_E_ESOP_LOG_MAIN_D_GZ_2017091','TO_E_ESOP_LOG_MAIN_D_GZ','1','LOG_ID','日志编号','STRING','','','','1','N','','C1-2','3','');
insert into column_val (xmlid, col_xmlid, dataname, col_seq, colname, colcnname, datatype, length, precision_val, party_seq, isprimarykey, isnullable, remark, filed_type_child, sensitive_level, policyid) values ('TO_E_ESOP_LOG_MAIN_D_GZ','TO_E_ESOP_LOG_MAIN_D_GZ_2017092','TO_E_ESOP_LOG_MAIN_D_GZ','2','LOG_NAM','日志主题','STRING','','','','','Y','','C1-2','3','');
insert into column_val (xmlid, col_xmlid, dataname, col_seq, colname, colcnname, datatype, length, precision_val, party_seq, isprimarykey, isnullable, remark, filed_type_child, sensitive_level, policyid) values ('TO_E_ESOP_LOG_MAIN_D_GZ','TO_E_ESOP_LOG_MAIN_D_GZ_2017093','TO_E_ESOP_LOG_MAIN_D_GZ','3','LOG_TYP','日志类型','STRING','','','','','Y','字典表GROUPID="logtype"','C1-2','3','');
insert into column_val (xmlid, col_xmlid, dataname, col_seq, colname, colcnname, datatype, length, precision_val, party_seq, isprimarykey, isnullable, remark, filed_type_child, sensitive_level, policyid) values ('TO_E_ESOP_LOG_MAIN_D_GZ','TO_E_ESOP_LOG_MAIN_D_GZ_2017094','TO_E_ESOP_LOG_MAIN_D_GZ','4','CTY_CD','地市','STRING','','','','1','N','主键
地市region，
999-省公司
200-广州
660-汕尾
662-阳江
663-揭阳
668-茂名
750-江门
751-韶关
752-惠州
753-梅州
754-汕头
755-深圳
756-珠海
757-佛山
758-肇庆
759-湛江
760-中山
762-河源
763-清远
766-云浮
768-潮州
769-东莞','C1-2','3','');
insert into column_val (xmlid, col_xmlid, dataname, col_seq, colname, colcnname, datatype, length, precision_val, party_seq, isprimarykey, isnullable, remark, filed_type_child, sensitive_level, policyid) values ('TO_E_ESOP_LOG_MAIN_D_GZ','TO_E_ESOP_LOG_MAIN_D_GZ_2017095','TO_E_ESOP_LOG_MAIN_D_GZ','5','OPERATION_ID','关联业务单号','STRING','','','','','Y','项目编号PROJECTID','C1-2','3','');
insert into column_val (xmlid, col_xmlid, dataname, col_seq, colname, colcnname, datatype, length, precision_val, party_seq, isprimarykey, isnullable, remark, filed_type_child, sensitive_level, policyid) values ('TO_E_ESOP_LOG_MAIN_D_GZ','TO_E_ESOP_LOG_MAIN_D_GZ_2017096','TO_E_ESOP_LOG_MAIN_D_GZ','6','OPERATION_NAM','关联业务单名称','STRING','','','','','Y','项目PROJECTNAME','C1-2','3','');
insert into column_val (xmlid, col_xmlid, dataname, col_seq, colname, colcnname, datatype, length, precision_val, party_seq, isprimarykey, isnullable, remark, filed_type_child, sensitive_level, policyid) values ('TO_E_ESOP_LOG_MAIN_D_GZ','TO_E_ESOP_LOG_MAIN_D_GZ_2017097','TO_E_ESOP_LOG_MAIN_D_GZ','7','SERVICE_ACT','客服动作','STRING','','','','','Y','字典表GROUPID="servicact"','C1-2','3','');
insert into column_val (xmlid, col_xmlid, dataname, col_seq, colname, colcnname, datatype, length, precision_val, party_seq, isprimarykey, isnullable, remark, filed_type_child, sensitive_level, policyid) values ('TO_E_ESOP_LOG_MAIN_D_GZ','TO_E_ESOP_LOG_MAIN_D_GZ_2017098','TO_E_ESOP_LOG_MAIN_D_GZ','8','GROUP_ID','集团客户编号','STRING','','','','','Y','','C1-2','3','');
insert into column_val (xmlid, col_xmlid, dataname, col_seq, colname, colcnname, datatype, length, precision_val, party_seq, isprimarykey, isnullable, remark, filed_type_child, sensitive_level, policyid) values ('TO_E_ESOP_LOG_MAIN_D_GZ','TO_E_ESOP_LOG_MAIN_D_GZ_2017099','TO_E_ESOP_LOG_MAIN_D_GZ','9','CRTEATOR','创建人','STRING','','','','','Y','','C1-2','3','');
insert into column_val (xmlid, col_xmlid, dataname, col_seq, colname, colcnname, datatype, length, precision_val, party_seq, isprimarykey, isnullable, remark, filed_type_child, sensitive_level, policyid) values ('TO_E_ESOP_LOG_MAIN_D_GZ','TO_E_ESOP_LOG_MAIN_D_GZ_20170910','TO_E_ESOP_LOG_MAIN_D_GZ','10','CREATE_DTS','创建时间','STRING','','','','','Y','格式YYYY-MM-DDHH24:MI:SS','C1-2','3','');
insert into column_val (xmlid, col_xmlid, dataname, col_seq, colname, colcnname, datatype, length, precision_val, party_seq, isprimarykey, isnullable, remark, filed_type_child, sensitive_level, policyid) values ('TO_E_ESOP_LOG_MAIN_D_GZ','TO_E_ESOP_LOG_MAIN_D_GZ_20170911','TO_E_ESOP_LOG_MAIN_D_GZ','11','CHG_TIM','修改时间','STRING','','','','','Y','格式YYYY-MM-DDHH24:MI:SS','C1-2','3','');
insert into column_val (xmlid, col_xmlid, dataname, col_seq, colname, colcnname, datatype, length, precision_val, party_seq, isprimarykey, isnullable, remark, filed_type_child, sensitive_level, policyid) values ('TO_E_ESOP_LOG_MAIN_D_GZ','TO_E_ESOP_LOG_MAIN_D_GZ_20170912','TO_E_ESOP_LOG_MAIN_D_GZ','12','LOG_CONT','日志内容','STRING','','','','','Y','','C1-2','3','');
insert into column_val (xmlid, col_xmlid, dataname, col_seq, colname, colcnname, datatype, length, precision_val, party_seq, isprimarykey, isnullable, remark, filed_type_child, sensitive_level, policyid) values ('TO_E_ESOP_LOG_MAIN_D_GZ','TO_E_ESOP_LOG_MAIN_D_GZ_20170913','TO_E_ESOP_LOG_MAIN_D_GZ','13','LOG_SRC','日志来源','STRING','','','','','Y','自己：1，系统：0','C1-2','3','');
insert into column_val (xmlid, col_xmlid, dataname, col_seq, colname, colcnname, datatype, length, precision_val, party_seq, isprimarykey, isnullable, remark, filed_type_child, sensitive_level, policyid) values ('TO_E_ESOP_LOG_MAIN_D_GZ','TO_E_ESOP_LOG_MAIN_D_GZ_20170914','TO_E_ESOP_LOG_MAIN_D_GZ','14','STS_CD','状态','STRING','','','','','Y','1是，0否','C1-2','3','');
insert into column_val (xmlid, col_xmlid, dataname, col_seq, colname, colcnname, datatype, length, precision_val, party_seq, isprimarykey, isnullable, remark, filed_type_child, sensitive_level, policyid) values ('TO_E_ESOP_LOG_MAIN_D_GZ','TO_E_ESOP_LOG_MAIN_D_GZ_20170915','TO_E_ESOP_LOG_MAIN_D_GZ','15','LOG_ATTACH','日志附件','STRING','','','','','Y','','C1-2','3','');
insert into column_val (xmlid, col_xmlid, dataname, col_seq, colname, colcnname, datatype, length, precision_val, party_seq, isprimarykey, isnullable, remark, filed_type_child, sensitive_level, policyid) values ('TO_E_ESOP_LOG_MAIN_D_GZ','TO_E_ESOP_LOG_MAIN_D_GZ_20170916','TO_E_ESOP_LOG_MAIN_D_GZ','16','GROUP_TYP','集团类型','STRING','','','','','Y','自然集团：1，BOSS集团：0','C1-2','3','');
insert into column_val (xmlid, col_xmlid, dataname, col_seq, colname, colcnname, datatype, length, precision_val, party_seq, isprimarykey, isnullable, remark, filed_type_child, sensitive_level, policyid) values ('TO_E_ESOP_LOG_MAIN_D_GZ','TO_E_ESOP_LOG_MAIN_D_GZ_20170917','TO_E_ESOP_LOG_MAIN_D_GZ','17','VISIT_DT','拜访时间','STRING','','','','','Y','','C1-2','3','');
insert into column_val (xmlid, col_xmlid, dataname, col_seq, colname, colcnname, datatype, length, precision_val, party_seq, isprimarykey, isnullable, remark, filed_type_child, sensitive_level, policyid) values ('TO_E_ESOP_LOG_MAIN_D_GZ','TO_E_ESOP_LOG_MAIN_D_GZ_20170918','TO_E_ESOP_LOG_MAIN_D_GZ','18','LOG_WRITE_LENGTH','日志填写耗时','STRING','','','','','Y','单位：秒','C1-2','3','');
insert into column_val (xmlid, col_xmlid, dataname, col_seq, colname, colcnname, datatype, length, precision_val, party_seq, isprimarykey, isnullable, remark, filed_type_child, sensitive_level, policyid) values ('TO_E_ESOP_LOG_MAIN_D_GZ','TO_E_ESOP_LOG_MAIN_D_GZ_20170919','TO_E_ESOP_LOG_MAIN_D_GZ','19','GROUP_NAME','集团名称','STRING','','','','','Y','包括自然集团、BOSS集团','C1-2','3','');
insert into column_val (xmlid, col_xmlid, dataname, col_seq, colname, colcnname, datatype, length, precision_val, party_seq, isprimarykey, isnullable, remark, filed_type_child, sensitive_level, policyid) values ('TO_E_ESOP_LOG_MAIN_D_GZ','TO_E_ESOP_LOG_MAIN_D_GZ_20170920','TO_E_ESOP_LOG_MAIN_D_GZ','20','SER_TYP_CD','服务方式','STRING','','','','','Y','上门、电话、E-mail、短彩信、EMS邮寄、外出联谊、传真、其它','C1-2','3','');
insert into column_val (xmlid, col_xmlid, dataname, col_seq, colname, colcnname, datatype, length, precision_val, party_seq, isprimarykey, isnullable, remark, filed_type_child, sensitive_level, policyid) values ('TO_E_ESOP_LOG_MAIN_D_GZ','TO_E_ESOP_LOG_MAIN_D_GZ_20170921','TO_E_ESOP_LOG_MAIN_D_GZ','21','VISIT_FORM','拜访活动形式','STRING','','','','','Y','上门拜访','C1-2','3','');
insert into column_val (xmlid, col_xmlid, dataname, col_seq, colname, colcnname, datatype, length, precision_val, party_seq, isprimarykey, isnullable, remark, filed_type_child, sensitive_level, policyid) values ('TO_E_ESOP_LOG_MAIN_D_GZ','TO_E_ESOP_LOG_MAIN_D_GZ_20170922','TO_E_ESOP_LOG_MAIN_D_GZ','22','VISIT_AIM','拜访活动目的','STRING','','','','','Y','建立或维系高层客户关系','C1-2','3','');
insert into column_val (xmlid, col_xmlid, dataname, col_seq, colname, colcnname, datatype, length, precision_val, party_seq, isprimarykey, isnullable, remark, filed_type_child, sensitive_level, policyid) values ('TO_E_ESOP_LOG_MAIN_D_GZ','TO_E_ESOP_LOG_MAIN_D_GZ_20170923','TO_E_ESOP_LOG_MAIN_D_GZ','23','SUBSNUMBER','客户手机号码','STRING','','','','','Y','个人服务填写','C1-2','3','');
insert into column_val (xmlid, col_xmlid, dataname, col_seq, colname, colcnname, datatype, length, precision_val, party_seq, isprimarykey, isnullable, remark, filed_type_child, sensitive_level, policyid) values ('TO_E_ESOP_LOG_MAIN_D_GZ','TO_E_ESOP_LOG_MAIN_D_GZ_20170924','TO_E_ESOP_LOG_MAIN_D_GZ','24','CUST_NAM','客户名称','STRING','','','','','Y','个人服务填写','C1-2','3','');
insert into column_val (xmlid, col_xmlid, dataname, col_seq, colname, colcnname, datatype, length, precision_val, party_seq, isprimarykey, isnullable, remark, filed_type_child, sensitive_level, policyid) values ('TO_E_ESOP_LOG_MAIN_D_GZ','TO_E_ESOP_LOG_MAIN_D_GZ_20170925','TO_E_ESOP_LOG_MAIN_D_GZ','25','CUST_ROLE','客户角色','STRING','','','','','Y','个人服务填写','C1-2','3','');
insert into column_val (xmlid, col_xmlid, dataname, col_seq, colname, colcnname, datatype, length, precision_val, party_seq, isprimarykey, isnullable, remark, filed_type_child, sensitive_level, policyid) values ('TO_E_ESOP_LOG_MAIN_D_GZ','TO_E_ESOP_LOG_MAIN_D_GZ_20170926','TO_E_ESOP_LOG_MAIN_D_GZ','26','CORP_SCOPE','动态集团级别','STRING','','','','','Y','BOSS集团','C1-2','3','');
insert into column_val (xmlid, col_xmlid, dataname, col_seq, colname, colcnname, datatype, length, precision_val, party_seq, isprimarykey, isnullable, remark, filed_type_child, sensitive_level, policyid) values ('TO_E_ESOP_LOG_MAIN_D_GZ','TO_E_ESOP_LOG_MAIN_D_GZ_20170927','TO_E_ESOP_LOG_MAIN_D_GZ','27','DIST_NAM','所属区县','STRING','','','','','Y','BOSS集团','C1-2','3','');
insert into column_val (xmlid, col_xmlid, dataname, col_seq, colname, colcnname, datatype, length, precision_val, party_seq, isprimarykey, isnullable, remark, filed_type_child, sensitive_level, policyid) values ('TO_E_ESOP_LOG_MAIN_D_GZ','TO_E_ESOP_LOG_MAIN_D_GZ_20170928','TO_E_ESOP_LOG_MAIN_D_GZ','28','CUST_MGR','客户经理','STRING','','','','','Y','','C1-2','3','');
insert into column_val (xmlid, col_xmlid, dataname, col_seq, colname, colcnname, datatype, length, precision_val, party_seq, isprimarykey, isnullable, remark, filed_type_child, sensitive_level, policyid) values ('TO_E_ESOP_LOG_MAIN_D_GZ','TO_E_ESOP_LOG_MAIN_D_GZ_20170929','TO_E_ESOP_LOG_MAIN_D_GZ','29','FOLLOW_STAFF','我方人员','STRING','','','','','Y','同行人员','C1-2','3','');
insert into column_val (xmlid, col_xmlid, dataname, col_seq, colname, colcnname, datatype, length, precision_val, party_seq, isprimarykey, isnullable, remark, filed_type_child, sensitive_level, policyid) values ('TO_E_ESOP_LOG_MAIN_D_GZ','TO_E_ESOP_LOG_MAIN_D_GZ_20170930','TO_E_ESOP_LOG_MAIN_D_GZ','30','PROJECT_FEE','项目金额','STRING','','','','','Y','','C1-2','3','');
insert into column_val (xmlid, col_xmlid, dataname, col_seq, colname, colcnname, datatype, length, precision_val, party_seq, isprimarykey, isnullable, remark, filed_type_child, sensitive_level, policyid) values ('TO_E_ESOP_LOG_MAIN_D_GZ','TO_E_ESOP_LOG_MAIN_D_GZ_20170931','TO_E_ESOP_LOG_MAIN_D_GZ','31','PROJECT_BRIEF','项目简介','STRING','','','','','Y','','C1-2','3','');
insert into column_val (xmlid, col_xmlid, dataname, col_seq, colname, colcnname, datatype, length, precision_val, party_seq, isprimarykey, isnullable, remark, filed_type_child, sensitive_level, policyid) values ('TO_E_ESOP_LOG_MAIN_D_GZ','TO_E_ESOP_LOG_MAIN_D_GZ_20170932','TO_E_ESOP_LOG_MAIN_D_GZ','32','COMP_OPPONENT','竞争对手','STRING','','','','','Y','','C1-2','3','');
insert into column_val (xmlid, col_xmlid, dataname, col_seq, colname, colcnname, datatype, length, precision_val, party_seq, isprimarykey, isnullable, remark, filed_type_child, sensitive_level, policyid) values ('TO_E_ESOP_LOG_MAIN_D_GZ','TO_E_ESOP_LOG_MAIN_D_GZ_20170933','TO_E_ESOP_LOG_MAIN_D_GZ','33','COMP_LEVEL','竞争级别','STRING','','','','','Y','','C1-2','3','');
insert into column_val (xmlid, col_xmlid, dataname, col_seq, colname, colcnname, datatype, length, precision_val, party_seq, isprimarykey, isnullable, remark, filed_type_child, sensitive_level, policyid) values ('TO_E_ESOP_LOG_MAIN_D_GZ','TO_E_ESOP_LOG_MAIN_D_GZ_20170934','TO_E_ESOP_LOG_MAIN_D_GZ','34','RESPONSE_EVENT','应对事件','STRING','','','','','Y','','C1-2','3','');
insert into column_val (xmlid, col_xmlid, dataname, col_seq, colname, colcnname, datatype, length, precision_val, party_seq, isprimarykey, isnullable, remark, filed_type_child, sensitive_level, policyid) values ('TO_E_ESOP_LOG_MAIN_D_GZ','TO_E_ESOP_LOG_MAIN_D_GZ_20170935','TO_E_ESOP_LOG_MAIN_D_GZ','35','RESPONSE_RESULT','应对结果','STRING','','','','','Y','','C1-2','3','');
insert into column_val (xmlid, col_xmlid, dataname, col_seq, colname, colcnname, datatype, length, precision_val, party_seq, isprimarykey, isnullable, remark, filed_type_child, sensitive_level, policyid) values ('TO_E_ESOP_LOG_MAIN_D_GZ','TO_E_ESOP_LOG_MAIN_D_GZ_20170936','TO_E_ESOP_LOG_MAIN_D_GZ','36','OTHER_RESULT','其它成效','STRING','','','','','Y','','C1-2','3','');
insert into column_val (xmlid, col_xmlid, dataname, col_seq, colname, colcnname, datatype, length, precision_val, party_seq, isprimarykey, isnullable, remark, filed_type_child, sensitive_level, policyid) values ('TO_E_ESOP_LOG_MAIN_D_GZ','TO_E_ESOP_LOG_MAIN_D_GZ_20170937','TO_E_ESOP_LOG_MAIN_D_GZ','37','NOTES','备注','STRING','','','','','Y','','C1-2','3','');
insert into column_val (xmlid, col_xmlid, dataname, col_seq, colname, colcnname, datatype, length, precision_val, party_seq, isprimarykey, isnullable, remark, filed_type_child, sensitive_level, policyid) values ('TO_E_ESOP_LOG_MAIN_D_GZ','TO_E_ESOP_LOG_MAIN_D_GZ_20170938','TO_E_ESOP_LOG_MAIN_D_GZ','38','CHIEF_VISIT_MGR_NAM','主要拜访经理名称','STRING','','','','','Y','','C1-2','3','');
insert into column_val (xmlid, col_xmlid, dataname, col_seq, colname, colcnname, datatype, length, precision_val, party_seq, isprimarykey, isnullable, remark, filed_type_child, sensitive_level, policyid) values ('TO_E_ESOP_LOG_MAIN_D_GZ','TO_E_ESOP_LOG_MAIN_D_GZ_20170939','TO_E_ESOP_LOG_MAIN_D_GZ','39','CHIEF_VISIT_MGR_JOB','职位','STRING','','','','','Y','','C1-2','3','');
insert into column_val (xmlid, col_xmlid, dataname, col_seq, colname, colcnname, datatype, length, precision_val, party_seq, isprimarykey, isnullable, remark, filed_type_child, sensitive_level, policyid) values ('TO_E_ESOP_LOG_MAIN_D_GZ','TO_E_ESOP_LOG_MAIN_D_GZ_20170940','TO_E_ESOP_LOG_MAIN_D_GZ','40','VISIT_TYPE','拜访类型','STRING','','','','','Y','','C1-2','3','');
insert into column_val (xmlid, col_xmlid, dataname, col_seq, colname, colcnname, datatype, length, precision_val, party_seq, isprimarykey, isnullable, remark, filed_type_child, sensitive_level, policyid) values ('TO_E_ESOP_LOG_MAIN_D_GZ','TO_E_ESOP_LOG_MAIN_D_GZ_20170941','TO_E_ESOP_LOG_MAIN_D_GZ','41','MOVEMENT_DESC','拜访描述','STRING','','','','','Y','','C1-2','3','');
insert into column_val (xmlid, col_xmlid, dataname, col_seq, colname, colcnname, datatype, length, precision_val, party_seq, isprimarykey, isnullable, remark, filed_type_child, sensitive_level, policyid) values ('TO_E_ESOP_LOG_MAIN_D_GZ','TO_E_ESOP_LOG_MAIN_D_GZ_20170942','TO_E_ESOP_LOG_MAIN_D_GZ','42','IMPACT','影响','STRING','','','','','Y','','C1-2','3','');
insert into column_val (xmlid, col_xmlid, dataname, col_seq, colname, colcnname, datatype, length, precision_val, party_seq, isprimarykey, isnullable, remark, filed_type_child, sensitive_level, policyid) values ('TO_E_ESOP_LOG_MAIN_D_GZ','TO_E_ESOP_LOG_MAIN_D_GZ_20170943','TO_E_ESOP_LOG_MAIN_D_GZ','43','PROJECT_NAM','项目名称','STRING','','','','','Y','','C1-2','3','');
insert into column_val (xmlid, col_xmlid, dataname, col_seq, colname, colcnname, datatype, length, precision_val, party_seq, isprimarykey, isnullable, remark, filed_type_child, sensitive_level, policyid) values ('TO_E_ESOP_LOG_MAIN_D_GZ','TO_E_ESOP_LOG_MAIN_D_GZ_20170944','TO_E_ESOP_LOG_MAIN_D_GZ','44','REFER_PRDCT','参考产品','STRING','','','','','Y','','C1-2','3','');
insert into column_val (xmlid, col_xmlid, dataname, col_seq, colname, colcnname, datatype, length, precision_val, party_seq, isprimarykey, isnullable, remark, filed_type_child, sensitive_level, policyid) values ('TO_E_ESOP_LOG_MAIN_D_GZ','TO_E_ESOP_LOG_MAIN_D_GZ_20170945','TO_E_ESOP_LOG_MAIN_D_GZ','45','AFFECT_RANGE','影响范围','STRING','','','','','Y','','C1-2','3','');
insert into column_val (xmlid, col_xmlid, dataname, col_seq, colname, colcnname, datatype, length, precision_val, party_seq, isprimarykey, isnullable, remark, filed_type_child, sensitive_level, policyid) values ('TO_E_ESOP_LOG_MAIN_D_GZ','TO_E_ESOP_LOG_MAIN_D_GZ_20170946','TO_E_ESOP_LOG_MAIN_D_GZ','46','CMCC_BRANCH_CD','地市编码','STRING','','','','','Y','','C1-2','3','');
insert into column_val (xmlid, col_xmlid, dataname, col_seq, colname, colcnname, datatype, length, precision_val, party_seq, isprimarykey, isnullable, remark, filed_type_child, sensitive_level, policyid) values ('TO_E_ESOP_LOG_MAIN_D_GZ','TO_E_ESOP_LOG_MAIN_D_GZ_20170947','TO_E_ESOP_LOG_MAIN_D_GZ','47','month','月份','INT','','','1','','N','','','','');
insert into column_val (xmlid, col_xmlid, dataname, col_seq, colname, colcnname, datatype, length, precision_val, party_seq, isprimarykey, isnullable, remark, filed_type_child, sensitive_level, policyid) values ('TO_E_ESOP_LOG_MAIN_D_GZ','TO_E_ESOP_LOG_MAIN_D_GZ_20170948','TO_E_ESOP_LOG_MAIN_D_GZ','48','day','日期','INT','','','2','','N','','','','');

insert into tablefile (xmlid, dbname, dataname, datacnname, state, cycletype, topiccode, extend_cfg, rightlevel, creater, curdutyer, eff_date, state_date, team_code, open_state, remark) values ('TO_E_ESOP_LOG_MAIN_D_SZ','BD_B','TO_E_ESOP_LOG_MAIN_D_SZ','ODS_ESOP日志表','NEW','day','LAYERI_ISERV','{"EXTERNAL":"y","LOCATION":"/tenant/BIGDATA/JCFW/JRCL/BD_B/ODS/TO_E_ESOP_LOG_MAIN_D/branch=SZ","FILEFORMAT":"PARQUET","DELIMITER":"&&"}','其他','谢英俊','谢英俊', TIMESTAMP '0009-02-17 12:00:00', TIMESTAMP '0009-02-17 12:00:00','f2999fd5-c34e-402e-9b28-fec9fca13044','','基础层-服务主题域');
insert into column_val (xmlid, col_xmlid, dataname, col_seq, colname, colcnname, datatype, length, precision_val, party_seq, isprimarykey, isnullable, remark, filed_type_child, sensitive_level, policyid) values ('TO_E_ESOP_LOG_MAIN_D_SZ','TO_E_ESOP_LOG_MAIN_D_SZ_2017091','TO_E_ESOP_LOG_MAIN_D_SZ','1','LOG_ID','日志编号','STRING','','','','1','N','','C1-2','3','');
insert into column_val (xmlid, col_xmlid, dataname, col_seq, colname, colcnname, datatype, length, precision_val, party_seq, isprimarykey, isnullable, remark, filed_type_child, sensitive_level, policyid) values ('TO_E_ESOP_LOG_MAIN_D_SZ','TO_E_ESOP_LOG_MAIN_D_SZ_2017092','TO_E_ESOP_LOG_MAIN_D_SZ','2','LOG_NAM','日志主题','STRING','','','','','Y','','C1-2','3','');
insert into column_val (xmlid, col_xmlid, dataname, col_seq, colname, colcnname, datatype, length, precision_val, party_seq, isprimarykey, isnullable, remark, filed_type_child, sensitive_level, policyid) values ('TO_E_ESOP_LOG_MAIN_D_SZ','TO_E_ESOP_LOG_MAIN_D_SZ_2017093','TO_E_ESOP_LOG_MAIN_D_SZ','3','LOG_TYP','日志类型','STRING','','','','','Y','字典表GROUPID="logtype"','C1-2','3','');
insert into column_val (xmlid, col_xmlid, dataname, col_seq, colname, colcnname, datatype, length, precision_val, party_seq, isprimarykey, isnullable, remark, filed_type_child, sensitive_level, policyid) values ('TO_E_ESOP_LOG_MAIN_D_SZ','TO_E_ESOP_LOG_MAIN_D_SZ_2017094','TO_E_ESOP_LOG_MAIN_D_SZ','4','CTY_CD','地市','STRING','','','','1','N','主键
地市region，
999-省公司
200-广州
660-汕尾
662-阳江
663-揭阳
668-茂名
750-江门
751-韶关
752-惠州
753-梅州
754-汕头
755-深圳
756-珠海
757-佛山
758-肇庆
759-湛江
760-中山
762-河源
763-清远
766-云浮
768-潮州
769-东莞','C1-2','3','');
insert into column_val (xmlid, col_xmlid, dataname, col_seq, colname, colcnname, datatype, length, precision_val, party_seq, isprimarykey, isnullable, remark, filed_type_child, sensitive_level, policyid) values ('TO_E_ESOP_LOG_MAIN_D_SZ','TO_E_ESOP_LOG_MAIN_D_SZ_2017095','TO_E_ESOP_LOG_MAIN_D_SZ','5','OPERATION_ID','关联业务单号','STRING','','','','','Y','项目编号PROJECTID','C1-2','3','');
insert into column_val (xmlid, col_xmlid, dataname, col_seq, colname, colcnname, datatype, length, precision_val, party_seq, isprimarykey, isnullable, remark, filed_type_child, sensitive_level, policyid) values ('TO_E_ESOP_LOG_MAIN_D_SZ','TO_E_ESOP_LOG_MAIN_D_SZ_2017096','TO_E_ESOP_LOG_MAIN_D_SZ','6','OPERATION_NAM','关联业务单名称','STRING','','','','','Y','项目PROJECTNAME','C1-2','3','');
insert into column_val (xmlid, col_xmlid, dataname, col_seq, colname, colcnname, datatype, length, precision_val, party_seq, isprimarykey, isnullable, remark, filed_type_child, sensitive_level, policyid) values ('TO_E_ESOP_LOG_MAIN_D_SZ','TO_E_ESOP_LOG_MAIN_D_SZ_2017097','TO_E_ESOP_LOG_MAIN_D_SZ','7','SERVICE_ACT','客服动作','STRING','','','','','Y','字典表GROUPID="servicact"','C1-2','3','');
insert into column_val (xmlid, col_xmlid, dataname, col_seq, colname, colcnname, datatype, length, precision_val, party_seq, isprimarykey, isnullable, remark, filed_type_child, sensitive_level, policyid) values ('TO_E_ESOP_LOG_MAIN_D_SZ','TO_E_ESOP_LOG_MAIN_D_SZ_2017098','TO_E_ESOP_LOG_MAIN_D_SZ','8','GROUP_ID','集团客户编号','STRING','','','','','Y','','C1-2','3','');
insert into column_val (xmlid, col_xmlid, dataname, col_seq, colname, colcnname, datatype, length, precision_val, party_seq, isprimarykey, isnullable, remark, filed_type_child, sensitive_level, policyid) values ('TO_E_ESOP_LOG_MAIN_D_SZ','TO_E_ESOP_LOG_MAIN_D_SZ_2017099','TO_E_ESOP_LOG_MAIN_D_SZ','9','CRTEATOR','创建人','STRING','','','','','Y','','C1-2','3','');
insert into column_val (xmlid, col_xmlid, dataname, col_seq, colname, colcnname, datatype, length, precision_val, party_seq, isprimarykey, isnullable, remark, filed_type_child, sensitive_level, policyid) values ('TO_E_ESOP_LOG_MAIN_D_SZ','TO_E_ESOP_LOG_MAIN_D_SZ_20170910','TO_E_ESOP_LOG_MAIN_D_SZ','10','CREATE_DTS','创建时间','STRING','','','','','Y','格式YYYY-MM-DDHH24:MI:SS','C1-2','3','');
insert into column_val (xmlid, col_xmlid, dataname, col_seq, colname, colcnname, datatype, length, precision_val, party_seq, isprimarykey, isnullable, remark, filed_type_child, sensitive_level, policyid) values ('TO_E_ESOP_LOG_MAIN_D_SZ','TO_E_ESOP_LOG_MAIN_D_SZ_20170911','TO_E_ESOP_LOG_MAIN_D_SZ','11','CHG_TIM','修改时间','STRING','','','','','Y','格式YYYY-MM-DDHH24:MI:SS','C1-2','3','');
insert into column_val (xmlid, col_xmlid, dataname, col_seq, colname, colcnname, datatype, length, precision_val, party_seq, isprimarykey, isnullable, remark, filed_type_child, sensitive_level, policyid) values ('TO_E_ESOP_LOG_MAIN_D_SZ','TO_E_ESOP_LOG_MAIN_D_SZ_20170912','TO_E_ESOP_LOG_MAIN_D_SZ','12','LOG_CONT','日志内容','STRING','','','','','Y','','C1-2','3','');
insert into column_val (xmlid, col_xmlid, dataname, col_seq, colname, colcnname, datatype, length, precision_val, party_seq, isprimarykey, isnullable, remark, filed_type_child, sensitive_level, policyid) values ('TO_E_ESOP_LOG_MAIN_D_SZ','TO_E_ESOP_LOG_MAIN_D_SZ_20170913','TO_E_ESOP_LOG_MAIN_D_SZ','13','LOG_SRC','日志来源','STRING','','','','','Y','自己：1，系统：0','C1-2','3','');
insert into column_val (xmlid, col_xmlid, dataname, col_seq, colname, colcnname, datatype, length, precision_val, party_seq, isprimarykey, isnullable, remark, filed_type_child, sensitive_level, policyid) values ('TO_E_ESOP_LOG_MAIN_D_SZ','TO_E_ESOP_LOG_MAIN_D_SZ_20170914','TO_E_ESOP_LOG_MAIN_D_SZ','14','STS_CD','状态','STRING','','','','','Y','1是，0否','C1-2','3','');
insert into column_val (xmlid, col_xmlid, dataname, col_seq, colname, colcnname, datatype, length, precision_val, party_seq, isprimarykey, isnullable, remark, filed_type_child, sensitive_level, policyid) values ('TO_E_ESOP_LOG_MAIN_D_SZ','TO_E_ESOP_LOG_MAIN_D_SZ_20170915','TO_E_ESOP_LOG_MAIN_D_SZ','15','LOG_ATTACH','日志附件','STRING','','','','','Y','','C1-2','3','');
insert into column_val (xmlid, col_xmlid, dataname, col_seq, colname, colcnname, datatype, length, precision_val, party_seq, isprimarykey, isnullable, remark, filed_type_child, sensitive_level, policyid) values ('TO_E_ESOP_LOG_MAIN_D_SZ','TO_E_ESOP_LOG_MAIN_D_SZ_20170916','TO_E_ESOP_LOG_MAIN_D_SZ','16','GROUP_TYP','集团类型','STRING','','','','','Y','自然集团：1，BOSS集团：0','C1-2','3','');
insert into column_val (xmlid, col_xmlid, dataname, col_seq, colname, colcnname, datatype, length, precision_val, party_seq, isprimarykey, isnullable, remark, filed_type_child, sensitive_level, policyid) values ('TO_E_ESOP_LOG_MAIN_D_SZ','TO_E_ESOP_LOG_MAIN_D_SZ_20170917','TO_E_ESOP_LOG_MAIN_D_SZ','17','VISIT_DT','拜访时间','STRING','','','','','Y','','C1-2','3','');
insert into column_val (xmlid, col_xmlid, dataname, col_seq, colname, colcnname, datatype, length, precision_val, party_seq, isprimarykey, isnullable, remark, filed_type_child, sensitive_level, policyid) values ('TO_E_ESOP_LOG_MAIN_D_SZ','TO_E_ESOP_LOG_MAIN_D_SZ_20170918','TO_E_ESOP_LOG_MAIN_D_SZ','18','LOG_WRITE_LENGTH','日志填写耗时','STRING','','','','','Y','单位：秒','C1-2','3','');
insert into column_val (xmlid, col_xmlid, dataname, col_seq, colname, colcnname, datatype, length, precision_val, party_seq, isprimarykey, isnullable, remark, filed_type_child, sensitive_level, policyid) values ('TO_E_ESOP_LOG_MAIN_D_SZ','TO_E_ESOP_LOG_MAIN_D_SZ_20170919','TO_E_ESOP_LOG_MAIN_D_SZ','19','GROUP_NAME','集团名称','STRING','','','','','Y','包括自然集团、BOSS集团','C1-2','3','');
insert into column_val (xmlid, col_xmlid, dataname, col_seq, colname, colcnname, datatype, length, precision_val, party_seq, isprimarykey, isnullable, remark, filed_type_child, sensitive_level, policyid) values ('TO_E_ESOP_LOG_MAIN_D_SZ','TO_E_ESOP_LOG_MAIN_D_SZ_20170920','TO_E_ESOP_LOG_MAIN_D_SZ','20','SER_TYP_CD','服务方式','STRING','','','','','Y','上门、电话、E-mail、短彩信、EMS邮寄、外出联谊、传真、其它','C1-2','3','');
insert into column_val (xmlid, col_xmlid, dataname, col_seq, colname, colcnname, datatype, length, precision_val, party_seq, isprimarykey, isnullable, remark, filed_type_child, sensitive_level, policyid) values ('TO_E_ESOP_LOG_MAIN_D_SZ','TO_E_ESOP_LOG_MAIN_D_SZ_20170921','TO_E_ESOP_LOG_MAIN_D_SZ','21','VISIT_FORM','拜访活动形式','STRING','','','','','Y','上门拜访','C1-2','3','');
insert into column_val (xmlid, col_xmlid, dataname, col_seq, colname, colcnname, datatype, length, precision_val, party_seq, isprimarykey, isnullable, remark, filed_type_child, sensitive_level, policyid) values ('TO_E_ESOP_LOG_MAIN_D_SZ','TO_E_ESOP_LOG_MAIN_D_SZ_20170922','TO_E_ESOP_LOG_MAIN_D_SZ','22','VISIT_AIM','拜访活动目的','STRING','','','','','Y','建立或维系高层客户关系','C1-2','3','');
insert into column_val (xmlid, col_xmlid, dataname, col_seq, colname, colcnname, datatype, length, precision_val, party_seq, isprimarykey, isnullable, remark, filed_type_child, sensitive_level, policyid) values ('TO_E_ESOP_LOG_MAIN_D_SZ','TO_E_ESOP_LOG_MAIN_D_SZ_20170923','TO_E_ESOP_LOG_MAIN_D_SZ','23','SUBSNUMBER','客户手机号码','STRING','','','','','Y','个人服务填写','C1-2','3','');
insert into column_val (xmlid, col_xmlid, dataname, col_seq, colname, colcnname, datatype, length, precision_val, party_seq, isprimarykey, isnullable, remark, filed_type_child, sensitive_level, policyid) values ('TO_E_ESOP_LOG_MAIN_D_SZ','TO_E_ESOP_LOG_MAIN_D_SZ_20170924','TO_E_ESOP_LOG_MAIN_D_SZ','24','CUST_NAM','客户名称','STRING','','','','','Y','个人服务填写','C1-2','3','');
insert into column_val (xmlid, col_xmlid, dataname, col_seq, colname, colcnname, datatype, length, precision_val, party_seq, isprimarykey, isnullable, remark, filed_type_child, sensitive_level, policyid) values ('TO_E_ESOP_LOG_MAIN_D_SZ','TO_E_ESOP_LOG_MAIN_D_SZ_20170925','TO_E_ESOP_LOG_MAIN_D_SZ','25','CUST_ROLE','客户角色','STRING','','','','','Y','个人服务填写','C1-2','3','');
insert into column_val (xmlid, col_xmlid, dataname, col_seq, colname, colcnname, datatype, length, precision_val, party_seq, isprimarykey, isnullable, remark, filed_type_child, sensitive_level, policyid) values ('TO_E_ESOP_LOG_MAIN_D_SZ','TO_E_ESOP_LOG_MAIN_D_SZ_20170926','TO_E_ESOP_LOG_MAIN_D_SZ','26','CORP_SCOPE','动态集团级别','STRING','','','','','Y','BOSS集团','C1-2','3','');
insert into column_val (xmlid, col_xmlid, dataname, col_seq, colname, colcnname, datatype, length, precision_val, party_seq, isprimarykey, isnullable, remark, filed_type_child, sensitive_level, policyid) values ('TO_E_ESOP_LOG_MAIN_D_SZ','TO_E_ESOP_LOG_MAIN_D_SZ_20170927','TO_E_ESOP_LOG_MAIN_D_SZ','27','DIST_NAM','所属区县','STRING','','','','','Y','BOSS集团','C1-2','3','');
insert into column_val (xmlid, col_xmlid, dataname, col_seq, colname, colcnname, datatype, length, precision_val, party_seq, isprimarykey, isnullable, remark, filed_type_child, sensitive_level, policyid) values ('TO_E_ESOP_LOG_MAIN_D_SZ','TO_E_ESOP_LOG_MAIN_D_SZ_20170928','TO_E_ESOP_LOG_MAIN_D_SZ','28','CUST_MGR','客户经理','STRING','','','','','Y','','C1-2','3','');
insert into column_val (xmlid, col_xmlid, dataname, col_seq, colname, colcnname, datatype, length, precision_val, party_seq, isprimarykey, isnullable, remark, filed_type_child, sensitive_level, policyid) values ('TO_E_ESOP_LOG_MAIN_D_SZ','TO_E_ESOP_LOG_MAIN_D_SZ_20170929','TO_E_ESOP_LOG_MAIN_D_SZ','29','FOLLOW_STAFF','我方人员','STRING','','','','','Y','同行人员','C1-2','3','');
insert into column_val (xmlid, col_xmlid, dataname, col_seq, colname, colcnname, datatype, length, precision_val, party_seq, isprimarykey, isnullable, remark, filed_type_child, sensitive_level, policyid) values ('TO_E_ESOP_LOG_MAIN_D_SZ','TO_E_ESOP_LOG_MAIN_D_SZ_20170930','TO_E_ESOP_LOG_MAIN_D_SZ','30','PROJECT_FEE','项目金额','STRING','','','','','Y','','C1-2','3','');
insert into column_val (xmlid, col_xmlid, dataname, col_seq, colname, colcnname, datatype, length, precision_val, party_seq, isprimarykey, isnullable, remark, filed_type_child, sensitive_level, policyid) values ('TO_E_ESOP_LOG_MAIN_D_SZ','TO_E_ESOP_LOG_MAIN_D_SZ_20170931','TO_E_ESOP_LOG_MAIN_D_SZ','31','PROJECT_BRIEF','项目简介','STRING','','','','','Y','','C1-2','3','');
insert into column_val (xmlid, col_xmlid, dataname, col_seq, colname, colcnname, datatype, length, precision_val, party_seq, isprimarykey, isnullable, remark, filed_type_child, sensitive_level, policyid) values ('TO_E_ESOP_LOG_MAIN_D_SZ','TO_E_ESOP_LOG_MAIN_D_SZ_20170932','TO_E_ESOP_LOG_MAIN_D_SZ','32','COMP_OPPONENT','竞争对手','STRING','','','','','Y','','C1-2','3','');
insert into column_val (xmlid, col_xmlid, dataname, col_seq, colname, colcnname, datatype, length, precision_val, party_seq, isprimarykey, isnullable, remark, filed_type_child, sensitive_level, policyid) values ('TO_E_ESOP_LOG_MAIN_D_SZ','TO_E_ESOP_LOG_MAIN_D_SZ_20170933','TO_E_ESOP_LOG_MAIN_D_SZ','33','COMP_LEVEL','竞争级别','STRING','','','','','Y','','C1-2','3','');
insert into column_val (xmlid, col_xmlid, dataname, col_seq, colname, colcnname, datatype, length, precision_val, party_seq, isprimarykey, isnullable, remark, filed_type_child, sensitive_level, policyid) values ('TO_E_ESOP_LOG_MAIN_D_SZ','TO_E_ESOP_LOG_MAIN_D_SZ_20170934','TO_E_ESOP_LOG_MAIN_D_SZ','34','RESPONSE_EVENT','应对事件','STRING','','','','','Y','','C1-2','3','');
insert into column_val (xmlid, col_xmlid, dataname, col_seq, colname, colcnname, datatype, length, precision_val, party_seq, isprimarykey, isnullable, remark, filed_type_child, sensitive_level, policyid) values ('TO_E_ESOP_LOG_MAIN_D_SZ','TO_E_ESOP_LOG_MAIN_D_SZ_20170935','TO_E_ESOP_LOG_MAIN_D_SZ','35','RESPONSE_RESULT','应对结果','STRING','','','','','Y','','C1-2','3','');
insert into column_val (xmlid, col_xmlid, dataname, col_seq, colname, colcnname, datatype, length, precision_val, party_seq, isprimarykey, isnullable, remark, filed_type_child, sensitive_level, policyid) values ('TO_E_ESOP_LOG_MAIN_D_SZ','TO_E_ESOP_LOG_MAIN_D_SZ_20170936','TO_E_ESOP_LOG_MAIN_D_SZ','36','OTHER_RESULT','其它成效','STRING','','','','','Y','','C1-2','3','');
insert into column_val (xmlid, col_xmlid, dataname, col_seq, colname, colcnname, datatype, length, precision_val, party_seq, isprimarykey, isnullable, remark, filed_type_child, sensitive_level, policyid) values ('TO_E_ESOP_LOG_MAIN_D_SZ','TO_E_ESOP_LOG_MAIN_D_SZ_20170937','TO_E_ESOP_LOG_MAIN_D_SZ','37','NOTES','备注','STRING','','','','','Y','','C1-2','3','');
insert into column_val (xmlid, col_xmlid, dataname, col_seq, colname, colcnname, datatype, length, precision_val, party_seq, isprimarykey, isnullable, remark, filed_type_child, sensitive_level, policyid) values ('TO_E_ESOP_LOG_MAIN_D_SZ','TO_E_ESOP_LOG_MAIN_D_SZ_20170938','TO_E_ESOP_LOG_MAIN_D_SZ','38','CHIEF_VISIT_MGR_NAM','主要拜访经理名称','STRING','','','','','Y','','C1-2','3','');
insert into column_val (xmlid, col_xmlid, dataname, col_seq, colname, colcnname, datatype, length, precision_val, party_seq, isprimarykey, isnullable, remark, filed_type_child, sensitive_level, policyid) values ('TO_E_ESOP_LOG_MAIN_D_SZ','TO_E_ESOP_LOG_MAIN_D_SZ_20170939','TO_E_ESOP_LOG_MAIN_D_SZ','39','CHIEF_VISIT_MGR_JOB','职位','STRING','','','','','Y','','C1-2','3','');
insert into column_val (xmlid, col_xmlid, dataname, col_seq, colname, colcnname, datatype, length, precision_val, party_seq, isprimarykey, isnullable, remark, filed_type_child, sensitive_level, policyid) values ('TO_E_ESOP_LOG_MAIN_D_SZ','TO_E_ESOP_LOG_MAIN_D_SZ_20170940','TO_E_ESOP_LOG_MAIN_D_SZ','40','VISIT_TYPE','拜访类型','STRING','','','','','Y','','C1-2','3','');
insert into column_val (xmlid, col_xmlid, dataname, col_seq, colname, colcnname, datatype, length, precision_val, party_seq, isprimarykey, isnullable, remark, filed_type_child, sensitive_level, policyid) values ('TO_E_ESOP_LOG_MAIN_D_SZ','TO_E_ESOP_LOG_MAIN_D_SZ_20170941','TO_E_ESOP_LOG_MAIN_D_SZ','41','MOVEMENT_DESC','拜访描述','STRING','','','','','Y','','C1-2','3','');
insert into column_val (xmlid, col_xmlid, dataname, col_seq, colname, colcnname, datatype, length, precision_val, party_seq, isprimarykey, isnullable, remark, filed_type_child, sensitive_level, policyid) values ('TO_E_ESOP_LOG_MAIN_D_SZ','TO_E_ESOP_LOG_MAIN_D_SZ_20170942','TO_E_ESOP_LOG_MAIN_D_SZ','42','IMPACT','影响','STRING','','','','','Y','','C1-2','3','');
insert into column_val (xmlid, col_xmlid, dataname, col_seq, colname, colcnname, datatype, length, precision_val, party_seq, isprimarykey, isnullable, remark, filed_type_child, sensitive_level, policyid) values ('TO_E_ESOP_LOG_MAIN_D_SZ','TO_E_ESOP_LOG_MAIN_D_SZ_20170943','TO_E_ESOP_LOG_MAIN_D_SZ','43','PROJECT_NAM','项目名称','STRING','','','','','Y','','C1-2','3','');
insert into column_val (xmlid, col_xmlid, dataname, col_seq, colname, colcnname, datatype, length, precision_val, party_seq, isprimarykey, isnullable, remark, filed_type_child, sensitive_level, policyid) values ('TO_E_ESOP_LOG_MAIN_D_SZ','TO_E_ESOP_LOG_MAIN_D_SZ_20170944','TO_E_ESOP_LOG_MAIN_D_SZ','44','REFER_PRDCT','参考产品','STRING','','','','','Y','','C1-2','3','');
insert into column_val (xmlid, col_xmlid, dataname, col_seq, colname, colcnname, datatype, length, precision_val, party_seq, isprimarykey, isnullable, remark, filed_type_child, sensitive_level, policyid) values ('TO_E_ESOP_LOG_MAIN_D_SZ','TO_E_ESOP_LOG_MAIN_D_SZ_20170945','TO_E_ESOP_LOG_MAIN_D_SZ','45','AFFECT_RANGE','影响范围','STRING','','','','','Y','','C1-2','3','');
insert into column_val (xmlid, col_xmlid, dataname, col_seq, colname, colcnname, datatype, length, precision_val, party_seq, isprimarykey, isnullable, remark, filed_type_child, sensitive_level, policyid) values ('TO_E_ESOP_LOG_MAIN_D_SZ','TO_E_ESOP_LOG_MAIN_D_SZ_20170946','TO_E_ESOP_LOG_MAIN_D_SZ','46','CMCC_BRANCH_CD','地市编码','STRING','','','','','Y','','C1-2','3','');
insert into column_val (xmlid, col_xmlid, dataname, col_seq, colname, colcnname, datatype, length, precision_val, party_seq, isprimarykey, isnullable, remark, filed_type_child, sensitive_level, policyid) values ('TO_E_ESOP_LOG_MAIN_D_SZ','TO_E_ESOP_LOG_MAIN_D_SZ_20170947','TO_E_ESOP_LOG_MAIN_D_SZ','47','month','月份','INT','','','1','','N','','','','');
insert into column_val (xmlid, col_xmlid, dataname, col_seq, colname, colcnname, datatype, length, precision_val, party_seq, isprimarykey, isnullable, remark, filed_type_child, sensitive_level, policyid) values ('TO_E_ESOP_LOG_MAIN_D_SZ','TO_E_ESOP_LOG_MAIN_D_SZ_20170948','TO_E_ESOP_LOG_MAIN_D_SZ','48','day','日期','INT','','','2','','N','','','','');

insert into tablefile (xmlid, dbname, dataname, datacnname, state, cycletype, topiccode, extend_cfg, rightlevel, creater, curdutyer, eff_date, state_date, team_code, open_state, remark) values ('TO_E_ESOP_LOG_MAIN_D_DG','BD_B','TO_E_ESOP_LOG_MAIN_D_DG','ODS_ESOP日志表','NEW','day','LAYERI_ISERV','{"EXTERNAL":"y","LOCATION":"/tenant/BIGDATA/JCFW/JRCL/BD_B/ODS/TO_E_ESOP_LOG_MAIN_D/branch=DG","FILEFORMAT":"PARQUET","DELIMITER":"&&"}','其他','谢英俊','谢英俊', TIMESTAMP '0009-02-17 12:00:00', TIMESTAMP '0009-02-17 12:00:00','f2999fd5-c34e-402e-9b28-fec9fca13044','','基础层-服务主题域');
insert into column_val (xmlid, col_xmlid, dataname, col_seq, colname, colcnname, datatype, length, precision_val, party_seq, isprimarykey, isnullable, remark, filed_type_child, sensitive_level, policyid) values ('TO_E_ESOP_LOG_MAIN_D_DG','TO_E_ESOP_LOG_MAIN_D_DG_2017091','TO_E_ESOP_LOG_MAIN_D_DG','1','LOG_ID','日志编号','STRING','','','','1','N','','C1-2','3','');
insert into column_val (xmlid, col_xmlid, dataname, col_seq, colname, colcnname, datatype, length, precision_val, party_seq, isprimarykey, isnullable, remark, filed_type_child, sensitive_level, policyid) values ('TO_E_ESOP_LOG_MAIN_D_DG','TO_E_ESOP_LOG_MAIN_D_DG_2017092','TO_E_ESOP_LOG_MAIN_D_DG','2','LOG_NAM','日志主题','STRING','','','','','Y','','C1-2','3','');
insert into column_val (xmlid, col_xmlid, dataname, col_seq, colname, colcnname, datatype, length, precision_val, party_seq, isprimarykey, isnullable, remark, filed_type_child, sensitive_level, policyid) values ('TO_E_ESOP_LOG_MAIN_D_DG','TO_E_ESOP_LOG_MAIN_D_DG_2017093','TO_E_ESOP_LOG_MAIN_D_DG','3','LOG_TYP','日志类型','STRING','','','','','Y','字典表GROUPID="logtype"','C1-2','3','');
insert into column_val (xmlid, col_xmlid, dataname, col_seq, colname, colcnname, datatype, length, precision_val, party_seq, isprimarykey, isnullable, remark, filed_type_child, sensitive_level, policyid) values ('TO_E_ESOP_LOG_MAIN_D_DG','TO_E_ESOP_LOG_MAIN_D_DG_2017094','TO_E_ESOP_LOG_MAIN_D_DG','4','CTY_CD','地市','STRING','','','','1','N','主键
地市region，
999-省公司
200-广州
660-汕尾
662-阳江
663-揭阳
668-茂名
750-江门
751-韶关
752-惠州
753-梅州
754-汕头
755-深圳
756-珠海
757-佛山
758-肇庆
759-湛江
760-中山
762-河源
763-清远
766-云浮
768-潮州
769-东莞','C1-2','3','');
insert into column_val (xmlid, col_xmlid, dataname, col_seq, colname, colcnname, datatype, length, precision_val, party_seq, isprimarykey, isnullable, remark, filed_type_child, sensitive_level, policyid) values ('TO_E_ESOP_LOG_MAIN_D_DG','TO_E_ESOP_LOG_MAIN_D_DG_2017095','TO_E_ESOP_LOG_MAIN_D_DG','5','OPERATION_ID','关联业务单号','STRING','','','','','Y','项目编号PROJECTID','C1-2','3','');
insert into column_val (xmlid, col_xmlid, dataname, col_seq, colname, colcnname, datatype, length, precision_val, party_seq, isprimarykey, isnullable, remark, filed_type_child, sensitive_level, policyid) values ('TO_E_ESOP_LOG_MAIN_D_DG','TO_E_ESOP_LOG_MAIN_D_DG_2017096','TO_E_ESOP_LOG_MAIN_D_DG','6','OPERATION_NAM','关联业务单名称','STRING','','','','','Y','项目PROJECTNAME','C1-2','3','');
insert into column_val (xmlid, col_xmlid, dataname, col_seq, colname, colcnname, datatype, length, precision_val, party_seq, isprimarykey, isnullable, remark, filed_type_child, sensitive_level, policyid) values ('TO_E_ESOP_LOG_MAIN_D_DG','TO_E_ESOP_LOG_MAIN_D_DG_2017097','TO_E_ESOP_LOG_MAIN_D_DG','7','SERVICE_ACT','客服动作','STRING','','','','','Y','字典表GROUPID="servicact"','C1-2','3','');
insert into column_val (xmlid, col_xmlid, dataname, col_seq, colname, colcnname, datatype, length, precision_val, party_seq, isprimarykey, isnullable, remark, filed_type_child, sensitive_level, policyid) values ('TO_E_ESOP_LOG_MAIN_D_DG','TO_E_ESOP_LOG_MAIN_D_DG_2017098','TO_E_ESOP_LOG_MAIN_D_DG','8','GROUP_ID','集团客户编号','STRING','','','','','Y','','C1-2','3','');
insert into column_val (xmlid, col_xmlid, dataname, col_seq, colname, colcnname, datatype, length, precision_val, party_seq, isprimarykey, isnullable, remark, filed_type_child, sensitive_level, policyid) values ('TO_E_ESOP_LOG_MAIN_D_DG','TO_E_ESOP_LOG_MAIN_D_DG_2017099','TO_E_ESOP_LOG_MAIN_D_DG','9','CRTEATOR','创建人','STRING','','','','','Y','','C1-2','3','');
insert into column_val (xmlid, col_xmlid, dataname, col_seq, colname, colcnname, datatype, length, precision_val, party_seq, isprimarykey, isnullable, remark, filed_type_child, sensitive_level, policyid) values ('TO_E_ESOP_LOG_MAIN_D_DG','TO_E_ESOP_LOG_MAIN_D_DG_20170910','TO_E_ESOP_LOG_MAIN_D_DG','10','CREATE_DTS','创建时间','STRING','','','','','Y','格式YYYY-MM-DDHH24:MI:SS','C1-2','3','');
insert into column_val (xmlid, col_xmlid, dataname, col_seq, colname, colcnname, datatype, length, precision_val, party_seq, isprimarykey, isnullable, remark, filed_type_child, sensitive_level, policyid) values ('TO_E_ESOP_LOG_MAIN_D_DG','TO_E_ESOP_LOG_MAIN_D_DG_20170911','TO_E_ESOP_LOG_MAIN_D_DG','11','CHG_TIM','修改时间','STRING','','','','','Y','格式YYYY-MM-DDHH24:MI:SS','C1-2','3','');
insert into column_val (xmlid, col_xmlid, dataname, col_seq, colname, colcnname, datatype, length, precision_val, party_seq, isprimarykey, isnullable, remark, filed_type_child, sensitive_level, policyid) values ('TO_E_ESOP_LOG_MAIN_D_DG','TO_E_ESOP_LOG_MAIN_D_DG_20170912','TO_E_ESOP_LOG_MAIN_D_DG','12','LOG_CONT','日志内容','STRING','','','','','Y','','C1-2','3','');
insert into column_val (xmlid, col_xmlid, dataname, col_seq, colname, colcnname, datatype, length, precision_val, party_seq, isprimarykey, isnullable, remark, filed_type_child, sensitive_level, policyid) values ('TO_E_ESOP_LOG_MAIN_D_DG','TO_E_ESOP_LOG_MAIN_D_DG_20170913','TO_E_ESOP_LOG_MAIN_D_DG','13','LOG_SRC','日志来源','STRING','','','','','Y','自己：1，系统：0','C1-2','3','');
insert into column_val (xmlid, col_xmlid, dataname, col_seq, colname, colcnname, datatype, length, precision_val, party_seq, isprimarykey, isnullable, remark, filed_type_child, sensitive_level, policyid) values ('TO_E_ESOP_LOG_MAIN_D_DG','TO_E_ESOP_LOG_MAIN_D_DG_20170914','TO_E_ESOP_LOG_MAIN_D_DG','14','STS_CD','状态','STRING','','','','','Y','1是，0否','C1-2','3','');
insert into column_val (xmlid, col_xmlid, dataname, col_seq, colname, colcnname, datatype, length, precision_val, party_seq, isprimarykey, isnullable, remark, filed_type_child, sensitive_level, policyid) values ('TO_E_ESOP_LOG_MAIN_D_DG','TO_E_ESOP_LOG_MAIN_D_DG_20170915','TO_E_ESOP_LOG_MAIN_D_DG','15','LOG_ATTACH','日志附件','STRING','','','','','Y','','C1-2','3','');
insert into column_val (xmlid, col_xmlid, dataname, col_seq, colname, colcnname, datatype, length, precision_val, party_seq, isprimarykey, isnullable, remark, filed_type_child, sensitive_level, policyid) values ('TO_E_ESOP_LOG_MAIN_D_DG','TO_E_ESOP_LOG_MAIN_D_DG_20170916','TO_E_ESOP_LOG_MAIN_D_DG','16','GROUP_TYP','集团类型','STRING','','','','','Y','自然集团：1，BOSS集团：0','C1-2','3','');
insert into column_val (xmlid, col_xmlid, dataname, col_seq, colname, colcnname, datatype, length, precision_val, party_seq, isprimarykey, isnullable, remark, filed_type_child, sensitive_level, policyid) values ('TO_E_ESOP_LOG_MAIN_D_DG','TO_E_ESOP_LOG_MAIN_D_DG_20170917','TO_E_ESOP_LOG_MAIN_D_DG','17','VISIT_DT','拜访时间','STRING','','','','','Y','','C1-2','3','');
insert into column_val (xmlid, col_xmlid, dataname, col_seq, colname, colcnname, datatype, length, precision_val, party_seq, isprimarykey, isnullable, remark, filed_type_child, sensitive_level, policyid) values ('TO_E_ESOP_LOG_MAIN_D_DG','TO_E_ESOP_LOG_MAIN_D_DG_20170918','TO_E_ESOP_LOG_MAIN_D_DG','18','LOG_WRITE_LENGTH','日志填写耗时','STRING','','','','','Y','单位：秒','C1-2','3','');
insert into column_val (xmlid, col_xmlid, dataname, col_seq, colname, colcnname, datatype, length, precision_val, party_seq, isprimarykey, isnullable, remark, filed_type_child, sensitive_level, policyid) values ('TO_E_ESOP_LOG_MAIN_D_DG','TO_E_ESOP_LOG_MAIN_D_DG_20170919','TO_E_ESOP_LOG_MAIN_D_DG','19','GROUP_NAME','集团名称','STRING','','','','','Y','包括自然集团、BOSS集团','C1-2','3','');
insert into column_val (xmlid, col_xmlid, dataname, col_seq, colname, colcnname, datatype, length, precision_val, party_seq, isprimarykey, isnullable, remark, filed_type_child, sensitive_level, policyid) values ('TO_E_ESOP_LOG_MAIN_D_DG','TO_E_ESOP_LOG_MAIN_D_DG_20170920','TO_E_ESOP_LOG_MAIN_D_DG','20','SER_TYP_CD','服务方式','STRING','','','','','Y','上门、电话、E-mail、短彩信、EMS邮寄、外出联谊、传真、其它','C1-2','3','');
insert into column_val (xmlid, col_xmlid, dataname, col_seq, colname, colcnname, datatype, length, precision_val, party_seq, isprimarykey, isnullable, remark, filed_type_child, sensitive_level, policyid) values ('TO_E_ESOP_LOG_MAIN_D_DG','TO_E_ESOP_LOG_MAIN_D_DG_20170921','TO_E_ESOP_LOG_MAIN_D_DG','21','VISIT_FORM','拜访活动形式','STRING','','','','','Y','上门拜访','C1-2','3','');
insert into column_val (xmlid, col_xmlid, dataname, col_seq, colname, colcnname, datatype, length, precision_val, party_seq, isprimarykey, isnullable, remark, filed_type_child, sensitive_level, policyid) values ('TO_E_ESOP_LOG_MAIN_D_DG','TO_E_ESOP_LOG_MAIN_D_DG_20170922','TO_E_ESOP_LOG_MAIN_D_DG','22','VISIT_AIM','拜访活动目的','STRING','','','','','Y','建立或维系高层客户关系','C1-2','3','');
insert into column_val (xmlid, col_xmlid, dataname, col_seq, colname, colcnname, datatype, length, precision_val, party_seq, isprimarykey, isnullable, remark, filed_type_child, sensitive_level, policyid) values ('TO_E_ESOP_LOG_MAIN_D_DG','TO_E_ESOP_LOG_MAIN_D_DG_20170923','TO_E_ESOP_LOG_MAIN_D_DG','23','SUBSNUMBER','客户手机号码','STRING','','','','','Y','个人服务填写','C1-2','3','');
insert into column_val (xmlid, col_xmlid, dataname, col_seq, colname, colcnname, datatype, length, precision_val, party_seq, isprimarykey, isnullable, remark, filed_type_child, sensitive_level, policyid) values ('TO_E_ESOP_LOG_MAIN_D_DG','TO_E_ESOP_LOG_MAIN_D_DG_20170924','TO_E_ESOP_LOG_MAIN_D_DG','24','CUST_NAM','客户名称','STRING','','','','','Y','个人服务填写','C1-2','3','');
insert into column_val (xmlid, col_xmlid, dataname, col_seq, colname, colcnname, datatype, length, precision_val, party_seq, isprimarykey, isnullable, remark, filed_type_child, sensitive_level, policyid) values ('TO_E_ESOP_LOG_MAIN_D_DG','TO_E_ESOP_LOG_MAIN_D_DG_20170925','TO_E_ESOP_LOG_MAIN_D_DG','25','CUST_ROLE','客户角色','STRING','','','','','Y','个人服务填写','C1-2','3','');
insert into column_val (xmlid, col_xmlid, dataname, col_seq, colname, colcnname, datatype, length, precision_val, party_seq, isprimarykey, isnullable, remark, filed_type_child, sensitive_level, policyid) values ('TO_E_ESOP_LOG_MAIN_D_DG','TO_E_ESOP_LOG_MAIN_D_DG_20170926','TO_E_ESOP_LOG_MAIN_D_DG','26','CORP_SCOPE','动态集团级别','STRING','','','','','Y','BOSS集团','C1-2','3','');
insert into column_val (xmlid, col_xmlid, dataname, col_seq, colname, colcnname, datatype, length, precision_val, party_seq, isprimarykey, isnullable, remark, filed_type_child, sensitive_level, policyid) values ('TO_E_ESOP_LOG_MAIN_D_DG','TO_E_ESOP_LOG_MAIN_D_DG_20170927','TO_E_ESOP_LOG_MAIN_D_DG','27','DIST_NAM','所属区县','STRING','','','','','Y','BOSS集团','C1-2','3','');
insert into column_val (xmlid, col_xmlid, dataname, col_seq, colname, colcnname, datatype, length, precision_val, party_seq, isprimarykey, isnullable, remark, filed_type_child, sensitive_level, policyid) values ('TO_E_ESOP_LOG_MAIN_D_DG','TO_E_ESOP_LOG_MAIN_D_DG_20170928','TO_E_ESOP_LOG_MAIN_D_DG','28','CUST_MGR','客户经理','STRING','','','','','Y','','C1-2','3','');
insert into column_val (xmlid, col_xmlid, dataname, col_seq, colname, colcnname, datatype, length, precision_val, party_seq, isprimarykey, isnullable, remark, filed_type_child, sensitive_level, policyid) values ('TO_E_ESOP_LOG_MAIN_D_DG','TO_E_ESOP_LOG_MAIN_D_DG_20170929','TO_E_ESOP_LOG_MAIN_D_DG','29','FOLLOW_STAFF','我方人员','STRING','','','','','Y','同行人员','C1-2','3','');
insert into column_val (xmlid, col_xmlid, dataname, col_seq, colname, colcnname, datatype, length, precision_val, party_seq, isprimarykey, isnullable, remark, filed_type_child, sensitive_level, policyid) values ('TO_E_ESOP_LOG_MAIN_D_DG','TO_E_ESOP_LOG_MAIN_D_DG_20170930','TO_E_ESOP_LOG_MAIN_D_DG','30','PROJECT_FEE','项目金额','STRING','','','','','Y','','C1-2','3','');
insert into column_val (xmlid, col_xmlid, dataname, col_seq, colname, colcnname, datatype, length, precision_val, party_seq, isprimarykey, isnullable, remark, filed_type_child, sensitive_level, policyid) values ('TO_E_ESOP_LOG_MAIN_D_DG','TO_E_ESOP_LOG_MAIN_D_DG_20170931','TO_E_ESOP_LOG_MAIN_D_DG','31','PROJECT_BRIEF','项目简介','STRING','','','','','Y','','C1-2','3','');
insert into column_val (xmlid, col_xmlid, dataname, col_seq, colname, colcnname, datatype, length, precision_val, party_seq, isprimarykey, isnullable, remark, filed_type_child, sensitive_level, policyid) values ('TO_E_ESOP_LOG_MAIN_D_DG','TO_E_ESOP_LOG_MAIN_D_DG_20170932','TO_E_ESOP_LOG_MAIN_D_DG','32','COMP_OPPONENT','竞争对手','STRING','','','','','Y','','C1-2','3','');
insert into column_val (xmlid, col_xmlid, dataname, col_seq, colname, colcnname, datatype, length, precision_val, party_seq, isprimarykey, isnullable, remark, filed_type_child, sensitive_level, policyid) values ('TO_E_ESOP_LOG_MAIN_D_DG','TO_E_ESOP_LOG_MAIN_D_DG_20170933','TO_E_ESOP_LOG_MAIN_D_DG','33','COMP_LEVEL','竞争级别','STRING','','','','','Y','','C1-2','3','');
insert into column_val (xmlid, col_xmlid, dataname, col_seq, colname, colcnname, datatype, length, precision_val, party_seq, isprimarykey, isnullable, remark, filed_type_child, sensitive_level, policyid) values ('TO_E_ESOP_LOG_MAIN_D_DG','TO_E_ESOP_LOG_MAIN_D_DG_20170934','TO_E_ESOP_LOG_MAIN_D_DG','34','RESPONSE_EVENT','应对事件','STRING','','','','','Y','','C1-2','3','');
insert into column_val (xmlid, col_xmlid, dataname, col_seq, colname, colcnname, datatype, length, precision_val, party_seq, isprimarykey, isnullable, remark, filed_type_child, sensitive_level, policyid) values ('TO_E_ESOP_LOG_MAIN_D_DG','TO_E_ESOP_LOG_MAIN_D_DG_20170935','TO_E_ESOP_LOG_MAIN_D_DG','35','RESPONSE_RESULT','应对结果','STRING','','','','','Y','','C1-2','3','');
insert into column_val (xmlid, col_xmlid, dataname, col_seq, colname, colcnname, datatype, length, precision_val, party_seq, isprimarykey, isnullable, remark, filed_type_child, sensitive_level, policyid) values ('TO_E_ESOP_LOG_MAIN_D_DG','TO_E_ESOP_LOG_MAIN_D_DG_20170936','TO_E_ESOP_LOG_MAIN_D_DG','36','OTHER_RESULT','其它成效','STRING','','','','','Y','','C1-2','3','');
insert into column_val (xmlid, col_xmlid, dataname, col_seq, colname, colcnname, datatype, length, precision_val, party_seq, isprimarykey, isnullable, remark, filed_type_child, sensitive_level, policyid) values ('TO_E_ESOP_LOG_MAIN_D_DG','TO_E_ESOP_LOG_MAIN_D_DG_20170937','TO_E_ESOP_LOG_MAIN_D_DG','37','NOTES','备注','STRING','','','','','Y','','C1-2','3','');
insert into column_val (xmlid, col_xmlid, dataname, col_seq, colname, colcnname, datatype, length, precision_val, party_seq, isprimarykey, isnullable, remark, filed_type_child, sensitive_level, policyid) values ('TO_E_ESOP_LOG_MAIN_D_DG','TO_E_ESOP_LOG_MAIN_D_DG_20170938','TO_E_ESOP_LOG_MAIN_D_DG','38','CHIEF_VISIT_MGR_NAM','主要拜访经理名称','STRING','','','','','Y','','C1-2','3','');
insert into column_val (xmlid, col_xmlid, dataname, col_seq, colname, colcnname, datatype, length, precision_val, party_seq, isprimarykey, isnullable, remark, filed_type_child, sensitive_level, policyid) values ('TO_E_ESOP_LOG_MAIN_D_DG','TO_E_ESOP_LOG_MAIN_D_DG_20170939','TO_E_ESOP_LOG_MAIN_D_DG','39','CHIEF_VISIT_MGR_JOB','职位','STRING','','','','','Y','','C1-2','3','');
insert into column_val (xmlid, col_xmlid, dataname, col_seq, colname, colcnname, datatype, length, precision_val, party_seq, isprimarykey, isnullable, remark, filed_type_child, sensitive_level, policyid) values ('TO_E_ESOP_LOG_MAIN_D_DG','TO_E_ESOP_LOG_MAIN_D_DG_20170940','TO_E_ESOP_LOG_MAIN_D_DG','40','VISIT_TYPE','拜访类型','STRING','','','','','Y','','C1-2','3','');
insert into column_val (xmlid, col_xmlid, dataname, col_seq, colname, colcnname, datatype, length, precision_val, party_seq, isprimarykey, isnullable, remark, filed_type_child, sensitive_level, policyid) values ('TO_E_ESOP_LOG_MAIN_D_DG','TO_E_ESOP_LOG_MAIN_D_DG_20170941','TO_E_ESOP_LOG_MAIN_D_DG','41','MOVEMENT_DESC','拜访描述','STRING','','','','','Y','','C1-2','3','');
insert into column_val (xmlid, col_xmlid, dataname, col_seq, colname, colcnname, datatype, length, precision_val, party_seq, isprimarykey, isnullable, remark, filed_type_child, sensitive_level, policyid) values ('TO_E_ESOP_LOG_MAIN_D_DG','TO_E_ESOP_LOG_MAIN_D_DG_20170942','TO_E_ESOP_LOG_MAIN_D_DG','42','IMPACT','影响','STRING','','','','','Y','','C1-2','3','');
insert into column_val (xmlid, col_xmlid, dataname, col_seq, colname, colcnname, datatype, length, precision_val, party_seq, isprimarykey, isnullable, remark, filed_type_child, sensitive_level, policyid) values ('TO_E_ESOP_LOG_MAIN_D_DG','TO_E_ESOP_LOG_MAIN_D_DG_20170943','TO_E_ESOP_LOG_MAIN_D_DG','43','PROJECT_NAM','项目名称','STRING','','','','','Y','','C1-2','3','');
insert into column_val (xmlid, col_xmlid, dataname, col_seq, colname, colcnname, datatype, length, precision_val, party_seq, isprimarykey, isnullable, remark, filed_type_child, sensitive_level, policyid) values ('TO_E_ESOP_LOG_MAIN_D_DG','TO_E_ESOP_LOG_MAIN_D_DG_20170944','TO_E_ESOP_LOG_MAIN_D_DG','44','REFER_PRDCT','参考产品','STRING','','','','','Y','','C1-2','3','');
insert into column_val (xmlid, col_xmlid, dataname, col_seq, colname, colcnname, datatype, length, precision_val, party_seq, isprimarykey, isnullable, remark, filed_type_child, sensitive_level, policyid) values ('TO_E_ESOP_LOG_MAIN_D_DG','TO_E_ESOP_LOG_MAIN_D_DG_20170945','TO_E_ESOP_LOG_MAIN_D_DG','45','AFFECT_RANGE','影响范围','STRING','','','','','Y','','C1-2','3','');
insert into column_val (xmlid, col_xmlid, dataname, col_seq, colname, colcnname, datatype, length, precision_val, party_seq, isprimarykey, isnullable, remark, filed_type_child, sensitive_level, policyid) values ('TO_E_ESOP_LOG_MAIN_D_DG','TO_E_ESOP_LOG_MAIN_D_DG_20170946','TO_E_ESOP_LOG_MAIN_D_DG','46','CMCC_BRANCH_CD','地市编码','STRING','','','','','Y','','C1-2','3','');
insert into column_val (xmlid, col_xmlid, dataname, col_seq, colname, colcnname, datatype, length, precision_val, party_seq, isprimarykey, isnullable, remark, filed_type_child, sensitive_level, policyid) values ('TO_E_ESOP_LOG_MAIN_D_DG','TO_E_ESOP_LOG_MAIN_D_DG_20170947','TO_E_ESOP_LOG_MAIN_D_DG','47','month','月份','INT','','','1','','N','','','','');
insert into column_val (xmlid, col_xmlid, dataname, col_seq, colname, colcnname, datatype, length, precision_val, party_seq, isprimarykey, isnullable, remark, filed_type_child, sensitive_level, policyid) values ('TO_E_ESOP_LOG_MAIN_D_DG','TO_E_ESOP_LOG_MAIN_D_DG_20170948','TO_E_ESOP_LOG_MAIN_D_DG','48','day','日期','INT','','','2','','N','','','','');

insert into tablefile (xmlid, dbname, dataname, datacnname, state, cycletype, topiccode, extend_cfg, rightlevel, creater, curdutyer, eff_date, state_date, team_code, open_state, remark) values ('TO_E_ESOP_LOG_MAIN_D_FS','BD_B','TO_E_ESOP_LOG_MAIN_D_FS','ODS_ESOP日志表','NEW','day','LAYERI_ISERV','{"EXTERNAL":"y","LOCATION":"/tenant/BIGDATA/JCFW/JRCL/BD_B/ODS/TO_E_ESOP_LOG_MAIN_D/branch=FS","FILEFORMAT":"PARQUET","DELIMITER":"&&"}','其他','谢英俊','谢英俊', TIMESTAMP '0009-02-17 12:00:00', TIMESTAMP '0009-02-17 12:00:00','f2999fd5-c34e-402e-9b28-fec9fca13044','','基础层-服务主题域');
insert into column_val (xmlid, col_xmlid, dataname, col_seq, colname, colcnname, datatype, length, precision_val, party_seq, isprimarykey, isnullable, remark, filed_type_child, sensitive_level, policyid) values ('TO_E_ESOP_LOG_MAIN_D_FS','TO_E_ESOP_LOG_MAIN_D_FS_2017091','TO_E_ESOP_LOG_MAIN_D_FS','1','LOG_ID','日志编号','STRING','','','','1','N','','C1-2','3','');
insert into column_val (xmlid, col_xmlid, dataname, col_seq, colname, colcnname, datatype, length, precision_val, party_seq, isprimarykey, isnullable, remark, filed_type_child, sensitive_level, policyid) values ('TO_E_ESOP_LOG_MAIN_D_FS','TO_E_ESOP_LOG_MAIN_D_FS_2017092','TO_E_ESOP_LOG_MAIN_D_FS','2','LOG_NAM','日志主题','STRING','','','','','Y','','C1-2','3','');
insert into column_val (xmlid, col_xmlid, dataname, col_seq, colname, colcnname, datatype, length, precision_val, party_seq, isprimarykey, isnullable, remark, filed_type_child, sensitive_level, policyid) values ('TO_E_ESOP_LOG_MAIN_D_FS','TO_E_ESOP_LOG_MAIN_D_FS_2017093','TO_E_ESOP_LOG_MAIN_D_FS','3','LOG_TYP','日志类型','STRING','','','','','Y','字典表GROUPID="logtype"','C1-2','3','');
insert into column_val (xmlid, col_xmlid, dataname, col_seq, colname, colcnname, datatype, length, precision_val, party_seq, isprimarykey, isnullable, remark, filed_type_child, sensitive_level, policyid) values ('TO_E_ESOP_LOG_MAIN_D_FS','TO_E_ESOP_LOG_MAIN_D_FS_2017094','TO_E_ESOP_LOG_MAIN_D_FS','4','CTY_CD','地市','STRING','','','','1','N','主键
地市region，
999-省公司
200-广州
660-汕尾
662-阳江
663-揭阳
668-茂名
750-江门
751-韶关
752-惠州
753-梅州
754-汕头
755-深圳
756-珠海
757-佛山
758-肇庆
759-湛江
760-中山
762-河源
763-清远
766-云浮
768-潮州
769-东莞','C1-2','3','');
insert into column_val (xmlid, col_xmlid, dataname, col_seq, colname, colcnname, datatype, length, precision_val, party_seq, isprimarykey, isnullable, remark, filed_type_child, sensitive_level, policyid) values ('TO_E_ESOP_LOG_MAIN_D_FS','TO_E_ESOP_LOG_MAIN_D_FS_2017095','TO_E_ESOP_LOG_MAIN_D_FS','5','OPERATION_ID','关联业务单号','STRING','','','','','Y','项目编号PROJECTID','C1-2','3','');
insert into column_val (xmlid, col_xmlid, dataname, col_seq, colname, colcnname, datatype, length, precision_val, party_seq, isprimarykey, isnullable, remark, filed_type_child, sensitive_level, policyid) values ('TO_E_ESOP_LOG_MAIN_D_FS','TO_E_ESOP_LOG_MAIN_D_FS_2017096','TO_E_ESOP_LOG_MAIN_D_FS','6','OPERATION_NAM','关联业务单名称','STRING','','','','','Y','项目PROJECTNAME','C1-2','3','');
insert into column_val (xmlid, col_xmlid, dataname, col_seq, colname, colcnname, datatype, length, precision_val, party_seq, isprimarykey, isnullable, remark, filed_type_child, sensitive_level, policyid) values ('TO_E_ESOP_LOG_MAIN_D_FS','TO_E_ESOP_LOG_MAIN_D_FS_2017097','TO_E_ESOP_LOG_MAIN_D_FS','7','SERVICE_ACT','客服动作','STRING','','','','','Y','字典表GROUPID="servicact"','C1-2','3','');
insert into column_val (xmlid, col_xmlid, dataname, col_seq, colname, colcnname, datatype, length, precision_val, party_seq, isprimarykey, isnullable, remark, filed_type_child, sensitive_level, policyid) values ('TO_E_ESOP_LOG_MAIN_D_FS','TO_E_ESOP_LOG_MAIN_D_FS_2017098','TO_E_ESOP_LOG_MAIN_D_FS','8','GROUP_ID','集团客户编号','STRING','','','','','Y','','C1-2','3','');
insert into column_val (xmlid, col_xmlid, dataname, col_seq, colname, colcnname, datatype, length, precision_val, party_seq, isprimarykey, isnullable, remark, filed_type_child, sensitive_level, policyid) values ('TO_E_ESOP_LOG_MAIN_D_FS','TO_E_ESOP_LOG_MAIN_D_FS_2017099','TO_E_ESOP_LOG_MAIN_D_FS','9','CRTEATOR','创建人','STRING','','','','','Y','','C1-2','3','');
insert into column_val (xmlid, col_xmlid, dataname, col_seq, colname, colcnname, datatype, length, precision_val, party_seq, isprimarykey, isnullable, remark, filed_type_child, sensitive_level, policyid) values ('TO_E_ESOP_LOG_MAIN_D_FS','TO_E_ESOP_LOG_MAIN_D_FS_20170910','TO_E_ESOP_LOG_MAIN_D_FS','10','CREATE_DTS','创建时间','STRING','','','','','Y','格式YYYY-MM-DDHH24:MI:SS','C1-2','3','');
insert into column_val (xmlid, col_xmlid, dataname, col_seq, colname, colcnname, datatype, length, precision_val, party_seq, isprimarykey, isnullable, remark, filed_type_child, sensitive_level, policyid) values ('TO_E_ESOP_LOG_MAIN_D_FS','TO_E_ESOP_LOG_MAIN_D_FS_20170911','TO_E_ESOP_LOG_MAIN_D_FS','11','CHG_TIM','修改时间','STRING','','','','','Y','格式YYYY-MM-DDHH24:MI:SS','C1-2','3','');
insert into column_val (xmlid, col_xmlid, dataname, col_seq, colname, colcnname, datatype, length, precision_val, party_seq, isprimarykey, isnullable, remark, filed_type_child, sensitive_level, policyid) values ('TO_E_ESOP_LOG_MAIN_D_FS','TO_E_ESOP_LOG_MAIN_D_FS_20170912','TO_E_ESOP_LOG_MAIN_D_FS','12','LOG_CONT','日志内容','STRING','','','','','Y','','C1-2','3','');
insert into column_val (xmlid, col_xmlid, dataname, col_seq, colname, colcnname, datatype, length, precision_val, party_seq, isprimarykey, isnullable, remark, filed_type_child, sensitive_level, policyid) values ('TO_E_ESOP_LOG_MAIN_D_FS','TO_E_ESOP_LOG_MAIN_D_FS_20170913','TO_E_ESOP_LOG_MAIN_D_FS','13','LOG_SRC','日志来源','STRING','','','','','Y','自己：1，系统：0','C1-2','3','');
insert into column_val (xmlid, col_xmlid, dataname, col_seq, colname, colcnname, datatype, length, precision_val, party_seq, isprimarykey, isnullable, remark, filed_type_child, sensitive_level, policyid) values ('TO_E_ESOP_LOG_MAIN_D_FS','TO_E_ESOP_LOG_MAIN_D_FS_20170914','TO_E_ESOP_LOG_MAIN_D_FS','14','STS_CD','状态','STRING','','','','','Y','1是，0否','C1-2','3','');
insert into column_val (xmlid, col_xmlid, dataname, col_seq, colname, colcnname, datatype, length, precision_val, party_seq, isprimarykey, isnullable, remark, filed_type_child, sensitive_level, policyid) values ('TO_E_ESOP_LOG_MAIN_D_FS','TO_E_ESOP_LOG_MAIN_D_FS_20170915','TO_E_ESOP_LOG_MAIN_D_FS','15','LOG_ATTACH','日志附件','STRING','','','','','Y','','C1-2','3','');
insert into column_val (xmlid, col_xmlid, dataname, col_seq, colname, colcnname, datatype, length, precision_val, party_seq, isprimarykey, isnullable, remark, filed_type_child, sensitive_level, policyid) values ('TO_E_ESOP_LOG_MAIN_D_FS','TO_E_ESOP_LOG_MAIN_D_FS_20170916','TO_E_ESOP_LOG_MAIN_D_FS','16','GROUP_TYP','集团类型','STRING','','','','','Y','自然集团：1，BOSS集团：0','C1-2','3','');
insert into column_val (xmlid, col_xmlid, dataname, col_seq, colname, colcnname, datatype, length, precision_val, party_seq, isprimarykey, isnullable, remark, filed_type_child, sensitive_level, policyid) values ('TO_E_ESOP_LOG_MAIN_D_FS','TO_E_ESOP_LOG_MAIN_D_FS_20170917','TO_E_ESOP_LOG_MAIN_D_FS','17','VISIT_DT','拜访时间','STRING','','','','','Y','','C1-2','3','');
insert into column_val (xmlid, col_xmlid, dataname, col_seq, colname, colcnname, datatype, length, precision_val, party_seq, isprimarykey, isnullable, remark, filed_type_child, sensitive_level, policyid) values ('TO_E_ESOP_LOG_MAIN_D_FS','TO_E_ESOP_LOG_MAIN_D_FS_20170918','TO_E_ESOP_LOG_MAIN_D_FS','18','LOG_WRITE_LENGTH','日志填写耗时','STRING','','','','','Y','单位：秒','C1-2','3','');
insert into column_val (xmlid, col_xmlid, dataname, col_seq, colname, colcnname, datatype, length, precision_val, party_seq, isprimarykey, isnullable, remark, filed_type_child, sensitive_level, policyid) values ('TO_E_ESOP_LOG_MAIN_D_FS','TO_E_ESOP_LOG_MAIN_D_FS_20170919','TO_E_ESOP_LOG_MAIN_D_FS','19','GROUP_NAME','集团名称','STRING','','','','','Y','包括自然集团、BOSS集团','C1-2','3','');
insert into column_val (xmlid, col_xmlid, dataname, col_seq, colname, colcnname, datatype, length, precision_val, party_seq, isprimarykey, isnullable, remark, filed_type_child, sensitive_level, policyid) values ('TO_E_ESOP_LOG_MAIN_D_FS','TO_E_ESOP_LOG_MAIN_D_FS_20170920','TO_E_ESOP_LOG_MAIN_D_FS','20','SER_TYP_CD','服务方式','STRING','','','','','Y','上门、电话、E-mail、短彩信、EMS邮寄、外出联谊、传真、其它','C1-2','3','');
insert into column_val (xmlid, col_xmlid, dataname, col_seq, colname, colcnname, datatype, length, precision_val, party_seq, isprimarykey, isnullable, remark, filed_type_child, sensitive_level, policyid) values ('TO_E_ESOP_LOG_MAIN_D_FS','TO_E_ESOP_LOG_MAIN_D_FS_20170921','TO_E_ESOP_LOG_MAIN_D_FS','21','VISIT_FORM','拜访活动形式','STRING','','','','','Y','上门拜访','C1-2','3','');
insert into column_val (xmlid, col_xmlid, dataname, col_seq, colname, colcnname, datatype, length, precision_val, party_seq, isprimarykey, isnullable, remark, filed_type_child, sensitive_level, policyid) values ('TO_E_ESOP_LOG_MAIN_D_FS','TO_E_ESOP_LOG_MAIN_D_FS_20170922','TO_E_ESOP_LOG_MAIN_D_FS','22','VISIT_AIM','拜访活动目的','STRING','','','','','Y','建立或维系高层客户关系','C1-2','3','');
insert into column_val (xmlid, col_xmlid, dataname, col_seq, colname, colcnname, datatype, length, precision_val, party_seq, isprimarykey, isnullable, remark, filed_type_child, sensitive_level, policyid) values ('TO_E_ESOP_LOG_MAIN_D_FS','TO_E_ESOP_LOG_MAIN_D_FS_20170923','TO_E_ESOP_LOG_MAIN_D_FS','23','SUBSNUMBER','客户手机号码','STRING','','','','','Y','个人服务填写','C1-2','3','');
insert into column_val (xmlid, col_xmlid, dataname, col_seq, colname, colcnname, datatype, length, precision_val, party_seq, isprimarykey, isnullable, remark, filed_type_child, sensitive_level, policyid) values ('TO_E_ESOP_LOG_MAIN_D_FS','TO_E_ESOP_LOG_MAIN_D_FS_20170924','TO_E_ESOP_LOG_MAIN_D_FS','24','CUST_NAM','客户名称','STRING','','','','','Y','个人服务填写','C1-2','3','');
insert into column_val (xmlid, col_xmlid, dataname, col_seq, colname, colcnname, datatype, length, precision_val, party_seq, isprimarykey, isnullable, remark, filed_type_child, sensitive_level, policyid) values ('TO_E_ESOP_LOG_MAIN_D_FS','TO_E_ESOP_LOG_MAIN_D_FS_20170925','TO_E_ESOP_LOG_MAIN_D_FS','25','CUST_ROLE','客户角色','STRING','','','','','Y','个人服务填写','C1-2','3','');
insert into column_val (xmlid, col_xmlid, dataname, col_seq, colname, colcnname, datatype, length, precision_val, party_seq, isprimarykey, isnullable, remark, filed_type_child, sensitive_level, policyid) values ('TO_E_ESOP_LOG_MAIN_D_FS','TO_E_ESOP_LOG_MAIN_D_FS_20170926','TO_E_ESOP_LOG_MAIN_D_FS','26','CORP_SCOPE','动态集团级别','STRING','','','','','Y','BOSS集团','C1-2','3','');
insert into column_val (xmlid, col_xmlid, dataname, col_seq, colname, colcnname, datatype, length, precision_val, party_seq, isprimarykey, isnullable, remark, filed_type_child, sensitive_level, policyid) values ('TO_E_ESOP_LOG_MAIN_D_FS','TO_E_ESOP_LOG_MAIN_D_FS_20170927','TO_E_ESOP_LOG_MAIN_D_FS','27','DIST_NAM','所属区县','STRING','','','','','Y','BOSS集团','C1-2','3','');
insert into column_val (xmlid, col_xmlid, dataname, col_seq, colname, colcnname, datatype, length, precision_val, party_seq, isprimarykey, isnullable, remark, filed_type_child, sensitive_level, policyid) values ('TO_E_ESOP_LOG_MAIN_D_FS','TO_E_ESOP_LOG_MAIN_D_FS_20170928','TO_E_ESOP_LOG_MAIN_D_FS','28','CUST_MGR','客户经理','STRING','','','','','Y','','C1-2','3','');
insert into column_val (xmlid, col_xmlid, dataname, col_seq, colname, colcnname, datatype, length, precision_val, party_seq, isprimarykey, isnullable, remark, filed_type_child, sensitive_level, policyid) values ('TO_E_ESOP_LOG_MAIN_D_FS','TO_E_ESOP_LOG_MAIN_D_FS_20170929','TO_E_ESOP_LOG_MAIN_D_FS','29','FOLLOW_STAFF','我方人员','STRING','','','','','Y','同行人员','C1-2','3','');
insert into column_val (xmlid, col_xmlid, dataname, col_seq, colname, colcnname, datatype, length, precision_val, party_seq, isprimarykey, isnullable, remark, filed_type_child, sensitive_level, policyid) values ('TO_E_ESOP_LOG_MAIN_D_FS','TO_E_ESOP_LOG_MAIN_D_FS_20170930','TO_E_ESOP_LOG_MAIN_D_FS','30','PROJECT_FEE','项目金额','STRING','','','','','Y','','C1-2','3','');
insert into column_val (xmlid, col_xmlid, dataname, col_seq, colname, colcnname, datatype, length, precision_val, party_seq, isprimarykey, isnullable, remark, filed_type_child, sensitive_level, policyid) values ('TO_E_ESOP_LOG_MAIN_D_FS','TO_E_ESOP_LOG_MAIN_D_FS_20170931','TO_E_ESOP_LOG_MAIN_D_FS','31','PROJECT_BRIEF','项目简介','STRING','','','','','Y','','C1-2','3','');
insert into column_val (xmlid, col_xmlid, dataname, col_seq, colname, colcnname, datatype, length, precision_val, party_seq, isprimarykey, isnullable, remark, filed_type_child, sensitive_level, policyid) values ('TO_E_ESOP_LOG_MAIN_D_FS','TO_E_ESOP_LOG_MAIN_D_FS_20170932','TO_E_ESOP_LOG_MAIN_D_FS','32','COMP_OPPONENT','竞争对手','STRING','','','','','Y','','C1-2','3','');
insert into column_val (xmlid, col_xmlid, dataname, col_seq, colname, colcnname, datatype, length, precision_val, party_seq, isprimarykey, isnullable, remark, filed_type_child, sensitive_level, policyid) values ('TO_E_ESOP_LOG_MAIN_D_FS','TO_E_ESOP_LOG_MAIN_D_FS_20170933','TO_E_ESOP_LOG_MAIN_D_FS','33','COMP_LEVEL','竞争级别','STRING','','','','','Y','','C1-2','3','');
insert into column_val (xmlid, col_xmlid, dataname, col_seq, colname, colcnname, datatype, length, precision_val, party_seq, isprimarykey, isnullable, remark, filed_type_child, sensitive_level, policyid) values ('TO_E_ESOP_LOG_MAIN_D_FS','TO_E_ESOP_LOG_MAIN_D_FS_20170934','TO_E_ESOP_LOG_MAIN_D_FS','34','RESPONSE_EVENT','应对事件','STRING','','','','','Y','','C1-2','3','');
insert into column_val (xmlid, col_xmlid, dataname, col_seq, colname, colcnname, datatype, length, precision_val, party_seq, isprimarykey, isnullable, remark, filed_type_child, sensitive_level, policyid) values ('TO_E_ESOP_LOG_MAIN_D_FS','TO_E_ESOP_LOG_MAIN_D_FS_20170935','TO_E_ESOP_LOG_MAIN_D_FS','35','RESPONSE_RESULT','应对结果','STRING','','','','','Y','','C1-2','3','');
insert into column_val (xmlid, col_xmlid, dataname, col_seq, colname, colcnname, datatype, length, precision_val, party_seq, isprimarykey, isnullable, remark, filed_type_child, sensitive_level, policyid) values ('TO_E_ESOP_LOG_MAIN_D_FS','TO_E_ESOP_LOG_MAIN_D_FS_20170936','TO_E_ESOP_LOG_MAIN_D_FS','36','OTHER_RESULT','其它成效','STRING','','','','','Y','','C1-2','3','');
insert into column_val (xmlid, col_xmlid, dataname, col_seq, colname, colcnname, datatype, length, precision_val, party_seq, isprimarykey, isnullable, remark, filed_type_child, sensitive_level, policyid) values ('TO_E_ESOP_LOG_MAIN_D_FS','TO_E_ESOP_LOG_MAIN_D_FS_20170937','TO_E_ESOP_LOG_MAIN_D_FS','37','NOTES','备注','STRING','','','','','Y','','C1-2','3','');
insert into column_val (xmlid, col_xmlid, dataname, col_seq, colname, colcnname, datatype, length, precision_val, party_seq, isprimarykey, isnullable, remark, filed_type_child, sensitive_level, policyid) values ('TO_E_ESOP_LOG_MAIN_D_FS','TO_E_ESOP_LOG_MAIN_D_FS_20170938','TO_E_ESOP_LOG_MAIN_D_FS','38','CHIEF_VISIT_MGR_NAM','主要拜访经理名称','STRING','','','','','Y','','C1-2','3','');
insert into column_val (xmlid, col_xmlid, dataname, col_seq, colname, colcnname, datatype, length, precision_val, party_seq, isprimarykey, isnullable, remark, filed_type_child, sensitive_level, policyid) values ('TO_E_ESOP_LOG_MAIN_D_FS','TO_E_ESOP_LOG_MAIN_D_FS_20170939','TO_E_ESOP_LOG_MAIN_D_FS','39','CHIEF_VISIT_MGR_JOB','职位','STRING','','','','','Y','','C1-2','3','');
insert into column_val (xmlid, col_xmlid, dataname, col_seq, colname, colcnname, datatype, length, precision_val, party_seq, isprimarykey, isnullable, remark, filed_type_child, sensitive_level, policyid) values ('TO_E_ESOP_LOG_MAIN_D_FS','TO_E_ESOP_LOG_MAIN_D_FS_20170940','TO_E_ESOP_LOG_MAIN_D_FS','40','VISIT_TYPE','拜访类型','STRING','','','','','Y','','C1-2','3','');
insert into column_val (xmlid, col_xmlid, dataname, col_seq, colname, colcnname, datatype, length, precision_val, party_seq, isprimarykey, isnullable, remark, filed_type_child, sensitive_level, policyid) values ('TO_E_ESOP_LOG_MAIN_D_FS','TO_E_ESOP_LOG_MAIN_D_FS_20170941','TO_E_ESOP_LOG_MAIN_D_FS','41','MOVEMENT_DESC','拜访描述','STRING','','','','','Y','','C1-2','3','');
insert into column_val (xmlid, col_xmlid, dataname, col_seq, colname, colcnname, datatype, length, precision_val, party_seq, isprimarykey, isnullable, remark, filed_type_child, sensitive_level, policyid) values ('TO_E_ESOP_LOG_MAIN_D_FS','TO_E_ESOP_LOG_MAIN_D_FS_20170942','TO_E_ESOP_LOG_MAIN_D_FS','42','IMPACT','影响','STRING','','','','','Y','','C1-2','3','');
insert into column_val (xmlid, col_xmlid, dataname, col_seq, colname, colcnname, datatype, length, precision_val, party_seq, isprimarykey, isnullable, remark, filed_type_child, sensitive_level, policyid) values ('TO_E_ESOP_LOG_MAIN_D_FS','TO_E_ESOP_LOG_MAIN_D_FS_20170943','TO_E_ESOP_LOG_MAIN_D_FS','43','PROJECT_NAM','项目名称','STRING','','','','','Y','','C1-2','3','');
insert into column_val (xmlid, col_xmlid, dataname, col_seq, colname, colcnname, datatype, length, precision_val, party_seq, isprimarykey, isnullable, remark, filed_type_child, sensitive_level, policyid) values ('TO_E_ESOP_LOG_MAIN_D_FS','TO_E_ESOP_LOG_MAIN_D_FS_20170944','TO_E_ESOP_LOG_MAIN_D_FS','44','REFER_PRDCT','参考产品','STRING','','','','','Y','','C1-2','3','');
insert into column_val (xmlid, col_xmlid, dataname, col_seq, colname, colcnname, datatype, length, precision_val, party_seq, isprimarykey, isnullable, remark, filed_type_child, sensitive_level, policyid) values ('TO_E_ESOP_LOG_MAIN_D_FS','TO_E_ESOP_LOG_MAIN_D_FS_20170945','TO_E_ESOP_LOG_MAIN_D_FS','45','AFFECT_RANGE','影响范围','STRING','','','','','Y','','C1-2','3','');
insert into column_val (xmlid, col_xmlid, dataname, col_seq, colname, colcnname, datatype, length, precision_val, party_seq, isprimarykey, isnullable, remark, filed_type_child, sensitive_level, policyid) values ('TO_E_ESOP_LOG_MAIN_D_FS','TO_E_ESOP_LOG_MAIN_D_FS_20170946','TO_E_ESOP_LOG_MAIN_D_FS','46','CMCC_BRANCH_CD','地市编码','STRING','','','','','Y','','C1-2','3','');
insert into column_val (xmlid, col_xmlid, dataname, col_seq, colname, colcnname, datatype, length, precision_val, party_seq, isprimarykey, isnullable, remark, filed_type_child, sensitive_level, policyid) values ('TO_E_ESOP_LOG_MAIN_D_FS','TO_E_ESOP_LOG_MAIN_D_FS_20170947','TO_E_ESOP_LOG_MAIN_D_FS','47','month','月份','INT','','','1','','N','','','','');
insert into column_val (xmlid, col_xmlid, dataname, col_seq, colname, colcnname, datatype, length, precision_val, party_seq, isprimarykey, isnullable, remark, filed_type_child, sensitive_level, policyid) values ('TO_E_ESOP_LOG_MAIN_D_FS','TO_E_ESOP_LOG_MAIN_D_FS_20170948','TO_E_ESOP_LOG_MAIN_D_FS','48','day','日期','INT','','','2','','N','','','','');

insert into tablefile (xmlid, dbname, dataname, datacnname, state, cycletype, topiccode, extend_cfg, rightlevel, creater, curdutyer, eff_date, state_date, team_code, open_state, remark) values ('TO_E_ESOP_LOG_MAIN_D_ST','BD_B','TO_E_ESOP_LOG_MAIN_D_ST','ODS_ESOP日志表','NEW','day','LAYERI_ISERV','{"EXTERNAL":"y","LOCATION":"/tenant/BIGDATA/JCFW/JRCL/BD_B/ODS/TO_E_ESOP_LOG_MAIN_D/branch=ST","FILEFORMAT":"PARQUET","DELIMITER":"&&"}','其他','谢英俊','谢英俊', TIMESTAMP '0009-02-17 12:00:00', TIMESTAMP '0009-02-17 12:00:00','f2999fd5-c34e-402e-9b28-fec9fca13044','','基础层-服务主题域');
insert into column_val (xmlid, col_xmlid, dataname, col_seq, colname, colcnname, datatype, length, precision_val, party_seq, isprimarykey, isnullable, remark, filed_type_child, sensitive_level, policyid) values ('TO_E_ESOP_LOG_MAIN_D_ST','TO_E_ESOP_LOG_MAIN_D_ST_2017091','TO_E_ESOP_LOG_MAIN_D_ST','1','LOG_ID','日志编号','STRING','','','','1','N','','C1-2','3','');
insert into column_val (xmlid, col_xmlid, dataname, col_seq, colname, colcnname, datatype, length, precision_val, party_seq, isprimarykey, isnullable, remark, filed_type_child, sensitive_level, policyid) values ('TO_E_ESOP_LOG_MAIN_D_ST','TO_E_ESOP_LOG_MAIN_D_ST_2017092','TO_E_ESOP_LOG_MAIN_D_ST','2','LOG_NAM','日志主题','STRING','','','','','Y','','C1-2','3','');
insert into column_val (xmlid, col_xmlid, dataname, col_seq, colname, colcnname, datatype, length, precision_val, party_seq, isprimarykey, isnullable, remark, filed_type_child, sensitive_level, policyid) values ('TO_E_ESOP_LOG_MAIN_D_ST','TO_E_ESOP_LOG_MAIN_D_ST_2017093','TO_E_ESOP_LOG_MAIN_D_ST','3','LOG_TYP','日志类型','STRING','','','','','Y','字典表GROUPID="logtype"','C1-2','3','');
insert into column_val (xmlid, col_xmlid, dataname, col_seq, colname, colcnname, datatype, length, precision_val, party_seq, isprimarykey, isnullable, remark, filed_type_child, sensitive_level, policyid) values ('TO_E_ESOP_LOG_MAIN_D_ST','TO_E_ESOP_LOG_MAIN_D_ST_2017094','TO_E_ESOP_LOG_MAIN_D_ST','4','CTY_CD','地市','STRING','','','','1','N','主键
地市region，
999-省公司
200-广州
660-汕尾
662-阳江
663-揭阳
668-茂名
750-江门
751-韶关
752-惠州
753-梅州
754-汕头
755-深圳
756-珠海
757-佛山
758-肇庆
759-湛江
760-中山
762-河源
763-清远
766-云浮
768-潮州
769-东莞','C1-2','3','');
insert into column_val (xmlid, col_xmlid, dataname, col_seq, colname, colcnname, datatype, length, precision_val, party_seq, isprimarykey, isnullable, remark, filed_type_child, sensitive_level, policyid) values ('TO_E_ESOP_LOG_MAIN_D_ST','TO_E_ESOP_LOG_MAIN_D_ST_2017095','TO_E_ESOP_LOG_MAIN_D_ST','5','OPERATION_ID','关联业务单号','STRING','','','','','Y','项目编号PROJECTID','C1-2','3','');
insert into column_val (xmlid, col_xmlid, dataname, col_seq, colname, colcnname, datatype, length, precision_val, party_seq, isprimarykey, isnullable, remark, filed_type_child, sensitive_level, policyid) values ('TO_E_ESOP_LOG_MAIN_D_ST','TO_E_ESOP_LOG_MAIN_D_ST_2017096','TO_E_ESOP_LOG_MAIN_D_ST','6','OPERATION_NAM','关联业务单名称','STRING','','','','','Y','项目PROJECTNAME','C1-2','3','');
insert into column_val (xmlid, col_xmlid, dataname, col_seq, colname, colcnname, datatype, length, precision_val, party_seq, isprimarykey, isnullable, remark, filed_type_child, sensitive_level, policyid) values ('TO_E_ESOP_LOG_MAIN_D_ST','TO_E_ESOP_LOG_MAIN_D_ST_2017097','TO_E_ESOP_LOG_MAIN_D_ST','7','SERVICE_ACT','客服动作','STRING','','','','','Y','字典表GROUPID="servicact"','C1-2','3','');
insert into column_val (xmlid, col_xmlid, dataname, col_seq, colname, colcnname, datatype, length, precision_val, party_seq, isprimarykey, isnullable, remark, filed_type_child, sensitive_level, policyid) values ('TO_E_ESOP_LOG_MAIN_D_ST','TO_E_ESOP_LOG_MAIN_D_ST_2017098','TO_E_ESOP_LOG_MAIN_D_ST','8','GROUP_ID','集团客户编号','STRING','','','','','Y','','C1-2','3','');
insert into column_val (xmlid, col_xmlid, dataname, col_seq, colname, colcnname, datatype, length, precision_val, party_seq, isprimarykey, isnullable, remark, filed_type_child, sensitive_level, policyid) values ('TO_E_ESOP_LOG_MAIN_D_ST','TO_E_ESOP_LOG_MAIN_D_ST_2017099','TO_E_ESOP_LOG_MAIN_D_ST','9','CRTEATOR','创建人','STRING','','','','','Y','','C1-2','3','');
insert into column_val (xmlid, col_xmlid, dataname, col_seq, colname, colcnname, datatype, length, precision_val, party_seq, isprimarykey, isnullable, remark, filed_type_child, sensitive_level, policyid) values ('TO_E_ESOP_LOG_MAIN_D_ST','TO_E_ESOP_LOG_MAIN_D_ST_20170910','TO_E_ESOP_LOG_MAIN_D_ST','10','CREATE_DTS','创建时间','STRING','','','','','Y','格式YYYY-MM-DDHH24:MI:SS','C1-2','3','');
insert into column_val (xmlid, col_xmlid, dataname, col_seq, colname, colcnname, datatype, length, precision_val, party_seq, isprimarykey, isnullable, remark, filed_type_child, sensitive_level, policyid) values ('TO_E_ESOP_LOG_MAIN_D_ST','TO_E_ESOP_LOG_MAIN_D_ST_20170911','TO_E_ESOP_LOG_MAIN_D_ST','11','CHG_TIM','修改时间','STRING','','','','','Y','格式YYYY-MM-DDHH24:MI:SS','C1-2','3','');
insert into column_val (xmlid, col_xmlid, dataname, col_seq, colname, colcnname, datatype, length, precision_val, party_seq, isprimarykey, isnullable, remark, filed_type_child, sensitive_level, policyid) values ('TO_E_ESOP_LOG_MAIN_D_ST','TO_E_ESOP_LOG_MAIN_D_ST_20170912','TO_E_ESOP_LOG_MAIN_D_ST','12','LOG_CONT','日志内容','STRING','','','','','Y','','C1-2','3','');
insert into column_val (xmlid, col_xmlid, dataname, col_seq, colname, colcnname, datatype, length, precision_val, party_seq, isprimarykey, isnullable, remark, filed_type_child, sensitive_level, policyid) values ('TO_E_ESOP_LOG_MAIN_D_ST','TO_E_ESOP_LOG_MAIN_D_ST_20170913','TO_E_ESOP_LOG_MAIN_D_ST','13','LOG_SRC','日志来源','STRING','','','','','Y','自己：1，系统：0','C1-2','3','');
insert into column_val (xmlid, col_xmlid, dataname, col_seq, colname, colcnname, datatype, length, precision_val, party_seq, isprimarykey, isnullable, remark, filed_type_child, sensitive_level, policyid) values ('TO_E_ESOP_LOG_MAIN_D_ST','TO_E_ESOP_LOG_MAIN_D_ST_20170914','TO_E_ESOP_LOG_MAIN_D_ST','14','STS_CD','状态','STRING','','','','','Y','1是，0否','C1-2','3','');
insert into column_val (xmlid, col_xmlid, dataname, col_seq, colname, colcnname, datatype, length, precision_val, party_seq, isprimarykey, isnullable, remark, filed_type_child, sensitive_level, policyid) values ('TO_E_ESOP_LOG_MAIN_D_ST','TO_E_ESOP_LOG_MAIN_D_ST_20170915','TO_E_ESOP_LOG_MAIN_D_ST','15','LOG_ATTACH','日志附件','STRING','','','','','Y','','C1-2','3','');
insert into column_val (xmlid, col_xmlid, dataname, col_seq, colname, colcnname, datatype, length, precision_val, party_seq, isprimarykey, isnullable, remark, filed_type_child, sensitive_level, policyid) values ('TO_E_ESOP_LOG_MAIN_D_ST','TO_E_ESOP_LOG_MAIN_D_ST_20170916','TO_E_ESOP_LOG_MAIN_D_ST','16','GROUP_TYP','集团类型','STRING','','','','','Y','自然集团：1，BOSS集团：0','C1-2','3','');
insert into column_val (xmlid, col_xmlid, dataname, col_seq, colname, colcnname, datatype, length, precision_val, party_seq, isprimarykey, isnullable, remark, filed_type_child, sensitive_level, policyid) values ('TO_E_ESOP_LOG_MAIN_D_ST','TO_E_ESOP_LOG_MAIN_D_ST_20170917','TO_E_ESOP_LOG_MAIN_D_ST','17','VISIT_DT','拜访时间','STRING','','','','','Y','','C1-2','3','');
insert into column_val (xmlid, col_xmlid, dataname, col_seq, colname, colcnname, datatype, length, precision_val, party_seq, isprimarykey, isnullable, remark, filed_type_child, sensitive_level, policyid) values ('TO_E_ESOP_LOG_MAIN_D_ST','TO_E_ESOP_LOG_MAIN_D_ST_20170918','TO_E_ESOP_LOG_MAIN_D_ST','18','LOG_WRITE_LENGTH','日志填写耗时','STRING','','','','','Y','单位：秒','C1-2','3','');
insert into column_val (xmlid, col_xmlid, dataname, col_seq, colname, colcnname, datatype, length, precision_val, party_seq, isprimarykey, isnullable, remark, filed_type_child, sensitive_level, policyid) values ('TO_E_ESOP_LOG_MAIN_D_ST','TO_E_ESOP_LOG_MAIN_D_ST_20170919','TO_E_ESOP_LOG_MAIN_D_ST','19','GROUP_NAME','集团名称','STRING','','','','','Y','包括自然集团、BOSS集团','C1-2','3','');
insert into column_val (xmlid, col_xmlid, dataname, col_seq, colname, colcnname, datatype, length, precision_val, party_seq, isprimarykey, isnullable, remark, filed_type_child, sensitive_level, policyid) values ('TO_E_ESOP_LOG_MAIN_D_ST','TO_E_ESOP_LOG_MAIN_D_ST_20170920','TO_E_ESOP_LOG_MAIN_D_ST','20','SER_TYP_CD','服务方式','STRING','','','','','Y','上门、电话、E-mail、短彩信、EMS邮寄、外出联谊、传真、其它','C1-2','3','');
insert into column_val (xmlid, col_xmlid, dataname, col_seq, colname, colcnname, datatype, length, precision_val, party_seq, isprimarykey, isnullable, remark, filed_type_child, sensitive_level, policyid) values ('TO_E_ESOP_LOG_MAIN_D_ST','TO_E_ESOP_LOG_MAIN_D_ST_20170921','TO_E_ESOP_LOG_MAIN_D_ST','21','VISIT_FORM','拜访活动形式','STRING','','','','','Y','上门拜访','C1-2','3','');
insert into column_val (xmlid, col_xmlid, dataname, col_seq, colname, colcnname, datatype, length, precision_val, party_seq, isprimarykey, isnullable, remark, filed_type_child, sensitive_level, policyid) values ('TO_E_ESOP_LOG_MAIN_D_ST','TO_E_ESOP_LOG_MAIN_D_ST_20170922','TO_E_ESOP_LOG_MAIN_D_ST','22','VISIT_AIM','拜访活动目的','STRING','','','','','Y','建立或维系高层客户关系','C1-2','3','');
insert into column_val (xmlid, col_xmlid, dataname, col_seq, colname, colcnname, datatype, length, precision_val, party_seq, isprimarykey, isnullable, remark, filed_type_child, sensitive_level, policyid) values ('TO_E_ESOP_LOG_MAIN_D_ST','TO_E_ESOP_LOG_MAIN_D_ST_20170923','TO_E_ESOP_LOG_MAIN_D_ST','23','SUBSNUMBER','客户手机号码','STRING','','','','','Y','个人服务填写','C1-2','3','');
insert into column_val (xmlid, col_xmlid, dataname, col_seq, colname, colcnname, datatype, length, precision_val, party_seq, isprimarykey, isnullable, remark, filed_type_child, sensitive_level, policyid) values ('TO_E_ESOP_LOG_MAIN_D_ST','TO_E_ESOP_LOG_MAIN_D_ST_20170924','TO_E_ESOP_LOG_MAIN_D_ST','24','CUST_NAM','客户名称','STRING','','','','','Y','个人服务填写','C1-2','3','');
insert into column_val (xmlid, col_xmlid, dataname, col_seq, colname, colcnname, datatype, length, precision_val, party_seq, isprimarykey, isnullable, remark, filed_type_child, sensitive_level, policyid) values ('TO_E_ESOP_LOG_MAIN_D_ST','TO_E_ESOP_LOG_MAIN_D_ST_20170925','TO_E_ESOP_LOG_MAIN_D_ST','25','CUST_ROLE','客户角色','STRING','','','','','Y','个人服务填写','C1-2','3','');
insert into column_val (xmlid, col_xmlid, dataname, col_seq, colname, colcnname, datatype, length, precision_val, party_seq, isprimarykey, isnullable, remark, filed_type_child, sensitive_level, policyid) values ('TO_E_ESOP_LOG_MAIN_D_ST','TO_E_ESOP_LOG_MAIN_D_ST_20170926','TO_E_ESOP_LOG_MAIN_D_ST','26','CORP_SCOPE','动态集团级别','STRING','','','','','Y','BOSS集团','C1-2','3','');
insert into column_val (xmlid, col_xmlid, dataname, col_seq, colname, colcnname, datatype, length, precision_val, party_seq, isprimarykey, isnullable, remark, filed_type_child, sensitive_level, policyid) values ('TO_E_ESOP_LOG_MAIN_D_ST','TO_E_ESOP_LOG_MAIN_D_ST_20170927','TO_E_ESOP_LOG_MAIN_D_ST','27','DIST_NAM','所属区县','STRING','','','','','Y','BOSS集团','C1-2','3','');
insert into column_val (xmlid, col_xmlid, dataname, col_seq, colname, colcnname, datatype, length, precision_val, party_seq, isprimarykey, isnullable, remark, filed_type_child, sensitive_level, policyid) values ('TO_E_ESOP_LOG_MAIN_D_ST','TO_E_ESOP_LOG_MAIN_D_ST_20170928','TO_E_ESOP_LOG_MAIN_D_ST','28','CUST_MGR','客户经理','STRING','','','','','Y','','C1-2','3','');
insert into column_val (xmlid, col_xmlid, dataname, col_seq, colname, colcnname, datatype, length, precision_val, party_seq, isprimarykey, isnullable, remark, filed_type_child, sensitive_level, policyid) values ('TO_E_ESOP_LOG_MAIN_D_ST','TO_E_ESOP_LOG_MAIN_D_ST_20170929','TO_E_ESOP_LOG_MAIN_D_ST','29','FOLLOW_STAFF','我方人员','STRING','','','','','Y','同行人员','C1-2','3','');
insert into column_val (xmlid, col_xmlid, dataname, col_seq, colname, colcnname, datatype, length, precision_val, party_seq, isprimarykey, isnullable, remark, filed_type_child, sensitive_level, policyid) values ('TO_E_ESOP_LOG_MAIN_D_ST','TO_E_ESOP_LOG_MAIN_D_ST_20170930','TO_E_ESOP_LOG_MAIN_D_ST','30','PROJECT_FEE','项目金额','STRING','','','','','Y','','C1-2','3','');
insert into column_val (xmlid, col_xmlid, dataname, col_seq, colname, colcnname, datatype, length, precision_val, party_seq, isprimarykey, isnullable, remark, filed_type_child, sensitive_level, policyid) values ('TO_E_ESOP_LOG_MAIN_D_ST','TO_E_ESOP_LOG_MAIN_D_ST_20170931','TO_E_ESOP_LOG_MAIN_D_ST','31','PROJECT_BRIEF','项目简介','STRING','','','','','Y','','C1-2','3','');
insert into column_val (xmlid, col_xmlid, dataname, col_seq, colname, colcnname, datatype, length, precision_val, party_seq, isprimarykey, isnullable, remark, filed_type_child, sensitive_level, policyid) values ('TO_E_ESOP_LOG_MAIN_D_ST','TO_E_ESOP_LOG_MAIN_D_ST_20170932','TO_E_ESOP_LOG_MAIN_D_ST','32','COMP_OPPONENT','竞争对手','STRING','','','','','Y','','C1-2','3','');
insert into column_val (xmlid, col_xmlid, dataname, col_seq, colname, colcnname, datatype, length, precision_val, party_seq, isprimarykey, isnullable, remark, filed_type_child, sensitive_level, policyid) values ('TO_E_ESOP_LOG_MAIN_D_ST','TO_E_ESOP_LOG_MAIN_D_ST_20170933','TO_E_ESOP_LOG_MAIN_D_ST','33','COMP_LEVEL','竞争级别','STRING','','','','','Y','','C1-2','3','');
insert into column_val (xmlid, col_xmlid, dataname, col_seq, colname, colcnname, datatype, length, precision_val, party_seq, isprimarykey, isnullable, remark, filed_type_child, sensitive_level, policyid) values ('TO_E_ESOP_LOG_MAIN_D_ST','TO_E_ESOP_LOG_MAIN_D_ST_20170934','TO_E_ESOP_LOG_MAIN_D_ST','34','RESPONSE_EVENT','应对事件','STRING','','','','','Y','','C1-2','3','');
insert into column_val (xmlid, col_xmlid, dataname, col_seq, colname, colcnname, datatype, length, precision_val, party_seq, isprimarykey, isnullable, remark, filed_type_child, sensitive_level, policyid) values ('TO_E_ESOP_LOG_MAIN_D_ST','TO_E_ESOP_LOG_MAIN_D_ST_20170935','TO_E_ESOP_LOG_MAIN_D_ST','35','RESPONSE_RESULT','应对结果','STRING','','','','','Y','','C1-2','3','');
insert into column_val (xmlid, col_xmlid, dataname, col_seq, colname, colcnname, datatype, length, precision_val, party_seq, isprimarykey, isnullable, remark, filed_type_child, sensitive_level, policyid) values ('TO_E_ESOP_LOG_MAIN_D_ST','TO_E_ESOP_LOG_MAIN_D_ST_20170936','TO_E_ESOP_LOG_MAIN_D_ST','36','OTHER_RESULT','其它成效','STRING','','','','','Y','','C1-2','3','');
insert into column_val (xmlid, col_xmlid, dataname, col_seq, colname, colcnname, datatype, length, precision_val, party_seq, isprimarykey, isnullable, remark, filed_type_child, sensitive_level, policyid) values ('TO_E_ESOP_LOG_MAIN_D_ST','TO_E_ESOP_LOG_MAIN_D_ST_20170937','TO_E_ESOP_LOG_MAIN_D_ST','37','NOTES','备注','STRING','','','','','Y','','C1-2','3','');
insert into column_val (xmlid, col_xmlid, dataname, col_seq, colname, colcnname, datatype, length, precision_val, party_seq, isprimarykey, isnullable, remark, filed_type_child, sensitive_level, policyid) values ('TO_E_ESOP_LOG_MAIN_D_ST','TO_E_ESOP_LOG_MAIN_D_ST_20170938','TO_E_ESOP_LOG_MAIN_D_ST','38','CHIEF_VISIT_MGR_NAM','主要拜访经理名称','STRING','','','','','Y','','C1-2','3','');
insert into column_val (xmlid, col_xmlid, dataname, col_seq, colname, colcnname, datatype, length, precision_val, party_seq, isprimarykey, isnullable, remark, filed_type_child, sensitive_level, policyid) values ('TO_E_ESOP_LOG_MAIN_D_ST','TO_E_ESOP_LOG_MAIN_D_ST_20170939','TO_E_ESOP_LOG_MAIN_D_ST','39','CHIEF_VISIT_MGR_JOB','职位','STRING','','','','','Y','','C1-2','3','');
insert into column_val (xmlid, col_xmlid, dataname, col_seq, colname, colcnname, datatype, length, precision_val, party_seq, isprimarykey, isnullable, remark, filed_type_child, sensitive_level, policyid) values ('TO_E_ESOP_LOG_MAIN_D_ST','TO_E_ESOP_LOG_MAIN_D_ST_20170940','TO_E_ESOP_LOG_MAIN_D_ST','40','VISIT_TYPE','拜访类型','STRING','','','','','Y','','C1-2','3','');
insert into column_val (xmlid, col_xmlid, dataname, col_seq, colname, colcnname, datatype, length, precision_val, party_seq, isprimarykey, isnullable, remark, filed_type_child, sensitive_level, policyid) values ('TO_E_ESOP_LOG_MAIN_D_ST','TO_E_ESOP_LOG_MAIN_D_ST_20170941','TO_E_ESOP_LOG_MAIN_D_ST','41','MOVEMENT_DESC','拜访描述','STRING','','','','','Y','','C1-2','3','');
insert into column_val (xmlid, col_xmlid, dataname, col_seq, colname, colcnname, datatype, length, precision_val, party_seq, isprimarykey, isnullable, remark, filed_type_child, sensitive_level, policyid) values ('TO_E_ESOP_LOG_MAIN_D_ST','TO_E_ESOP_LOG_MAIN_D_ST_20170942','TO_E_ESOP_LOG_MAIN_D_ST','42','IMPACT','影响','STRING','','','','','Y','','C1-2','3','');
insert into column_val (xmlid, col_xmlid, dataname, col_seq, colname, colcnname, datatype, length, precision_val, party_seq, isprimarykey, isnullable, remark, filed_type_child, sensitive_level, policyid) values ('TO_E_ESOP_LOG_MAIN_D_ST','TO_E_ESOP_LOG_MAIN_D_ST_20170943','TO_E_ESOP_LOG_MAIN_D_ST','43','PROJECT_NAM','项目名称','STRING','','','','','Y','','C1-2','3','');
insert into column_val (xmlid, col_xmlid, dataname, col_seq, colname, colcnname, datatype, length, precision_val, party_seq, isprimarykey, isnullable, remark, filed_type_child, sensitive_level, policyid) values ('TO_E_ESOP_LOG_MAIN_D_ST','TO_E_ESOP_LOG_MAIN_D_ST_20170944','TO_E_ESOP_LOG_MAIN_D_ST','44','REFER_PRDCT','参考产品','STRING','','','','','Y','','C1-2','3','');
insert into column_val (xmlid, col_xmlid, dataname, col_seq, colname, colcnname, datatype, length, precision_val, party_seq, isprimarykey, isnullable, remark, filed_type_child, sensitive_level, policyid) values ('TO_E_ESOP_LOG_MAIN_D_ST','TO_E_ESOP_LOG_MAIN_D_ST_20170945','TO_E_ESOP_LOG_MAIN_D_ST','45','AFFECT_RANGE','影响范围','STRING','','','','','Y','','C1-2','3','');
insert into column_val (xmlid, col_xmlid, dataname, col_seq, colname, colcnname, datatype, length, precision_val, party_seq, isprimarykey, isnullable, remark, filed_type_child, sensitive_level, policyid) values ('TO_E_ESOP_LOG_MAIN_D_ST','TO_E_ESOP_LOG_MAIN_D_ST_20170946','TO_E_ESOP_LOG_MAIN_D_ST','46','CMCC_BRANCH_CD','地市编码','STRING','','','','','Y','','C1-2','3','');
insert into column_val (xmlid, col_xmlid, dataname, col_seq, colname, colcnname, datatype, length, precision_val, party_seq, isprimarykey, isnullable, remark, filed_type_child, sensitive_level, policyid) values ('TO_E_ESOP_LOG_MAIN_D_ST','TO_E_ESOP_LOG_MAIN_D_ST_20170947','TO_E_ESOP_LOG_MAIN_D_ST','47','month','月份','INT','','','1','','N','','','','');
insert into column_val (xmlid, col_xmlid, dataname, col_seq, colname, colcnname, datatype, length, precision_val, party_seq, isprimarykey, isnullable, remark, filed_type_child, sensitive_level, policyid) values ('TO_E_ESOP_LOG_MAIN_D_ST','TO_E_ESOP_LOG_MAIN_D_ST_20170948','TO_E_ESOP_LOG_MAIN_D_ST','48','day','日期','INT','','','2','','N','','','','');

insert into tablefile (xmlid, dbname, dataname, datacnname, state, cycletype, topiccode, extend_cfg, rightlevel, creater, curdutyer, eff_date, state_date, team_code, open_state, remark) values ('TO_E_ESOP_LOG_MAIN_D_ZH','BD_B','TO_E_ESOP_LOG_MAIN_D_ZH','ODS_ESOP日志表','NEW','day','LAYERI_ISERV','{"EXTERNAL":"y","LOCATION":"/tenant/BIGDATA/JCFW/JRCL/BD_B/ODS/TO_E_ESOP_LOG_MAIN_D/branch=ZH","FILEFORMAT":"PARQUET","DELIMITER":"&&"}','其他','谢英俊','谢英俊', TIMESTAMP '0009-02-17 12:00:00', TIMESTAMP '0009-02-17 12:00:00','f2999fd5-c34e-402e-9b28-fec9fca13044','','基础层-服务主题域');
insert into column_val (xmlid, col_xmlid, dataname, col_seq, colname, colcnname, datatype, length, precision_val, party_seq, isprimarykey, isnullable, remark, filed_type_child, sensitive_level, policyid) values ('TO_E_ESOP_LOG_MAIN_D_ZH','TO_E_ESOP_LOG_MAIN_D_ZH_2017091','TO_E_ESOP_LOG_MAIN_D_ZH','1','LOG_ID','日志编号','STRING','','','','1','N','','C1-2','3','');
insert into column_val (xmlid, col_xmlid, dataname, col_seq, colname, colcnname, datatype, length, precision_val, party_seq, isprimarykey, isnullable, remark, filed_type_child, sensitive_level, policyid) values ('TO_E_ESOP_LOG_MAIN_D_ZH','TO_E_ESOP_LOG_MAIN_D_ZH_2017092','TO_E_ESOP_LOG_MAIN_D_ZH','2','LOG_NAM','日志主题','STRING','','','','','Y','','C1-2','3','');
insert into column_val (xmlid, col_xmlid, dataname, col_seq, colname, colcnname, datatype, length, precision_val, party_seq, isprimarykey, isnullable, remark, filed_type_child, sensitive_level, policyid) values ('TO_E_ESOP_LOG_MAIN_D_ZH','TO_E_ESOP_LOG_MAIN_D_ZH_2017093','TO_E_ESOP_LOG_MAIN_D_ZH','3','LOG_TYP','日志类型','STRING','','','','','Y','字典表GROUPID="logtype"','C1-2','3','');
insert into column_val (xmlid, col_xmlid, dataname, col_seq, colname, colcnname, datatype, length, precision_val, party_seq, isprimarykey, isnullable, remark, filed_type_child, sensitive_level, policyid) values ('TO_E_ESOP_LOG_MAIN_D_ZH','TO_E_ESOP_LOG_MAIN_D_ZH_2017094','TO_E_ESOP_LOG_MAIN_D_ZH','4','CTY_CD','地市','STRING','','','','1','N','主键
地市region，
999-省公司
200-广州
660-汕尾
662-阳江
663-揭阳
668-茂名
750-江门
751-韶关
752-惠州
753-梅州
754-汕头
755-深圳
756-珠海
757-佛山
758-肇庆
759-湛江
760-中山
762-河源
763-清远
766-云浮
768-潮州
769-东莞','C1-2','3','');
insert into column_val (xmlid, col_xmlid, dataname, col_seq, colname, colcnname, datatype, length, precision_val, party_seq, isprimarykey, isnullable, remark, filed_type_child, sensitive_level, policyid) values ('TO_E_ESOP_LOG_MAIN_D_ZH','TO_E_ESOP_LOG_MAIN_D_ZH_2017095','TO_E_ESOP_LOG_MAIN_D_ZH','5','OPERATION_ID','关联业务单号','STRING','','','','','Y','项目编号PROJECTID','C1-2','3','');
insert into column_val (xmlid, col_xmlid, dataname, col_seq, colname, colcnname, datatype, length, precision_val, party_seq, isprimarykey, isnullable, remark, filed_type_child, sensitive_level, policyid) values ('TO_E_ESOP_LOG_MAIN_D_ZH','TO_E_ESOP_LOG_MAIN_D_ZH_2017096','TO_E_ESOP_LOG_MAIN_D_ZH','6','OPERATION_NAM','关联业务单名称','STRING','','','','','Y','项目PROJECTNAME','C1-2','3','');
insert into column_val (xmlid, col_xmlid, dataname, col_seq, colname, colcnname, datatype, length, precision_val, party_seq, isprimarykey, isnullable, remark, filed_type_child, sensitive_level, policyid) values ('TO_E_ESOP_LOG_MAIN_D_ZH','TO_E_ESOP_LOG_MAIN_D_ZH_2017097','TO_E_ESOP_LOG_MAIN_D_ZH','7','SERVICE_ACT','客服动作','STRING','','','','','Y','字典表GROUPID="servicact"','C1-2','3','');
insert into column_val (xmlid, col_xmlid, dataname, col_seq, colname, colcnname, datatype, length, precision_val, party_seq, isprimarykey, isnullable, remark, filed_type_child, sensitive_level, policyid) values ('TO_E_ESOP_LOG_MAIN_D_ZH','TO_E_ESOP_LOG_MAIN_D_ZH_2017098','TO_E_ESOP_LOG_MAIN_D_ZH','8','GROUP_ID','集团客户编号','STRING','','','','','Y','','C1-2','3','');
insert into column_val (xmlid, col_xmlid, dataname, col_seq, colname, colcnname, datatype, length, precision_val, party_seq, isprimarykey, isnullable, remark, filed_type_child, sensitive_level, policyid) values ('TO_E_ESOP_LOG_MAIN_D_ZH','TO_E_ESOP_LOG_MAIN_D_ZH_2017099','TO_E_ESOP_LOG_MAIN_D_ZH','9','CRTEATOR','创建人','STRING','','','','','Y','','C1-2','3','');
insert into column_val (xmlid, col_xmlid, dataname, col_seq, colname, colcnname, datatype, length, precision_val, party_seq, isprimarykey, isnullable, remark, filed_type_child, sensitive_level, policyid) values ('TO_E_ESOP_LOG_MAIN_D_ZH','TO_E_ESOP_LOG_MAIN_D_ZH_20170910','TO_E_ESOP_LOG_MAIN_D_ZH','10','CREATE_DTS','创建时间','STRING','','','','','Y','格式YYYY-MM-DDHH24:MI:SS','C1-2','3','');
insert into column_val (xmlid, col_xmlid, dataname, col_seq, colname, colcnname, datatype, length, precision_val, party_seq, isprimarykey, isnullable, remark, filed_type_child, sensitive_level, policyid) values ('TO_E_ESOP_LOG_MAIN_D_ZH','TO_E_ESOP_LOG_MAIN_D_ZH_20170911','TO_E_ESOP_LOG_MAIN_D_ZH','11','CHG_TIM','修改时间','STRING','','','','','Y','格式YYYY-MM-DDHH24:MI:SS','C1-2','3','');
insert into column_val (xmlid, col_xmlid, dataname, col_seq, colname, colcnname, datatype, length, precision_val, party_seq, isprimarykey, isnullable, remark, filed_type_child, sensitive_level, policyid) values ('TO_E_ESOP_LOG_MAIN_D_ZH','TO_E_ESOP_LOG_MAIN_D_ZH_20170912','TO_E_ESOP_LOG_MAIN_D_ZH','12','LOG_CONT','日志内容','STRING','','','','','Y','','C1-2','3','');
insert into column_val (xmlid, col_xmlid, dataname, col_seq, colname, colcnname, datatype, length, precision_val, party_seq, isprimarykey, isnullable, remark, filed_type_child, sensitive_level, policyid) values ('TO_E_ESOP_LOG_MAIN_D_ZH','TO_E_ESOP_LOG_MAIN_D_ZH_20170913','TO_E_ESOP_LOG_MAIN_D_ZH','13','LOG_SRC','日志来源','STRING','','','','','Y','自己：1，系统：0','C1-2','3','');
insert into column_val (xmlid, col_xmlid, dataname, col_seq, colname, colcnname, datatype, length, precision_val, party_seq, isprimarykey, isnullable, remark, filed_type_child, sensitive_level, policyid) values ('TO_E_ESOP_LOG_MAIN_D_ZH','TO_E_ESOP_LOG_MAIN_D_ZH_20170914','TO_E_ESOP_LOG_MAIN_D_ZH','14','STS_CD','状态','STRING','','','','','Y','1是，0否','C1-2','3','');
insert into column_val (xmlid, col_xmlid, dataname, col_seq, colname, colcnname, datatype, length, precision_val, party_seq, isprimarykey, isnullable, remark, filed_type_child, sensitive_level, policyid) values ('TO_E_ESOP_LOG_MAIN_D_ZH','TO_E_ESOP_LOG_MAIN_D_ZH_20170915','TO_E_ESOP_LOG_MAIN_D_ZH','15','LOG_ATTACH','日志附件','STRING','','','','','Y','','C1-2','3','');
insert into column_val (xmlid, col_xmlid, dataname, col_seq, colname, colcnname, datatype, length, precision_val, party_seq, isprimarykey, isnullable, remark, filed_type_child, sensitive_level, policyid) values ('TO_E_ESOP_LOG_MAIN_D_ZH','TO_E_ESOP_LOG_MAIN_D_ZH_20170916','TO_E_ESOP_LOG_MAIN_D_ZH','16','GROUP_TYP','集团类型','STRING','','','','','Y','自然集团：1，BOSS集团：0','C1-2','3','');
insert into column_val (xmlid, col_xmlid, dataname, col_seq, colname, colcnname, datatype, length, precision_val, party_seq, isprimarykey, isnullable, remark, filed_type_child, sensitive_level, policyid) values ('TO_E_ESOP_LOG_MAIN_D_ZH','TO_E_ESOP_LOG_MAIN_D_ZH_20170917','TO_E_ESOP_LOG_MAIN_D_ZH','17','VISIT_DT','拜访时间','STRING','','','','','Y','','C1-2','3','');
insert into column_val (xmlid, col_xmlid, dataname, col_seq, colname, colcnname, datatype, length, precision_val, party_seq, isprimarykey, isnullable, remark, filed_type_child, sensitive_level, policyid) values ('TO_E_ESOP_LOG_MAIN_D_ZH','TO_E_ESOP_LOG_MAIN_D_ZH_20170918','TO_E_ESOP_LOG_MAIN_D_ZH','18','LOG_WRITE_LENGTH','日志填写耗时','STRING','','','','','Y','单位：秒','C1-2','3','');
insert into column_val (xmlid, col_xmlid, dataname, col_seq, colname, colcnname, datatype, length, precision_val, party_seq, isprimarykey, isnullable, remark, filed_type_child, sensitive_level, policyid) values ('TO_E_ESOP_LOG_MAIN_D_ZH','TO_E_ESOP_LOG_MAIN_D_ZH_20170919','TO_E_ESOP_LOG_MAIN_D_ZH','19','GROUP_NAME','集团名称','STRING','','','','','Y','包括自然集团、BOSS集团','C1-2','3','');
insert into column_val (xmlid, col_xmlid, dataname, col_seq, colname, colcnname, datatype, length, precision_val, party_seq, isprimarykey, isnullable, remark, filed_type_child, sensitive_level, policyid) values ('TO_E_ESOP_LOG_MAIN_D_ZH','TO_E_ESOP_LOG_MAIN_D_ZH_20170920','TO_E_ESOP_LOG_MAIN_D_ZH','20','SER_TYP_CD','服务方式','STRING','','','','','Y','上门、电话、E-mail、短彩信、EMS邮寄、外出联谊、传真、其它','C1-2','3','');
insert into column_val (xmlid, col_xmlid, dataname, col_seq, colname, colcnname, datatype, length, precision_val, party_seq, isprimarykey, isnullable, remark, filed_type_child, sensitive_level, policyid) values ('TO_E_ESOP_LOG_MAIN_D_ZH','TO_E_ESOP_LOG_MAIN_D_ZH_20170921','TO_E_ESOP_LOG_MAIN_D_ZH','21','VISIT_FORM','拜访活动形式','STRING','','','','','Y','上门拜访','C1-2','3','');
insert into column_val (xmlid, col_xmlid, dataname, col_seq, colname, colcnname, datatype, length, precision_val, party_seq, isprimarykey, isnullable, remark, filed_type_child, sensitive_level, policyid) values ('TO_E_ESOP_LOG_MAIN_D_ZH','TO_E_ESOP_LOG_MAIN_D_ZH_20170922','TO_E_ESOP_LOG_MAIN_D_ZH','22','VISIT_AIM','拜访活动目的','STRING','','','','','Y','建立或维系高层客户关系','C1-2','3','');
insert into column_val (xmlid, col_xmlid, dataname, col_seq, colname, colcnname, datatype, length, precision_val, party_seq, isprimarykey, isnullable, remark, filed_type_child, sensitive_level, policyid) values ('TO_E_ESOP_LOG_MAIN_D_ZH','TO_E_ESOP_LOG_MAIN_D_ZH_20170923','TO_E_ESOP_LOG_MAIN_D_ZH','23','SUBSNUMBER','客户手机号码','STRING','','','','','Y','个人服务填写','C1-2','3','');
insert into column_val (xmlid, col_xmlid, dataname, col_seq, colname, colcnname, datatype, length, precision_val, party_seq, isprimarykey, isnullable, remark, filed_type_child, sensitive_level, policyid) values ('TO_E_ESOP_LOG_MAIN_D_ZH','TO_E_ESOP_LOG_MAIN_D_ZH_20170924','TO_E_ESOP_LOG_MAIN_D_ZH','24','CUST_NAM','客户名称','STRING','','','','','Y','个人服务填写','C1-2','3','');
insert into column_val (xmlid, col_xmlid, dataname, col_seq, colname, colcnname, datatype, length, precision_val, party_seq, isprimarykey, isnullable, remark, filed_type_child, sensitive_level, policyid) values ('TO_E_ESOP_LOG_MAIN_D_ZH','TO_E_ESOP_LOG_MAIN_D_ZH_20170925','TO_E_ESOP_LOG_MAIN_D_ZH','25','CUST_ROLE','客户角色','STRING','','','','','Y','个人服务填写','C1-2','3','');
insert into column_val (xmlid, col_xmlid, dataname, col_seq, colname, colcnname, datatype, length, precision_val, party_seq, isprimarykey, isnullable, remark, filed_type_child, sensitive_level, policyid) values ('TO_E_ESOP_LOG_MAIN_D_ZH','TO_E_ESOP_LOG_MAIN_D_ZH_20170926','TO_E_ESOP_LOG_MAIN_D_ZH','26','CORP_SCOPE','动态集团级别','STRING','','','','','Y','BOSS集团','C1-2','3','');
insert into column_val (xmlid, col_xmlid, dataname, col_seq, colname, colcnname, datatype, length, precision_val, party_seq, isprimarykey, isnullable, remark, filed_type_child, sensitive_level, policyid) values ('TO_E_ESOP_LOG_MAIN_D_ZH','TO_E_ESOP_LOG_MAIN_D_ZH_20170927','TO_E_ESOP_LOG_MAIN_D_ZH','27','DIST_NAM','所属区县','STRING','','','','','Y','BOSS集团','C1-2','3','');
insert into column_val (xmlid, col_xmlid, dataname, col_seq, colname, colcnname, datatype, length, precision_val, party_seq, isprimarykey, isnullable, remark, filed_type_child, sensitive_level, policyid) values ('TO_E_ESOP_LOG_MAIN_D_ZH','TO_E_ESOP_LOG_MAIN_D_ZH_20170928','TO_E_ESOP_LOG_MAIN_D_ZH','28','CUST_MGR','客户经理','STRING','','','','','Y','','C1-2','3','');
insert into column_val (xmlid, col_xmlid, dataname, col_seq, colname, colcnname, datatype, length, precision_val, party_seq, isprimarykey, isnullable, remark, filed_type_child, sensitive_level, policyid) values ('TO_E_ESOP_LOG_MAIN_D_ZH','TO_E_ESOP_LOG_MAIN_D_ZH_20170929','TO_E_ESOP_LOG_MAIN_D_ZH','29','FOLLOW_STAFF','我方人员','STRING','','','','','Y','同行人员','C1-2','3','');
insert into column_val (xmlid, col_xmlid, dataname, col_seq, colname, colcnname, datatype, length, precision_val, party_seq, isprimarykey, isnullable, remark, filed_type_child, sensitive_level, policyid) values ('TO_E_ESOP_LOG_MAIN_D_ZH','TO_E_ESOP_LOG_MAIN_D_ZH_20170930','TO_E_ESOP_LOG_MAIN_D_ZH','30','PROJECT_FEE','项目金额','STRING','','','','','Y','','C1-2','3','');
insert into column_val (xmlid, col_xmlid, dataname, col_seq, colname, colcnname, datatype, length, precision_val, party_seq, isprimarykey, isnullable, remark, filed_type_child, sensitive_level, policyid) values ('TO_E_ESOP_LOG_MAIN_D_ZH','TO_E_ESOP_LOG_MAIN_D_ZH_20170931','TO_E_ESOP_LOG_MAIN_D_ZH','31','PROJECT_BRIEF','项目简介','STRING','','','','','Y','','C1-2','3','');
insert into column_val (xmlid, col_xmlid, dataname, col_seq, colname, colcnname, datatype, length, precision_val, party_seq, isprimarykey, isnullable, remark, filed_type_child, sensitive_level, policyid) values ('TO_E_ESOP_LOG_MAIN_D_ZH','TO_E_ESOP_LOG_MAIN_D_ZH_20170932','TO_E_ESOP_LOG_MAIN_D_ZH','32','COMP_OPPONENT','竞争对手','STRING','','','','','Y','','C1-2','3','');
insert into column_val (xmlid, col_xmlid, dataname, col_seq, colname, colcnname, datatype, length, precision_val, party_seq, isprimarykey, isnullable, remark, filed_type_child, sensitive_level, policyid) values ('TO_E_ESOP_LOG_MAIN_D_ZH','TO_E_ESOP_LOG_MAIN_D_ZH_20170933','TO_E_ESOP_LOG_MAIN_D_ZH','33','COMP_LEVEL','竞争级别','STRING','','','','','Y','','C1-2','3','');
insert into column_val (xmlid, col_xmlid, dataname, col_seq, colname, colcnname, datatype, length, precision_val, party_seq, isprimarykey, isnullable, remark, filed_type_child, sensitive_level, policyid) values ('TO_E_ESOP_LOG_MAIN_D_ZH','TO_E_ESOP_LOG_MAIN_D_ZH_20170934','TO_E_ESOP_LOG_MAIN_D_ZH','34','RESPONSE_EVENT','应对事件','STRING','','','','','Y','','C1-2','3','');
insert into column_val (xmlid, col_xmlid, dataname, col_seq, colname, colcnname, datatype, length, precision_val, party_seq, isprimarykey, isnullable, remark, filed_type_child, sensitive_level, policyid) values ('TO_E_ESOP_LOG_MAIN_D_ZH','TO_E_ESOP_LOG_MAIN_D_ZH_20170935','TO_E_ESOP_LOG_MAIN_D_ZH','35','RESPONSE_RESULT','应对结果','STRING','','','','','Y','','C1-2','3','');
insert into column_val (xmlid, col_xmlid, dataname, col_seq, colname, colcnname, datatype, length, precision_val, party_seq, isprimarykey, isnullable, remark, filed_type_child, sensitive_level, policyid) values ('TO_E_ESOP_LOG_MAIN_D_ZH','TO_E_ESOP_LOG_MAIN_D_ZH_20170936','TO_E_ESOP_LOG_MAIN_D_ZH','36','OTHER_RESULT','其它成效','STRING','','','','','Y','','C1-2','3','');
insert into column_val (xmlid, col_xmlid, dataname, col_seq, colname, colcnname, datatype, length, precision_val, party_seq, isprimarykey, isnullable, remark, filed_type_child, sensitive_level, policyid) values ('TO_E_ESOP_LOG_MAIN_D_ZH','TO_E_ESOP_LOG_MAIN_D_ZH_20170937','TO_E_ESOP_LOG_MAIN_D_ZH','37','NOTES','备注','STRING','','','','','Y','','C1-2','3','');
insert into column_val (xmlid, col_xmlid, dataname, col_seq, colname, colcnname, datatype, length, precision_val, party_seq, isprimarykey, isnullable, remark, filed_type_child, sensitive_level, policyid) values ('TO_E_ESOP_LOG_MAIN_D_ZH','TO_E_ESOP_LOG_MAIN_D_ZH_20170938','TO_E_ESOP_LOG_MAIN_D_ZH','38','CHIEF_VISIT_MGR_NAM','主要拜访经理名称','STRING','','','','','Y','','C1-2','3','');
insert into column_val (xmlid, col_xmlid, dataname, col_seq, colname, colcnname, datatype, length, precision_val, party_seq, isprimarykey, isnullable, remark, filed_type_child, sensitive_level, policyid) values ('TO_E_ESOP_LOG_MAIN_D_ZH','TO_E_ESOP_LOG_MAIN_D_ZH_20170939','TO_E_ESOP_LOG_MAIN_D_ZH','39','CHIEF_VISIT_MGR_JOB','职位','STRING','','','','','Y','','C1-2','3','');
insert into column_val (xmlid, col_xmlid, dataname, col_seq, colname, colcnname, datatype, length, precision_val, party_seq, isprimarykey, isnullable, remark, filed_type_child, sensitive_level, policyid) values ('TO_E_ESOP_LOG_MAIN_D_ZH','TO_E_ESOP_LOG_MAIN_D_ZH_20170940','TO_E_ESOP_LOG_MAIN_D_ZH','40','VISIT_TYPE','拜访类型','STRING','','','','','Y','','C1-2','3','');
insert into column_val (xmlid, col_xmlid, dataname, col_seq, colname, colcnname, datatype, length, precision_val, party_seq, isprimarykey, isnullable, remark, filed_type_child, sensitive_level, policyid) values ('TO_E_ESOP_LOG_MAIN_D_ZH','TO_E_ESOP_LOG_MAIN_D_ZH_20170941','TO_E_ESOP_LOG_MAIN_D_ZH','41','MOVEMENT_DESC','拜访描述','STRING','','','','','Y','','C1-2','3','');
insert into column_val (xmlid, col_xmlid, dataname, col_seq, colname, colcnname, datatype, length, precision_val, party_seq, isprimarykey, isnullable, remark, filed_type_child, sensitive_level, policyid) values ('TO_E_ESOP_LOG_MAIN_D_ZH','TO_E_ESOP_LOG_MAIN_D_ZH_20170942','TO_E_ESOP_LOG_MAIN_D_ZH','42','IMPACT','影响','STRING','','','','','Y','','C1-2','3','');
insert into column_val (xmlid, col_xmlid, dataname, col_seq, colname, colcnname, datatype, length, precision_val, party_seq, isprimarykey, isnullable, remark, filed_type_child, sensitive_level, policyid) values ('TO_E_ESOP_LOG_MAIN_D_ZH','TO_E_ESOP_LOG_MAIN_D_ZH_20170943','TO_E_ESOP_LOG_MAIN_D_ZH','43','PROJECT_NAM','项目名称','STRING','','','','','Y','','C1-2','3','');
insert into column_val (xmlid, col_xmlid, dataname, col_seq, colname, colcnname, datatype, length, precision_val, party_seq, isprimarykey, isnullable, remark, filed_type_child, sensitive_level, policyid) values ('TO_E_ESOP_LOG_MAIN_D_ZH','TO_E_ESOP_LOG_MAIN_D_ZH_20170944','TO_E_ESOP_LOG_MAIN_D_ZH','44','REFER_PRDCT','参考产品','STRING','','','','','Y','','C1-2','3','');
insert into column_val (xmlid, col_xmlid, dataname, col_seq, colname, colcnname, datatype, length, precision_val, party_seq, isprimarykey, isnullable, remark, filed_type_child, sensitive_level, policyid) values ('TO_E_ESOP_LOG_MAIN_D_ZH','TO_E_ESOP_LOG_MAIN_D_ZH_20170945','TO_E_ESOP_LOG_MAIN_D_ZH','45','AFFECT_RANGE','影响范围','STRING','','','','','Y','','C1-2','3','');
insert into column_val (xmlid, col_xmlid, dataname, col_seq, colname, colcnname, datatype, length, precision_val, party_seq, isprimarykey, isnullable, remark, filed_type_child, sensitive_level, policyid) values ('TO_E_ESOP_LOG_MAIN_D_ZH','TO_E_ESOP_LOG_MAIN_D_ZH_20170946','TO_E_ESOP_LOG_MAIN_D_ZH','46','CMCC_BRANCH_CD','地市编码','STRING','','','','','Y','','C1-2','3','');
insert into column_val (xmlid, col_xmlid, dataname, col_seq, colname, colcnname, datatype, length, precision_val, party_seq, isprimarykey, isnullable, remark, filed_type_child, sensitive_level, policyid) values ('TO_E_ESOP_LOG_MAIN_D_ZH','TO_E_ESOP_LOG_MAIN_D_ZH_20170947','TO_E_ESOP_LOG_MAIN_D_ZH','47','month','月份','INT','','','1','','N','','','','');
insert into column_val (xmlid, col_xmlid, dataname, col_seq, colname, colcnname, datatype, length, precision_val, party_seq, isprimarykey, isnullable, remark, filed_type_child, sensitive_level, policyid) values ('TO_E_ESOP_LOG_MAIN_D_ZH','TO_E_ESOP_LOG_MAIN_D_ZH_20170948','TO_E_ESOP_LOG_MAIN_D_ZH','48','day','日期','INT','','','2','','N','','','','');

insert into tablefile (xmlid, dbname, dataname, datacnname, state, cycletype, topiccode, extend_cfg, rightlevel, creater, curdutyer, eff_date, state_date, team_code, open_state, remark) values ('TO_E_ESOP_LOG_MAIN_D_HZ','BD_B','TO_E_ESOP_LOG_MAIN_D_HZ','ODS_ESOP日志表','NEW','day','LAYERI_ISERV','{"EXTERNAL":"y","LOCATION":"/tenant/BIGDATA/JCFW/JRCL/BD_B/ODS/TO_E_ESOP_LOG_MAIN_D/branch=HZ","FILEFORMAT":"PARQUET","DELIMITER":"&&"}','其他','谢英俊','谢英俊', TIMESTAMP '0009-02-17 12:00:00', TIMESTAMP '0009-02-17 12:00:00','f2999fd5-c34e-402e-9b28-fec9fca13044','','基础层-服务主题域');
insert into column_val (xmlid, col_xmlid, dataname, col_seq, colname, colcnname, datatype, length, precision_val, party_seq, isprimarykey, isnullable, remark, filed_type_child, sensitive_level, policyid) values ('TO_E_ESOP_LOG_MAIN_D_HZ','TO_E_ESOP_LOG_MAIN_D_HZ_2017091','TO_E_ESOP_LOG_MAIN_D_HZ','1','LOG_ID','日志编号','STRING','','','','1','N','','C1-2','3','');
insert into column_val (xmlid, col_xmlid, dataname, col_seq, colname, colcnname, datatype, length, precision_val, party_seq, isprimarykey, isnullable, remark, filed_type_child, sensitive_level, policyid) values ('TO_E_ESOP_LOG_MAIN_D_HZ','TO_E_ESOP_LOG_MAIN_D_HZ_2017092','TO_E_ESOP_LOG_MAIN_D_HZ','2','LOG_NAM','日志主题','STRING','','','','','Y','','C1-2','3','');
insert into column_val (xmlid, col_xmlid, dataname, col_seq, colname, colcnname, datatype, length, precision_val, party_seq, isprimarykey, isnullable, remark, filed_type_child, sensitive_level, policyid) values ('TO_E_ESOP_LOG_MAIN_D_HZ','TO_E_ESOP_LOG_MAIN_D_HZ_2017093','TO_E_ESOP_LOG_MAIN_D_HZ','3','LOG_TYP','日志类型','STRING','','','','','Y','字典表GROUPID="logtype"','C1-2','3','');
insert into column_val (xmlid, col_xmlid, dataname, col_seq, colname, colcnname, datatype, length, precision_val, party_seq, isprimarykey, isnullable, remark, filed_type_child, sensitive_level, policyid) values ('TO_E_ESOP_LOG_MAIN_D_HZ','TO_E_ESOP_LOG_MAIN_D_HZ_2017094','TO_E_ESOP_LOG_MAIN_D_HZ','4','CTY_CD','地市','STRING','','','','1','N','主键
地市region，
999-省公司
200-广州
660-汕尾
662-阳江
663-揭阳
668-茂名
750-江门
751-韶关
752-惠州
753-梅州
754-汕头
755-深圳
756-珠海
757-佛山
758-肇庆
759-湛江
760-中山
762-河源
763-清远
766-云浮
768-潮州
769-东莞','C1-2','3','');
insert into column_val (xmlid, col_xmlid, dataname, col_seq, colname, colcnname, datatype, length, precision_val, party_seq, isprimarykey, isnullable, remark, filed_type_child, sensitive_level, policyid) values ('TO_E_ESOP_LOG_MAIN_D_HZ','TO_E_ESOP_LOG_MAIN_D_HZ_2017095','TO_E_ESOP_LOG_MAIN_D_HZ','5','OPERATION_ID','关联业务单号','STRING','','','','','Y','项目编号PROJECTID','C1-2','3','');
insert into column_val (xmlid, col_xmlid, dataname, col_seq, colname, colcnname, datatype, length, precision_val, party_seq, isprimarykey, isnullable, remark, filed_type_child, sensitive_level, policyid) values ('TO_E_ESOP_LOG_MAIN_D_HZ','TO_E_ESOP_LOG_MAIN_D_HZ_2017096','TO_E_ESOP_LOG_MAIN_D_HZ','6','OPERATION_NAM','关联业务单名称','STRING','','','','','Y','项目PROJECTNAME','C1-2','3','');
insert into column_val (xmlid, col_xmlid, dataname, col_seq, colname, colcnname, datatype, length, precision_val, party_seq, isprimarykey, isnullable, remark, filed_type_child, sensitive_level, policyid) values ('TO_E_ESOP_LOG_MAIN_D_HZ','TO_E_ESOP_LOG_MAIN_D_HZ_2017097','TO_E_ESOP_LOG_MAIN_D_HZ','7','SERVICE_ACT','客服动作','STRING','','','','','Y','字典表GROUPID="servicact"','C1-2','3','');
insert into column_val (xmlid, col_xmlid, dataname, col_seq, colname, colcnname, datatype, length, precision_val, party_seq, isprimarykey, isnullable, remark, filed_type_child, sensitive_level, policyid) values ('TO_E_ESOP_LOG_MAIN_D_HZ','TO_E_ESOP_LOG_MAIN_D_HZ_2017098','TO_E_ESOP_LOG_MAIN_D_HZ','8','GROUP_ID','集团客户编号','STRING','','','','','Y','','C1-2','3','');
insert into column_val (xmlid, col_xmlid, dataname, col_seq, colname, colcnname, datatype, length, precision_val, party_seq, isprimarykey, isnullable, remark, filed_type_child, sensitive_level, policyid) values ('TO_E_ESOP_LOG_MAIN_D_HZ','TO_E_ESOP_LOG_MAIN_D_HZ_2017099','TO_E_ESOP_LOG_MAIN_D_HZ','9','CRTEATOR','创建人','STRING','','','','','Y','','C1-2','3','');
insert into column_val (xmlid, col_xmlid, dataname, col_seq, colname, colcnname, datatype, length, precision_val, party_seq, isprimarykey, isnullable, remark, filed_type_child, sensitive_level, policyid) values ('TO_E_ESOP_LOG_MAIN_D_HZ','TO_E_ESOP_LOG_MAIN_D_HZ_20170910','TO_E_ESOP_LOG_MAIN_D_HZ','10','CREATE_DTS','创建时间','STRING','','','','','Y','格式YYYY-MM-DDHH24:MI:SS','C1-2','3','');
insert into column_val (xmlid, col_xmlid, dataname, col_seq, colname, colcnname, datatype, length, precision_val, party_seq, isprimarykey, isnullable, remark, filed_type_child, sensitive_level, policyid) values ('TO_E_ESOP_LOG_MAIN_D_HZ','TO_E_ESOP_LOG_MAIN_D_HZ_20170911','TO_E_ESOP_LOG_MAIN_D_HZ','11','CHG_TIM','修改时间','STRING','','','','','Y','格式YYYY-MM-DDHH24:MI:SS','C1-2','3','');
insert into column_val (xmlid, col_xmlid, dataname, col_seq, colname, colcnname, datatype, length, precision_val, party_seq, isprimarykey, isnullable, remark, filed_type_child, sensitive_level, policyid) values ('TO_E_ESOP_LOG_MAIN_D_HZ','TO_E_ESOP_LOG_MAIN_D_HZ_20170912','TO_E_ESOP_LOG_MAIN_D_HZ','12','LOG_CONT','日志内容','STRING','','','','','Y','','C1-2','3','');
insert into column_val (xmlid, col_xmlid, dataname, col_seq, colname, colcnname, datatype, length, precision_val, party_seq, isprimarykey, isnullable, remark, filed_type_child, sensitive_level, policyid) values ('TO_E_ESOP_LOG_MAIN_D_HZ','TO_E_ESOP_LOG_MAIN_D_HZ_20170913','TO_E_ESOP_LOG_MAIN_D_HZ','13','LOG_SRC','日志来源','STRING','','','','','Y','自己：1，系统：0','C1-2','3','');
insert into column_val (xmlid, col_xmlid, dataname, col_seq, colname, colcnname, datatype, length, precision_val, party_seq, isprimarykey, isnullable, remark, filed_type_child, sensitive_level, policyid) values ('TO_E_ESOP_LOG_MAIN_D_HZ','TO_E_ESOP_LOG_MAIN_D_HZ_20170914','TO_E_ESOP_LOG_MAIN_D_HZ','14','STS_CD','状态','STRING','','','','','Y','1是，0否','C1-2','3','');
insert into column_val (xmlid, col_xmlid, dataname, col_seq, colname, colcnname, datatype, length, precision_val, party_seq, isprimarykey, isnullable, remark, filed_type_child, sensitive_level, policyid) values ('TO_E_ESOP_LOG_MAIN_D_HZ','TO_E_ESOP_LOG_MAIN_D_HZ_20170915','TO_E_ESOP_LOG_MAIN_D_HZ','15','LOG_ATTACH','日志附件','STRING','','','','','Y','','C1-2','3','');
insert into column_val (xmlid, col_xmlid, dataname, col_seq, colname, colcnname, datatype, length, precision_val, party_seq, isprimarykey, isnullable, remark, filed_type_child, sensitive_level, policyid) values ('TO_E_ESOP_LOG_MAIN_D_HZ','TO_E_ESOP_LOG_MAIN_D_HZ_20170916','TO_E_ESOP_LOG_MAIN_D_HZ','16','GROUP_TYP','集团类型','STRING','','','','','Y','自然集团：1，BOSS集团：0','C1-2','3','');
insert into column_val (xmlid, col_xmlid, dataname, col_seq, colname, colcnname, datatype, length, precision_val, party_seq, isprimarykey, isnullable, remark, filed_type_child, sensitive_level, policyid) values ('TO_E_ESOP_LOG_MAIN_D_HZ','TO_E_ESOP_LOG_MAIN_D_HZ_20170917','TO_E_ESOP_LOG_MAIN_D_HZ','17','VISIT_DT','拜访时间','STRING','','','','','Y','','C1-2','3','');
insert into column_val (xmlid, col_xmlid, dataname, col_seq, colname, colcnname, datatype, length, precision_val, party_seq, isprimarykey, isnullable, remark, filed_type_child, sensitive_level, policyid) values ('TO_E_ESOP_LOG_MAIN_D_HZ','TO_E_ESOP_LOG_MAIN_D_HZ_20170918','TO_E_ESOP_LOG_MAIN_D_HZ','18','LOG_WRITE_LENGTH','日志填写耗时','STRING','','','','','Y','单位：秒','C1-2','3','');
insert into column_val (xmlid, col_xmlid, dataname, col_seq, colname, colcnname, datatype, length, precision_val, party_seq, isprimarykey, isnullable, remark, filed_type_child, sensitive_level, policyid) values ('TO_E_ESOP_LOG_MAIN_D_HZ','TO_E_ESOP_LOG_MAIN_D_HZ_20170919','TO_E_ESOP_LOG_MAIN_D_HZ','19','GROUP_NAME','集团名称','STRING','','','','','Y','包括自然集团、BOSS集团','C1-2','3','');
insert into column_val (xmlid, col_xmlid, dataname, col_seq, colname, colcnname, datatype, length, precision_val, party_seq, isprimarykey, isnullable, remark, filed_type_child, sensitive_level, policyid) values ('TO_E_ESOP_LOG_MAIN_D_HZ','TO_E_ESOP_LOG_MAIN_D_HZ_20170920','TO_E_ESOP_LOG_MAIN_D_HZ','20','SER_TYP_CD','服务方式','STRING','','','','','Y','上门、电话、E-mail、短彩信、EMS邮寄、外出联谊、传真、其它','C1-2','3','');
insert into column_val (xmlid, col_xmlid, dataname, col_seq, colname, colcnname, datatype, length, precision_val, party_seq, isprimarykey, isnullable, remark, filed_type_child, sensitive_level, policyid) values ('TO_E_ESOP_LOG_MAIN_D_HZ','TO_E_ESOP_LOG_MAIN_D_HZ_20170921','TO_E_ESOP_LOG_MAIN_D_HZ','21','VISIT_FORM','拜访活动形式','STRING','','','','','Y','上门拜访','C1-2','3','');
insert into column_val (xmlid, col_xmlid, dataname, col_seq, colname, colcnname, datatype, length, precision_val, party_seq, isprimarykey, isnullable, remark, filed_type_child, sensitive_level, policyid) values ('TO_E_ESOP_LOG_MAIN_D_HZ','TO_E_ESOP_LOG_MAIN_D_HZ_20170922','TO_E_ESOP_LOG_MAIN_D_HZ','22','VISIT_AIM','拜访活动目的','STRING','','','','','Y','建立或维系高层客户关系','C1-2','3','');
insert into column_val (xmlid, col_xmlid, dataname, col_seq, colname, colcnname, datatype, length, precision_val, party_seq, isprimarykey, isnullable, remark, filed_type_child, sensitive_level, policyid) values ('TO_E_ESOP_LOG_MAIN_D_HZ','TO_E_ESOP_LOG_MAIN_D_HZ_20170923','TO_E_ESOP_LOG_MAIN_D_HZ','23','SUBSNUMBER','客户手机号码','STRING','','','','','Y','个人服务填写','C1-2','3','');
insert into column_val (xmlid, col_xmlid, dataname, col_seq, colname, colcnname, datatype, length, precision_val, party_seq, isprimarykey, isnullable, remark, filed_type_child, sensitive_level, policyid) values ('TO_E_ESOP_LOG_MAIN_D_HZ','TO_E_ESOP_LOG_MAIN_D_HZ_20170924','TO_E_ESOP_LOG_MAIN_D_HZ','24','CUST_NAM','客户名称','STRING','','','','','Y','个人服务填写','C1-2','3','');
insert into column_val (xmlid, col_xmlid, dataname, col_seq, colname, colcnname, datatype, length, precision_val, party_seq, isprimarykey, isnullable, remark, filed_type_child, sensitive_level, policyid) values ('TO_E_ESOP_LOG_MAIN_D_HZ','TO_E_ESOP_LOG_MAIN_D_HZ_20170925','TO_E_ESOP_LOG_MAIN_D_HZ','25','CUST_ROLE','客户角色','STRING','','','','','Y','个人服务填写','C1-2','3','');
insert into column_val (xmlid, col_xmlid, dataname, col_seq, colname, colcnname, datatype, length, precision_val, party_seq, isprimarykey, isnullable, remark, filed_type_child, sensitive_level, policyid) values ('TO_E_ESOP_LOG_MAIN_D_HZ','TO_E_ESOP_LOG_MAIN_D_HZ_20170926','TO_E_ESOP_LOG_MAIN_D_HZ','26','CORP_SCOPE','动态集团级别','STRING','','','','','Y','BOSS集团','C1-2','3','');
insert into column_val (xmlid, col_xmlid, dataname, col_seq, colname, colcnname, datatype, length, precision_val, party_seq, isprimarykey, isnullable, remark, filed_type_child, sensitive_level, policyid) values ('TO_E_ESOP_LOG_MAIN_D_HZ','TO_E_ESOP_LOG_MAIN_D_HZ_20170927','TO_E_ESOP_LOG_MAIN_D_HZ','27','DIST_NAM','所属区县','STRING','','','','','Y','BOSS集团','C1-2','3','');
insert into column_val (xmlid, col_xmlid, dataname, col_seq, colname, colcnname, datatype, length, precision_val, party_seq, isprimarykey, isnullable, remark, filed_type_child, sensitive_level, policyid) values ('TO_E_ESOP_LOG_MAIN_D_HZ','TO_E_ESOP_LOG_MAIN_D_HZ_20170928','TO_E_ESOP_LOG_MAIN_D_HZ','28','CUST_MGR','客户经理','STRING','','','','','Y','','C1-2','3','');
insert into column_val (xmlid, col_xmlid, dataname, col_seq, colname, colcnname, datatype, length, precision_val, party_seq, isprimarykey, isnullable, remark, filed_type_child, sensitive_level, policyid) values ('TO_E_ESOP_LOG_MAIN_D_HZ','TO_E_ESOP_LOG_MAIN_D_HZ_20170929','TO_E_ESOP_LOG_MAIN_D_HZ','29','FOLLOW_STAFF','我方人员','STRING','','','','','Y','同行人员','C1-2','3','');
insert into column_val (xmlid, col_xmlid, dataname, col_seq, colname, colcnname, datatype, length, precision_val, party_seq, isprimarykey, isnullable, remark, filed_type_child, sensitive_level, policyid) values ('TO_E_ESOP_LOG_MAIN_D_HZ','TO_E_ESOP_LOG_MAIN_D_HZ_20170930','TO_E_ESOP_LOG_MAIN_D_HZ','30','PROJECT_FEE','项目金额','STRING','','','','','Y','','C1-2','3','');
insert into column_val (xmlid, col_xmlid, dataname, col_seq, colname, colcnname, datatype, length, precision_val, party_seq, isprimarykey, isnullable, remark, filed_type_child, sensitive_level, policyid) values ('TO_E_ESOP_LOG_MAIN_D_HZ','TO_E_ESOP_LOG_MAIN_D_HZ_20170931','TO_E_ESOP_LOG_MAIN_D_HZ','31','PROJECT_BRIEF','项目简介','STRING','','','','','Y','','C1-2','3','');
insert into column_val (xmlid, col_xmlid, dataname, col_seq, colname, colcnname, datatype, length, precision_val, party_seq, isprimarykey, isnullable, remark, filed_type_child, sensitive_level, policyid) values ('TO_E_ESOP_LOG_MAIN_D_HZ','TO_E_ESOP_LOG_MAIN_D_HZ_20170932','TO_E_ESOP_LOG_MAIN_D_HZ','32','COMP_OPPONENT','竞争对手','STRING','','','','','Y','','C1-2','3','');
insert into column_val (xmlid, col_xmlid, dataname, col_seq, colname, colcnname, datatype, length, precision_val, party_seq, isprimarykey, isnullable, remark, filed_type_child, sensitive_level, policyid) values ('TO_E_ESOP_LOG_MAIN_D_HZ','TO_E_ESOP_LOG_MAIN_D_HZ_20170933','TO_E_ESOP_LOG_MAIN_D_HZ','33','COMP_LEVEL','竞争级别','STRING','','','','','Y','','C1-2','3','');
insert into column_val (xmlid, col_xmlid, dataname, col_seq, colname, colcnname, datatype, length, precision_val, party_seq, isprimarykey, isnullable, remark, filed_type_child, sensitive_level, policyid) values ('TO_E_ESOP_LOG_MAIN_D_HZ','TO_E_ESOP_LOG_MAIN_D_HZ_20170934','TO_E_ESOP_LOG_MAIN_D_HZ','34','RESPONSE_EVENT','应对事件','STRING','','','','','Y','','C1-2','3','');
insert into column_val (xmlid, col_xmlid, dataname, col_seq, colname, colcnname, datatype, length, precision_val, party_seq, isprimarykey, isnullable, remark, filed_type_child, sensitive_level, policyid) values ('TO_E_ESOP_LOG_MAIN_D_HZ','TO_E_ESOP_LOG_MAIN_D_HZ_20170935','TO_E_ESOP_LOG_MAIN_D_HZ','35','RESPONSE_RESULT','应对结果','STRING','','','','','Y','','C1-2','3','');
insert into column_val (xmlid, col_xmlid, dataname, col_seq, colname, colcnname, datatype, length, precision_val, party_seq, isprimarykey, isnullable, remark, filed_type_child, sensitive_level, policyid) values ('TO_E_ESOP_LOG_MAIN_D_HZ','TO_E_ESOP_LOG_MAIN_D_HZ_20170936','TO_E_ESOP_LOG_MAIN_D_HZ','36','OTHER_RESULT','其它成效','STRING','','','','','Y','','C1-2','3','');
insert into column_val (xmlid, col_xmlid, dataname, col_seq, colname, colcnname, datatype, length, precision_val, party_seq, isprimarykey, isnullable, remark, filed_type_child, sensitive_level, policyid) values ('TO_E_ESOP_LOG_MAIN_D_HZ','TO_E_ESOP_LOG_MAIN_D_HZ_20170937','TO_E_ESOP_LOG_MAIN_D_HZ','37','NOTES','备注','STRING','','','','','Y','','C1-2','3','');
insert into column_val (xmlid, col_xmlid, dataname, col_seq, colname, colcnname, datatype, length, precision_val, party_seq, isprimarykey, isnullable, remark, filed_type_child, sensitive_level, policyid) values ('TO_E_ESOP_LOG_MAIN_D_HZ','TO_E_ESOP_LOG_MAIN_D_HZ_20170938','TO_E_ESOP_LOG_MAIN_D_HZ','38','CHIEF_VISIT_MGR_NAM','主要拜访经理名称','STRING','','','','','Y','','C1-2','3','');
insert into column_val (xmlid, col_xmlid, dataname, col_seq, colname, colcnname, datatype, length, precision_val, party_seq, isprimarykey, isnullable, remark, filed_type_child, sensitive_level, policyid) values ('TO_E_ESOP_LOG_MAIN_D_HZ','TO_E_ESOP_LOG_MAIN_D_HZ_20170939','TO_E_ESOP_LOG_MAIN_D_HZ','39','CHIEF_VISIT_MGR_JOB','职位','STRING','','','','','Y','','C1-2','3','');
insert into column_val (xmlid, col_xmlid, dataname, col_seq, colname, colcnname, datatype, length, precision_val, party_seq, isprimarykey, isnullable, remark, filed_type_child, sensitive_level, policyid) values ('TO_E_ESOP_LOG_MAIN_D_HZ','TO_E_ESOP_LOG_MAIN_D_HZ_20170940','TO_E_ESOP_LOG_MAIN_D_HZ','40','VISIT_TYPE','拜访类型','STRING','','','','','Y','','C1-2','3','');
insert into column_val (xmlid, col_xmlid, dataname, col_seq, colname, colcnname, datatype, length, precision_val, party_seq, isprimarykey, isnullable, remark, filed_type_child, sensitive_level, policyid) values ('TO_E_ESOP_LOG_MAIN_D_HZ','TO_E_ESOP_LOG_MAIN_D_HZ_20170941','TO_E_ESOP_LOG_MAIN_D_HZ','41','MOVEMENT_DESC','拜访描述','STRING','','','','','Y','','C1-2','3','');
insert into column_val (xmlid, col_xmlid, dataname, col_seq, colname, colcnname, datatype, length, precision_val, party_seq, isprimarykey, isnullable, remark, filed_type_child, sensitive_level, policyid) values ('TO_E_ESOP_LOG_MAIN_D_HZ','TO_E_ESOP_LOG_MAIN_D_HZ_20170942','TO_E_ESOP_LOG_MAIN_D_HZ','42','IMPACT','影响','STRING','','','','','Y','','C1-2','3','');
insert into column_val (xmlid, col_xmlid, dataname, col_seq, colname, colcnname, datatype, length, precision_val, party_seq, isprimarykey, isnullable, remark, filed_type_child, sensitive_level, policyid) values ('TO_E_ESOP_LOG_MAIN_D_HZ','TO_E_ESOP_LOG_MAIN_D_HZ_20170943','TO_E_ESOP_LOG_MAIN_D_HZ','43','PROJECT_NAM','项目名称','STRING','','','','','Y','','C1-2','3','');
insert into column_val (xmlid, col_xmlid, dataname, col_seq, colname, colcnname, datatype, length, precision_val, party_seq, isprimarykey, isnullable, remark, filed_type_child, sensitive_level, policyid) values ('TO_E_ESOP_LOG_MAIN_D_HZ','TO_E_ESOP_LOG_MAIN_D_HZ_20170944','TO_E_ESOP_LOG_MAIN_D_HZ','44','REFER_PRDCT','参考产品','STRING','','','','','Y','','C1-2','3','');
insert into column_val (xmlid, col_xmlid, dataname, col_seq, colname, colcnname, datatype, length, precision_val, party_seq, isprimarykey, isnullable, remark, filed_type_child, sensitive_level, policyid) values ('TO_E_ESOP_LOG_MAIN_D_HZ','TO_E_ESOP_LOG_MAIN_D_HZ_20170945','TO_E_ESOP_LOG_MAIN_D_HZ','45','AFFECT_RANGE','影响范围','STRING','','','','','Y','','C1-2','3','');
insert into column_val (xmlid, col_xmlid, dataname, col_seq, colname, colcnname, datatype, length, precision_val, party_seq, isprimarykey, isnullable, remark, filed_type_child, sensitive_level, policyid) values ('TO_E_ESOP_LOG_MAIN_D_HZ','TO_E_ESOP_LOG_MAIN_D_HZ_20170946','TO_E_ESOP_LOG_MAIN_D_HZ','46','CMCC_BRANCH_CD','地市编码','STRING','','','','','Y','','C1-2','3','');
insert into column_val (xmlid, col_xmlid, dataname, col_seq, colname, colcnname, datatype, length, precision_val, party_seq, isprimarykey, isnullable, remark, filed_type_child, sensitive_level, policyid) values ('TO_E_ESOP_LOG_MAIN_D_HZ','TO_E_ESOP_LOG_MAIN_D_HZ_20170947','TO_E_ESOP_LOG_MAIN_D_HZ','47','month','月份','INT','','','1','','N','','','','');
insert into column_val (xmlid, col_xmlid, dataname, col_seq, colname, colcnname, datatype, length, precision_val, party_seq, isprimarykey, isnullable, remark, filed_type_child, sensitive_level, policyid) values ('TO_E_ESOP_LOG_MAIN_D_HZ','TO_E_ESOP_LOG_MAIN_D_HZ_20170948','TO_E_ESOP_LOG_MAIN_D_HZ','48','day','日期','INT','','','2','','N','','','','');

insert into tablefile (xmlid, dbname, dataname, datacnname, state, cycletype, topiccode, extend_cfg, rightlevel, creater, curdutyer, eff_date, state_date, team_code, open_state, remark) values ('TO_E_ESOP_LOG_MAIN_D_ZS','BD_B','TO_E_ESOP_LOG_MAIN_D_ZS','ODS_ESOP日志表','NEW','day','LAYERI_ISERV','{"EXTERNAL":"y","LOCATION":"/tenant/BIGDATA/JCFW/JRCL/BD_B/ODS/TO_E_ESOP_LOG_MAIN_D/branch=ZS","FILEFORMAT":"PARQUET","DELIMITER":"&&"}','其他','谢英俊','谢英俊', TIMESTAMP '0009-02-17 12:00:00', TIMESTAMP '0009-02-17 12:00:00','f2999fd5-c34e-402e-9b28-fec9fca13044','','基础层-服务主题域');
insert into column_val (xmlid, col_xmlid, dataname, col_seq, colname, colcnname, datatype, length, precision_val, party_seq, isprimarykey, isnullable, remark, filed_type_child, sensitive_level, policyid) values ('TO_E_ESOP_LOG_MAIN_D_ZS','TO_E_ESOP_LOG_MAIN_D_ZS_2017091','TO_E_ESOP_LOG_MAIN_D_ZS','1','LOG_ID','日志编号','STRING','','','','1','N','','C1-2','3','');
insert into column_val (xmlid, col_xmlid, dataname, col_seq, colname, colcnname, datatype, length, precision_val, party_seq, isprimarykey, isnullable, remark, filed_type_child, sensitive_level, policyid) values ('TO_E_ESOP_LOG_MAIN_D_ZS','TO_E_ESOP_LOG_MAIN_D_ZS_2017092','TO_E_ESOP_LOG_MAIN_D_ZS','2','LOG_NAM','日志主题','STRING','','','','','Y','','C1-2','3','');
insert into column_val (xmlid, col_xmlid, dataname, col_seq, colname, colcnname, datatype, length, precision_val, party_seq, isprimarykey, isnullable, remark, filed_type_child, sensitive_level, policyid) values ('TO_E_ESOP_LOG_MAIN_D_ZS','TO_E_ESOP_LOG_MAIN_D_ZS_2017093','TO_E_ESOP_LOG_MAIN_D_ZS','3','LOG_TYP','日志类型','STRING','','','','','Y','字典表GROUPID="logtype"','C1-2','3','');
insert into column_val (xmlid, col_xmlid, dataname, col_seq, colname, colcnname, datatype, length, precision_val, party_seq, isprimarykey, isnullable, remark, filed_type_child, sensitive_level, policyid) values ('TO_E_ESOP_LOG_MAIN_D_ZS','TO_E_ESOP_LOG_MAIN_D_ZS_2017094','TO_E_ESOP_LOG_MAIN_D_ZS','4','CTY_CD','地市','STRING','','','','1','N','主键
地市region，
999-省公司
200-广州
660-汕尾
662-阳江
663-揭阳
668-茂名
750-江门
751-韶关
752-惠州
753-梅州
754-汕头
755-深圳
756-珠海
757-佛山
758-肇庆
759-湛江
760-中山
762-河源
763-清远
766-云浮
768-潮州
769-东莞','C1-2','3','');
insert into column_val (xmlid, col_xmlid, dataname, col_seq, colname, colcnname, datatype, length, precision_val, party_seq, isprimarykey, isnullable, remark, filed_type_child, sensitive_level, policyid) values ('TO_E_ESOP_LOG_MAIN_D_ZS','TO_E_ESOP_LOG_MAIN_D_ZS_2017095','TO_E_ESOP_LOG_MAIN_D_ZS','5','OPERATION_ID','关联业务单号','STRING','','','','','Y','项目编号PROJECTID','C1-2','3','');
insert into column_val (xmlid, col_xmlid, dataname, col_seq, colname, colcnname, datatype, length, precision_val, party_seq, isprimarykey, isnullable, remark, filed_type_child, sensitive_level, policyid) values ('TO_E_ESOP_LOG_MAIN_D_ZS','TO_E_ESOP_LOG_MAIN_D_ZS_2017096','TO_E_ESOP_LOG_MAIN_D_ZS','6','OPERATION_NAM','关联业务单名称','STRING','','','','','Y','项目PROJECTNAME','C1-2','3','');
insert into column_val (xmlid, col_xmlid, dataname, col_seq, colname, colcnname, datatype, length, precision_val, party_seq, isprimarykey, isnullable, remark, filed_type_child, sensitive_level, policyid) values ('TO_E_ESOP_LOG_MAIN_D_ZS','TO_E_ESOP_LOG_MAIN_D_ZS_2017097','TO_E_ESOP_LOG_MAIN_D_ZS','7','SERVICE_ACT','客服动作','STRING','','','','','Y','字典表GROUPID="servicact"','C1-2','3','');
insert into column_val (xmlid, col_xmlid, dataname, col_seq, colname, colcnname, datatype, length, precision_val, party_seq, isprimarykey, isnullable, remark, filed_type_child, sensitive_level, policyid) values ('TO_E_ESOP_LOG_MAIN_D_ZS','TO_E_ESOP_LOG_MAIN_D_ZS_2017098','TO_E_ESOP_LOG_MAIN_D_ZS','8','GROUP_ID','集团客户编号','STRING','','','','','Y','','C1-2','3','');
insert into column_val (xmlid, col_xmlid, dataname, col_seq, colname, colcnname, datatype, length, precision_val, party_seq, isprimarykey, isnullable, remark, filed_type_child, sensitive_level, policyid) values ('TO_E_ESOP_LOG_MAIN_D_ZS','TO_E_ESOP_LOG_MAIN_D_ZS_2017099','TO_E_ESOP_LOG_MAIN_D_ZS','9','CRTEATOR','创建人','STRING','','','','','Y','','C1-2','3','');
insert into column_val (xmlid, col_xmlid, dataname, col_seq, colname, colcnname, datatype, length, precision_val, party_seq, isprimarykey, isnullable, remark, filed_type_child, sensitive_level, policyid) values ('TO_E_ESOP_LOG_MAIN_D_ZS','TO_E_ESOP_LOG_MAIN_D_ZS_20170910','TO_E_ESOP_LOG_MAIN_D_ZS','10','CREATE_DTS','创建时间','STRING','','','','','Y','格式YYYY-MM-DDHH24:MI:SS','C1-2','3','');
insert into column_val (xmlid, col_xmlid, dataname, col_seq, colname, colcnname, datatype, length, precision_val, party_seq, isprimarykey, isnullable, remark, filed_type_child, sensitive_level, policyid) values ('TO_E_ESOP_LOG_MAIN_D_ZS','TO_E_ESOP_LOG_MAIN_D_ZS_20170911','TO_E_ESOP_LOG_MAIN_D_ZS','11','CHG_TIM','修改时间','STRING','','','','','Y','格式YYYY-MM-DDHH24:MI:SS','C1-2','3','');
insert into column_val (xmlid, col_xmlid, dataname, col_seq, colname, colcnname, datatype, length, precision_val, party_seq, isprimarykey, isnullable, remark, filed_type_child, sensitive_level, policyid) values ('TO_E_ESOP_LOG_MAIN_D_ZS','TO_E_ESOP_LOG_MAIN_D_ZS_20170912','TO_E_ESOP_LOG_MAIN_D_ZS','12','LOG_CONT','日志内容','STRING','','','','','Y','','C1-2','3','');
insert into column_val (xmlid, col_xmlid, dataname, col_seq, colname, colcnname, datatype, length, precision_val, party_seq, isprimarykey, isnullable, remark, filed_type_child, sensitive_level, policyid) values ('TO_E_ESOP_LOG_MAIN_D_ZS','TO_E_ESOP_LOG_MAIN_D_ZS_20170913','TO_E_ESOP_LOG_MAIN_D_ZS','13','LOG_SRC','日志来源','STRING','','','','','Y','自己：1，系统：0','C1-2','3','');
insert into column_val (xmlid, col_xmlid, dataname, col_seq, colname, colcnname, datatype, length, precision_val, party_seq, isprimarykey, isnullable, remark, filed_type_child, sensitive_level, policyid) values ('TO_E_ESOP_LOG_MAIN_D_ZS','TO_E_ESOP_LOG_MAIN_D_ZS_20170914','TO_E_ESOP_LOG_MAIN_D_ZS','14','STS_CD','状态','STRING','','','','','Y','1是，0否','C1-2','3','');
insert into column_val (xmlid, col_xmlid, dataname, col_seq, colname, colcnname, datatype, length, precision_val, party_seq, isprimarykey, isnullable, remark, filed_type_child, sensitive_level, policyid) values ('TO_E_ESOP_LOG_MAIN_D_ZS','TO_E_ESOP_LOG_MAIN_D_ZS_20170915','TO_E_ESOP_LOG_MAIN_D_ZS','15','LOG_ATTACH','日志附件','STRING','','','','','Y','','C1-2','3','');
insert into column_val (xmlid, col_xmlid, dataname, col_seq, colname, colcnname, datatype, length, precision_val, party_seq, isprimarykey, isnullable, remark, filed_type_child, sensitive_level, policyid) values ('TO_E_ESOP_LOG_MAIN_D_ZS','TO_E_ESOP_LOG_MAIN_D_ZS_20170916','TO_E_ESOP_LOG_MAIN_D_ZS','16','GROUP_TYP','集团类型','STRING','','','','','Y','自然集团：1，BOSS集团：0','C1-2','3','');
insert into column_val (xmlid, col_xmlid, dataname, col_seq, colname, colcnname, datatype, length, precision_val, party_seq, isprimarykey, isnullable, remark, filed_type_child, sensitive_level, policyid) values ('TO_E_ESOP_LOG_MAIN_D_ZS','TO_E_ESOP_LOG_MAIN_D_ZS_20170917','TO_E_ESOP_LOG_MAIN_D_ZS','17','VISIT_DT','拜访时间','STRING','','','','','Y','','C1-2','3','');
insert into column_val (xmlid, col_xmlid, dataname, col_seq, colname, colcnname, datatype, length, precision_val, party_seq, isprimarykey, isnullable, remark, filed_type_child, sensitive_level, policyid) values ('TO_E_ESOP_LOG_MAIN_D_ZS','TO_E_ESOP_LOG_MAIN_D_ZS_20170918','TO_E_ESOP_LOG_MAIN_D_ZS','18','LOG_WRITE_LENGTH','日志填写耗时','STRING','','','','','Y','单位：秒','C1-2','3','');
insert into column_val (xmlid, col_xmlid, dataname, col_seq, colname, colcnname, datatype, length, precision_val, party_seq, isprimarykey, isnullable, remark, filed_type_child, sensitive_level, policyid) values ('TO_E_ESOP_LOG_MAIN_D_ZS','TO_E_ESOP_LOG_MAIN_D_ZS_20170919','TO_E_ESOP_LOG_MAIN_D_ZS','19','GROUP_NAME','集团名称','STRING','','','','','Y','包括自然集团、BOSS集团','C1-2','3','');
insert into column_val (xmlid, col_xmlid, dataname, col_seq, colname, colcnname, datatype, length, precision_val, party_seq, isprimarykey, isnullable, remark, filed_type_child, sensitive_level, policyid) values ('TO_E_ESOP_LOG_MAIN_D_ZS','TO_E_ESOP_LOG_MAIN_D_ZS_20170920','TO_E_ESOP_LOG_MAIN_D_ZS','20','SER_TYP_CD','服务方式','STRING','','','','','Y','上门、电话、E-mail、短彩信、EMS邮寄、外出联谊、传真、其它','C1-2','3','');
insert into column_val (xmlid, col_xmlid, dataname, col_seq, colname, colcnname, datatype, length, precision_val, party_seq, isprimarykey, isnullable, remark, filed_type_child, sensitive_level, policyid) values ('TO_E_ESOP_LOG_MAIN_D_ZS','TO_E_ESOP_LOG_MAIN_D_ZS_20170921','TO_E_ESOP_LOG_MAIN_D_ZS','21','VISIT_FORM','拜访活动形式','STRING','','','','','Y','上门拜访','C1-2','3','');
insert into column_val (xmlid, col_xmlid, dataname, col_seq, colname, colcnname, datatype, length, precision_val, party_seq, isprimarykey, isnullable, remark, filed_type_child, sensitive_level, policyid) values ('TO_E_ESOP_LOG_MAIN_D_ZS','TO_E_ESOP_LOG_MAIN_D_ZS_20170922','TO_E_ESOP_LOG_MAIN_D_ZS','22','VISIT_AIM','拜访活动目的','STRING','','','','','Y','建立或维系高层客户关系','C1-2','3','');
insert into column_val (xmlid, col_xmlid, dataname, col_seq, colname, colcnname, datatype, length, precision_val, party_seq, isprimarykey, isnullable, remark, filed_type_child, sensitive_level, policyid) values ('TO_E_ESOP_LOG_MAIN_D_ZS','TO_E_ESOP_LOG_MAIN_D_ZS_20170923','TO_E_ESOP_LOG_MAIN_D_ZS','23','SUBSNUMBER','客户手机号码','STRING','','','','','Y','个人服务填写','C1-2','3','');
insert into column_val (xmlid, col_xmlid, dataname, col_seq, colname, colcnname, datatype, length, precision_val, party_seq, isprimarykey, isnullable, remark, filed_type_child, sensitive_level, policyid) values ('TO_E_ESOP_LOG_MAIN_D_ZS','TO_E_ESOP_LOG_MAIN_D_ZS_20170924','TO_E_ESOP_LOG_MAIN_D_ZS','24','CUST_NAM','客户名称','STRING','','','','','Y','个人服务填写','C1-2','3','');
insert into column_val (xmlid, col_xmlid, dataname, col_seq, colname, colcnname, datatype, length, precision_val, party_seq, isprimarykey, isnullable, remark, filed_type_child, sensitive_level, policyid) values ('TO_E_ESOP_LOG_MAIN_D_ZS','TO_E_ESOP_LOG_MAIN_D_ZS_20170925','TO_E_ESOP_LOG_MAIN_D_ZS','25','CUST_ROLE','客户角色','STRING','','','','','Y','个人服务填写','C1-2','3','');
insert into column_val (xmlid, col_xmlid, dataname, col_seq, colname, colcnname, datatype, length, precision_val, party_seq, isprimarykey, isnullable, remark, filed_type_child, sensitive_level, policyid) values ('TO_E_ESOP_LOG_MAIN_D_ZS','TO_E_ESOP_LOG_MAIN_D_ZS_20170926','TO_E_ESOP_LOG_MAIN_D_ZS','26','CORP_SCOPE','动态集团级别','STRING','','','','','Y','BOSS集团','C1-2','3','');
insert into column_val (xmlid, col_xmlid, dataname, col_seq, colname, colcnname, datatype, length, precision_val, party_seq, isprimarykey, isnullable, remark, filed_type_child, sensitive_level, policyid) values ('TO_E_ESOP_LOG_MAIN_D_ZS','TO_E_ESOP_LOG_MAIN_D_ZS_20170927','TO_E_ESOP_LOG_MAIN_D_ZS','27','DIST_NAM','所属区县','STRING','','','','','Y','BOSS集团','C1-2','3','');
insert into column_val (xmlid, col_xmlid, dataname, col_seq, colname, colcnname, datatype, length, precision_val, party_seq, isprimarykey, isnullable, remark, filed_type_child, sensitive_level, policyid) values ('TO_E_ESOP_LOG_MAIN_D_ZS','TO_E_ESOP_LOG_MAIN_D_ZS_20170928','TO_E_ESOP_LOG_MAIN_D_ZS','28','CUST_MGR','客户经理','STRING','','','','','Y','','C1-2','3','');
insert into column_val (xmlid, col_xmlid, dataname, col_seq, colname, colcnname, datatype, length, precision_val, party_seq, isprimarykey, isnullable, remark, filed_type_child, sensitive_level, policyid) values ('TO_E_ESOP_LOG_MAIN_D_ZS','TO_E_ESOP_LOG_MAIN_D_ZS_20170929','TO_E_ESOP_LOG_MAIN_D_ZS','29','FOLLOW_STAFF','我方人员','STRING','','','','','Y','同行人员','C1-2','3','');
insert into column_val (xmlid, col_xmlid, dataname, col_seq, colname, colcnname, datatype, length, precision_val, party_seq, isprimarykey, isnullable, remark, filed_type_child, sensitive_level, policyid) values ('TO_E_ESOP_LOG_MAIN_D_ZS','TO_E_ESOP_LOG_MAIN_D_ZS_20170930','TO_E_ESOP_LOG_MAIN_D_ZS','30','PROJECT_FEE','项目金额','STRING','','','','','Y','','C1-2','3','');
insert into column_val (xmlid, col_xmlid, dataname, col_seq, colname, colcnname, datatype, length, precision_val, party_seq, isprimarykey, isnullable, remark, filed_type_child, sensitive_level, policyid) values ('TO_E_ESOP_LOG_MAIN_D_ZS','TO_E_ESOP_LOG_MAIN_D_ZS_20170931','TO_E_ESOP_LOG_MAIN_D_ZS','31','PROJECT_BRIEF','项目简介','STRING','','','','','Y','','C1-2','3','');
insert into column_val (xmlid, col_xmlid, dataname, col_seq, colname, colcnname, datatype, length, precision_val, party_seq, isprimarykey, isnullable, remark, filed_type_child, sensitive_level, policyid) values ('TO_E_ESOP_LOG_MAIN_D_ZS','TO_E_ESOP_LOG_MAIN_D_ZS_20170932','TO_E_ESOP_LOG_MAIN_D_ZS','32','COMP_OPPONENT','竞争对手','STRING','','','','','Y','','C1-2','3','');
insert into column_val (xmlid, col_xmlid, dataname, col_seq, colname, colcnname, datatype, length, precision_val, party_seq, isprimarykey, isnullable, remark, filed_type_child, sensitive_level, policyid) values ('TO_E_ESOP_LOG_MAIN_D_ZS','TO_E_ESOP_LOG_MAIN_D_ZS_20170933','TO_E_ESOP_LOG_MAIN_D_ZS','33','COMP_LEVEL','竞争级别','STRING','','','','','Y','','C1-2','3','');
insert into column_val (xmlid, col_xmlid, dataname, col_seq, colname, colcnname, datatype, length, precision_val, party_seq, isprimarykey, isnullable, remark, filed_type_child, sensitive_level, policyid) values ('TO_E_ESOP_LOG_MAIN_D_ZS','TO_E_ESOP_LOG_MAIN_D_ZS_20170934','TO_E_ESOP_LOG_MAIN_D_ZS','34','RESPONSE_EVENT','应对事件','STRING','','','','','Y','','C1-2','3','');
insert into column_val (xmlid, col_xmlid, dataname, col_seq, colname, colcnname, datatype, length, precision_val, party_seq, isprimarykey, isnullable, remark, filed_type_child, sensitive_level, policyid) values ('TO_E_ESOP_LOG_MAIN_D_ZS','TO_E_ESOP_LOG_MAIN_D_ZS_20170935','TO_E_ESOP_LOG_MAIN_D_ZS','35','RESPONSE_RESULT','应对结果','STRING','','','','','Y','','C1-2','3','');
insert into column_val (xmlid, col_xmlid, dataname, col_seq, colname, colcnname, datatype, length, precision_val, party_seq, isprimarykey, isnullable, remark, filed_type_child, sensitive_level, policyid) values ('TO_E_ESOP_LOG_MAIN_D_ZS','TO_E_ESOP_LOG_MAIN_D_ZS_20170936','TO_E_ESOP_LOG_MAIN_D_ZS','36','OTHER_RESULT','其它成效','STRING','','','','','Y','','C1-2','3','');
insert into column_val (xmlid, col_xmlid, dataname, col_seq, colname, colcnname, datatype, length, precision_val, party_seq, isprimarykey, isnullable, remark, filed_type_child, sensitive_level, policyid) values ('TO_E_ESOP_LOG_MAIN_D_ZS','TO_E_ESOP_LOG_MAIN_D_ZS_20170937','TO_E_ESOP_LOG_MAIN_D_ZS','37','NOTES','备注','STRING','','','','','Y','','C1-2','3','');
insert into column_val (xmlid, col_xmlid, dataname, col_seq, colname, colcnname, datatype, length, precision_val, party_seq, isprimarykey, isnullable, remark, filed_type_child, sensitive_level, policyid) values ('TO_E_ESOP_LOG_MAIN_D_ZS','TO_E_ESOP_LOG_MAIN_D_ZS_20170938','TO_E_ESOP_LOG_MAIN_D_ZS','38','CHIEF_VISIT_MGR_NAM','主要拜访经理名称','STRING','','','','','Y','','C1-2','3','');
insert into column_val (xmlid, col_xmlid, dataname, col_seq, colname, colcnname, datatype, length, precision_val, party_seq, isprimarykey, isnullable, remark, filed_type_child, sensitive_level, policyid) values ('TO_E_ESOP_LOG_MAIN_D_ZS','TO_E_ESOP_LOG_MAIN_D_ZS_20170939','TO_E_ESOP_LOG_MAIN_D_ZS','39','CHIEF_VISIT_MGR_JOB','职位','STRING','','','','','Y','','C1-2','3','');
insert into column_val (xmlid, col_xmlid, dataname, col_seq, colname, colcnname, datatype, length, precision_val, party_seq, isprimarykey, isnullable, remark, filed_type_child, sensitive_level, policyid) values ('TO_E_ESOP_LOG_MAIN_D_ZS','TO_E_ESOP_LOG_MAIN_D_ZS_20170940','TO_E_ESOP_LOG_MAIN_D_ZS','40','VISIT_TYPE','拜访类型','STRING','','','','','Y','','C1-2','3','');
insert into column_val (xmlid, col_xmlid, dataname, col_seq, colname, colcnname, datatype, length, precision_val, party_seq, isprimarykey, isnullable, remark, filed_type_child, sensitive_level, policyid) values ('TO_E_ESOP_LOG_MAIN_D_ZS','TO_E_ESOP_LOG_MAIN_D_ZS_20170941','TO_E_ESOP_LOG_MAIN_D_ZS','41','MOVEMENT_DESC','拜访描述','STRING','','','','','Y','','C1-2','3','');
insert into column_val (xmlid, col_xmlid, dataname, col_seq, colname, colcnname, datatype, length, precision_val, party_seq, isprimarykey, isnullable, remark, filed_type_child, sensitive_level, policyid) values ('TO_E_ESOP_LOG_MAIN_D_ZS','TO_E_ESOP_LOG_MAIN_D_ZS_20170942','TO_E_ESOP_LOG_MAIN_D_ZS','42','IMPACT','影响','STRING','','','','','Y','','C1-2','3','');
insert into column_val (xmlid, col_xmlid, dataname, col_seq, colname, colcnname, datatype, length, precision_val, party_seq, isprimarykey, isnullable, remark, filed_type_child, sensitive_level, policyid) values ('TO_E_ESOP_LOG_MAIN_D_ZS','TO_E_ESOP_LOG_MAIN_D_ZS_20170943','TO_E_ESOP_LOG_MAIN_D_ZS','43','PROJECT_NAM','项目名称','STRING','','','','','Y','','C1-2','3','');
insert into column_val (xmlid, col_xmlid, dataname, col_seq, colname, colcnname, datatype, length, precision_val, party_seq, isprimarykey, isnullable, remark, filed_type_child, sensitive_level, policyid) values ('TO_E_ESOP_LOG_MAIN_D_ZS','TO_E_ESOP_LOG_MAIN_D_ZS_20170944','TO_E_ESOP_LOG_MAIN_D_ZS','44','REFER_PRDCT','参考产品','STRING','','','','','Y','','C1-2','3','');
insert into column_val (xmlid, col_xmlid, dataname, col_seq, colname, colcnname, datatype, length, precision_val, party_seq, isprimarykey, isnullable, remark, filed_type_child, sensitive_level, policyid) values ('TO_E_ESOP_LOG_MAIN_D_ZS','TO_E_ESOP_LOG_MAIN_D_ZS_20170945','TO_E_ESOP_LOG_MAIN_D_ZS','45','AFFECT_RANGE','影响范围','STRING','','','','','Y','','C1-2','3','');
insert into column_val (xmlid, col_xmlid, dataname, col_seq, colname, colcnname, datatype, length, precision_val, party_seq, isprimarykey, isnullable, remark, filed_type_child, sensitive_level, policyid) values ('TO_E_ESOP_LOG_MAIN_D_ZS','TO_E_ESOP_LOG_MAIN_D_ZS_20170946','TO_E_ESOP_LOG_MAIN_D_ZS','46','CMCC_BRANCH_CD','地市编码','STRING','','','','','Y','','C1-2','3','');
insert into column_val (xmlid, col_xmlid, dataname, col_seq, colname, colcnname, datatype, length, precision_val, party_seq, isprimarykey, isnullable, remark, filed_type_child, sensitive_level, policyid) values ('TO_E_ESOP_LOG_MAIN_D_ZS','TO_E_ESOP_LOG_MAIN_D_ZS_20170947','TO_E_ESOP_LOG_MAIN_D_ZS','47','month','月份','INT','','','1','','N','','','','');
insert into column_val (xmlid, col_xmlid, dataname, col_seq, colname, colcnname, datatype, length, precision_val, party_seq, isprimarykey, isnullable, remark, filed_type_child, sensitive_level, policyid) values ('TO_E_ESOP_LOG_MAIN_D_ZS','TO_E_ESOP_LOG_MAIN_D_ZS_20170948','TO_E_ESOP_LOG_MAIN_D_ZS','48','day','日期','INT','','','2','','N','','','','');

insert into tablefile (xmlid, dbname, dataname, datacnname, state, cycletype, topiccode, extend_cfg, rightlevel, creater, curdutyer, eff_date, state_date, team_code, open_state, remark) values ('TO_E_ESOP_LOG_MAIN_D_JM','BD_B','TO_E_ESOP_LOG_MAIN_D_JM','ODS_ESOP日志表','NEW','day','LAYERI_ISERV','{"EXTERNAL":"y","LOCATION":"/tenant/BIGDATA/JCFW/JRCL/BD_B/ODS/TO_E_ESOP_LOG_MAIN_D/branch=JM","FILEFORMAT":"PARQUET","DELIMITER":"&&"}','其他','谢英俊','谢英俊', TIMESTAMP '0009-02-17 12:00:00', TIMESTAMP '0009-02-17 12:00:00','f2999fd5-c34e-402e-9b28-fec9fca13044','','基础层-服务主题域');
insert into column_val (xmlid, col_xmlid, dataname, col_seq, colname, colcnname, datatype, length, precision_val, party_seq, isprimarykey, isnullable, remark, filed_type_child, sensitive_level, policyid) values ('TO_E_ESOP_LOG_MAIN_D_JM','TO_E_ESOP_LOG_MAIN_D_JM_2017091','TO_E_ESOP_LOG_MAIN_D_JM','1','LOG_ID','日志编号','STRING','','','','1','N','','C1-2','3','');
insert into column_val (xmlid, col_xmlid, dataname, col_seq, colname, colcnname, datatype, length, precision_val, party_seq, isprimarykey, isnullable, remark, filed_type_child, sensitive_level, policyid) values ('TO_E_ESOP_LOG_MAIN_D_JM','TO_E_ESOP_LOG_MAIN_D_JM_2017092','TO_E_ESOP_LOG_MAIN_D_JM','2','LOG_NAM','日志主题','STRING','','','','','Y','','C1-2','3','');
insert into column_val (xmlid, col_xmlid, dataname, col_seq, colname, colcnname, datatype, length, precision_val, party_seq, isprimarykey, isnullable, remark, filed_type_child, sensitive_level, policyid) values ('TO_E_ESOP_LOG_MAIN_D_JM','TO_E_ESOP_LOG_MAIN_D_JM_2017093','TO_E_ESOP_LOG_MAIN_D_JM','3','LOG_TYP','日志类型','STRING','','','','','Y','字典表GROUPID="logtype"','C1-2','3','');
insert into column_val (xmlid, col_xmlid, dataname, col_seq, colname, colcnname, datatype, length, precision_val, party_seq, isprimarykey, isnullable, remark, filed_type_child, sensitive_level, policyid) values ('TO_E_ESOP_LOG_MAIN_D_JM','TO_E_ESOP_LOG_MAIN_D_JM_2017094','TO_E_ESOP_LOG_MAIN_D_JM','4','CTY_CD','地市','STRING','','','','1','N','主键
地市region，
999-省公司
200-广州
660-汕尾
662-阳江
663-揭阳
668-茂名
750-江门
751-韶关
752-惠州
753-梅州
754-汕头
755-深圳
756-珠海
757-佛山
758-肇庆
759-湛江
760-中山
762-河源
763-清远
766-云浮
768-潮州
769-东莞','C1-2','3','');
insert into column_val (xmlid, col_xmlid, dataname, col_seq, colname, colcnname, datatype, length, precision_val, party_seq, isprimarykey, isnullable, remark, filed_type_child, sensitive_level, policyid) values ('TO_E_ESOP_LOG_MAIN_D_JM','TO_E_ESOP_LOG_MAIN_D_JM_2017095','TO_E_ESOP_LOG_MAIN_D_JM','5','OPERATION_ID','关联业务单号','STRING','','','','','Y','项目编号PROJECTID','C1-2','3','');
insert into column_val (xmlid, col_xmlid, dataname, col_seq, colname, colcnname, datatype, length, precision_val, party_seq, isprimarykey, isnullable, remark, filed_type_child, sensitive_level, policyid) values ('TO_E_ESOP_LOG_MAIN_D_JM','TO_E_ESOP_LOG_MAIN_D_JM_2017096','TO_E_ESOP_LOG_MAIN_D_JM','6','OPERATION_NAM','关联业务单名称','STRING','','','','','Y','项目PROJECTNAME','C1-2','3','');
insert into column_val (xmlid, col_xmlid, dataname, col_seq, colname, colcnname, datatype, length, precision_val, party_seq, isprimarykey, isnullable, remark, filed_type_child, sensitive_level, policyid) values ('TO_E_ESOP_LOG_MAIN_D_JM','TO_E_ESOP_LOG_MAIN_D_JM_2017097','TO_E_ESOP_LOG_MAIN_D_JM','7','SERVICE_ACT','客服动作','STRING','','','','','Y','字典表GROUPID="servicact"','C1-2','3','');
insert into column_val (xmlid, col_xmlid, dataname, col_seq, colname, colcnname, datatype, length, precision_val, party_seq, isprimarykey, isnullable, remark, filed_type_child, sensitive_level, policyid) values ('TO_E_ESOP_LOG_MAIN_D_JM','TO_E_ESOP_LOG_MAIN_D_JM_2017098','TO_E_ESOP_LOG_MAIN_D_JM','8','GROUP_ID','集团客户编号','STRING','','','','','Y','','C1-2','3','');
insert into column_val (xmlid, col_xmlid, dataname, col_seq, colname, colcnname, datatype, length, precision_val, party_seq, isprimarykey, isnullable, remark, filed_type_child, sensitive_level, policyid) values ('TO_E_ESOP_LOG_MAIN_D_JM','TO_E_ESOP_LOG_MAIN_D_JM_2017099','TO_E_ESOP_LOG_MAIN_D_JM','9','CRTEATOR','创建人','STRING','','','','','Y','','C1-2','3','');
insert into column_val (xmlid, col_xmlid, dataname, col_seq, colname, colcnname, datatype, length, precision_val, party_seq, isprimarykey, isnullable, remark, filed_type_child, sensitive_level, policyid) values ('TO_E_ESOP_LOG_MAIN_D_JM','TO_E_ESOP_LOG_MAIN_D_JM_20170910','TO_E_ESOP_LOG_MAIN_D_JM','10','CREATE_DTS','创建时间','STRING','','','','','Y','格式YYYY-MM-DDHH24:MI:SS','C1-2','3','');
insert into column_val (xmlid, col_xmlid, dataname, col_seq, colname, colcnname, datatype, length, precision_val, party_seq, isprimarykey, isnullable, remark, filed_type_child, sensitive_level, policyid) values ('TO_E_ESOP_LOG_MAIN_D_JM','TO_E_ESOP_LOG_MAIN_D_JM_20170911','TO_E_ESOP_LOG_MAIN_D_JM','11','CHG_TIM','修改时间','STRING','','','','','Y','格式YYYY-MM-DDHH24:MI:SS','C1-2','3','');
insert into column_val (xmlid, col_xmlid, dataname, col_seq, colname, colcnname, datatype, length, precision_val, party_seq, isprimarykey, isnullable, remark, filed_type_child, sensitive_level, policyid) values ('TO_E_ESOP_LOG_MAIN_D_JM','TO_E_ESOP_LOG_MAIN_D_JM_20170912','TO_E_ESOP_LOG_MAIN_D_JM','12','LOG_CONT','日志内容','STRING','','','','','Y','','C1-2','3','');
insert into column_val (xmlid, col_xmlid, dataname, col_seq, colname, colcnname, datatype, length, precision_val, party_seq, isprimarykey, isnullable, remark, filed_type_child, sensitive_level, policyid) values ('TO_E_ESOP_LOG_MAIN_D_JM','TO_E_ESOP_LOG_MAIN_D_JM_20170913','TO_E_ESOP_LOG_MAIN_D_JM','13','LOG_SRC','日志来源','STRING','','','','','Y','自己：1，系统：0','C1-2','3','');
insert into column_val (xmlid, col_xmlid, dataname, col_seq, colname, colcnname, datatype, length, precision_val, party_seq, isprimarykey, isnullable, remark, filed_type_child, sensitive_level, policyid) values ('TO_E_ESOP_LOG_MAIN_D_JM','TO_E_ESOP_LOG_MAIN_D_JM_20170914','TO_E_ESOP_LOG_MAIN_D_JM','14','STS_CD','状态','STRING','','','','','Y','1是，0否','C1-2','3','');
insert into column_val (xmlid, col_xmlid, dataname, col_seq, colname, colcnname, datatype, length, precision_val, party_seq, isprimarykey, isnullable, remark, filed_type_child, sensitive_level, policyid) values ('TO_E_ESOP_LOG_MAIN_D_JM','TO_E_ESOP_LOG_MAIN_D_JM_20170915','TO_E_ESOP_LOG_MAIN_D_JM','15','LOG_ATTACH','日志附件','STRING','','','','','Y','','C1-2','3','');
insert into column_val (xmlid, col_xmlid, dataname, col_seq, colname, colcnname, datatype, length, precision_val, party_seq, isprimarykey, isnullable, remark, filed_type_child, sensitive_level, policyid) values ('TO_E_ESOP_LOG_MAIN_D_JM','TO_E_ESOP_LOG_MAIN_D_JM_20170916','TO_E_ESOP_LOG_MAIN_D_JM','16','GROUP_TYP','集团类型','STRING','','','','','Y','自然集团：1，BOSS集团：0','C1-2','3','');
insert into column_val (xmlid, col_xmlid, dataname, col_seq, colname, colcnname, datatype, length, precision_val, party_seq, isprimarykey, isnullable, remark, filed_type_child, sensitive_level, policyid) values ('TO_E_ESOP_LOG_MAIN_D_JM','TO_E_ESOP_LOG_MAIN_D_JM_20170917','TO_E_ESOP_LOG_MAIN_D_JM','17','VISIT_DT','拜访时间','STRING','','','','','Y','','C1-2','3','');
insert into column_val (xmlid, col_xmlid, dataname, col_seq, colname, colcnname, datatype, length, precision_val, party_seq, isprimarykey, isnullable, remark, filed_type_child, sensitive_level, policyid) values ('TO_E_ESOP_LOG_MAIN_D_JM','TO_E_ESOP_LOG_MAIN_D_JM_20170918','TO_E_ESOP_LOG_MAIN_D_JM','18','LOG_WRITE_LENGTH','日志填写耗时','STRING','','','','','Y','单位：秒','C1-2','3','');
insert into column_val (xmlid, col_xmlid, dataname, col_seq, colname, colcnname, datatype, length, precision_val, party_seq, isprimarykey, isnullable, remark, filed_type_child, sensitive_level, policyid) values ('TO_E_ESOP_LOG_MAIN_D_JM','TO_E_ESOP_LOG_MAIN_D_JM_20170919','TO_E_ESOP_LOG_MAIN_D_JM','19','GROUP_NAME','集团名称','STRING','','','','','Y','包括自然集团、BOSS集团','C1-2','3','');
insert into column_val (xmlid, col_xmlid, dataname, col_seq, colname, colcnname, datatype, length, precision_val, party_seq, isprimarykey, isnullable, remark, filed_type_child, sensitive_level, policyid) values ('TO_E_ESOP_LOG_MAIN_D_JM','TO_E_ESOP_LOG_MAIN_D_JM_20170920','TO_E_ESOP_LOG_MAIN_D_JM','20','SER_TYP_CD','服务方式','STRING','','','','','Y','上门、电话、E-mail、短彩信、EMS邮寄、外出联谊、传真、其它','C1-2','3','');
insert into column_val (xmlid, col_xmlid, dataname, col_seq, colname, colcnname, datatype, length, precision_val, party_seq, isprimarykey, isnullable, remark, filed_type_child, sensitive_level, policyid) values ('TO_E_ESOP_LOG_MAIN_D_JM','TO_E_ESOP_LOG_MAIN_D_JM_20170921','TO_E_ESOP_LOG_MAIN_D_JM','21','VISIT_FORM','拜访活动形式','STRING','','','','','Y','上门拜访','C1-2','3','');
insert into column_val (xmlid, col_xmlid, dataname, col_seq, colname, colcnname, datatype, length, precision_val, party_seq, isprimarykey, isnullable, remark, filed_type_child, sensitive_level, policyid) values ('TO_E_ESOP_LOG_MAIN_D_JM','TO_E_ESOP_LOG_MAIN_D_JM_20170922','TO_E_ESOP_LOG_MAIN_D_JM','22','VISIT_AIM','拜访活动目的','STRING','','','','','Y','建立或维系高层客户关系','C1-2','3','');
insert into column_val (xmlid, col_xmlid, dataname, col_seq, colname, colcnname, datatype, length, precision_val, party_seq, isprimarykey, isnullable, remark, filed_type_child, sensitive_level, policyid) values ('TO_E_ESOP_LOG_MAIN_D_JM','TO_E_ESOP_LOG_MAIN_D_JM_20170923','TO_E_ESOP_LOG_MAIN_D_JM','23','SUBSNUMBER','客户手机号码','STRING','','','','','Y','个人服务填写','C1-2','3','');
insert into column_val (xmlid, col_xmlid, dataname, col_seq, colname, colcnname, datatype, length, precision_val, party_seq, isprimarykey, isnullable, remark, filed_type_child, sensitive_level, policyid) values ('TO_E_ESOP_LOG_MAIN_D_JM','TO_E_ESOP_LOG_MAIN_D_JM_20170924','TO_E_ESOP_LOG_MAIN_D_JM','24','CUST_NAM','客户名称','STRING','','','','','Y','个人服务填写','C1-2','3','');
insert into column_val (xmlid, col_xmlid, dataname, col_seq, colname, colcnname, datatype, length, precision_val, party_seq, isprimarykey, isnullable, remark, filed_type_child, sensitive_level, policyid) values ('TO_E_ESOP_LOG_MAIN_D_JM','TO_E_ESOP_LOG_MAIN_D_JM_20170925','TO_E_ESOP_LOG_MAIN_D_JM','25','CUST_ROLE','客户角色','STRING','','','','','Y','个人服务填写','C1-2','3','');
insert into column_val (xmlid, col_xmlid, dataname, col_seq, colname, colcnname, datatype, length, precision_val, party_seq, isprimarykey, isnullable, remark, filed_type_child, sensitive_level, policyid) values ('TO_E_ESOP_LOG_MAIN_D_JM','TO_E_ESOP_LOG_MAIN_D_JM_20170926','TO_E_ESOP_LOG_MAIN_D_JM','26','CORP_SCOPE','动态集团级别','STRING','','','','','Y','BOSS集团','C1-2','3','');
insert into column_val (xmlid, col_xmlid, dataname, col_seq, colname, colcnname, datatype, length, precision_val, party_seq, isprimarykey, isnullable, remark, filed_type_child, sensitive_level, policyid) values ('TO_E_ESOP_LOG_MAIN_D_JM','TO_E_ESOP_LOG_MAIN_D_JM_20170927','TO_E_ESOP_LOG_MAIN_D_JM','27','DIST_NAM','所属区县','STRING','','','','','Y','BOSS集团','C1-2','3','');
insert into column_val (xmlid, col_xmlid, dataname, col_seq, colname, colcnname, datatype, length, precision_val, party_seq, isprimarykey, isnullable, remark, filed_type_child, sensitive_level, policyid) values ('TO_E_ESOP_LOG_MAIN_D_JM','TO_E_ESOP_LOG_MAIN_D_JM_20170928','TO_E_ESOP_LOG_MAIN_D_JM','28','CUST_MGR','客户经理','STRING','','','','','Y','','C1-2','3','');
insert into column_val (xmlid, col_xmlid, dataname, col_seq, colname, colcnname, datatype, length, precision_val, party_seq, isprimarykey, isnullable, remark, filed_type_child, sensitive_level, policyid) values ('TO_E_ESOP_LOG_MAIN_D_JM','TO_E_ESOP_LOG_MAIN_D_JM_20170929','TO_E_ESOP_LOG_MAIN_D_JM','29','FOLLOW_STAFF','我方人员','STRING','','','','','Y','同行人员','C1-2','3','');
insert into column_val (xmlid, col_xmlid, dataname, col_seq, colname, colcnname, datatype, length, precision_val, party_seq, isprimarykey, isnullable, remark, filed_type_child, sensitive_level, policyid) values ('TO_E_ESOP_LOG_MAIN_D_JM','TO_E_ESOP_LOG_MAIN_D_JM_20170930','TO_E_ESOP_LOG_MAIN_D_JM','30','PROJECT_FEE','项目金额','STRING','','','','','Y','','C1-2','3','');
insert into column_val (xmlid, col_xmlid, dataname, col_seq, colname, colcnname, datatype, length, precision_val, party_seq, isprimarykey, isnullable, remark, filed_type_child, sensitive_level, policyid) values ('TO_E_ESOP_LOG_MAIN_D_JM','TO_E_ESOP_LOG_MAIN_D_JM_20170931','TO_E_ESOP_LOG_MAIN_D_JM','31','PROJECT_BRIEF','项目简介','STRING','','','','','Y','','C1-2','3','');
insert into column_val (xmlid, col_xmlid, dataname, col_seq, colname, colcnname, datatype, length, precision_val, party_seq, isprimarykey, isnullable, remark, filed_type_child, sensitive_level, policyid) values ('TO_E_ESOP_LOG_MAIN_D_JM','TO_E_ESOP_LOG_MAIN_D_JM_20170932','TO_E_ESOP_LOG_MAIN_D_JM','32','COMP_OPPONENT','竞争对手','STRING','','','','','Y','','C1-2','3','');
insert into column_val (xmlid, col_xmlid, dataname, col_seq, colname, colcnname, datatype, length, precision_val, party_seq, isprimarykey, isnullable, remark, filed_type_child, sensitive_level, policyid) values ('TO_E_ESOP_LOG_MAIN_D_JM','TO_E_ESOP_LOG_MAIN_D_JM_20170933','TO_E_ESOP_LOG_MAIN_D_JM','33','COMP_LEVEL','竞争级别','STRING','','','','','Y','','C1-2','3','');
insert into column_val (xmlid, col_xmlid, dataname, col_seq, colname, colcnname, datatype, length, precision_val, party_seq, isprimarykey, isnullable, remark, filed_type_child, sensitive_level, policyid) values ('TO_E_ESOP_LOG_MAIN_D_JM','TO_E_ESOP_LOG_MAIN_D_JM_20170934','TO_E_ESOP_LOG_MAIN_D_JM','34','RESPONSE_EVENT','应对事件','STRING','','','','','Y','','C1-2','3','');
insert into column_val (xmlid, col_xmlid, dataname, col_seq, colname, colcnname, datatype, length, precision_val, party_seq, isprimarykey, isnullable, remark, filed_type_child, sensitive_level, policyid) values ('TO_E_ESOP_LOG_MAIN_D_JM','TO_E_ESOP_LOG_MAIN_D_JM_20170935','TO_E_ESOP_LOG_MAIN_D_JM','35','RESPONSE_RESULT','应对结果','STRING','','','','','Y','','C1-2','3','');
insert into column_val (xmlid, col_xmlid, dataname, col_seq, colname, colcnname, datatype, length, precision_val, party_seq, isprimarykey, isnullable, remark, filed_type_child, sensitive_level, policyid) values ('TO_E_ESOP_LOG_MAIN_D_JM','TO_E_ESOP_LOG_MAIN_D_JM_20170936','TO_E_ESOP_LOG_MAIN_D_JM','36','OTHER_RESULT','其它成效','STRING','','','','','Y','','C1-2','3','');
insert into column_val (xmlid, col_xmlid, dataname, col_seq, colname, colcnname, datatype, length, precision_val, party_seq, isprimarykey, isnullable, remark, filed_type_child, sensitive_level, policyid) values ('TO_E_ESOP_LOG_MAIN_D_JM','TO_E_ESOP_LOG_MAIN_D_JM_20170937','TO_E_ESOP_LOG_MAIN_D_JM','37','NOTES','备注','STRING','','','','','Y','','C1-2','3','');
insert into column_val (xmlid, col_xmlid, dataname, col_seq, colname, colcnname, datatype, length, precision_val, party_seq, isprimarykey, isnullable, remark, filed_type_child, sensitive_level, policyid) values ('TO_E_ESOP_LOG_MAIN_D_JM','TO_E_ESOP_LOG_MAIN_D_JM_20170938','TO_E_ESOP_LOG_MAIN_D_JM','38','CHIEF_VISIT_MGR_NAM','主要拜访经理名称','STRING','','','','','Y','','C1-2','3','');
insert into column_val (xmlid, col_xmlid, dataname, col_seq, colname, colcnname, datatype, length, precision_val, party_seq, isprimarykey, isnullable, remark, filed_type_child, sensitive_level, policyid) values ('TO_E_ESOP_LOG_MAIN_D_JM','TO_E_ESOP_LOG_MAIN_D_JM_20170939','TO_E_ESOP_LOG_MAIN_D_JM','39','CHIEF_VISIT_MGR_JOB','职位','STRING','','','','','Y','','C1-2','3','');
insert into column_val (xmlid, col_xmlid, dataname, col_seq, colname, colcnname, datatype, length, precision_val, party_seq, isprimarykey, isnullable, remark, filed_type_child, sensitive_level, policyid) values ('TO_E_ESOP_LOG_MAIN_D_JM','TO_E_ESOP_LOG_MAIN_D_JM_20170940','TO_E_ESOP_LOG_MAIN_D_JM','40','VISIT_TYPE','拜访类型','STRING','','','','','Y','','C1-2','3','');
insert into column_val (xmlid, col_xmlid, dataname, col_seq, colname, colcnname, datatype, length, precision_val, party_seq, isprimarykey, isnullable, remark, filed_type_child, sensitive_level, policyid) values ('TO_E_ESOP_LOG_MAIN_D_JM','TO_E_ESOP_LOG_MAIN_D_JM_20170941','TO_E_ESOP_LOG_MAIN_D_JM','41','MOVEMENT_DESC','拜访描述','STRING','','','','','Y','','C1-2','3','');
insert into column_val (xmlid, col_xmlid, dataname, col_seq, colname, colcnname, datatype, length, precision_val, party_seq, isprimarykey, isnullable, remark, filed_type_child, sensitive_level, policyid) values ('TO_E_ESOP_LOG_MAIN_D_JM','TO_E_ESOP_LOG_MAIN_D_JM_20170942','TO_E_ESOP_LOG_MAIN_D_JM','42','IMPACT','影响','STRING','','','','','Y','','C1-2','3','');
insert into column_val (xmlid, col_xmlid, dataname, col_seq, colname, colcnname, datatype, length, precision_val, party_seq, isprimarykey, isnullable, remark, filed_type_child, sensitive_level, policyid) values ('TO_E_ESOP_LOG_MAIN_D_JM','TO_E_ESOP_LOG_MAIN_D_JM_20170943','TO_E_ESOP_LOG_MAIN_D_JM','43','PROJECT_NAM','项目名称','STRING','','','','','Y','','C1-2','3','');
insert into column_val (xmlid, col_xmlid, dataname, col_seq, colname, colcnname, datatype, length, precision_val, party_seq, isprimarykey, isnullable, remark, filed_type_child, sensitive_level, policyid) values ('TO_E_ESOP_LOG_MAIN_D_JM','TO_E_ESOP_LOG_MAIN_D_JM_20170944','TO_E_ESOP_LOG_MAIN_D_JM','44','REFER_PRDCT','参考产品','STRING','','','','','Y','','C1-2','3','');
insert into column_val (xmlid, col_xmlid, dataname, col_seq, colname, colcnname, datatype, length, precision_val, party_seq, isprimarykey, isnullable, remark, filed_type_child, sensitive_level, policyid) values ('TO_E_ESOP_LOG_MAIN_D_JM','TO_E_ESOP_LOG_MAIN_D_JM_20170945','TO_E_ESOP_LOG_MAIN_D_JM','45','AFFECT_RANGE','影响范围','STRING','','','','','Y','','C1-2','3','');
insert into column_val (xmlid, col_xmlid, dataname, col_seq, colname, colcnname, datatype, length, precision_val, party_seq, isprimarykey, isnullable, remark, filed_type_child, sensitive_level, policyid) values ('TO_E_ESOP_LOG_MAIN_D_JM','TO_E_ESOP_LOG_MAIN_D_JM_20170946','TO_E_ESOP_LOG_MAIN_D_JM','46','CMCC_BRANCH_CD','地市编码','STRING','','','','','Y','','C1-2','3','');
insert into column_val (xmlid, col_xmlid, dataname, col_seq, colname, colcnname, datatype, length, precision_val, party_seq, isprimarykey, isnullable, remark, filed_type_child, sensitive_level, policyid) values ('TO_E_ESOP_LOG_MAIN_D_JM','TO_E_ESOP_LOG_MAIN_D_JM_20170947','TO_E_ESOP_LOG_MAIN_D_JM','47','month','月份','INT','','','1','','N','','','','');
insert into column_val (xmlid, col_xmlid, dataname, col_seq, colname, colcnname, datatype, length, precision_val, party_seq, isprimarykey, isnullable, remark, filed_type_child, sensitive_level, policyid) values ('TO_E_ESOP_LOG_MAIN_D_JM','TO_E_ESOP_LOG_MAIN_D_JM_20170948','TO_E_ESOP_LOG_MAIN_D_JM','48','day','日期','INT','','','2','','N','','','','');

insert into tablefile (xmlid, dbname, dataname, datacnname, state, cycletype, topiccode, extend_cfg, rightlevel, creater, curdutyer, eff_date, state_date, team_code, open_state, remark) values ('TO_E_ESOP_LOG_MAIN_D_ZJ','BD_B','TO_E_ESOP_LOG_MAIN_D_ZJ','ODS_ESOP日志表','NEW','day','LAYERI_ISERV','{"EXTERNAL":"y","LOCATION":"/tenant/BIGDATA/JCFW/JRCL/BD_B/ODS/TO_E_ESOP_LOG_MAIN_D/branch=ZJ","FILEFORMAT":"PARQUET","DELIMITER":"&&"}','其他','谢英俊','谢英俊', TIMESTAMP '0009-02-17 12:00:00', TIMESTAMP '0009-02-17 12:00:00','f2999fd5-c34e-402e-9b28-fec9fca13044','','基础层-服务主题域');
insert into column_val (xmlid, col_xmlid, dataname, col_seq, colname, colcnname, datatype, length, precision_val, party_seq, isprimarykey, isnullable, remark, filed_type_child, sensitive_level, policyid) values ('TO_E_ESOP_LOG_MAIN_D_ZJ','TO_E_ESOP_LOG_MAIN_D_ZJ_2017091','TO_E_ESOP_LOG_MAIN_D_ZJ','1','LOG_ID','日志编号','STRING','','','','1','N','','C1-2','3','');
insert into column_val (xmlid, col_xmlid, dataname, col_seq, colname, colcnname, datatype, length, precision_val, party_seq, isprimarykey, isnullable, remark, filed_type_child, sensitive_level, policyid) values ('TO_E_ESOP_LOG_MAIN_D_ZJ','TO_E_ESOP_LOG_MAIN_D_ZJ_2017092','TO_E_ESOP_LOG_MAIN_D_ZJ','2','LOG_NAM','日志主题','STRING','','','','','Y','','C1-2','3','');
insert into column_val (xmlid, col_xmlid, dataname, col_seq, colname, colcnname, datatype, length, precision_val, party_seq, isprimarykey, isnullable, remark, filed_type_child, sensitive_level, policyid) values ('TO_E_ESOP_LOG_MAIN_D_ZJ','TO_E_ESOP_LOG_MAIN_D_ZJ_2017093','TO_E_ESOP_LOG_MAIN_D_ZJ','3','LOG_TYP','日志类型','STRING','','','','','Y','字典表GROUPID="logtype"','C1-2','3','');
insert into column_val (xmlid, col_xmlid, dataname, col_seq, colname, colcnname, datatype, length, precision_val, party_seq, isprimarykey, isnullable, remark, filed_type_child, sensitive_level, policyid) values ('TO_E_ESOP_LOG_MAIN_D_ZJ','TO_E_ESOP_LOG_MAIN_D_ZJ_2017094','TO_E_ESOP_LOG_MAIN_D_ZJ','4','CTY_CD','地市','STRING','','','','1','N','主键
地市region，
999-省公司
200-广州
660-汕尾
662-阳江
663-揭阳
668-茂名
750-江门
751-韶关
752-惠州
753-梅州
754-汕头
755-深圳
756-珠海
757-佛山
758-肇庆
759-湛江
760-中山
762-河源
763-清远
766-云浮
768-潮州
769-东莞','C1-2','3','');
insert into column_val (xmlid, col_xmlid, dataname, col_seq, colname, colcnname, datatype, length, precision_val, party_seq, isprimarykey, isnullable, remark, filed_type_child, sensitive_level, policyid) values ('TO_E_ESOP_LOG_MAIN_D_ZJ','TO_E_ESOP_LOG_MAIN_D_ZJ_2017095','TO_E_ESOP_LOG_MAIN_D_ZJ','5','OPERATION_ID','关联业务单号','STRING','','','','','Y','项目编号PROJECTID','C1-2','3','');
insert into column_val (xmlid, col_xmlid, dataname, col_seq, colname, colcnname, datatype, length, precision_val, party_seq, isprimarykey, isnullable, remark, filed_type_child, sensitive_level, policyid) values ('TO_E_ESOP_LOG_MAIN_D_ZJ','TO_E_ESOP_LOG_MAIN_D_ZJ_2017096','TO_E_ESOP_LOG_MAIN_D_ZJ','6','OPERATION_NAM','关联业务单名称','STRING','','','','','Y','项目PROJECTNAME','C1-2','3','');
insert into column_val (xmlid, col_xmlid, dataname, col_seq, colname, colcnname, datatype, length, precision_val, party_seq, isprimarykey, isnullable, remark, filed_type_child, sensitive_level, policyid) values ('TO_E_ESOP_LOG_MAIN_D_ZJ','TO_E_ESOP_LOG_MAIN_D_ZJ_2017097','TO_E_ESOP_LOG_MAIN_D_ZJ','7','SERVICE_ACT','客服动作','STRING','','','','','Y','字典表GROUPID="servicact"','C1-2','3','');
insert into column_val (xmlid, col_xmlid, dataname, col_seq, colname, colcnname, datatype, length, precision_val, party_seq, isprimarykey, isnullable, remark, filed_type_child, sensitive_level, policyid) values ('TO_E_ESOP_LOG_MAIN_D_ZJ','TO_E_ESOP_LOG_MAIN_D_ZJ_2017098','TO_E_ESOP_LOG_MAIN_D_ZJ','8','GROUP_ID','集团客户编号','STRING','','','','','Y','','C1-2','3','');
insert into column_val (xmlid, col_xmlid, dataname, col_seq, colname, colcnname, datatype, length, precision_val, party_seq, isprimarykey, isnullable, remark, filed_type_child, sensitive_level, policyid) values ('TO_E_ESOP_LOG_MAIN_D_ZJ','TO_E_ESOP_LOG_MAIN_D_ZJ_2017099','TO_E_ESOP_LOG_MAIN_D_ZJ','9','CRTEATOR','创建人','STRING','','','','','Y','','C1-2','3','');
insert into column_val (xmlid, col_xmlid, dataname, col_seq, colname, colcnname, datatype, length, precision_val, party_seq, isprimarykey, isnullable, remark, filed_type_child, sensitive_level, policyid) values ('TO_E_ESOP_LOG_MAIN_D_ZJ','TO_E_ESOP_LOG_MAIN_D_ZJ_20170910','TO_E_ESOP_LOG_MAIN_D_ZJ','10','CREATE_DTS','创建时间','STRING','','','','','Y','格式YYYY-MM-DDHH24:MI:SS','C1-2','3','');
insert into column_val (xmlid, col_xmlid, dataname, col_seq, colname, colcnname, datatype, length, precision_val, party_seq, isprimarykey, isnullable, remark, filed_type_child, sensitive_level, policyid) values ('TO_E_ESOP_LOG_MAIN_D_ZJ','TO_E_ESOP_LOG_MAIN_D_ZJ_20170911','TO_E_ESOP_LOG_MAIN_D_ZJ','11','CHG_TIM','修改时间','STRING','','','','','Y','格式YYYY-MM-DDHH24:MI:SS','C1-2','3','');
insert into column_val (xmlid, col_xmlid, dataname, col_seq, colname, colcnname, datatype, length, precision_val, party_seq, isprimarykey, isnullable, remark, filed_type_child, sensitive_level, policyid) values ('TO_E_ESOP_LOG_MAIN_D_ZJ','TO_E_ESOP_LOG_MAIN_D_ZJ_20170912','TO_E_ESOP_LOG_MAIN_D_ZJ','12','LOG_CONT','日志内容','STRING','','','','','Y','','C1-2','3','');
insert into column_val (xmlid, col_xmlid, dataname, col_seq, colname, colcnname, datatype, length, precision_val, party_seq, isprimarykey, isnullable, remark, filed_type_child, sensitive_level, policyid) values ('TO_E_ESOP_LOG_MAIN_D_ZJ','TO_E_ESOP_LOG_MAIN_D_ZJ_20170913','TO_E_ESOP_LOG_MAIN_D_ZJ','13','LOG_SRC','日志来源','STRING','','','','','Y','自己：1，系统：0','C1-2','3','');
insert into column_val (xmlid, col_xmlid, dataname, col_seq, colname, colcnname, datatype, length, precision_val, party_seq, isprimarykey, isnullable, remark, filed_type_child, sensitive_level, policyid) values ('TO_E_ESOP_LOG_MAIN_D_ZJ','TO_E_ESOP_LOG_MAIN_D_ZJ_20170914','TO_E_ESOP_LOG_MAIN_D_ZJ','14','STS_CD','状态','STRING','','','','','Y','1是，0否','C1-2','3','');
insert into column_val (xmlid, col_xmlid, dataname, col_seq, colname, colcnname, datatype, length, precision_val, party_seq, isprimarykey, isnullable, remark, filed_type_child, sensitive_level, policyid) values ('TO_E_ESOP_LOG_MAIN_D_ZJ','TO_E_ESOP_LOG_MAIN_D_ZJ_20170915','TO_E_ESOP_LOG_MAIN_D_ZJ','15','LOG_ATTACH','日志附件','STRING','','','','','Y','','C1-2','3','');
insert into column_val (xmlid, col_xmlid, dataname, col_seq, colname, colcnname, datatype, length, precision_val, party_seq, isprimarykey, isnullable, remark, filed_type_child, sensitive_level, policyid) values ('TO_E_ESOP_LOG_MAIN_D_ZJ','TO_E_ESOP_LOG_MAIN_D_ZJ_20170916','TO_E_ESOP_LOG_MAIN_D_ZJ','16','GROUP_TYP','集团类型','STRING','','','','','Y','自然集团：1，BOSS集团：0','C1-2','3','');
insert into column_val (xmlid, col_xmlid, dataname, col_seq, colname, colcnname, datatype, length, precision_val, party_seq, isprimarykey, isnullable, remark, filed_type_child, sensitive_level, policyid) values ('TO_E_ESOP_LOG_MAIN_D_ZJ','TO_E_ESOP_LOG_MAIN_D_ZJ_20170917','TO_E_ESOP_LOG_MAIN_D_ZJ','17','VISIT_DT','拜访时间','STRING','','','','','Y','','C1-2','3','');
insert into column_val (xmlid, col_xmlid, dataname, col_seq, colname, colcnname, datatype, length, precision_val, party_seq, isprimarykey, isnullable, remark, filed_type_child, sensitive_level, policyid) values ('TO_E_ESOP_LOG_MAIN_D_ZJ','TO_E_ESOP_LOG_MAIN_D_ZJ_20170918','TO_E_ESOP_LOG_MAIN_D_ZJ','18','LOG_WRITE_LENGTH','日志填写耗时','STRING','','','','','Y','单位：秒','C1-2','3','');
insert into column_val (xmlid, col_xmlid, dataname, col_seq, colname, colcnname, datatype, length, precision_val, party_seq, isprimarykey, isnullable, remark, filed_type_child, sensitive_level, policyid) values ('TO_E_ESOP_LOG_MAIN_D_ZJ','TO_E_ESOP_LOG_MAIN_D_ZJ_20170919','TO_E_ESOP_LOG_MAIN_D_ZJ','19','GROUP_NAME','集团名称','STRING','','','','','Y','包括自然集团、BOSS集团','C1-2','3','');
insert into column_val (xmlid, col_xmlid, dataname, col_seq, colname, colcnname, datatype, length, precision_val, party_seq, isprimarykey, isnullable, remark, filed_type_child, sensitive_level, policyid) values ('TO_E_ESOP_LOG_MAIN_D_ZJ','TO_E_ESOP_LOG_MAIN_D_ZJ_20170920','TO_E_ESOP_LOG_MAIN_D_ZJ','20','SER_TYP_CD','服务方式','STRING','','','','','Y','上门、电话、E-mail、短彩信、EMS邮寄、外出联谊、传真、其它','C1-2','3','');
insert into column_val (xmlid, col_xmlid, dataname, col_seq, colname, colcnname, datatype, length, precision_val, party_seq, isprimarykey, isnullable, remark, filed_type_child, sensitive_level, policyid) values ('TO_E_ESOP_LOG_MAIN_D_ZJ','TO_E_ESOP_LOG_MAIN_D_ZJ_20170921','TO_E_ESOP_LOG_MAIN_D_ZJ','21','VISIT_FORM','拜访活动形式','STRING','','','','','Y','上门拜访','C1-2','3','');
insert into column_val (xmlid, col_xmlid, dataname, col_seq, colname, colcnname, datatype, length, precision_val, party_seq, isprimarykey, isnullable, remark, filed_type_child, sensitive_level, policyid) values ('TO_E_ESOP_LOG_MAIN_D_ZJ','TO_E_ESOP_LOG_MAIN_D_ZJ_20170922','TO_E_ESOP_LOG_MAIN_D_ZJ','22','VISIT_AIM','拜访活动目的','STRING','','','','','Y','建立或维系高层客户关系','C1-2','3','');
insert into column_val (xmlid, col_xmlid, dataname, col_seq, colname, colcnname, datatype, length, precision_val, party_seq, isprimarykey, isnullable, remark, filed_type_child, sensitive_level, policyid) values ('TO_E_ESOP_LOG_MAIN_D_ZJ','TO_E_ESOP_LOG_MAIN_D_ZJ_20170923','TO_E_ESOP_LOG_MAIN_D_ZJ','23','SUBSNUMBER','客户手机号码','STRING','','','','','Y','个人服务填写','C1-2','3','');
insert into column_val (xmlid, col_xmlid, dataname, col_seq, colname, colcnname, datatype, length, precision_val, party_seq, isprimarykey, isnullable, remark, filed_type_child, sensitive_level, policyid) values ('TO_E_ESOP_LOG_MAIN_D_ZJ','TO_E_ESOP_LOG_MAIN_D_ZJ_20170924','TO_E_ESOP_LOG_MAIN_D_ZJ','24','CUST_NAM','客户名称','STRING','','','','','Y','个人服务填写','C1-2','3','');
insert into column_val (xmlid, col_xmlid, dataname, col_seq, colname, colcnname, datatype, length, precision_val, party_seq, isprimarykey, isnullable, remark, filed_type_child, sensitive_level, policyid) values ('TO_E_ESOP_LOG_MAIN_D_ZJ','TO_E_ESOP_LOG_MAIN_D_ZJ_20170925','TO_E_ESOP_LOG_MAIN_D_ZJ','25','CUST_ROLE','客户角色','STRING','','','','','Y','个人服务填写','C1-2','3','');
insert into column_val (xmlid, col_xmlid, dataname, col_seq, colname, colcnname, datatype, length, precision_val, party_seq, isprimarykey, isnullable, remark, filed_type_child, sensitive_level, policyid) values ('TO_E_ESOP_LOG_MAIN_D_ZJ','TO_E_ESOP_LOG_MAIN_D_ZJ_20170926','TO_E_ESOP_LOG_MAIN_D_ZJ','26','CORP_SCOPE','动态集团级别','STRING','','','','','Y','BOSS集团','C1-2','3','');
insert into column_val (xmlid, col_xmlid, dataname, col_seq, colname, colcnname, datatype, length, precision_val, party_seq, isprimarykey, isnullable, remark, filed_type_child, sensitive_level, policyid) values ('TO_E_ESOP_LOG_MAIN_D_ZJ','TO_E_ESOP_LOG_MAIN_D_ZJ_20170927','TO_E_ESOP_LOG_MAIN_D_ZJ','27','DIST_NAM','所属区县','STRING','','','','','Y','BOSS集团','C1-2','3','');
insert into column_val (xmlid, col_xmlid, dataname, col_seq, colname, colcnname, datatype, length, precision_val, party_seq, isprimarykey, isnullable, remark, filed_type_child, sensitive_level, policyid) values ('TO_E_ESOP_LOG_MAIN_D_ZJ','TO_E_ESOP_LOG_MAIN_D_ZJ_20170928','TO_E_ESOP_LOG_MAIN_D_ZJ','28','CUST_MGR','客户经理','STRING','','','','','Y','','C1-2','3','');
insert into column_val (xmlid, col_xmlid, dataname, col_seq, colname, colcnname, datatype, length, precision_val, party_seq, isprimarykey, isnullable, remark, filed_type_child, sensitive_level, policyid) values ('TO_E_ESOP_LOG_MAIN_D_ZJ','TO_E_ESOP_LOG_MAIN_D_ZJ_20170929','TO_E_ESOP_LOG_MAIN_D_ZJ','29','FOLLOW_STAFF','我方人员','STRING','','','','','Y','同行人员','C1-2','3','');
insert into column_val (xmlid, col_xmlid, dataname, col_seq, colname, colcnname, datatype, length, precision_val, party_seq, isprimarykey, isnullable, remark, filed_type_child, sensitive_level, policyid) values ('TO_E_ESOP_LOG_MAIN_D_ZJ','TO_E_ESOP_LOG_MAIN_D_ZJ_20170930','TO_E_ESOP_LOG_MAIN_D_ZJ','30','PROJECT_FEE','项目金额','STRING','','','','','Y','','C1-2','3','');
insert into column_val (xmlid, col_xmlid, dataname, col_seq, colname, colcnname, datatype, length, precision_val, party_seq, isprimarykey, isnullable, remark, filed_type_child, sensitive_level, policyid) values ('TO_E_ESOP_LOG_MAIN_D_ZJ','TO_E_ESOP_LOG_MAIN_D_ZJ_20170931','TO_E_ESOP_LOG_MAIN_D_ZJ','31','PROJECT_BRIEF','项目简介','STRING','','','','','Y','','C1-2','3','');
insert into column_val (xmlid, col_xmlid, dataname, col_seq, colname, colcnname, datatype, length, precision_val, party_seq, isprimarykey, isnullable, remark, filed_type_child, sensitive_level, policyid) values ('TO_E_ESOP_LOG_MAIN_D_ZJ','TO_E_ESOP_LOG_MAIN_D_ZJ_20170932','TO_E_ESOP_LOG_MAIN_D_ZJ','32','COMP_OPPONENT','竞争对手','STRING','','','','','Y','','C1-2','3','');
insert into column_val (xmlid, col_xmlid, dataname, col_seq, colname, colcnname, datatype, length, precision_val, party_seq, isprimarykey, isnullable, remark, filed_type_child, sensitive_level, policyid) values ('TO_E_ESOP_LOG_MAIN_D_ZJ','TO_E_ESOP_LOG_MAIN_D_ZJ_20170933','TO_E_ESOP_LOG_MAIN_D_ZJ','33','COMP_LEVEL','竞争级别','STRING','','','','','Y','','C1-2','3','');
insert into column_val (xmlid, col_xmlid, dataname, col_seq, colname, colcnname, datatype, length, precision_val, party_seq, isprimarykey, isnullable, remark, filed_type_child, sensitive_level, policyid) values ('TO_E_ESOP_LOG_MAIN_D_ZJ','TO_E_ESOP_LOG_MAIN_D_ZJ_20170934','TO_E_ESOP_LOG_MAIN_D_ZJ','34','RESPONSE_EVENT','应对事件','STRING','','','','','Y','','C1-2','3','');
insert into column_val (xmlid, col_xmlid, dataname, col_seq, colname, colcnname, datatype, length, precision_val, party_seq, isprimarykey, isnullable, remark, filed_type_child, sensitive_level, policyid) values ('TO_E_ESOP_LOG_MAIN_D_ZJ','TO_E_ESOP_LOG_MAIN_D_ZJ_20170935','TO_E_ESOP_LOG_MAIN_D_ZJ','35','RESPONSE_RESULT','应对结果','STRING','','','','','Y','','C1-2','3','');
insert into column_val (xmlid, col_xmlid, dataname, col_seq, colname, colcnname, datatype, length, precision_val, party_seq, isprimarykey, isnullable, remark, filed_type_child, sensitive_level, policyid) values ('TO_E_ESOP_LOG_MAIN_D_ZJ','TO_E_ESOP_LOG_MAIN_D_ZJ_20170936','TO_E_ESOP_LOG_MAIN_D_ZJ','36','OTHER_RESULT','其它成效','STRING','','','','','Y','','C1-2','3','');
insert into column_val (xmlid, col_xmlid, dataname, col_seq, colname, colcnname, datatype, length, precision_val, party_seq, isprimarykey, isnullable, remark, filed_type_child, sensitive_level, policyid) values ('TO_E_ESOP_LOG_MAIN_D_ZJ','TO_E_ESOP_LOG_MAIN_D_ZJ_20170937','TO_E_ESOP_LOG_MAIN_D_ZJ','37','NOTES','备注','STRING','','','','','Y','','C1-2','3','');
insert into column_val (xmlid, col_xmlid, dataname, col_seq, colname, colcnname, datatype, length, precision_val, party_seq, isprimarykey, isnullable, remark, filed_type_child, sensitive_level, policyid) values ('TO_E_ESOP_LOG_MAIN_D_ZJ','TO_E_ESOP_LOG_MAIN_D_ZJ_20170938','TO_E_ESOP_LOG_MAIN_D_ZJ','38','CHIEF_VISIT_MGR_NAM','主要拜访经理名称','STRING','','','','','Y','','C1-2','3','');
insert into column_val (xmlid, col_xmlid, dataname, col_seq, colname, colcnname, datatype, length, precision_val, party_seq, isprimarykey, isnullable, remark, filed_type_child, sensitive_level, policyid) values ('TO_E_ESOP_LOG_MAIN_D_ZJ','TO_E_ESOP_LOG_MAIN_D_ZJ_20170939','TO_E_ESOP_LOG_MAIN_D_ZJ','39','CHIEF_VISIT_MGR_JOB','职位','STRING','','','','','Y','','C1-2','3','');
insert into column_val (xmlid, col_xmlid, dataname, col_seq, colname, colcnname, datatype, length, precision_val, party_seq, isprimarykey, isnullable, remark, filed_type_child, sensitive_level, policyid) values ('TO_E_ESOP_LOG_MAIN_D_ZJ','TO_E_ESOP_LOG_MAIN_D_ZJ_20170940','TO_E_ESOP_LOG_MAIN_D_ZJ','40','VISIT_TYPE','拜访类型','STRING','','','','','Y','','C1-2','3','');
insert into column_val (xmlid, col_xmlid, dataname, col_seq, colname, colcnname, datatype, length, precision_val, party_seq, isprimarykey, isnullable, remark, filed_type_child, sensitive_level, policyid) values ('TO_E_ESOP_LOG_MAIN_D_ZJ','TO_E_ESOP_LOG_MAIN_D_ZJ_20170941','TO_E_ESOP_LOG_MAIN_D_ZJ','41','MOVEMENT_DESC','拜访描述','STRING','','','','','Y','','C1-2','3','');
insert into column_val (xmlid, col_xmlid, dataname, col_seq, colname, colcnname, datatype, length, precision_val, party_seq, isprimarykey, isnullable, remark, filed_type_child, sensitive_level, policyid) values ('TO_E_ESOP_LOG_MAIN_D_ZJ','TO_E_ESOP_LOG_MAIN_D_ZJ_20170942','TO_E_ESOP_LOG_MAIN_D_ZJ','42','IMPACT','影响','STRING','','','','','Y','','C1-2','3','');
insert into column_val (xmlid, col_xmlid, dataname, col_seq, colname, colcnname, datatype, length, precision_val, party_seq, isprimarykey, isnullable, remark, filed_type_child, sensitive_level, policyid) values ('TO_E_ESOP_LOG_MAIN_D_ZJ','TO_E_ESOP_LOG_MAIN_D_ZJ_20170943','TO_E_ESOP_LOG_MAIN_D_ZJ','43','PROJECT_NAM','项目名称','STRING','','','','','Y','','C1-2','3','');
insert into column_val (xmlid, col_xmlid, dataname, col_seq, colname, colcnname, datatype, length, precision_val, party_seq, isprimarykey, isnullable, remark, filed_type_child, sensitive_level, policyid) values ('TO_E_ESOP_LOG_MAIN_D_ZJ','TO_E_ESOP_LOG_MAIN_D_ZJ_20170944','TO_E_ESOP_LOG_MAIN_D_ZJ','44','REFER_PRDCT','参考产品','STRING','','','','','Y','','C1-2','3','');
insert into column_val (xmlid, col_xmlid, dataname, col_seq, colname, colcnname, datatype, length, precision_val, party_seq, isprimarykey, isnullable, remark, filed_type_child, sensitive_level, policyid) values ('TO_E_ESOP_LOG_MAIN_D_ZJ','TO_E_ESOP_LOG_MAIN_D_ZJ_20170945','TO_E_ESOP_LOG_MAIN_D_ZJ','45','AFFECT_RANGE','影响范围','STRING','','','','','Y','','C1-2','3','');
insert into column_val (xmlid, col_xmlid, dataname, col_seq, colname, colcnname, datatype, length, precision_val, party_seq, isprimarykey, isnullable, remark, filed_type_child, sensitive_level, policyid) values ('TO_E_ESOP_LOG_MAIN_D_ZJ','TO_E_ESOP_LOG_MAIN_D_ZJ_20170946','TO_E_ESOP_LOG_MAIN_D_ZJ','46','CMCC_BRANCH_CD','地市编码','STRING','','','','','Y','','C1-2','3','');
insert into column_val (xmlid, col_xmlid, dataname, col_seq, colname, colcnname, datatype, length, precision_val, party_seq, isprimarykey, isnullable, remark, filed_type_child, sensitive_level, policyid) values ('TO_E_ESOP_LOG_MAIN_D_ZJ','TO_E_ESOP_LOG_MAIN_D_ZJ_20170947','TO_E_ESOP_LOG_MAIN_D_ZJ','47','month','月份','INT','','','1','','N','','','','');
insert into column_val (xmlid, col_xmlid, dataname, col_seq, colname, colcnname, datatype, length, precision_val, party_seq, isprimarykey, isnullable, remark, filed_type_child, sensitive_level, policyid) values ('TO_E_ESOP_LOG_MAIN_D_ZJ','TO_E_ESOP_LOG_MAIN_D_ZJ_20170948','TO_E_ESOP_LOG_MAIN_D_ZJ','48','day','日期','INT','','','2','','N','','','','');

insert into tablefile (xmlid, dbname, dataname, datacnname, state, cycletype, topiccode, extend_cfg, rightlevel, creater, curdutyer, eff_date, state_date, team_code, open_state, remark) values ('TO_E_ESOP_LOG_MAIN_D_SG','BD_B','TO_E_ESOP_LOG_MAIN_D_SG','ODS_ESOP日志表','NEW','day','LAYERI_ISERV','{"EXTERNAL":"y","LOCATION":"/tenant/BIGDATA/JCFW/JRCL/BD_B/ODS/TO_E_ESOP_LOG_MAIN_D/branch=SG","FILEFORMAT":"PARQUET","DELIMITER":"&&"}','其他','谢英俊','谢英俊', TIMESTAMP '0009-02-17 12:00:00', TIMESTAMP '0009-02-17 12:00:00','f2999fd5-c34e-402e-9b28-fec9fca13044','','基础层-服务主题域');
insert into column_val (xmlid, col_xmlid, dataname, col_seq, colname, colcnname, datatype, length, precision_val, party_seq, isprimarykey, isnullable, remark, filed_type_child, sensitive_level, policyid) values ('TO_E_ESOP_LOG_MAIN_D_SG','TO_E_ESOP_LOG_MAIN_D_SG_2017091','TO_E_ESOP_LOG_MAIN_D_SG','1','LOG_ID','日志编号','STRING','','','','1','N','','C1-2','3','');
insert into column_val (xmlid, col_xmlid, dataname, col_seq, colname, colcnname, datatype, length, precision_val, party_seq, isprimarykey, isnullable, remark, filed_type_child, sensitive_level, policyid) values ('TO_E_ESOP_LOG_MAIN_D_SG','TO_E_ESOP_LOG_MAIN_D_SG_2017092','TO_E_ESOP_LOG_MAIN_D_SG','2','LOG_NAM','日志主题','STRING','','','','','Y','','C1-2','3','');
insert into column_val (xmlid, col_xmlid, dataname, col_seq, colname, colcnname, datatype, length, precision_val, party_seq, isprimarykey, isnullable, remark, filed_type_child, sensitive_level, policyid) values ('TO_E_ESOP_LOG_MAIN_D_SG','TO_E_ESOP_LOG_MAIN_D_SG_2017093','TO_E_ESOP_LOG_MAIN_D_SG','3','LOG_TYP','日志类型','STRING','','','','','Y','字典表GROUPID="logtype"','C1-2','3','');
insert into column_val (xmlid, col_xmlid, dataname, col_seq, colname, colcnname, datatype, length, precision_val, party_seq, isprimarykey, isnullable, remark, filed_type_child, sensitive_level, policyid) values ('TO_E_ESOP_LOG_MAIN_D_SG','TO_E_ESOP_LOG_MAIN_D_SG_2017094','TO_E_ESOP_LOG_MAIN_D_SG','4','CTY_CD','地市','STRING','','','','1','N','主键
地市region，
999-省公司
200-广州
660-汕尾
662-阳江
663-揭阳
668-茂名
750-江门
751-韶关
752-惠州
753-梅州
754-汕头
755-深圳
756-珠海
757-佛山
758-肇庆
759-湛江
760-中山
762-河源
763-清远
766-云浮
768-潮州
769-东莞','C1-2','3','');
insert into column_val (xmlid, col_xmlid, dataname, col_seq, colname, colcnname, datatype, length, precision_val, party_seq, isprimarykey, isnullable, remark, filed_type_child, sensitive_level, policyid) values ('TO_E_ESOP_LOG_MAIN_D_SG','TO_E_ESOP_LOG_MAIN_D_SG_2017095','TO_E_ESOP_LOG_MAIN_D_SG','5','OPERATION_ID','关联业务单号','STRING','','','','','Y','项目编号PROJECTID','C1-2','3','');
insert into column_val (xmlid, col_xmlid, dataname, col_seq, colname, colcnname, datatype, length, precision_val, party_seq, isprimarykey, isnullable, remark, filed_type_child, sensitive_level, policyid) values ('TO_E_ESOP_LOG_MAIN_D_SG','TO_E_ESOP_LOG_MAIN_D_SG_2017096','TO_E_ESOP_LOG_MAIN_D_SG','6','OPERATION_NAM','关联业务单名称','STRING','','','','','Y','项目PROJECTNAME','C1-2','3','');
insert into column_val (xmlid, col_xmlid, dataname, col_seq, colname, colcnname, datatype, length, precision_val, party_seq, isprimarykey, isnullable, remark, filed_type_child, sensitive_level, policyid) values ('TO_E_ESOP_LOG_MAIN_D_SG','TO_E_ESOP_LOG_MAIN_D_SG_2017097','TO_E_ESOP_LOG_MAIN_D_SG','7','SERVICE_ACT','客服动作','STRING','','','','','Y','字典表GROUPID="servicact"','C1-2','3','');
insert into column_val (xmlid, col_xmlid, dataname, col_seq, colname, colcnname, datatype, length, precision_val, party_seq, isprimarykey, isnullable, remark, filed_type_child, sensitive_level, policyid) values ('TO_E_ESOP_LOG_MAIN_D_SG','TO_E_ESOP_LOG_MAIN_D_SG_2017098','TO_E_ESOP_LOG_MAIN_D_SG','8','GROUP_ID','集团客户编号','STRING','','','','','Y','','C1-2','3','');
insert into column_val (xmlid, col_xmlid, dataname, col_seq, colname, colcnname, datatype, length, precision_val, party_seq, isprimarykey, isnullable, remark, filed_type_child, sensitive_level, policyid) values ('TO_E_ESOP_LOG_MAIN_D_SG','TO_E_ESOP_LOG_MAIN_D_SG_2017099','TO_E_ESOP_LOG_MAIN_D_SG','9','CRTEATOR','创建人','STRING','','','','','Y','','C1-2','3','');
insert into column_val (xmlid, col_xmlid, dataname, col_seq, colname, colcnname, datatype, length, precision_val, party_seq, isprimarykey, isnullable, remark, filed_type_child, sensitive_level, policyid) values ('TO_E_ESOP_LOG_MAIN_D_SG','TO_E_ESOP_LOG_MAIN_D_SG_20170910','TO_E_ESOP_LOG_MAIN_D_SG','10','CREATE_DTS','创建时间','STRING','','','','','Y','格式YYYY-MM-DDHH24:MI:SS','C1-2','3','');
insert into column_val (xmlid, col_xmlid, dataname, col_seq, colname, colcnname, datatype, length, precision_val, party_seq, isprimarykey, isnullable, remark, filed_type_child, sensitive_level, policyid) values ('TO_E_ESOP_LOG_MAIN_D_SG','TO_E_ESOP_LOG_MAIN_D_SG_20170911','TO_E_ESOP_LOG_MAIN_D_SG','11','CHG_TIM','修改时间','STRING','','','','','Y','格式YYYY-MM-DDHH24:MI:SS','C1-2','3','');
insert into column_val (xmlid, col_xmlid, dataname, col_seq, colname, colcnname, datatype, length, precision_val, party_seq, isprimarykey, isnullable, remark, filed_type_child, sensitive_level, policyid) values ('TO_E_ESOP_LOG_MAIN_D_SG','TO_E_ESOP_LOG_MAIN_D_SG_20170912','TO_E_ESOP_LOG_MAIN_D_SG','12','LOG_CONT','日志内容','STRING','','','','','Y','','C1-2','3','');
insert into column_val (xmlid, col_xmlid, dataname, col_seq, colname, colcnname, datatype, length, precision_val, party_seq, isprimarykey, isnullable, remark, filed_type_child, sensitive_level, policyid) values ('TO_E_ESOP_LOG_MAIN_D_SG','TO_E_ESOP_LOG_MAIN_D_SG_20170913','TO_E_ESOP_LOG_MAIN_D_SG','13','LOG_SRC','日志来源','STRING','','','','','Y','自己：1，系统：0','C1-2','3','');
insert into column_val (xmlid, col_xmlid, dataname, col_seq, colname, colcnname, datatype, length, precision_val, party_seq, isprimarykey, isnullable, remark, filed_type_child, sensitive_level, policyid) values ('TO_E_ESOP_LOG_MAIN_D_SG','TO_E_ESOP_LOG_MAIN_D_SG_20170914','TO_E_ESOP_LOG_MAIN_D_SG','14','STS_CD','状态','STRING','','','','','Y','1是，0否','C1-2','3','');
insert into column_val (xmlid, col_xmlid, dataname, col_seq, colname, colcnname, datatype, length, precision_val, party_seq, isprimarykey, isnullable, remark, filed_type_child, sensitive_level, policyid) values ('TO_E_ESOP_LOG_MAIN_D_SG','TO_E_ESOP_LOG_MAIN_D_SG_20170915','TO_E_ESOP_LOG_MAIN_D_SG','15','LOG_ATTACH','日志附件','STRING','','','','','Y','','C1-2','3','');
insert into column_val (xmlid, col_xmlid, dataname, col_seq, colname, colcnname, datatype, length, precision_val, party_seq, isprimarykey, isnullable, remark, filed_type_child, sensitive_level, policyid) values ('TO_E_ESOP_LOG_MAIN_D_SG','TO_E_ESOP_LOG_MAIN_D_SG_20170916','TO_E_ESOP_LOG_MAIN_D_SG','16','GROUP_TYP','集团类型','STRING','','','','','Y','自然集团：1，BOSS集团：0','C1-2','3','');
insert into column_val (xmlid, col_xmlid, dataname, col_seq, colname, colcnname, datatype, length, precision_val, party_seq, isprimarykey, isnullable, remark, filed_type_child, sensitive_level, policyid) values ('TO_E_ESOP_LOG_MAIN_D_SG','TO_E_ESOP_LOG_MAIN_D_SG_20170917','TO_E_ESOP_LOG_MAIN_D_SG','17','VISIT_DT','拜访时间','STRING','','','','','Y','','C1-2','3','');
insert into column_val (xmlid, col_xmlid, dataname, col_seq, colname, colcnname, datatype, length, precision_val, party_seq, isprimarykey, isnullable, remark, filed_type_child, sensitive_level, policyid) values ('TO_E_ESOP_LOG_MAIN_D_SG','TO_E_ESOP_LOG_MAIN_D_SG_20170918','TO_E_ESOP_LOG_MAIN_D_SG','18','LOG_WRITE_LENGTH','日志填写耗时','STRING','','','','','Y','单位：秒','C1-2','3','');
insert into column_val (xmlid, col_xmlid, dataname, col_seq, colname, colcnname, datatype, length, precision_val, party_seq, isprimarykey, isnullable, remark, filed_type_child, sensitive_level, policyid) values ('TO_E_ESOP_LOG_MAIN_D_SG','TO_E_ESOP_LOG_MAIN_D_SG_20170919','TO_E_ESOP_LOG_MAIN_D_SG','19','GROUP_NAME','集团名称','STRING','','','','','Y','包括自然集团、BOSS集团','C1-2','3','');
insert into column_val (xmlid, col_xmlid, dataname, col_seq, colname, colcnname, datatype, length, precision_val, party_seq, isprimarykey, isnullable, remark, filed_type_child, sensitive_level, policyid) values ('TO_E_ESOP_LOG_MAIN_D_SG','TO_E_ESOP_LOG_MAIN_D_SG_20170920','TO_E_ESOP_LOG_MAIN_D_SG','20','SER_TYP_CD','服务方式','STRING','','','','','Y','上门、电话、E-mail、短彩信、EMS邮寄、外出联谊、传真、其它','C1-2','3','');
insert into column_val (xmlid, col_xmlid, dataname, col_seq, colname, colcnname, datatype, length, precision_val, party_seq, isprimarykey, isnullable, remark, filed_type_child, sensitive_level, policyid) values ('TO_E_ESOP_LOG_MAIN_D_SG','TO_E_ESOP_LOG_MAIN_D_SG_20170921','TO_E_ESOP_LOG_MAIN_D_SG','21','VISIT_FORM','拜访活动形式','STRING','','','','','Y','上门拜访','C1-2','3','');
insert into column_val (xmlid, col_xmlid, dataname, col_seq, colname, colcnname, datatype, length, precision_val, party_seq, isprimarykey, isnullable, remark, filed_type_child, sensitive_level, policyid) values ('TO_E_ESOP_LOG_MAIN_D_SG','TO_E_ESOP_LOG_MAIN_D_SG_20170922','TO_E_ESOP_LOG_MAIN_D_SG','22','VISIT_AIM','拜访活动目的','STRING','','','','','Y','建立或维系高层客户关系','C1-2','3','');
insert into column_val (xmlid, col_xmlid, dataname, col_seq, colname, colcnname, datatype, length, precision_val, party_seq, isprimarykey, isnullable, remark, filed_type_child, sensitive_level, policyid) values ('TO_E_ESOP_LOG_MAIN_D_SG','TO_E_ESOP_LOG_MAIN_D_SG_20170923','TO_E_ESOP_LOG_MAIN_D_SG','23','SUBSNUMBER','客户手机号码','STRING','','','','','Y','个人服务填写','C1-2','3','');
insert into column_val (xmlid, col_xmlid, dataname, col_seq, colname, colcnname, datatype, length, precision_val, party_seq, isprimarykey, isnullable, remark, filed_type_child, sensitive_level, policyid) values ('TO_E_ESOP_LOG_MAIN_D_SG','TO_E_ESOP_LOG_MAIN_D_SG_20170924','TO_E_ESOP_LOG_MAIN_D_SG','24','CUST_NAM','客户名称','STRING','','','','','Y','个人服务填写','C1-2','3','');
insert into column_val (xmlid, col_xmlid, dataname, col_seq, colname, colcnname, datatype, length, precision_val, party_seq, isprimarykey, isnullable, remark, filed_type_child, sensitive_level, policyid) values ('TO_E_ESOP_LOG_MAIN_D_SG','TO_E_ESOP_LOG_MAIN_D_SG_20170925','TO_E_ESOP_LOG_MAIN_D_SG','25','CUST_ROLE','客户角色','STRING','','','','','Y','个人服务填写','C1-2','3','');
insert into column_val (xmlid, col_xmlid, dataname, col_seq, colname, colcnname, datatype, length, precision_val, party_seq, isprimarykey, isnullable, remark, filed_type_child, sensitive_level, policyid) values ('TO_E_ESOP_LOG_MAIN_D_SG','TO_E_ESOP_LOG_MAIN_D_SG_20170926','TO_E_ESOP_LOG_MAIN_D_SG','26','CORP_SCOPE','动态集团级别','STRING','','','','','Y','BOSS集团','C1-2','3','');
insert into column_val (xmlid, col_xmlid, dataname, col_seq, colname, colcnname, datatype, length, precision_val, party_seq, isprimarykey, isnullable, remark, filed_type_child, sensitive_level, policyid) values ('TO_E_ESOP_LOG_MAIN_D_SG','TO_E_ESOP_LOG_MAIN_D_SG_20170927','TO_E_ESOP_LOG_MAIN_D_SG','27','DIST_NAM','所属区县','STRING','','','','','Y','BOSS集团','C1-2','3','');
insert into column_val (xmlid, col_xmlid, dataname, col_seq, colname, colcnname, datatype, length, precision_val, party_seq, isprimarykey, isnullable, remark, filed_type_child, sensitive_level, policyid) values ('TO_E_ESOP_LOG_MAIN_D_SG','TO_E_ESOP_LOG_MAIN_D_SG_20170928','TO_E_ESOP_LOG_MAIN_D_SG','28','CUST_MGR','客户经理','STRING','','','','','Y','','C1-2','3','');
insert into column_val (xmlid, col_xmlid, dataname, col_seq, colname, colcnname, datatype, length, precision_val, party_seq, isprimarykey, isnullable, remark, filed_type_child, sensitive_level, policyid) values ('TO_E_ESOP_LOG_MAIN_D_SG','TO_E_ESOP_LOG_MAIN_D_SG_20170929','TO_E_ESOP_LOG_MAIN_D_SG','29','FOLLOW_STAFF','我方人员','STRING','','','','','Y','同行人员','C1-2','3','');
insert into column_val (xmlid, col_xmlid, dataname, col_seq, colname, colcnname, datatype, length, precision_val, party_seq, isprimarykey, isnullable, remark, filed_type_child, sensitive_level, policyid) values ('TO_E_ESOP_LOG_MAIN_D_SG','TO_E_ESOP_LOG_MAIN_D_SG_20170930','TO_E_ESOP_LOG_MAIN_D_SG','30','PROJECT_FEE','项目金额','STRING','','','','','Y','','C1-2','3','');
insert into column_val (xmlid, col_xmlid, dataname, col_seq, colname, colcnname, datatype, length, precision_val, party_seq, isprimarykey, isnullable, remark, filed_type_child, sensitive_level, policyid) values ('TO_E_ESOP_LOG_MAIN_D_SG','TO_E_ESOP_LOG_MAIN_D_SG_20170931','TO_E_ESOP_LOG_MAIN_D_SG','31','PROJECT_BRIEF','项目简介','STRING','','','','','Y','','C1-2','3','');
insert into column_val (xmlid, col_xmlid, dataname, col_seq, colname, colcnname, datatype, length, precision_val, party_seq, isprimarykey, isnullable, remark, filed_type_child, sensitive_level, policyid) values ('TO_E_ESOP_LOG_MAIN_D_SG','TO_E_ESOP_LOG_MAIN_D_SG_20170932','TO_E_ESOP_LOG_MAIN_D_SG','32','COMP_OPPONENT','竞争对手','STRING','','','','','Y','','C1-2','3','');
insert into column_val (xmlid, col_xmlid, dataname, col_seq, colname, colcnname, datatype, length, precision_val, party_seq, isprimarykey, isnullable, remark, filed_type_child, sensitive_level, policyid) values ('TO_E_ESOP_LOG_MAIN_D_SG','TO_E_ESOP_LOG_MAIN_D_SG_20170933','TO_E_ESOP_LOG_MAIN_D_SG','33','COMP_LEVEL','竞争级别','STRING','','','','','Y','','C1-2','3','');
insert into column_val (xmlid, col_xmlid, dataname, col_seq, colname, colcnname, datatype, length, precision_val, party_seq, isprimarykey, isnullable, remark, filed_type_child, sensitive_level, policyid) values ('TO_E_ESOP_LOG_MAIN_D_SG','TO_E_ESOP_LOG_MAIN_D_SG_20170934','TO_E_ESOP_LOG_MAIN_D_SG','34','RESPONSE_EVENT','应对事件','STRING','','','','','Y','','C1-2','3','');
insert into column_val (xmlid, col_xmlid, dataname, col_seq, colname, colcnname, datatype, length, precision_val, party_seq, isprimarykey, isnullable, remark, filed_type_child, sensitive_level, policyid) values ('TO_E_ESOP_LOG_MAIN_D_SG','TO_E_ESOP_LOG_MAIN_D_SG_20170935','TO_E_ESOP_LOG_MAIN_D_SG','35','RESPONSE_RESULT','应对结果','STRING','','','','','Y','','C1-2','3','');
insert into column_val (xmlid, col_xmlid, dataname, col_seq, colname, colcnname, datatype, length, precision_val, party_seq, isprimarykey, isnullable, remark, filed_type_child, sensitive_level, policyid) values ('TO_E_ESOP_LOG_MAIN_D_SG','TO_E_ESOP_LOG_MAIN_D_SG_20170936','TO_E_ESOP_LOG_MAIN_D_SG','36','OTHER_RESULT','其它成效','STRING','','','','','Y','','C1-2','3','');
insert into column_val (xmlid, col_xmlid, dataname, col_seq, colname, colcnname, datatype, length, precision_val, party_seq, isprimarykey, isnullable, remark, filed_type_child, sensitive_level, policyid) values ('TO_E_ESOP_LOG_MAIN_D_SG','TO_E_ESOP_LOG_MAIN_D_SG_20170937','TO_E_ESOP_LOG_MAIN_D_SG','37','NOTES','备注','STRING','','','','','Y','','C1-2','3','');
insert into column_val (xmlid, col_xmlid, dataname, col_seq, colname, colcnname, datatype, length, precision_val, party_seq, isprimarykey, isnullable, remark, filed_type_child, sensitive_level, policyid) values ('TO_E_ESOP_LOG_MAIN_D_SG','TO_E_ESOP_LOG_MAIN_D_SG_20170938','TO_E_ESOP_LOG_MAIN_D_SG','38','CHIEF_VISIT_MGR_NAM','主要拜访经理名称','STRING','','','','','Y','','C1-2','3','');
insert into column_val (xmlid, col_xmlid, dataname, col_seq, colname, colcnname, datatype, length, precision_val, party_seq, isprimarykey, isnullable, remark, filed_type_child, sensitive_level, policyid) values ('TO_E_ESOP_LOG_MAIN_D_SG','TO_E_ESOP_LOG_MAIN_D_SG_20170939','TO_E_ESOP_LOG_MAIN_D_SG','39','CHIEF_VISIT_MGR_JOB','职位','STRING','','','','','Y','','C1-2','3','');
insert into column_val (xmlid, col_xmlid, dataname, col_seq, colname, colcnname, datatype, length, precision_val, party_seq, isprimarykey, isnullable, remark, filed_type_child, sensitive_level, policyid) values ('TO_E_ESOP_LOG_MAIN_D_SG','TO_E_ESOP_LOG_MAIN_D_SG_20170940','TO_E_ESOP_LOG_MAIN_D_SG','40','VISIT_TYPE','拜访类型','STRING','','','','','Y','','C1-2','3','');
insert into column_val (xmlid, col_xmlid, dataname, col_seq, colname, colcnname, datatype, length, precision_val, party_seq, isprimarykey, isnullable, remark, filed_type_child, sensitive_level, policyid) values ('TO_E_ESOP_LOG_MAIN_D_SG','TO_E_ESOP_LOG_MAIN_D_SG_20170941','TO_E_ESOP_LOG_MAIN_D_SG','41','MOVEMENT_DESC','拜访描述','STRING','','','','','Y','','C1-2','3','');
insert into column_val (xmlid, col_xmlid, dataname, col_seq, colname, colcnname, datatype, length, precision_val, party_seq, isprimarykey, isnullable, remark, filed_type_child, sensitive_level, policyid) values ('TO_E_ESOP_LOG_MAIN_D_SG','TO_E_ESOP_LOG_MAIN_D_SG_20170942','TO_E_ESOP_LOG_MAIN_D_SG','42','IMPACT','影响','STRING','','','','','Y','','C1-2','3','');
insert into column_val (xmlid, col_xmlid, dataname, col_seq, colname, colcnname, datatype, length, precision_val, party_seq, isprimarykey, isnullable, remark, filed_type_child, sensitive_level, policyid) values ('TO_E_ESOP_LOG_MAIN_D_SG','TO_E_ESOP_LOG_MAIN_D_SG_20170943','TO_E_ESOP_LOG_MAIN_D_SG','43','PROJECT_NAM','项目名称','STRING','','','','','Y','','C1-2','3','');
insert into column_val (xmlid, col_xmlid, dataname, col_seq, colname, colcnname, datatype, length, precision_val, party_seq, isprimarykey, isnullable, remark, filed_type_child, sensitive_level, policyid) values ('TO_E_ESOP_LOG_MAIN_D_SG','TO_E_ESOP_LOG_MAIN_D_SG_20170944','TO_E_ESOP_LOG_MAIN_D_SG','44','REFER_PRDCT','参考产品','STRING','','','','','Y','','C1-2','3','');
insert into column_val (xmlid, col_xmlid, dataname, col_seq, colname, colcnname, datatype, length, precision_val, party_seq, isprimarykey, isnullable, remark, filed_type_child, sensitive_level, policyid) values ('TO_E_ESOP_LOG_MAIN_D_SG','TO_E_ESOP_LOG_MAIN_D_SG_20170945','TO_E_ESOP_LOG_MAIN_D_SG','45','AFFECT_RANGE','影响范围','STRING','','','','','Y','','C1-2','3','');
insert into column_val (xmlid, col_xmlid, dataname, col_seq, colname, colcnname, datatype, length, precision_val, party_seq, isprimarykey, isnullable, remark, filed_type_child, sensitive_level, policyid) values ('TO_E_ESOP_LOG_MAIN_D_SG','TO_E_ESOP_LOG_MAIN_D_SG_20170946','TO_E_ESOP_LOG_MAIN_D_SG','46','CMCC_BRANCH_CD','地市编码','STRING','','','','','Y','','C1-2','3','');
insert into column_val (xmlid, col_xmlid, dataname, col_seq, colname, colcnname, datatype, length, precision_val, party_seq, isprimarykey, isnullable, remark, filed_type_child, sensitive_level, policyid) values ('TO_E_ESOP_LOG_MAIN_D_SG','TO_E_ESOP_LOG_MAIN_D_SG_20170947','TO_E_ESOP_LOG_MAIN_D_SG','47','month','月份','INT','','','1','','N','','','','');
insert into column_val (xmlid, col_xmlid, dataname, col_seq, colname, colcnname, datatype, length, precision_val, party_seq, isprimarykey, isnullable, remark, filed_type_child, sensitive_level, policyid) values ('TO_E_ESOP_LOG_MAIN_D_SG','TO_E_ESOP_LOG_MAIN_D_SG_20170948','TO_E_ESOP_LOG_MAIN_D_SG','48','day','日期','INT','','','2','','N','','','','');

insert into tablefile (xmlid, dbname, dataname, datacnname, state, cycletype, topiccode, extend_cfg, rightlevel, creater, curdutyer, eff_date, state_date, team_code, open_state, remark) values ('TO_E_ESOP_LOG_MAIN_D_HY','BD_B','TO_E_ESOP_LOG_MAIN_D_HY','ODS_ESOP日志表','NEW','day','LAYERI_ISERV','{"EXTERNAL":"y","LOCATION":"/tenant/BIGDATA/JCFW/JRCL/BD_B/ODS/TO_E_ESOP_LOG_MAIN_D/branch=HY","FILEFORMAT":"PARQUET","DELIMITER":"&&"}','其他','谢英俊','谢英俊', TIMESTAMP '0009-02-17 12:00:00', TIMESTAMP '0009-02-17 12:00:00','f2999fd5-c34e-402e-9b28-fec9fca13044','','基础层-服务主题域');
insert into column_val (xmlid, col_xmlid, dataname, col_seq, colname, colcnname, datatype, length, precision_val, party_seq, isprimarykey, isnullable, remark, filed_type_child, sensitive_level, policyid) values ('TO_E_ESOP_LOG_MAIN_D_HY','TO_E_ESOP_LOG_MAIN_D_HY_2017091','TO_E_ESOP_LOG_MAIN_D_HY','1','LOG_ID','日志编号','STRING','','','','1','N','','C1-2','3','');
insert into column_val (xmlid, col_xmlid, dataname, col_seq, colname, colcnname, datatype, length, precision_val, party_seq, isprimarykey, isnullable, remark, filed_type_child, sensitive_level, policyid) values ('TO_E_ESOP_LOG_MAIN_D_HY','TO_E_ESOP_LOG_MAIN_D_HY_2017092','TO_E_ESOP_LOG_MAIN_D_HY','2','LOG_NAM','日志主题','STRING','','','','','Y','','C1-2','3','');
insert into column_val (xmlid, col_xmlid, dataname, col_seq, colname, colcnname, datatype, length, precision_val, party_seq, isprimarykey, isnullable, remark, filed_type_child, sensitive_level, policyid) values ('TO_E_ESOP_LOG_MAIN_D_HY','TO_E_ESOP_LOG_MAIN_D_HY_2017093','TO_E_ESOP_LOG_MAIN_D_HY','3','LOG_TYP','日志类型','STRING','','','','','Y','字典表GROUPID="logtype"','C1-2','3','');
insert into column_val (xmlid, col_xmlid, dataname, col_seq, colname, colcnname, datatype, length, precision_val, party_seq, isprimarykey, isnullable, remark, filed_type_child, sensitive_level, policyid) values ('TO_E_ESOP_LOG_MAIN_D_HY','TO_E_ESOP_LOG_MAIN_D_HY_2017094','TO_E_ESOP_LOG_MAIN_D_HY','4','CTY_CD','地市','STRING','','','','1','N','主键
地市region，
999-省公司
200-广州
660-汕尾
662-阳江
663-揭阳
668-茂名
750-江门
751-韶关
752-惠州
753-梅州
754-汕头
755-深圳
756-珠海
757-佛山
758-肇庆
759-湛江
760-中山
762-河源
763-清远
766-云浮
768-潮州
769-东莞','C1-2','3','');
insert into column_val (xmlid, col_xmlid, dataname, col_seq, colname, colcnname, datatype, length, precision_val, party_seq, isprimarykey, isnullable, remark, filed_type_child, sensitive_level, policyid) values ('TO_E_ESOP_LOG_MAIN_D_HY','TO_E_ESOP_LOG_MAIN_D_HY_2017095','TO_E_ESOP_LOG_MAIN_D_HY','5','OPERATION_ID','关联业务单号','STRING','','','','','Y','项目编号PROJECTID','C1-2','3','');
insert into column_val (xmlid, col_xmlid, dataname, col_seq, colname, colcnname, datatype, length, precision_val, party_seq, isprimarykey, isnullable, remark, filed_type_child, sensitive_level, policyid) values ('TO_E_ESOP_LOG_MAIN_D_HY','TO_E_ESOP_LOG_MAIN_D_HY_2017096','TO_E_ESOP_LOG_MAIN_D_HY','6','OPERATION_NAM','关联业务单名称','STRING','','','','','Y','项目PROJECTNAME','C1-2','3','');
insert into column_val (xmlid, col_xmlid, dataname, col_seq, colname, colcnname, datatype, length, precision_val, party_seq, isprimarykey, isnullable, remark, filed_type_child, sensitive_level, policyid) values ('TO_E_ESOP_LOG_MAIN_D_HY','TO_E_ESOP_LOG_MAIN_D_HY_2017097','TO_E_ESOP_LOG_MAIN_D_HY','7','SERVICE_ACT','客服动作','STRING','','','','','Y','字典表GROUPID="servicact"','C1-2','3','');
insert into column_val (xmlid, col_xmlid, dataname, col_seq, colname, colcnname, datatype, length, precision_val, party_seq, isprimarykey, isnullable, remark, filed_type_child, sensitive_level, policyid) values ('TO_E_ESOP_LOG_MAIN_D_HY','TO_E_ESOP_LOG_MAIN_D_HY_2017098','TO_E_ESOP_LOG_MAIN_D_HY','8','GROUP_ID','集团客户编号','STRING','','','','','Y','','C1-2','3','');
insert into column_val (xmlid, col_xmlid, dataname, col_seq, colname, colcnname, datatype, length, precision_val, party_seq, isprimarykey, isnullable, remark, filed_type_child, sensitive_level, policyid) values ('TO_E_ESOP_LOG_MAIN_D_HY','TO_E_ESOP_LOG_MAIN_D_HY_2017099','TO_E_ESOP_LOG_MAIN_D_HY','9','CRTEATOR','创建人','STRING','','','','','Y','','C1-2','3','');
insert into column_val (xmlid, col_xmlid, dataname, col_seq, colname, colcnname, datatype, length, precision_val, party_seq, isprimarykey, isnullable, remark, filed_type_child, sensitive_level, policyid) values ('TO_E_ESOP_LOG_MAIN_D_HY','TO_E_ESOP_LOG_MAIN_D_HY_20170910','TO_E_ESOP_LOG_MAIN_D_HY','10','CREATE_DTS','创建时间','STRING','','','','','Y','格式YYYY-MM-DDHH24:MI:SS','C1-2','3','');
insert into column_val (xmlid, col_xmlid, dataname, col_seq, colname, colcnname, datatype, length, precision_val, party_seq, isprimarykey, isnullable, remark, filed_type_child, sensitive_level, policyid) values ('TO_E_ESOP_LOG_MAIN_D_HY','TO_E_ESOP_LOG_MAIN_D_HY_20170911','TO_E_ESOP_LOG_MAIN_D_HY','11','CHG_TIM','修改时间','STRING','','','','','Y','格式YYYY-MM-DDHH24:MI:SS','C1-2','3','');
insert into column_val (xmlid, col_xmlid, dataname, col_seq, colname, colcnname, datatype, length, precision_val, party_seq, isprimarykey, isnullable, remark, filed_type_child, sensitive_level, policyid) values ('TO_E_ESOP_LOG_MAIN_D_HY','TO_E_ESOP_LOG_MAIN_D_HY_20170912','TO_E_ESOP_LOG_MAIN_D_HY','12','LOG_CONT','日志内容','STRING','','','','','Y','','C1-2','3','');
insert into column_val (xmlid, col_xmlid, dataname, col_seq, colname, colcnname, datatype, length, precision_val, party_seq, isprimarykey, isnullable, remark, filed_type_child, sensitive_level, policyid) values ('TO_E_ESOP_LOG_MAIN_D_HY','TO_E_ESOP_LOG_MAIN_D_HY_20170913','TO_E_ESOP_LOG_MAIN_D_HY','13','LOG_SRC','日志来源','STRING','','','','','Y','自己：1，系统：0','C1-2','3','');
insert into column_val (xmlid, col_xmlid, dataname, col_seq, colname, colcnname, datatype, length, precision_val, party_seq, isprimarykey, isnullable, remark, filed_type_child, sensitive_level, policyid) values ('TO_E_ESOP_LOG_MAIN_D_HY','TO_E_ESOP_LOG_MAIN_D_HY_20170914','TO_E_ESOP_LOG_MAIN_D_HY','14','STS_CD','状态','STRING','','','','','Y','1是，0否','C1-2','3','');
insert into column_val (xmlid, col_xmlid, dataname, col_seq, colname, colcnname, datatype, length, precision_val, party_seq, isprimarykey, isnullable, remark, filed_type_child, sensitive_level, policyid) values ('TO_E_ESOP_LOG_MAIN_D_HY','TO_E_ESOP_LOG_MAIN_D_HY_20170915','TO_E_ESOP_LOG_MAIN_D_HY','15','LOG_ATTACH','日志附件','STRING','','','','','Y','','C1-2','3','');
insert into column_val (xmlid, col_xmlid, dataname, col_seq, colname, colcnname, datatype, length, precision_val, party_seq, isprimarykey, isnullable, remark, filed_type_child, sensitive_level, policyid) values ('TO_E_ESOP_LOG_MAIN_D_HY','TO_E_ESOP_LOG_MAIN_D_HY_20170916','TO_E_ESOP_LOG_MAIN_D_HY','16','GROUP_TYP','集团类型','STRING','','','','','Y','自然集团：1，BOSS集团：0','C1-2','3','');
insert into column_val (xmlid, col_xmlid, dataname, col_seq, colname, colcnname, datatype, length, precision_val, party_seq, isprimarykey, isnullable, remark, filed_type_child, sensitive_level, policyid) values ('TO_E_ESOP_LOG_MAIN_D_HY','TO_E_ESOP_LOG_MAIN_D_HY_20170917','TO_E_ESOP_LOG_MAIN_D_HY','17','VISIT_DT','拜访时间','STRING','','','','','Y','','C1-2','3','');
insert into column_val (xmlid, col_xmlid, dataname, col_seq, colname, colcnname, datatype, length, precision_val, party_seq, isprimarykey, isnullable, remark, filed_type_child, sensitive_level, policyid) values ('TO_E_ESOP_LOG_MAIN_D_HY','TO_E_ESOP_LOG_MAIN_D_HY_20170918','TO_E_ESOP_LOG_MAIN_D_HY','18','LOG_WRITE_LENGTH','日志填写耗时','STRING','','','','','Y','单位：秒','C1-2','3','');
insert into column_val (xmlid, col_xmlid, dataname, col_seq, colname, colcnname, datatype, length, precision_val, party_seq, isprimarykey, isnullable, remark, filed_type_child, sensitive_level, policyid) values ('TO_E_ESOP_LOG_MAIN_D_HY','TO_E_ESOP_LOG_MAIN_D_HY_20170919','TO_E_ESOP_LOG_MAIN_D_HY','19','GROUP_NAME','集团名称','STRING','','','','','Y','包括自然集团、BOSS集团','C1-2','3','');
insert into column_val (xmlid, col_xmlid, dataname, col_seq, colname, colcnname, datatype, length, precision_val, party_seq, isprimarykey, isnullable, remark, filed_type_child, sensitive_level, policyid) values ('TO_E_ESOP_LOG_MAIN_D_HY','TO_E_ESOP_LOG_MAIN_D_HY_20170920','TO_E_ESOP_LOG_MAIN_D_HY','20','SER_TYP_CD','服务方式','STRING','','','','','Y','上门、电话、E-mail、短彩信、EMS邮寄、外出联谊、传真、其它','C1-2','3','');
insert into column_val (xmlid, col_xmlid, dataname, col_seq, colname, colcnname, datatype, length, precision_val, party_seq, isprimarykey, isnullable, remark, filed_type_child, sensitive_level, policyid) values ('TO_E_ESOP_LOG_MAIN_D_HY','TO_E_ESOP_LOG_MAIN_D_HY_20170921','TO_E_ESOP_LOG_MAIN_D_HY','21','VISIT_FORM','拜访活动形式','STRING','','','','','Y','上门拜访','C1-2','3','');
insert into column_val (xmlid, col_xmlid, dataname, col_seq, colname, colcnname, datatype, length, precision_val, party_seq, isprimarykey, isnullable, remark, filed_type_child, sensitive_level, policyid) values ('TO_E_ESOP_LOG_MAIN_D_HY','TO_E_ESOP_LOG_MAIN_D_HY_20170922','TO_E_ESOP_LOG_MAIN_D_HY','22','VISIT_AIM','拜访活动目的','STRING','','','','','Y','建立或维系高层客户关系','C1-2','3','');
insert into column_val (xmlid, col_xmlid, dataname, col_seq, colname, colcnname, datatype, length, precision_val, party_seq, isprimarykey, isnullable, remark, filed_type_child, sensitive_level, policyid) values ('TO_E_ESOP_LOG_MAIN_D_HY','TO_E_ESOP_LOG_MAIN_D_HY_20170923','TO_E_ESOP_LOG_MAIN_D_HY','23','SUBSNUMBER','客户手机号码','STRING','','','','','Y','个人服务填写','C1-2','3','');
insert into column_val (xmlid, col_xmlid, dataname, col_seq, colname, colcnname, datatype, length, precision_val, party_seq, isprimarykey, isnullable, remark, filed_type_child, sensitive_level, policyid) values ('TO_E_ESOP_LOG_MAIN_D_HY','TO_E_ESOP_LOG_MAIN_D_HY_20170924','TO_E_ESOP_LOG_MAIN_D_HY','24','CUST_NAM','客户名称','STRING','','','','','Y','个人服务填写','C1-2','3','');
insert into column_val (xmlid, col_xmlid, dataname, col_seq, colname, colcnname, datatype, length, precision_val, party_seq, isprimarykey, isnullable, remark, filed_type_child, sensitive_level, policyid) values ('TO_E_ESOP_LOG_MAIN_D_HY','TO_E_ESOP_LOG_MAIN_D_HY_20170925','TO_E_ESOP_LOG_MAIN_D_HY','25','CUST_ROLE','客户角色','STRING','','','','','Y','个人服务填写','C1-2','3','');
insert into column_val (xmlid, col_xmlid, dataname, col_seq, colname, colcnname, datatype, length, precision_val, party_seq, isprimarykey, isnullable, remark, filed_type_child, sensitive_level, policyid) values ('TO_E_ESOP_LOG_MAIN_D_HY','TO_E_ESOP_LOG_MAIN_D_HY_20170926','TO_E_ESOP_LOG_MAIN_D_HY','26','CORP_SCOPE','动态集团级别','STRING','','','','','Y','BOSS集团','C1-2','3','');
insert into column_val (xmlid, col_xmlid, dataname, col_seq, colname, colcnname, datatype, length, precision_val, party_seq, isprimarykey, isnullable, remark, filed_type_child, sensitive_level, policyid) values ('TO_E_ESOP_LOG_MAIN_D_HY','TO_E_ESOP_LOG_MAIN_D_HY_20170927','TO_E_ESOP_LOG_MAIN_D_HY','27','DIST_NAM','所属区县','STRING','','','','','Y','BOSS集团','C1-2','3','');
insert into column_val (xmlid, col_xmlid, dataname, col_seq, colname, colcnname, datatype, length, precision_val, party_seq, isprimarykey, isnullable, remark, filed_type_child, sensitive_level, policyid) values ('TO_E_ESOP_LOG_MAIN_D_HY','TO_E_ESOP_LOG_MAIN_D_HY_20170928','TO_E_ESOP_LOG_MAIN_D_HY','28','CUST_MGR','客户经理','STRING','','','','','Y','','C1-2','3','');
insert into column_val (xmlid, col_xmlid, dataname, col_seq, colname, colcnname, datatype, length, precision_val, party_seq, isprimarykey, isnullable, remark, filed_type_child, sensitive_level, policyid) values ('TO_E_ESOP_LOG_MAIN_D_HY','TO_E_ESOP_LOG_MAIN_D_HY_20170929','TO_E_ESOP_LOG_MAIN_D_HY','29','FOLLOW_STAFF','我方人员','STRING','','','','','Y','同行人员','C1-2','3','');
insert into column_val (xmlid, col_xmlid, dataname, col_seq, colname, colcnname, datatype, length, precision_val, party_seq, isprimarykey, isnullable, remark, filed_type_child, sensitive_level, policyid) values ('TO_E_ESOP_LOG_MAIN_D_HY','TO_E_ESOP_LOG_MAIN_D_HY_20170930','TO_E_ESOP_LOG_MAIN_D_HY','30','PROJECT_FEE','项目金额','STRING','','','','','Y','','C1-2','3','');
insert into column_val (xmlid, col_xmlid, dataname, col_seq, colname, colcnname, datatype, length, precision_val, party_seq, isprimarykey, isnullable, remark, filed_type_child, sensitive_level, policyid) values ('TO_E_ESOP_LOG_MAIN_D_HY','TO_E_ESOP_LOG_MAIN_D_HY_20170931','TO_E_ESOP_LOG_MAIN_D_HY','31','PROJECT_BRIEF','项目简介','STRING','','','','','Y','','C1-2','3','');
insert into column_val (xmlid, col_xmlid, dataname, col_seq, colname, colcnname, datatype, length, precision_val, party_seq, isprimarykey, isnullable, remark, filed_type_child, sensitive_level, policyid) values ('TO_E_ESOP_LOG_MAIN_D_HY','TO_E_ESOP_LOG_MAIN_D_HY_20170932','TO_E_ESOP_LOG_MAIN_D_HY','32','COMP_OPPONENT','竞争对手','STRING','','','','','Y','','C1-2','3','');
insert into column_val (xmlid, col_xmlid, dataname, col_seq, colname, colcnname, datatype, length, precision_val, party_seq, isprimarykey, isnullable, remark, filed_type_child, sensitive_level, policyid) values ('TO_E_ESOP_LOG_MAIN_D_HY','TO_E_ESOP_LOG_MAIN_D_HY_20170933','TO_E_ESOP_LOG_MAIN_D_HY','33','COMP_LEVEL','竞争级别','STRING','','','','','Y','','C1-2','3','');
insert into column_val (xmlid, col_xmlid, dataname, col_seq, colname, colcnname, datatype, length, precision_val, party_seq, isprimarykey, isnullable, remark, filed_type_child, sensitive_level, policyid) values ('TO_E_ESOP_LOG_MAIN_D_HY','TO_E_ESOP_LOG_MAIN_D_HY_20170934','TO_E_ESOP_LOG_MAIN_D_HY','34','RESPONSE_EVENT','应对事件','STRING','','','','','Y','','C1-2','3','');
insert into column_val (xmlid, col_xmlid, dataname, col_seq, colname, colcnname, datatype, length, precision_val, party_seq, isprimarykey, isnullable, remark, filed_type_child, sensitive_level, policyid) values ('TO_E_ESOP_LOG_MAIN_D_HY','TO_E_ESOP_LOG_MAIN_D_HY_20170935','TO_E_ESOP_LOG_MAIN_D_HY','35','RESPONSE_RESULT','应对结果','STRING','','','','','Y','','C1-2','3','');
insert into column_val (xmlid, col_xmlid, dataname, col_seq, colname, colcnname, datatype, length, precision_val, party_seq, isprimarykey, isnullable, remark, filed_type_child, sensitive_level, policyid) values ('TO_E_ESOP_LOG_MAIN_D_HY','TO_E_ESOP_LOG_MAIN_D_HY_20170936','TO_E_ESOP_LOG_MAIN_D_HY','36','OTHER_RESULT','其它成效','STRING','','','','','Y','','C1-2','3','');
insert into column_val (xmlid, col_xmlid, dataname, col_seq, colname, colcnname, datatype, length, precision_val, party_seq, isprimarykey, isnullable, remark, filed_type_child, sensitive_level, policyid) values ('TO_E_ESOP_LOG_MAIN_D_HY','TO_E_ESOP_LOG_MAIN_D_HY_20170937','TO_E_ESOP_LOG_MAIN_D_HY','37','NOTES','备注','STRING','','','','','Y','','C1-2','3','');
insert into column_val (xmlid, col_xmlid, dataname, col_seq, colname, colcnname, datatype, length, precision_val, party_seq, isprimarykey, isnullable, remark, filed_type_child, sensitive_level, policyid) values ('TO_E_ESOP_LOG_MAIN_D_HY','TO_E_ESOP_LOG_MAIN_D_HY_20170938','TO_E_ESOP_LOG_MAIN_D_HY','38','CHIEF_VISIT_MGR_NAM','主要拜访经理名称','STRING','','','','','Y','','C1-2','3','');
insert into column_val (xmlid, col_xmlid, dataname, col_seq, colname, colcnname, datatype, length, precision_val, party_seq, isprimarykey, isnullable, remark, filed_type_child, sensitive_level, policyid) values ('TO_E_ESOP_LOG_MAIN_D_HY','TO_E_ESOP_LOG_MAIN_D_HY_20170939','TO_E_ESOP_LOG_MAIN_D_HY','39','CHIEF_VISIT_MGR_JOB','职位','STRING','','','','','Y','','C1-2','3','');
insert into column_val (xmlid, col_xmlid, dataname, col_seq, colname, colcnname, datatype, length, precision_val, party_seq, isprimarykey, isnullable, remark, filed_type_child, sensitive_level, policyid) values ('TO_E_ESOP_LOG_MAIN_D_HY','TO_E_ESOP_LOG_MAIN_D_HY_20170940','TO_E_ESOP_LOG_MAIN_D_HY','40','VISIT_TYPE','拜访类型','STRING','','','','','Y','','C1-2','3','');
insert into column_val (xmlid, col_xmlid, dataname, col_seq, colname, colcnname, datatype, length, precision_val, party_seq, isprimarykey, isnullable, remark, filed_type_child, sensitive_level, policyid) values ('TO_E_ESOP_LOG_MAIN_D_HY','TO_E_ESOP_LOG_MAIN_D_HY_20170941','TO_E_ESOP_LOG_MAIN_D_HY','41','MOVEMENT_DESC','拜访描述','STRING','','','','','Y','','C1-2','3','');
insert into column_val (xmlid, col_xmlid, dataname, col_seq, colname, colcnname, datatype, length, precision_val, party_seq, isprimarykey, isnullable, remark, filed_type_child, sensitive_level, policyid) values ('TO_E_ESOP_LOG_MAIN_D_HY','TO_E_ESOP_LOG_MAIN_D_HY_20170942','TO_E_ESOP_LOG_MAIN_D_HY','42','IMPACT','影响','STRING','','','','','Y','','C1-2','3','');
insert into column_val (xmlid, col_xmlid, dataname, col_seq, colname, colcnname, datatype, length, precision_val, party_seq, isprimarykey, isnullable, remark, filed_type_child, sensitive_level, policyid) values ('TO_E_ESOP_LOG_MAIN_D_HY','TO_E_ESOP_LOG_MAIN_D_HY_20170943','TO_E_ESOP_LOG_MAIN_D_HY','43','PROJECT_NAM','项目名称','STRING','','','','','Y','','C1-2','3','');
insert into column_val (xmlid, col_xmlid, dataname, col_seq, colname, colcnname, datatype, length, precision_val, party_seq, isprimarykey, isnullable, remark, filed_type_child, sensitive_level, policyid) values ('TO_E_ESOP_LOG_MAIN_D_HY','TO_E_ESOP_LOG_MAIN_D_HY_20170944','TO_E_ESOP_LOG_MAIN_D_HY','44','REFER_PRDCT','参考产品','STRING','','','','','Y','','C1-2','3','');
insert into column_val (xmlid, col_xmlid, dataname, col_seq, colname, colcnname, datatype, length, precision_val, party_seq, isprimarykey, isnullable, remark, filed_type_child, sensitive_level, policyid) values ('TO_E_ESOP_LOG_MAIN_D_HY','TO_E_ESOP_LOG_MAIN_D_HY_20170945','TO_E_ESOP_LOG_MAIN_D_HY','45','AFFECT_RANGE','影响范围','STRING','','','','','Y','','C1-2','3','');
insert into column_val (xmlid, col_xmlid, dataname, col_seq, colname, colcnname, datatype, length, precision_val, party_seq, isprimarykey, isnullable, remark, filed_type_child, sensitive_level, policyid) values ('TO_E_ESOP_LOG_MAIN_D_HY','TO_E_ESOP_LOG_MAIN_D_HY_20170946','TO_E_ESOP_LOG_MAIN_D_HY','46','CMCC_BRANCH_CD','地市编码','STRING','','','','','Y','','C1-2','3','');
insert into column_val (xmlid, col_xmlid, dataname, col_seq, colname, colcnname, datatype, length, precision_val, party_seq, isprimarykey, isnullable, remark, filed_type_child, sensitive_level, policyid) values ('TO_E_ESOP_LOG_MAIN_D_HY','TO_E_ESOP_LOG_MAIN_D_HY_20170947','TO_E_ESOP_LOG_MAIN_D_HY','47','month','月份','INT','','','1','','N','','','','');
insert into column_val (xmlid, col_xmlid, dataname, col_seq, colname, colcnname, datatype, length, precision_val, party_seq, isprimarykey, isnullable, remark, filed_type_child, sensitive_level, policyid) values ('TO_E_ESOP_LOG_MAIN_D_HY','TO_E_ESOP_LOG_MAIN_D_HY_20170948','TO_E_ESOP_LOG_MAIN_D_HY','48','day','日期','INT','','','2','','N','','','','');

insert into tablefile (xmlid, dbname, dataname, datacnname, state, cycletype, topiccode, extend_cfg, rightlevel, creater, curdutyer, eff_date, state_date, team_code, open_state, remark) values ('TO_E_ESOP_LOG_MAIN_D_MZ','BD_B','TO_E_ESOP_LOG_MAIN_D_MZ','ODS_ESOP日志表','NEW','day','LAYERI_ISERV','{"EXTERNAL":"y","LOCATION":"/tenant/BIGDATA/JCFW/JRCL/BD_B/ODS/TO_E_ESOP_LOG_MAIN_D/branch=MZ","FILEFORMAT":"PARQUET","DELIMITER":"&&"}','其他','谢英俊','谢英俊', TIMESTAMP '0009-02-17 12:00:00', TIMESTAMP '0009-02-17 12:00:00','f2999fd5-c34e-402e-9b28-fec9fca13044','','基础层-服务主题域');
insert into column_val (xmlid, col_xmlid, dataname, col_seq, colname, colcnname, datatype, length, precision_val, party_seq, isprimarykey, isnullable, remark, filed_type_child, sensitive_level, policyid) values ('TO_E_ESOP_LOG_MAIN_D_MZ','TO_E_ESOP_LOG_MAIN_D_MZ_2017091','TO_E_ESOP_LOG_MAIN_D_MZ','1','LOG_ID','日志编号','STRING','','','','1','N','','C1-2','3','');
insert into column_val (xmlid, col_xmlid, dataname, col_seq, colname, colcnname, datatype, length, precision_val, party_seq, isprimarykey, isnullable, remark, filed_type_child, sensitive_level, policyid) values ('TO_E_ESOP_LOG_MAIN_D_MZ','TO_E_ESOP_LOG_MAIN_D_MZ_2017092','TO_E_ESOP_LOG_MAIN_D_MZ','2','LOG_NAM','日志主题','STRING','','','','','Y','','C1-2','3','');
insert into column_val (xmlid, col_xmlid, dataname, col_seq, colname, colcnname, datatype, length, precision_val, party_seq, isprimarykey, isnullable, remark, filed_type_child, sensitive_level, policyid) values ('TO_E_ESOP_LOG_MAIN_D_MZ','TO_E_ESOP_LOG_MAIN_D_MZ_2017093','TO_E_ESOP_LOG_MAIN_D_MZ','3','LOG_TYP','日志类型','STRING','','','','','Y','字典表GROUPID="logtype"','C1-2','3','');
insert into column_val (xmlid, col_xmlid, dataname, col_seq, colname, colcnname, datatype, length, precision_val, party_seq, isprimarykey, isnullable, remark, filed_type_child, sensitive_level, policyid) values ('TO_E_ESOP_LOG_MAIN_D_MZ','TO_E_ESOP_LOG_MAIN_D_MZ_2017094','TO_E_ESOP_LOG_MAIN_D_MZ','4','CTY_CD','地市','STRING','','','','1','N','主键
地市region，
999-省公司
200-广州
660-汕尾
662-阳江
663-揭阳
668-茂名
750-江门
751-韶关
752-惠州
753-梅州
754-汕头
755-深圳
756-珠海
757-佛山
758-肇庆
759-湛江
760-中山
762-河源
763-清远
766-云浮
768-潮州
769-东莞','C1-2','3','');
insert into column_val (xmlid, col_xmlid, dataname, col_seq, colname, colcnname, datatype, length, precision_val, party_seq, isprimarykey, isnullable, remark, filed_type_child, sensitive_level, policyid) values ('TO_E_ESOP_LOG_MAIN_D_MZ','TO_E_ESOP_LOG_MAIN_D_MZ_2017095','TO_E_ESOP_LOG_MAIN_D_MZ','5','OPERATION_ID','关联业务单号','STRING','','','','','Y','项目编号PROJECTID','C1-2','3','');
insert into column_val (xmlid, col_xmlid, dataname, col_seq, colname, colcnname, datatype, length, precision_val, party_seq, isprimarykey, isnullable, remark, filed_type_child, sensitive_level, policyid) values ('TO_E_ESOP_LOG_MAIN_D_MZ','TO_E_ESOP_LOG_MAIN_D_MZ_2017096','TO_E_ESOP_LOG_MAIN_D_MZ','6','OPERATION_NAM','关联业务单名称','STRING','','','','','Y','项目PROJECTNAME','C1-2','3','');
insert into column_val (xmlid, col_xmlid, dataname, col_seq, colname, colcnname, datatype, length, precision_val, party_seq, isprimarykey, isnullable, remark, filed_type_child, sensitive_level, policyid) values ('TO_E_ESOP_LOG_MAIN_D_MZ','TO_E_ESOP_LOG_MAIN_D_MZ_2017097','TO_E_ESOP_LOG_MAIN_D_MZ','7','SERVICE_ACT','客服动作','STRING','','','','','Y','字典表GROUPID="servicact"','C1-2','3','');
insert into column_val (xmlid, col_xmlid, dataname, col_seq, colname, colcnname, datatype, length, precision_val, party_seq, isprimarykey, isnullable, remark, filed_type_child, sensitive_level, policyid) values ('TO_E_ESOP_LOG_MAIN_D_MZ','TO_E_ESOP_LOG_MAIN_D_MZ_2017098','TO_E_ESOP_LOG_MAIN_D_MZ','8','GROUP_ID','集团客户编号','STRING','','','','','Y','','C1-2','3','');
insert into column_val (xmlid, col_xmlid, dataname, col_seq, colname, colcnname, datatype, length, precision_val, party_seq, isprimarykey, isnullable, remark, filed_type_child, sensitive_level, policyid) values ('TO_E_ESOP_LOG_MAIN_D_MZ','TO_E_ESOP_LOG_MAIN_D_MZ_2017099','TO_E_ESOP_LOG_MAIN_D_MZ','9','CRTEATOR','创建人','STRING','','','','','Y','','C1-2','3','');
insert into column_val (xmlid, col_xmlid, dataname, col_seq, colname, colcnname, datatype, length, precision_val, party_seq, isprimarykey, isnullable, remark, filed_type_child, sensitive_level, policyid) values ('TO_E_ESOP_LOG_MAIN_D_MZ','TO_E_ESOP_LOG_MAIN_D_MZ_20170910','TO_E_ESOP_LOG_MAIN_D_MZ','10','CREATE_DTS','创建时间','STRING','','','','','Y','格式YYYY-MM-DDHH24:MI:SS','C1-2','3','');
insert into column_val (xmlid, col_xmlid, dataname, col_seq, colname, colcnname, datatype, length, precision_val, party_seq, isprimarykey, isnullable, remark, filed_type_child, sensitive_level, policyid) values ('TO_E_ESOP_LOG_MAIN_D_MZ','TO_E_ESOP_LOG_MAIN_D_MZ_20170911','TO_E_ESOP_LOG_MAIN_D_MZ','11','CHG_TIM','修改时间','STRING','','','','','Y','格式YYYY-MM-DDHH24:MI:SS','C1-2','3','');
insert into column_val (xmlid, col_xmlid, dataname, col_seq, colname, colcnname, datatype, length, precision_val, party_seq, isprimarykey, isnullable, remark, filed_type_child, sensitive_level, policyid) values ('TO_E_ESOP_LOG_MAIN_D_MZ','TO_E_ESOP_LOG_MAIN_D_MZ_20170912','TO_E_ESOP_LOG_MAIN_D_MZ','12','LOG_CONT','日志内容','STRING','','','','','Y','','C1-2','3','');
insert into column_val (xmlid, col_xmlid, dataname, col_seq, colname, colcnname, datatype, length, precision_val, party_seq, isprimarykey, isnullable, remark, filed_type_child, sensitive_level, policyid) values ('TO_E_ESOP_LOG_MAIN_D_MZ','TO_E_ESOP_LOG_MAIN_D_MZ_20170913','TO_E_ESOP_LOG_MAIN_D_MZ','13','LOG_SRC','日志来源','STRING','','','','','Y','自己：1，系统：0','C1-2','3','');
insert into column_val (xmlid, col_xmlid, dataname, col_seq, colname, colcnname, datatype, length, precision_val, party_seq, isprimarykey, isnullable, remark, filed_type_child, sensitive_level, policyid) values ('TO_E_ESOP_LOG_MAIN_D_MZ','TO_E_ESOP_LOG_MAIN_D_MZ_20170914','TO_E_ESOP_LOG_MAIN_D_MZ','14','STS_CD','状态','STRING','','','','','Y','1是，0否','C1-2','3','');
insert into column_val (xmlid, col_xmlid, dataname, col_seq, colname, colcnname, datatype, length, precision_val, party_seq, isprimarykey, isnullable, remark, filed_type_child, sensitive_level, policyid) values ('TO_E_ESOP_LOG_MAIN_D_MZ','TO_E_ESOP_LOG_MAIN_D_MZ_20170915','TO_E_ESOP_LOG_MAIN_D_MZ','15','LOG_ATTACH','日志附件','STRING','','','','','Y','','C1-2','3','');
insert into column_val (xmlid, col_xmlid, dataname, col_seq, colname, colcnname, datatype, length, precision_val, party_seq, isprimarykey, isnullable, remark, filed_type_child, sensitive_level, policyid) values ('TO_E_ESOP_LOG_MAIN_D_MZ','TO_E_ESOP_LOG_MAIN_D_MZ_20170916','TO_E_ESOP_LOG_MAIN_D_MZ','16','GROUP_TYP','集团类型','STRING','','','','','Y','自然集团：1，BOSS集团：0','C1-2','3','');
insert into column_val (xmlid, col_xmlid, dataname, col_seq, colname, colcnname, datatype, length, precision_val, party_seq, isprimarykey, isnullable, remark, filed_type_child, sensitive_level, policyid) values ('TO_E_ESOP_LOG_MAIN_D_MZ','TO_E_ESOP_LOG_MAIN_D_MZ_20170917','TO_E_ESOP_LOG_MAIN_D_MZ','17','VISIT_DT','拜访时间','STRING','','','','','Y','','C1-2','3','');
insert into column_val (xmlid, col_xmlid, dataname, col_seq, colname, colcnname, datatype, length, precision_val, party_seq, isprimarykey, isnullable, remark, filed_type_child, sensitive_level, policyid) values ('TO_E_ESOP_LOG_MAIN_D_MZ','TO_E_ESOP_LOG_MAIN_D_MZ_20170918','TO_E_ESOP_LOG_MAIN_D_MZ','18','LOG_WRITE_LENGTH','日志填写耗时','STRING','','','','','Y','单位：秒','C1-2','3','');
insert into column_val (xmlid, col_xmlid, dataname, col_seq, colname, colcnname, datatype, length, precision_val, party_seq, isprimarykey, isnullable, remark, filed_type_child, sensitive_level, policyid) values ('TO_E_ESOP_LOG_MAIN_D_MZ','TO_E_ESOP_LOG_MAIN_D_MZ_20170919','TO_E_ESOP_LOG_MAIN_D_MZ','19','GROUP_NAME','集团名称','STRING','','','','','Y','包括自然集团、BOSS集团','C1-2','3','');
insert into column_val (xmlid, col_xmlid, dataname, col_seq, colname, colcnname, datatype, length, precision_val, party_seq, isprimarykey, isnullable, remark, filed_type_child, sensitive_level, policyid) values ('TO_E_ESOP_LOG_MAIN_D_MZ','TO_E_ESOP_LOG_MAIN_D_MZ_20170920','TO_E_ESOP_LOG_MAIN_D_MZ','20','SER_TYP_CD','服务方式','STRING','','','','','Y','上门、电话、E-mail、短彩信、EMS邮寄、外出联谊、传真、其它','C1-2','3','');
insert into column_val (xmlid, col_xmlid, dataname, col_seq, colname, colcnname, datatype, length, precision_val, party_seq, isprimarykey, isnullable, remark, filed_type_child, sensitive_level, policyid) values ('TO_E_ESOP_LOG_MAIN_D_MZ','TO_E_ESOP_LOG_MAIN_D_MZ_20170921','TO_E_ESOP_LOG_MAIN_D_MZ','21','VISIT_FORM','拜访活动形式','STRING','','','','','Y','上门拜访','C1-2','3','');
insert into column_val (xmlid, col_xmlid, dataname, col_seq, colname, colcnname, datatype, length, precision_val, party_seq, isprimarykey, isnullable, remark, filed_type_child, sensitive_level, policyid) values ('TO_E_ESOP_LOG_MAIN_D_MZ','TO_E_ESOP_LOG_MAIN_D_MZ_20170922','TO_E_ESOP_LOG_MAIN_D_MZ','22','VISIT_AIM','拜访活动目的','STRING','','','','','Y','建立或维系高层客户关系','C1-2','3','');
insert into column_val (xmlid, col_xmlid, dataname, col_seq, colname, colcnname, datatype, length, precision_val, party_seq, isprimarykey, isnullable, remark, filed_type_child, sensitive_level, policyid) values ('TO_E_ESOP_LOG_MAIN_D_MZ','TO_E_ESOP_LOG_MAIN_D_MZ_20170923','TO_E_ESOP_LOG_MAIN_D_MZ','23','SUBSNUMBER','客户手机号码','STRING','','','','','Y','个人服务填写','C1-2','3','');
insert into column_val (xmlid, col_xmlid, dataname, col_seq, colname, colcnname, datatype, length, precision_val, party_seq, isprimarykey, isnullable, remark, filed_type_child, sensitive_level, policyid) values ('TO_E_ESOP_LOG_MAIN_D_MZ','TO_E_ESOP_LOG_MAIN_D_MZ_20170924','TO_E_ESOP_LOG_MAIN_D_MZ','24','CUST_NAM','客户名称','STRING','','','','','Y','个人服务填写','C1-2','3','');
insert into column_val (xmlid, col_xmlid, dataname, col_seq, colname, colcnname, datatype, length, precision_val, party_seq, isprimarykey, isnullable, remark, filed_type_child, sensitive_level, policyid) values ('TO_E_ESOP_LOG_MAIN_D_MZ','TO_E_ESOP_LOG_MAIN_D_MZ_20170925','TO_E_ESOP_LOG_MAIN_D_MZ','25','CUST_ROLE','客户角色','STRING','','','','','Y','个人服务填写','C1-2','3','');
insert into column_val (xmlid, col_xmlid, dataname, col_seq, colname, colcnname, datatype, length, precision_val, party_seq, isprimarykey, isnullable, remark, filed_type_child, sensitive_level, policyid) values ('TO_E_ESOP_LOG_MAIN_D_MZ','TO_E_ESOP_LOG_MAIN_D_MZ_20170926','TO_E_ESOP_LOG_MAIN_D_MZ','26','CORP_SCOPE','动态集团级别','STRING','','','','','Y','BOSS集团','C1-2','3','');
insert into column_val (xmlid, col_xmlid, dataname, col_seq, colname, colcnname, datatype, length, precision_val, party_seq, isprimarykey, isnullable, remark, filed_type_child, sensitive_level, policyid) values ('TO_E_ESOP_LOG_MAIN_D_MZ','TO_E_ESOP_LOG_MAIN_D_MZ_20170927','TO_E_ESOP_LOG_MAIN_D_MZ','27','DIST_NAM','所属区县','STRING','','','','','Y','BOSS集团','C1-2','3','');
insert into column_val (xmlid, col_xmlid, dataname, col_seq, colname, colcnname, datatype, length, precision_val, party_seq, isprimarykey, isnullable, remark, filed_type_child, sensitive_level, policyid) values ('TO_E_ESOP_LOG_MAIN_D_MZ','TO_E_ESOP_LOG_MAIN_D_MZ_20170928','TO_E_ESOP_LOG_MAIN_D_MZ','28','CUST_MGR','客户经理','STRING','','','','','Y','','C1-2','3','');
insert into column_val (xmlid, col_xmlid, dataname, col_seq, colname, colcnname, datatype, length, precision_val, party_seq, isprimarykey, isnullable, remark, filed_type_child, sensitive_level, policyid) values ('TO_E_ESOP_LOG_MAIN_D_MZ','TO_E_ESOP_LOG_MAIN_D_MZ_20170929','TO_E_ESOP_LOG_MAIN_D_MZ','29','FOLLOW_STAFF','我方人员','STRING','','','','','Y','同行人员','C1-2','3','');
insert into column_val (xmlid, col_xmlid, dataname, col_seq, colname, colcnname, datatype, length, precision_val, party_seq, isprimarykey, isnullable, remark, filed_type_child, sensitive_level, policyid) values ('TO_E_ESOP_LOG_MAIN_D_MZ','TO_E_ESOP_LOG_MAIN_D_MZ_20170930','TO_E_ESOP_LOG_MAIN_D_MZ','30','PROJECT_FEE','项目金额','STRING','','','','','Y','','C1-2','3','');
insert into column_val (xmlid, col_xmlid, dataname, col_seq, colname, colcnname, datatype, length, precision_val, party_seq, isprimarykey, isnullable, remark, filed_type_child, sensitive_level, policyid) values ('TO_E_ESOP_LOG_MAIN_D_MZ','TO_E_ESOP_LOG_MAIN_D_MZ_20170931','TO_E_ESOP_LOG_MAIN_D_MZ','31','PROJECT_BRIEF','项目简介','STRING','','','','','Y','','C1-2','3','');
insert into column_val (xmlid, col_xmlid, dataname, col_seq, colname, colcnname, datatype, length, precision_val, party_seq, isprimarykey, isnullable, remark, filed_type_child, sensitive_level, policyid) values ('TO_E_ESOP_LOG_MAIN_D_MZ','TO_E_ESOP_LOG_MAIN_D_MZ_20170932','TO_E_ESOP_LOG_MAIN_D_MZ','32','COMP_OPPONENT','竞争对手','STRING','','','','','Y','','C1-2','3','');
insert into column_val (xmlid, col_xmlid, dataname, col_seq, colname, colcnname, datatype, length, precision_val, party_seq, isprimarykey, isnullable, remark, filed_type_child, sensitive_level, policyid) values ('TO_E_ESOP_LOG_MAIN_D_MZ','TO_E_ESOP_LOG_MAIN_D_MZ_20170933','TO_E_ESOP_LOG_MAIN_D_MZ','33','COMP_LEVEL','竞争级别','STRING','','','','','Y','','C1-2','3','');
insert into column_val (xmlid, col_xmlid, dataname, col_seq, colname, colcnname, datatype, length, precision_val, party_seq, isprimarykey, isnullable, remark, filed_type_child, sensitive_level, policyid) values ('TO_E_ESOP_LOG_MAIN_D_MZ','TO_E_ESOP_LOG_MAIN_D_MZ_20170934','TO_E_ESOP_LOG_MAIN_D_MZ','34','RESPONSE_EVENT','应对事件','STRING','','','','','Y','','C1-2','3','');
insert into column_val (xmlid, col_xmlid, dataname, col_seq, colname, colcnname, datatype, length, precision_val, party_seq, isprimarykey, isnullable, remark, filed_type_child, sensitive_level, policyid) values ('TO_E_ESOP_LOG_MAIN_D_MZ','TO_E_ESOP_LOG_MAIN_D_MZ_20170935','TO_E_ESOP_LOG_MAIN_D_MZ','35','RESPONSE_RESULT','应对结果','STRING','','','','','Y','','C1-2','3','');
insert into column_val (xmlid, col_xmlid, dataname, col_seq, colname, colcnname, datatype, length, precision_val, party_seq, isprimarykey, isnullable, remark, filed_type_child, sensitive_level, policyid) values ('TO_E_ESOP_LOG_MAIN_D_MZ','TO_E_ESOP_LOG_MAIN_D_MZ_20170936','TO_E_ESOP_LOG_MAIN_D_MZ','36','OTHER_RESULT','其它成效','STRING','','','','','Y','','C1-2','3','');
insert into column_val (xmlid, col_xmlid, dataname, col_seq, colname, colcnname, datatype, length, precision_val, party_seq, isprimarykey, isnullable, remark, filed_type_child, sensitive_level, policyid) values ('TO_E_ESOP_LOG_MAIN_D_MZ','TO_E_ESOP_LOG_MAIN_D_MZ_20170937','TO_E_ESOP_LOG_MAIN_D_MZ','37','NOTES','备注','STRING','','','','','Y','','C1-2','3','');
insert into column_val (xmlid, col_xmlid, dataname, col_seq, colname, colcnname, datatype, length, precision_val, party_seq, isprimarykey, isnullable, remark, filed_type_child, sensitive_level, policyid) values ('TO_E_ESOP_LOG_MAIN_D_MZ','TO_E_ESOP_LOG_MAIN_D_MZ_20170938','TO_E_ESOP_LOG_MAIN_D_MZ','38','CHIEF_VISIT_MGR_NAM','主要拜访经理名称','STRING','','','','','Y','','C1-2','3','');
insert into column_val (xmlid, col_xmlid, dataname, col_seq, colname, colcnname, datatype, length, precision_val, party_seq, isprimarykey, isnullable, remark, filed_type_child, sensitive_level, policyid) values ('TO_E_ESOP_LOG_MAIN_D_MZ','TO_E_ESOP_LOG_MAIN_D_MZ_20170939','TO_E_ESOP_LOG_MAIN_D_MZ','39','CHIEF_VISIT_MGR_JOB','职位','STRING','','','','','Y','','C1-2','3','');
insert into column_val (xmlid, col_xmlid, dataname, col_seq, colname, colcnname, datatype, length, precision_val, party_seq, isprimarykey, isnullable, remark, filed_type_child, sensitive_level, policyid) values ('TO_E_ESOP_LOG_MAIN_D_MZ','TO_E_ESOP_LOG_MAIN_D_MZ_20170940','TO_E_ESOP_LOG_MAIN_D_MZ','40','VISIT_TYPE','拜访类型','STRING','','','','','Y','','C1-2','3','');
insert into column_val (xmlid, col_xmlid, dataname, col_seq, colname, colcnname, datatype, length, precision_val, party_seq, isprimarykey, isnullable, remark, filed_type_child, sensitive_level, policyid) values ('TO_E_ESOP_LOG_MAIN_D_MZ','TO_E_ESOP_LOG_MAIN_D_MZ_20170941','TO_E_ESOP_LOG_MAIN_D_MZ','41','MOVEMENT_DESC','拜访描述','STRING','','','','','Y','','C1-2','3','');
insert into column_val (xmlid, col_xmlid, dataname, col_seq, colname, colcnname, datatype, length, precision_val, party_seq, isprimarykey, isnullable, remark, filed_type_child, sensitive_level, policyid) values ('TO_E_ESOP_LOG_MAIN_D_MZ','TO_E_ESOP_LOG_MAIN_D_MZ_20170942','TO_E_ESOP_LOG_MAIN_D_MZ','42','IMPACT','影响','STRING','','','','','Y','','C1-2','3','');
insert into column_val (xmlid, col_xmlid, dataname, col_seq, colname, colcnname, datatype, length, precision_val, party_seq, isprimarykey, isnullable, remark, filed_type_child, sensitive_level, policyid) values ('TO_E_ESOP_LOG_MAIN_D_MZ','TO_E_ESOP_LOG_MAIN_D_MZ_20170943','TO_E_ESOP_LOG_MAIN_D_MZ','43','PROJECT_NAM','项目名称','STRING','','','','','Y','','C1-2','3','');
insert into column_val (xmlid, col_xmlid, dataname, col_seq, colname, colcnname, datatype, length, precision_val, party_seq, isprimarykey, isnullable, remark, filed_type_child, sensitive_level, policyid) values ('TO_E_ESOP_LOG_MAIN_D_MZ','TO_E_ESOP_LOG_MAIN_D_MZ_20170944','TO_E_ESOP_LOG_MAIN_D_MZ','44','REFER_PRDCT','参考产品','STRING','','','','','Y','','C1-2','3','');
insert into column_val (xmlid, col_xmlid, dataname, col_seq, colname, colcnname, datatype, length, precision_val, party_seq, isprimarykey, isnullable, remark, filed_type_child, sensitive_level, policyid) values ('TO_E_ESOP_LOG_MAIN_D_MZ','TO_E_ESOP_LOG_MAIN_D_MZ_20170945','TO_E_ESOP_LOG_MAIN_D_MZ','45','AFFECT_RANGE','影响范围','STRING','','','','','Y','','C1-2','3','');
insert into column_val (xmlid, col_xmlid, dataname, col_seq, colname, colcnname, datatype, length, precision_val, party_seq, isprimarykey, isnullable, remark, filed_type_child, sensitive_level, policyid) values ('TO_E_ESOP_LOG_MAIN_D_MZ','TO_E_ESOP_LOG_MAIN_D_MZ_20170946','TO_E_ESOP_LOG_MAIN_D_MZ','46','CMCC_BRANCH_CD','地市编码','STRING','','','','','Y','','C1-2','3','');
insert into column_val (xmlid, col_xmlid, dataname, col_seq, colname, colcnname, datatype, length, precision_val, party_seq, isprimarykey, isnullable, remark, filed_type_child, sensitive_level, policyid) values ('TO_E_ESOP_LOG_MAIN_D_MZ','TO_E_ESOP_LOG_MAIN_D_MZ_20170947','TO_E_ESOP_LOG_MAIN_D_MZ','47','month','月份','INT','','','1','','N','','','','');
insert into column_val (xmlid, col_xmlid, dataname, col_seq, colname, colcnname, datatype, length, precision_val, party_seq, isprimarykey, isnullable, remark, filed_type_child, sensitive_level, policyid) values ('TO_E_ESOP_LOG_MAIN_D_MZ','TO_E_ESOP_LOG_MAIN_D_MZ_20170948','TO_E_ESOP_LOG_MAIN_D_MZ','48','day','日期','INT','','','2','','N','','','','');

insert into tablefile (xmlid, dbname, dataname, datacnname, state, cycletype, topiccode, extend_cfg, rightlevel, creater, curdutyer, eff_date, state_date, team_code, open_state, remark) values ('TO_E_ESOP_LOG_MAIN_D_SW','BD_B','TO_E_ESOP_LOG_MAIN_D_SW','ODS_ESOP日志表','NEW','day','LAYERI_ISERV','{"EXTERNAL":"y","LOCATION":"/tenant/BIGDATA/JCFW/JRCL/BD_B/ODS/TO_E_ESOP_LOG_MAIN_D/branch=SW","FILEFORMAT":"PARQUET","DELIMITER":"&&"}','其他','谢英俊','谢英俊', TIMESTAMP '0009-02-17 12:00:00', TIMESTAMP '0009-02-17 12:00:00','f2999fd5-c34e-402e-9b28-fec9fca13044','','基础层-服务主题域');
insert into column_val (xmlid, col_xmlid, dataname, col_seq, colname, colcnname, datatype, length, precision_val, party_seq, isprimarykey, isnullable, remark, filed_type_child, sensitive_level, policyid) values ('TO_E_ESOP_LOG_MAIN_D_SW','TO_E_ESOP_LOG_MAIN_D_SW_2017091','TO_E_ESOP_LOG_MAIN_D_SW','1','LOG_ID','日志编号','STRING','','','','1','N','','C1-2','3','');
insert into column_val (xmlid, col_xmlid, dataname, col_seq, colname, colcnname, datatype, length, precision_val, party_seq, isprimarykey, isnullable, remark, filed_type_child, sensitive_level, policyid) values ('TO_E_ESOP_LOG_MAIN_D_SW','TO_E_ESOP_LOG_MAIN_D_SW_2017092','TO_E_ESOP_LOG_MAIN_D_SW','2','LOG_NAM','日志主题','STRING','','','','','Y','','C1-2','3','');
insert into column_val (xmlid, col_xmlid, dataname, col_seq, colname, colcnname, datatype, length, precision_val, party_seq, isprimarykey, isnullable, remark, filed_type_child, sensitive_level, policyid) values ('TO_E_ESOP_LOG_MAIN_D_SW','TO_E_ESOP_LOG_MAIN_D_SW_2017093','TO_E_ESOP_LOG_MAIN_D_SW','3','LOG_TYP','日志类型','STRING','','','','','Y','字典表GROUPID="logtype"','C1-2','3','');
insert into column_val (xmlid, col_xmlid, dataname, col_seq, colname, colcnname, datatype, length, precision_val, party_seq, isprimarykey, isnullable, remark, filed_type_child, sensitive_level, policyid) values ('TO_E_ESOP_LOG_MAIN_D_SW','TO_E_ESOP_LOG_MAIN_D_SW_2017094','TO_E_ESOP_LOG_MAIN_D_SW','4','CTY_CD','地市','STRING','','','','1','N','主键
地市region，
999-省公司
200-广州
660-汕尾
662-阳江
663-揭阳
668-茂名
750-江门
751-韶关
752-惠州
753-梅州
754-汕头
755-深圳
756-珠海
757-佛山
758-肇庆
759-湛江
760-中山
762-河源
763-清远
766-云浮
768-潮州
769-东莞','C1-2','3','');
insert into column_val (xmlid, col_xmlid, dataname, col_seq, colname, colcnname, datatype, length, precision_val, party_seq, isprimarykey, isnullable, remark, filed_type_child, sensitive_level, policyid) values ('TO_E_ESOP_LOG_MAIN_D_SW','TO_E_ESOP_LOG_MAIN_D_SW_2017095','TO_E_ESOP_LOG_MAIN_D_SW','5','OPERATION_ID','关联业务单号','STRING','','','','','Y','项目编号PROJECTID','C1-2','3','');
insert into column_val (xmlid, col_xmlid, dataname, col_seq, colname, colcnname, datatype, length, precision_val, party_seq, isprimarykey, isnullable, remark, filed_type_child, sensitive_level, policyid) values ('TO_E_ESOP_LOG_MAIN_D_SW','TO_E_ESOP_LOG_MAIN_D_SW_2017096','TO_E_ESOP_LOG_MAIN_D_SW','6','OPERATION_NAM','关联业务单名称','STRING','','','','','Y','项目PROJECTNAME','C1-2','3','');
insert into column_val (xmlid, col_xmlid, dataname, col_seq, colname, colcnname, datatype, length, precision_val, party_seq, isprimarykey, isnullable, remark, filed_type_child, sensitive_level, policyid) values ('TO_E_ESOP_LOG_MAIN_D_SW','TO_E_ESOP_LOG_MAIN_D_SW_2017097','TO_E_ESOP_LOG_MAIN_D_SW','7','SERVICE_ACT','客服动作','STRING','','','','','Y','字典表GROUPID="servicact"','C1-2','3','');
insert into column_val (xmlid, col_xmlid, dataname, col_seq, colname, colcnname, datatype, length, precision_val, party_seq, isprimarykey, isnullable, remark, filed_type_child, sensitive_level, policyid) values ('TO_E_ESOP_LOG_MAIN_D_SW','TO_E_ESOP_LOG_MAIN_D_SW_2017098','TO_E_ESOP_LOG_MAIN_D_SW','8','GROUP_ID','集团客户编号','STRING','','','','','Y','','C1-2','3','');
insert into column_val (xmlid, col_xmlid, dataname, col_seq, colname, colcnname, datatype, length, precision_val, party_seq, isprimarykey, isnullable, remark, filed_type_child, sensitive_level, policyid) values ('TO_E_ESOP_LOG_MAIN_D_SW','TO_E_ESOP_LOG_MAIN_D_SW_2017099','TO_E_ESOP_LOG_MAIN_D_SW','9','CRTEATOR','创建人','STRING','','','','','Y','','C1-2','3','');
insert into column_val (xmlid, col_xmlid, dataname, col_seq, colname, colcnname, datatype, length, precision_val, party_seq, isprimarykey, isnullable, remark, filed_type_child, sensitive_level, policyid) values ('TO_E_ESOP_LOG_MAIN_D_SW','TO_E_ESOP_LOG_MAIN_D_SW_20170910','TO_E_ESOP_LOG_MAIN_D_SW','10','CREATE_DTS','创建时间','STRING','','','','','Y','格式YYYY-MM-DDHH24:MI:SS','C1-2','3','');
insert into column_val (xmlid, col_xmlid, dataname, col_seq, colname, colcnname, datatype, length, precision_val, party_seq, isprimarykey, isnullable, remark, filed_type_child, sensitive_level, policyid) values ('TO_E_ESOP_LOG_MAIN_D_SW','TO_E_ESOP_LOG_MAIN_D_SW_20170911','TO_E_ESOP_LOG_MAIN_D_SW','11','CHG_TIM','修改时间','STRING','','','','','Y','格式YYYY-MM-DDHH24:MI:SS','C1-2','3','');
insert into column_val (xmlid, col_xmlid, dataname, col_seq, colname, colcnname, datatype, length, precision_val, party_seq, isprimarykey, isnullable, remark, filed_type_child, sensitive_level, policyid) values ('TO_E_ESOP_LOG_MAIN_D_SW','TO_E_ESOP_LOG_MAIN_D_SW_20170912','TO_E_ESOP_LOG_MAIN_D_SW','12','LOG_CONT','日志内容','STRING','','','','','Y','','C1-2','3','');
insert into column_val (xmlid, col_xmlid, dataname, col_seq, colname, colcnname, datatype, length, precision_val, party_seq, isprimarykey, isnullable, remark, filed_type_child, sensitive_level, policyid) values ('TO_E_ESOP_LOG_MAIN_D_SW','TO_E_ESOP_LOG_MAIN_D_SW_20170913','TO_E_ESOP_LOG_MAIN_D_SW','13','LOG_SRC','日志来源','STRING','','','','','Y','自己：1，系统：0','C1-2','3','');
insert into column_val (xmlid, col_xmlid, dataname, col_seq, colname, colcnname, datatype, length, precision_val, party_seq, isprimarykey, isnullable, remark, filed_type_child, sensitive_level, policyid) values ('TO_E_ESOP_LOG_MAIN_D_SW','TO_E_ESOP_LOG_MAIN_D_SW_20170914','TO_E_ESOP_LOG_MAIN_D_SW','14','STS_CD','状态','STRING','','','','','Y','1是，0否','C1-2','3','');
insert into column_val (xmlid, col_xmlid, dataname, col_seq, colname, colcnname, datatype, length, precision_val, party_seq, isprimarykey, isnullable, remark, filed_type_child, sensitive_level, policyid) values ('TO_E_ESOP_LOG_MAIN_D_SW','TO_E_ESOP_LOG_MAIN_D_SW_20170915','TO_E_ESOP_LOG_MAIN_D_SW','15','LOG_ATTACH','日志附件','STRING','','','','','Y','','C1-2','3','');
insert into column_val (xmlid, col_xmlid, dataname, col_seq, colname, colcnname, datatype, length, precision_val, party_seq, isprimarykey, isnullable, remark, filed_type_child, sensitive_level, policyid) values ('TO_E_ESOP_LOG_MAIN_D_SW','TO_E_ESOP_LOG_MAIN_D_SW_20170916','TO_E_ESOP_LOG_MAIN_D_SW','16','GROUP_TYP','集团类型','STRING','','','','','Y','自然集团：1，BOSS集团：0','C1-2','3','');
insert into column_val (xmlid, col_xmlid, dataname, col_seq, colname, colcnname, datatype, length, precision_val, party_seq, isprimarykey, isnullable, remark, filed_type_child, sensitive_level, policyid) values ('TO_E_ESOP_LOG_MAIN_D_SW','TO_E_ESOP_LOG_MAIN_D_SW_20170917','TO_E_ESOP_LOG_MAIN_D_SW','17','VISIT_DT','拜访时间','STRING','','','','','Y','','C1-2','3','');
insert into column_val (xmlid, col_xmlid, dataname, col_seq, colname, colcnname, datatype, length, precision_val, party_seq, isprimarykey, isnullable, remark, filed_type_child, sensitive_level, policyid) values ('TO_E_ESOP_LOG_MAIN_D_SW','TO_E_ESOP_LOG_MAIN_D_SW_20170918','TO_E_ESOP_LOG_MAIN_D_SW','18','LOG_WRITE_LENGTH','日志填写耗时','STRING','','','','','Y','单位：秒','C1-2','3','');
insert into column_val (xmlid, col_xmlid, dataname, col_seq, colname, colcnname, datatype, length, precision_val, party_seq, isprimarykey, isnullable, remark, filed_type_child, sensitive_level, policyid) values ('TO_E_ESOP_LOG_MAIN_D_SW','TO_E_ESOP_LOG_MAIN_D_SW_20170919','TO_E_ESOP_LOG_MAIN_D_SW','19','GROUP_NAME','集团名称','STRING','','','','','Y','包括自然集团、BOSS集团','C1-2','3','');
insert into column_val (xmlid, col_xmlid, dataname, col_seq, colname, colcnname, datatype, length, precision_val, party_seq, isprimarykey, isnullable, remark, filed_type_child, sensitive_level, policyid) values ('TO_E_ESOP_LOG_MAIN_D_SW','TO_E_ESOP_LOG_MAIN_D_SW_20170920','TO_E_ESOP_LOG_MAIN_D_SW','20','SER_TYP_CD','服务方式','STRING','','','','','Y','上门、电话、E-mail、短彩信、EMS邮寄、外出联谊、传真、其它','C1-2','3','');
insert into column_val (xmlid, col_xmlid, dataname, col_seq, colname, colcnname, datatype, length, precision_val, party_seq, isprimarykey, isnullable, remark, filed_type_child, sensitive_level, policyid) values ('TO_E_ESOP_LOG_MAIN_D_SW','TO_E_ESOP_LOG_MAIN_D_SW_20170921','TO_E_ESOP_LOG_MAIN_D_SW','21','VISIT_FORM','拜访活动形式','STRING','','','','','Y','上门拜访','C1-2','3','');
insert into column_val (xmlid, col_xmlid, dataname, col_seq, colname, colcnname, datatype, length, precision_val, party_seq, isprimarykey, isnullable, remark, filed_type_child, sensitive_level, policyid) values ('TO_E_ESOP_LOG_MAIN_D_SW','TO_E_ESOP_LOG_MAIN_D_SW_20170922','TO_E_ESOP_LOG_MAIN_D_SW','22','VISIT_AIM','拜访活动目的','STRING','','','','','Y','建立或维系高层客户关系','C1-2','3','');
insert into column_val (xmlid, col_xmlid, dataname, col_seq, colname, colcnname, datatype, length, precision_val, party_seq, isprimarykey, isnullable, remark, filed_type_child, sensitive_level, policyid) values ('TO_E_ESOP_LOG_MAIN_D_SW','TO_E_ESOP_LOG_MAIN_D_SW_20170923','TO_E_ESOP_LOG_MAIN_D_SW','23','SUBSNUMBER','客户手机号码','STRING','','','','','Y','个人服务填写','C1-2','3','');
insert into column_val (xmlid, col_xmlid, dataname, col_seq, colname, colcnname, datatype, length, precision_val, party_seq, isprimarykey, isnullable, remark, filed_type_child, sensitive_level, policyid) values ('TO_E_ESOP_LOG_MAIN_D_SW','TO_E_ESOP_LOG_MAIN_D_SW_20170924','TO_E_ESOP_LOG_MAIN_D_SW','24','CUST_NAM','客户名称','STRING','','','','','Y','个人服务填写','C1-2','3','');
insert into column_val (xmlid, col_xmlid, dataname, col_seq, colname, colcnname, datatype, length, precision_val, party_seq, isprimarykey, isnullable, remark, filed_type_child, sensitive_level, policyid) values ('TO_E_ESOP_LOG_MAIN_D_SW','TO_E_ESOP_LOG_MAIN_D_SW_20170925','TO_E_ESOP_LOG_MAIN_D_SW','25','CUST_ROLE','客户角色','STRING','','','','','Y','个人服务填写','C1-2','3','');
insert into column_val (xmlid, col_xmlid, dataname, col_seq, colname, colcnname, datatype, length, precision_val, party_seq, isprimarykey, isnullable, remark, filed_type_child, sensitive_level, policyid) values ('TO_E_ESOP_LOG_MAIN_D_SW','TO_E_ESOP_LOG_MAIN_D_SW_20170926','TO_E_ESOP_LOG_MAIN_D_SW','26','CORP_SCOPE','动态集团级别','STRING','','','','','Y','BOSS集团','C1-2','3','');
insert into column_val (xmlid, col_xmlid, dataname, col_seq, colname, colcnname, datatype, length, precision_val, party_seq, isprimarykey, isnullable, remark, filed_type_child, sensitive_level, policyid) values ('TO_E_ESOP_LOG_MAIN_D_SW','TO_E_ESOP_LOG_MAIN_D_SW_20170927','TO_E_ESOP_LOG_MAIN_D_SW','27','DIST_NAM','所属区县','STRING','','','','','Y','BOSS集团','C1-2','3','');
insert into column_val (xmlid, col_xmlid, dataname, col_seq, colname, colcnname, datatype, length, precision_val, party_seq, isprimarykey, isnullable, remark, filed_type_child, sensitive_level, policyid) values ('TO_E_ESOP_LOG_MAIN_D_SW','TO_E_ESOP_LOG_MAIN_D_SW_20170928','TO_E_ESOP_LOG_MAIN_D_SW','28','CUST_MGR','客户经理','STRING','','','','','Y','','C1-2','3','');
insert into column_val (xmlid, col_xmlid, dataname, col_seq, colname, colcnname, datatype, length, precision_val, party_seq, isprimarykey, isnullable, remark, filed_type_child, sensitive_level, policyid) values ('TO_E_ESOP_LOG_MAIN_D_SW','TO_E_ESOP_LOG_MAIN_D_SW_20170929','TO_E_ESOP_LOG_MAIN_D_SW','29','FOLLOW_STAFF','我方人员','STRING','','','','','Y','同行人员','C1-2','3','');
insert into column_val (xmlid, col_xmlid, dataname, col_seq, colname, colcnname, datatype, length, precision_val, party_seq, isprimarykey, isnullable, remark, filed_type_child, sensitive_level, policyid) values ('TO_E_ESOP_LOG_MAIN_D_SW','TO_E_ESOP_LOG_MAIN_D_SW_20170930','TO_E_ESOP_LOG_MAIN_D_SW','30','PROJECT_FEE','项目金额','STRING','','','','','Y','','C1-2','3','');
insert into column_val (xmlid, col_xmlid, dataname, col_seq, colname, colcnname, datatype, length, precision_val, party_seq, isprimarykey, isnullable, remark, filed_type_child, sensitive_level, policyid) values ('TO_E_ESOP_LOG_MAIN_D_SW','TO_E_ESOP_LOG_MAIN_D_SW_20170931','TO_E_ESOP_LOG_MAIN_D_SW','31','PROJECT_BRIEF','项目简介','STRING','','','','','Y','','C1-2','3','');
insert into column_val (xmlid, col_xmlid, dataname, col_seq, colname, colcnname, datatype, length, precision_val, party_seq, isprimarykey, isnullable, remark, filed_type_child, sensitive_level, policyid) values ('TO_E_ESOP_LOG_MAIN_D_SW','TO_E_ESOP_LOG_MAIN_D_SW_20170932','TO_E_ESOP_LOG_MAIN_D_SW','32','COMP_OPPONENT','竞争对手','STRING','','','','','Y','','C1-2','3','');
insert into column_val (xmlid, col_xmlid, dataname, col_seq, colname, colcnname, datatype, length, precision_val, party_seq, isprimarykey, isnullable, remark, filed_type_child, sensitive_level, policyid) values ('TO_E_ESOP_LOG_MAIN_D_SW','TO_E_ESOP_LOG_MAIN_D_SW_20170933','TO_E_ESOP_LOG_MAIN_D_SW','33','COMP_LEVEL','竞争级别','STRING','','','','','Y','','C1-2','3','');
insert into column_val (xmlid, col_xmlid, dataname, col_seq, colname, colcnname, datatype, length, precision_val, party_seq, isprimarykey, isnullable, remark, filed_type_child, sensitive_level, policyid) values ('TO_E_ESOP_LOG_MAIN_D_SW','TO_E_ESOP_LOG_MAIN_D_SW_20170934','TO_E_ESOP_LOG_MAIN_D_SW','34','RESPONSE_EVENT','应对事件','STRING','','','','','Y','','C1-2','3','');
insert into column_val (xmlid, col_xmlid, dataname, col_seq, colname, colcnname, datatype, length, precision_val, party_seq, isprimarykey, isnullable, remark, filed_type_child, sensitive_level, policyid) values ('TO_E_ESOP_LOG_MAIN_D_SW','TO_E_ESOP_LOG_MAIN_D_SW_20170935','TO_E_ESOP_LOG_MAIN_D_SW','35','RESPONSE_RESULT','应对结果','STRING','','','','','Y','','C1-2','3','');
insert into column_val (xmlid, col_xmlid, dataname, col_seq, colname, colcnname, datatype, length, precision_val, party_seq, isprimarykey, isnullable, remark, filed_type_child, sensitive_level, policyid) values ('TO_E_ESOP_LOG_MAIN_D_SW','TO_E_ESOP_LOG_MAIN_D_SW_20170936','TO_E_ESOP_LOG_MAIN_D_SW','36','OTHER_RESULT','其它成效','STRING','','','','','Y','','C1-2','3','');
insert into column_val (xmlid, col_xmlid, dataname, col_seq, colname, colcnname, datatype, length, precision_val, party_seq, isprimarykey, isnullable, remark, filed_type_child, sensitive_level, policyid) values ('TO_E_ESOP_LOG_MAIN_D_SW','TO_E_ESOP_LOG_MAIN_D_SW_20170937','TO_E_ESOP_LOG_MAIN_D_SW','37','NOTES','备注','STRING','','','','','Y','','C1-2','3','');
insert into column_val (xmlid, col_xmlid, dataname, col_seq, colname, colcnname, datatype, length, precision_val, party_seq, isprimarykey, isnullable, remark, filed_type_child, sensitive_level, policyid) values ('TO_E_ESOP_LOG_MAIN_D_SW','TO_E_ESOP_LOG_MAIN_D_SW_20170938','TO_E_ESOP_LOG_MAIN_D_SW','38','CHIEF_VISIT_MGR_NAM','主要拜访经理名称','STRING','','','','','Y','','C1-2','3','');
insert into column_val (xmlid, col_xmlid, dataname, col_seq, colname, colcnname, datatype, length, precision_val, party_seq, isprimarykey, isnullable, remark, filed_type_child, sensitive_level, policyid) values ('TO_E_ESOP_LOG_MAIN_D_SW','TO_E_ESOP_LOG_MAIN_D_SW_20170939','TO_E_ESOP_LOG_MAIN_D_SW','39','CHIEF_VISIT_MGR_JOB','职位','STRING','','','','','Y','','C1-2','3','');
insert into column_val (xmlid, col_xmlid, dataname, col_seq, colname, colcnname, datatype, length, precision_val, party_seq, isprimarykey, isnullable, remark, filed_type_child, sensitive_level, policyid) values ('TO_E_ESOP_LOG_MAIN_D_SW','TO_E_ESOP_LOG_MAIN_D_SW_20170940','TO_E_ESOP_LOG_MAIN_D_SW','40','VISIT_TYPE','拜访类型','STRING','','','','','Y','','C1-2','3','');
insert into column_val (xmlid, col_xmlid, dataname, col_seq, colname, colcnname, datatype, length, precision_val, party_seq, isprimarykey, isnullable, remark, filed_type_child, sensitive_level, policyid) values ('TO_E_ESOP_LOG_MAIN_D_SW','TO_E_ESOP_LOG_MAIN_D_SW_20170941','TO_E_ESOP_LOG_MAIN_D_SW','41','MOVEMENT_DESC','拜访描述','STRING','','','','','Y','','C1-2','3','');
insert into column_val (xmlid, col_xmlid, dataname, col_seq, colname, colcnname, datatype, length, precision_val, party_seq, isprimarykey, isnullable, remark, filed_type_child, sensitive_level, policyid) values ('TO_E_ESOP_LOG_MAIN_D_SW','TO_E_ESOP_LOG_MAIN_D_SW_20170942','TO_E_ESOP_LOG_MAIN_D_SW','42','IMPACT','影响','STRING','','','','','Y','','C1-2','3','');
insert into column_val (xmlid, col_xmlid, dataname, col_seq, colname, colcnname, datatype, length, precision_val, party_seq, isprimarykey, isnullable, remark, filed_type_child, sensitive_level, policyid) values ('TO_E_ESOP_LOG_MAIN_D_SW','TO_E_ESOP_LOG_MAIN_D_SW_20170943','TO_E_ESOP_LOG_MAIN_D_SW','43','PROJECT_NAM','项目名称','STRING','','','','','Y','','C1-2','3','');
insert into column_val (xmlid, col_xmlid, dataname, col_seq, colname, colcnname, datatype, length, precision_val, party_seq, isprimarykey, isnullable, remark, filed_type_child, sensitive_level, policyid) values ('TO_E_ESOP_LOG_MAIN_D_SW','TO_E_ESOP_LOG_MAIN_D_SW_20170944','TO_E_ESOP_LOG_MAIN_D_SW','44','REFER_PRDCT','参考产品','STRING','','','','','Y','','C1-2','3','');
insert into column_val (xmlid, col_xmlid, dataname, col_seq, colname, colcnname, datatype, length, precision_val, party_seq, isprimarykey, isnullable, remark, filed_type_child, sensitive_level, policyid) values ('TO_E_ESOP_LOG_MAIN_D_SW','TO_E_ESOP_LOG_MAIN_D_SW_20170945','TO_E_ESOP_LOG_MAIN_D_SW','45','AFFECT_RANGE','影响范围','STRING','','','','','Y','','C1-2','3','');
insert into column_val (xmlid, col_xmlid, dataname, col_seq, colname, colcnname, datatype, length, precision_val, party_seq, isprimarykey, isnullable, remark, filed_type_child, sensitive_level, policyid) values ('TO_E_ESOP_LOG_MAIN_D_SW','TO_E_ESOP_LOG_MAIN_D_SW_20170946','TO_E_ESOP_LOG_MAIN_D_SW','46','CMCC_BRANCH_CD','地市编码','STRING','','','','','Y','','C1-2','3','');
insert into column_val (xmlid, col_xmlid, dataname, col_seq, colname, colcnname, datatype, length, precision_val, party_seq, isprimarykey, isnullable, remark, filed_type_child, sensitive_level, policyid) values ('TO_E_ESOP_LOG_MAIN_D_SW','TO_E_ESOP_LOG_MAIN_D_SW_20170947','TO_E_ESOP_LOG_MAIN_D_SW','47','month','月份','INT','','','1','','N','','','','');
insert into column_val (xmlid, col_xmlid, dataname, col_seq, colname, colcnname, datatype, length, precision_val, party_seq, isprimarykey, isnullable, remark, filed_type_child, sensitive_level, policyid) values ('TO_E_ESOP_LOG_MAIN_D_SW','TO_E_ESOP_LOG_MAIN_D_SW_20170948','TO_E_ESOP_LOG_MAIN_D_SW','48','day','日期','INT','','','2','','N','','','','');

insert into tablefile (xmlid, dbname, dataname, datacnname, state, cycletype, topiccode, extend_cfg, rightlevel, creater, curdutyer, eff_date, state_date, team_code, open_state, remark) values ('TO_E_ESOP_LOG_MAIN_D_YJ','BD_B','TO_E_ESOP_LOG_MAIN_D_YJ','ODS_ESOP日志表','NEW','day','LAYERI_ISERV','{"EXTERNAL":"y","LOCATION":"/tenant/BIGDATA/JCFW/JRCL/BD_B/ODS/TO_E_ESOP_LOG_MAIN_D/branch=YJ","FILEFORMAT":"PARQUET","DELIMITER":"&&"}','其他','谢英俊','谢英俊', TIMESTAMP '0009-02-17 12:00:00', TIMESTAMP '0009-02-17 12:00:00','f2999fd5-c34e-402e-9b28-fec9fca13044','','基础层-服务主题域');
insert into column_val (xmlid, col_xmlid, dataname, col_seq, colname, colcnname, datatype, length, precision_val, party_seq, isprimarykey, isnullable, remark, filed_type_child, sensitive_level, policyid) values ('TO_E_ESOP_LOG_MAIN_D_YJ','TO_E_ESOP_LOG_MAIN_D_YJ_2017091','TO_E_ESOP_LOG_MAIN_D_YJ','1','LOG_ID','日志编号','STRING','','','','1','N','','C1-2','3','');
insert into column_val (xmlid, col_xmlid, dataname, col_seq, colname, colcnname, datatype, length, precision_val, party_seq, isprimarykey, isnullable, remark, filed_type_child, sensitive_level, policyid) values ('TO_E_ESOP_LOG_MAIN_D_YJ','TO_E_ESOP_LOG_MAIN_D_YJ_2017092','TO_E_ESOP_LOG_MAIN_D_YJ','2','LOG_NAM','日志主题','STRING','','','','','Y','','C1-2','3','');
insert into column_val (xmlid, col_xmlid, dataname, col_seq, colname, colcnname, datatype, length, precision_val, party_seq, isprimarykey, isnullable, remark, filed_type_child, sensitive_level, policyid) values ('TO_E_ESOP_LOG_MAIN_D_YJ','TO_E_ESOP_LOG_MAIN_D_YJ_2017093','TO_E_ESOP_LOG_MAIN_D_YJ','3','LOG_TYP','日志类型','STRING','','','','','Y','字典表GROUPID="logtype"','C1-2','3','');
insert into column_val (xmlid, col_xmlid, dataname, col_seq, colname, colcnname, datatype, length, precision_val, party_seq, isprimarykey, isnullable, remark, filed_type_child, sensitive_level, policyid) values ('TO_E_ESOP_LOG_MAIN_D_YJ','TO_E_ESOP_LOG_MAIN_D_YJ_2017094','TO_E_ESOP_LOG_MAIN_D_YJ','4','CTY_CD','地市','STRING','','','','1','N','主键
地市region，
999-省公司
200-广州
660-汕尾
662-阳江
663-揭阳
668-茂名
750-江门
751-韶关
752-惠州
753-梅州
754-汕头
755-深圳
756-珠海
757-佛山
758-肇庆
759-湛江
760-中山
762-河源
763-清远
766-云浮
768-潮州
769-东莞','C1-2','3','');
insert into column_val (xmlid, col_xmlid, dataname, col_seq, colname, colcnname, datatype, length, precision_val, party_seq, isprimarykey, isnullable, remark, filed_type_child, sensitive_level, policyid) values ('TO_E_ESOP_LOG_MAIN_D_YJ','TO_E_ESOP_LOG_MAIN_D_YJ_2017095','TO_E_ESOP_LOG_MAIN_D_YJ','5','OPERATION_ID','关联业务单号','STRING','','','','','Y','项目编号PROJECTID','C1-2','3','');
insert into column_val (xmlid, col_xmlid, dataname, col_seq, colname, colcnname, datatype, length, precision_val, party_seq, isprimarykey, isnullable, remark, filed_type_child, sensitive_level, policyid) values ('TO_E_ESOP_LOG_MAIN_D_YJ','TO_E_ESOP_LOG_MAIN_D_YJ_2017096','TO_E_ESOP_LOG_MAIN_D_YJ','6','OPERATION_NAM','关联业务单名称','STRING','','','','','Y','项目PROJECTNAME','C1-2','3','');
insert into column_val (xmlid, col_xmlid, dataname, col_seq, colname, colcnname, datatype, length, precision_val, party_seq, isprimarykey, isnullable, remark, filed_type_child, sensitive_level, policyid) values ('TO_E_ESOP_LOG_MAIN_D_YJ','TO_E_ESOP_LOG_MAIN_D_YJ_2017097','TO_E_ESOP_LOG_MAIN_D_YJ','7','SERVICE_ACT','客服动作','STRING','','','','','Y','字典表GROUPID="servicact"','C1-2','3','');
insert into column_val (xmlid, col_xmlid, dataname, col_seq, colname, colcnname, datatype, length, precision_val, party_seq, isprimarykey, isnullable, remark, filed_type_child, sensitive_level, policyid) values ('TO_E_ESOP_LOG_MAIN_D_YJ','TO_E_ESOP_LOG_MAIN_D_YJ_2017098','TO_E_ESOP_LOG_MAIN_D_YJ','8','GROUP_ID','集团客户编号','STRING','','','','','Y','','C1-2','3','');
insert into column_val (xmlid, col_xmlid, dataname, col_seq, colname, colcnname, datatype, length, precision_val, party_seq, isprimarykey, isnullable, remark, filed_type_child, sensitive_level, policyid) values ('TO_E_ESOP_LOG_MAIN_D_YJ','TO_E_ESOP_LOG_MAIN_D_YJ_2017099','TO_E_ESOP_LOG_MAIN_D_YJ','9','CRTEATOR','创建人','STRING','','','','','Y','','C1-2','3','');
insert into column_val (xmlid, col_xmlid, dataname, col_seq, colname, colcnname, datatype, length, precision_val, party_seq, isprimarykey, isnullable, remark, filed_type_child, sensitive_level, policyid) values ('TO_E_ESOP_LOG_MAIN_D_YJ','TO_E_ESOP_LOG_MAIN_D_YJ_20170910','TO_E_ESOP_LOG_MAIN_D_YJ','10','CREATE_DTS','创建时间','STRING','','','','','Y','格式YYYY-MM-DDHH24:MI:SS','C1-2','3','');
insert into column_val (xmlid, col_xmlid, dataname, col_seq, colname, colcnname, datatype, length, precision_val, party_seq, isprimarykey, isnullable, remark, filed_type_child, sensitive_level, policyid) values ('TO_E_ESOP_LOG_MAIN_D_YJ','TO_E_ESOP_LOG_MAIN_D_YJ_20170911','TO_E_ESOP_LOG_MAIN_D_YJ','11','CHG_TIM','修改时间','STRING','','','','','Y','格式YYYY-MM-DDHH24:MI:SS','C1-2','3','');
insert into column_val (xmlid, col_xmlid, dataname, col_seq, colname, colcnname, datatype, length, precision_val, party_seq, isprimarykey, isnullable, remark, filed_type_child, sensitive_level, policyid) values ('TO_E_ESOP_LOG_MAIN_D_YJ','TO_E_ESOP_LOG_MAIN_D_YJ_20170912','TO_E_ESOP_LOG_MAIN_D_YJ','12','LOG_CONT','日志内容','STRING','','','','','Y','','C1-2','3','');
insert into column_val (xmlid, col_xmlid, dataname, col_seq, colname, colcnname, datatype, length, precision_val, party_seq, isprimarykey, isnullable, remark, filed_type_child, sensitive_level, policyid) values ('TO_E_ESOP_LOG_MAIN_D_YJ','TO_E_ESOP_LOG_MAIN_D_YJ_20170913','TO_E_ESOP_LOG_MAIN_D_YJ','13','LOG_SRC','日志来源','STRING','','','','','Y','自己：1，系统：0','C1-2','3','');
insert into column_val (xmlid, col_xmlid, dataname, col_seq, colname, colcnname, datatype, length, precision_val, party_seq, isprimarykey, isnullable, remark, filed_type_child, sensitive_level, policyid) values ('TO_E_ESOP_LOG_MAIN_D_YJ','TO_E_ESOP_LOG_MAIN_D_YJ_20170914','TO_E_ESOP_LOG_MAIN_D_YJ','14','STS_CD','状态','STRING','','','','','Y','1是，0否','C1-2','3','');
insert into column_val (xmlid, col_xmlid, dataname, col_seq, colname, colcnname, datatype, length, precision_val, party_seq, isprimarykey, isnullable, remark, filed_type_child, sensitive_level, policyid) values ('TO_E_ESOP_LOG_MAIN_D_YJ','TO_E_ESOP_LOG_MAIN_D_YJ_20170915','TO_E_ESOP_LOG_MAIN_D_YJ','15','LOG_ATTACH','日志附件','STRING','','','','','Y','','C1-2','3','');
insert into column_val (xmlid, col_xmlid, dataname, col_seq, colname, colcnname, datatype, length, precision_val, party_seq, isprimarykey, isnullable, remark, filed_type_child, sensitive_level, policyid) values ('TO_E_ESOP_LOG_MAIN_D_YJ','TO_E_ESOP_LOG_MAIN_D_YJ_20170916','TO_E_ESOP_LOG_MAIN_D_YJ','16','GROUP_TYP','集团类型','STRING','','','','','Y','自然集团：1，BOSS集团：0','C1-2','3','');
insert into column_val (xmlid, col_xmlid, dataname, col_seq, colname, colcnname, datatype, length, precision_val, party_seq, isprimarykey, isnullable, remark, filed_type_child, sensitive_level, policyid) values ('TO_E_ESOP_LOG_MAIN_D_YJ','TO_E_ESOP_LOG_MAIN_D_YJ_20170917','TO_E_ESOP_LOG_MAIN_D_YJ','17','VISIT_DT','拜访时间','STRING','','','','','Y','','C1-2','3','');
insert into column_val (xmlid, col_xmlid, dataname, col_seq, colname, colcnname, datatype, length, precision_val, party_seq, isprimarykey, isnullable, remark, filed_type_child, sensitive_level, policyid) values ('TO_E_ESOP_LOG_MAIN_D_YJ','TO_E_ESOP_LOG_MAIN_D_YJ_20170918','TO_E_ESOP_LOG_MAIN_D_YJ','18','LOG_WRITE_LENGTH','日志填写耗时','STRING','','','','','Y','单位：秒','C1-2','3','');
insert into column_val (xmlid, col_xmlid, dataname, col_seq, colname, colcnname, datatype, length, precision_val, party_seq, isprimarykey, isnullable, remark, filed_type_child, sensitive_level, policyid) values ('TO_E_ESOP_LOG_MAIN_D_YJ','TO_E_ESOP_LOG_MAIN_D_YJ_20170919','TO_E_ESOP_LOG_MAIN_D_YJ','19','GROUP_NAME','集团名称','STRING','','','','','Y','包括自然集团、BOSS集团','C1-2','3','');
insert into column_val (xmlid, col_xmlid, dataname, col_seq, colname, colcnname, datatype, length, precision_val, party_seq, isprimarykey, isnullable, remark, filed_type_child, sensitive_level, policyid) values ('TO_E_ESOP_LOG_MAIN_D_YJ','TO_E_ESOP_LOG_MAIN_D_YJ_20170920','TO_E_ESOP_LOG_MAIN_D_YJ','20','SER_TYP_CD','服务方式','STRING','','','','','Y','上门、电话、E-mail、短彩信、EMS邮寄、外出联谊、传真、其它','C1-2','3','');
insert into column_val (xmlid, col_xmlid, dataname, col_seq, colname, colcnname, datatype, length, precision_val, party_seq, isprimarykey, isnullable, remark, filed_type_child, sensitive_level, policyid) values ('TO_E_ESOP_LOG_MAIN_D_YJ','TO_E_ESOP_LOG_MAIN_D_YJ_20170921','TO_E_ESOP_LOG_MAIN_D_YJ','21','VISIT_FORM','拜访活动形式','STRING','','','','','Y','上门拜访','C1-2','3','');
insert into column_val (xmlid, col_xmlid, dataname, col_seq, colname, colcnname, datatype, length, precision_val, party_seq, isprimarykey, isnullable, remark, filed_type_child, sensitive_level, policyid) values ('TO_E_ESOP_LOG_MAIN_D_YJ','TO_E_ESOP_LOG_MAIN_D_YJ_20170922','TO_E_ESOP_LOG_MAIN_D_YJ','22','VISIT_AIM','拜访活动目的','STRING','','','','','Y','建立或维系高层客户关系','C1-2','3','');
insert into column_val (xmlid, col_xmlid, dataname, col_seq, colname, colcnname, datatype, length, precision_val, party_seq, isprimarykey, isnullable, remark, filed_type_child, sensitive_level, policyid) values ('TO_E_ESOP_LOG_MAIN_D_YJ','TO_E_ESOP_LOG_MAIN_D_YJ_20170923','TO_E_ESOP_LOG_MAIN_D_YJ','23','SUBSNUMBER','客户手机号码','STRING','','','','','Y','个人服务填写','C1-2','3','');
insert into column_val (xmlid, col_xmlid, dataname, col_seq, colname, colcnname, datatype, length, precision_val, party_seq, isprimarykey, isnullable, remark, filed_type_child, sensitive_level, policyid) values ('TO_E_ESOP_LOG_MAIN_D_YJ','TO_E_ESOP_LOG_MAIN_D_YJ_20170924','TO_E_ESOP_LOG_MAIN_D_YJ','24','CUST_NAM','客户名称','STRING','','','','','Y','个人服务填写','C1-2','3','');
insert into column_val (xmlid, col_xmlid, dataname, col_seq, colname, colcnname, datatype, length, precision_val, party_seq, isprimarykey, isnullable, remark, filed_type_child, sensitive_level, policyid) values ('TO_E_ESOP_LOG_MAIN_D_YJ','TO_E_ESOP_LOG_MAIN_D_YJ_20170925','TO_E_ESOP_LOG_MAIN_D_YJ','25','CUST_ROLE','客户角色','STRING','','','','','Y','个人服务填写','C1-2','3','');
insert into column_val (xmlid, col_xmlid, dataname, col_seq, colname, colcnname, datatype, length, precision_val, party_seq, isprimarykey, isnullable, remark, filed_type_child, sensitive_level, policyid) values ('TO_E_ESOP_LOG_MAIN_D_YJ','TO_E_ESOP_LOG_MAIN_D_YJ_20170926','TO_E_ESOP_LOG_MAIN_D_YJ','26','CORP_SCOPE','动态集团级别','STRING','','','','','Y','BOSS集团','C1-2','3','');
insert into column_val (xmlid, col_xmlid, dataname, col_seq, colname, colcnname, datatype, length, precision_val, party_seq, isprimarykey, isnullable, remark, filed_type_child, sensitive_level, policyid) values ('TO_E_ESOP_LOG_MAIN_D_YJ','TO_E_ESOP_LOG_MAIN_D_YJ_20170927','TO_E_ESOP_LOG_MAIN_D_YJ','27','DIST_NAM','所属区县','STRING','','','','','Y','BOSS集团','C1-2','3','');
insert into column_val (xmlid, col_xmlid, dataname, col_seq, colname, colcnname, datatype, length, precision_val, party_seq, isprimarykey, isnullable, remark, filed_type_child, sensitive_level, policyid) values ('TO_E_ESOP_LOG_MAIN_D_YJ','TO_E_ESOP_LOG_MAIN_D_YJ_20170928','TO_E_ESOP_LOG_MAIN_D_YJ','28','CUST_MGR','客户经理','STRING','','','','','Y','','C1-2','3','');
insert into column_val (xmlid, col_xmlid, dataname, col_seq, colname, colcnname, datatype, length, precision_val, party_seq, isprimarykey, isnullable, remark, filed_type_child, sensitive_level, policyid) values ('TO_E_ESOP_LOG_MAIN_D_YJ','TO_E_ESOP_LOG_MAIN_D_YJ_20170929','TO_E_ESOP_LOG_MAIN_D_YJ','29','FOLLOW_STAFF','我方人员','STRING','','','','','Y','同行人员','C1-2','3','');
insert into column_val (xmlid, col_xmlid, dataname, col_seq, colname, colcnname, datatype, length, precision_val, party_seq, isprimarykey, isnullable, remark, filed_type_child, sensitive_level, policyid) values ('TO_E_ESOP_LOG_MAIN_D_YJ','TO_E_ESOP_LOG_MAIN_D_YJ_20170930','TO_E_ESOP_LOG_MAIN_D_YJ','30','PROJECT_FEE','项目金额','STRING','','','','','Y','','C1-2','3','');
insert into column_val (xmlid, col_xmlid, dataname, col_seq, colname, colcnname, datatype, length, precision_val, party_seq, isprimarykey, isnullable, remark, filed_type_child, sensitive_level, policyid) values ('TO_E_ESOP_LOG_MAIN_D_YJ','TO_E_ESOP_LOG_MAIN_D_YJ_20170931','TO_E_ESOP_LOG_MAIN_D_YJ','31','PROJECT_BRIEF','项目简介','STRING','','','','','Y','','C1-2','3','');
insert into column_val (xmlid, col_xmlid, dataname, col_seq, colname, colcnname, datatype, length, precision_val, party_seq, isprimarykey, isnullable, remark, filed_type_child, sensitive_level, policyid) values ('TO_E_ESOP_LOG_MAIN_D_YJ','TO_E_ESOP_LOG_MAIN_D_YJ_20170932','TO_E_ESOP_LOG_MAIN_D_YJ','32','COMP_OPPONENT','竞争对手','STRING','','','','','Y','','C1-2','3','');
insert into column_val (xmlid, col_xmlid, dataname, col_seq, colname, colcnname, datatype, length, precision_val, party_seq, isprimarykey, isnullable, remark, filed_type_child, sensitive_level, policyid) values ('TO_E_ESOP_LOG_MAIN_D_YJ','TO_E_ESOP_LOG_MAIN_D_YJ_20170933','TO_E_ESOP_LOG_MAIN_D_YJ','33','COMP_LEVEL','竞争级别','STRING','','','','','Y','','C1-2','3','');
insert into column_val (xmlid, col_xmlid, dataname, col_seq, colname, colcnname, datatype, length, precision_val, party_seq, isprimarykey, isnullable, remark, filed_type_child, sensitive_level, policyid) values ('TO_E_ESOP_LOG_MAIN_D_YJ','TO_E_ESOP_LOG_MAIN_D_YJ_20170934','TO_E_ESOP_LOG_MAIN_D_YJ','34','RESPONSE_EVENT','应对事件','STRING','','','','','Y','','C1-2','3','');
insert into column_val (xmlid, col_xmlid, dataname, col_seq, colname, colcnname, datatype, length, precision_val, party_seq, isprimarykey, isnullable, remark, filed_type_child, sensitive_level, policyid) values ('TO_E_ESOP_LOG_MAIN_D_YJ','TO_E_ESOP_LOG_MAIN_D_YJ_20170935','TO_E_ESOP_LOG_MAIN_D_YJ','35','RESPONSE_RESULT','应对结果','STRING','','','','','Y','','C1-2','3','');
insert into column_val (xmlid, col_xmlid, dataname, col_seq, colname, colcnname, datatype, length, precision_val, party_seq, isprimarykey, isnullable, remark, filed_type_child, sensitive_level, policyid) values ('TO_E_ESOP_LOG_MAIN_D_YJ','TO_E_ESOP_LOG_MAIN_D_YJ_20170936','TO_E_ESOP_LOG_MAIN_D_YJ','36','OTHER_RESULT','其它成效','STRING','','','','','Y','','C1-2','3','');
insert into column_val (xmlid, col_xmlid, dataname, col_seq, colname, colcnname, datatype, length, precision_val, party_seq, isprimarykey, isnullable, remark, filed_type_child, sensitive_level, policyid) values ('TO_E_ESOP_LOG_MAIN_D_YJ','TO_E_ESOP_LOG_MAIN_D_YJ_20170937','TO_E_ESOP_LOG_MAIN_D_YJ','37','NOTES','备注','STRING','','','','','Y','','C1-2','3','');
insert into column_val (xmlid, col_xmlid, dataname, col_seq, colname, colcnname, datatype, length, precision_val, party_seq, isprimarykey, isnullable, remark, filed_type_child, sensitive_level, policyid) values ('TO_E_ESOP_LOG_MAIN_D_YJ','TO_E_ESOP_LOG_MAIN_D_YJ_20170938','TO_E_ESOP_LOG_MAIN_D_YJ','38','CHIEF_VISIT_MGR_NAM','主要拜访经理名称','STRING','','','','','Y','','C1-2','3','');
insert into column_val (xmlid, col_xmlid, dataname, col_seq, colname, colcnname, datatype, length, precision_val, party_seq, isprimarykey, isnullable, remark, filed_type_child, sensitive_level, policyid) values ('TO_E_ESOP_LOG_MAIN_D_YJ','TO_E_ESOP_LOG_MAIN_D_YJ_20170939','TO_E_ESOP_LOG_MAIN_D_YJ','39','CHIEF_VISIT_MGR_JOB','职位','STRING','','','','','Y','','C1-2','3','');
insert into column_val (xmlid, col_xmlid, dataname, col_seq, colname, colcnname, datatype, length, precision_val, party_seq, isprimarykey, isnullable, remark, filed_type_child, sensitive_level, policyid) values ('TO_E_ESOP_LOG_MAIN_D_YJ','TO_E_ESOP_LOG_MAIN_D_YJ_20170940','TO_E_ESOP_LOG_MAIN_D_YJ','40','VISIT_TYPE','拜访类型','STRING','','','','','Y','','C1-2','3','');
insert into column_val (xmlid, col_xmlid, dataname, col_seq, colname, colcnname, datatype, length, precision_val, party_seq, isprimarykey, isnullable, remark, filed_type_child, sensitive_level, policyid) values ('TO_E_ESOP_LOG_MAIN_D_YJ','TO_E_ESOP_LOG_MAIN_D_YJ_20170941','TO_E_ESOP_LOG_MAIN_D_YJ','41','MOVEMENT_DESC','拜访描述','STRING','','','','','Y','','C1-2','3','');
insert into column_val (xmlid, col_xmlid, dataname, col_seq, colname, colcnname, datatype, length, precision_val, party_seq, isprimarykey, isnullable, remark, filed_type_child, sensitive_level, policyid) values ('TO_E_ESOP_LOG_MAIN_D_YJ','TO_E_ESOP_LOG_MAIN_D_YJ_20170942','TO_E_ESOP_LOG_MAIN_D_YJ','42','IMPACT','影响','STRING','','','','','Y','','C1-2','3','');
insert into column_val (xmlid, col_xmlid, dataname, col_seq, colname, colcnname, datatype, length, precision_val, party_seq, isprimarykey, isnullable, remark, filed_type_child, sensitive_level, policyid) values ('TO_E_ESOP_LOG_MAIN_D_YJ','TO_E_ESOP_LOG_MAIN_D_YJ_20170943','TO_E_ESOP_LOG_MAIN_D_YJ','43','PROJECT_NAM','项目名称','STRING','','','','','Y','','C1-2','3','');
insert into column_val (xmlid, col_xmlid, dataname, col_seq, colname, colcnname, datatype, length, precision_val, party_seq, isprimarykey, isnullable, remark, filed_type_child, sensitive_level, policyid) values ('TO_E_ESOP_LOG_MAIN_D_YJ','TO_E_ESOP_LOG_MAIN_D_YJ_20170944','TO_E_ESOP_LOG_MAIN_D_YJ','44','REFER_PRDCT','参考产品','STRING','','','','','Y','','C1-2','3','');
insert into column_val (xmlid, col_xmlid, dataname, col_seq, colname, colcnname, datatype, length, precision_val, party_seq, isprimarykey, isnullable, remark, filed_type_child, sensitive_level, policyid) values ('TO_E_ESOP_LOG_MAIN_D_YJ','TO_E_ESOP_LOG_MAIN_D_YJ_20170945','TO_E_ESOP_LOG_MAIN_D_YJ','45','AFFECT_RANGE','影响范围','STRING','','','','','Y','','C1-2','3','');
insert into column_val (xmlid, col_xmlid, dataname, col_seq, colname, colcnname, datatype, length, precision_val, party_seq, isprimarykey, isnullable, remark, filed_type_child, sensitive_level, policyid) values ('TO_E_ESOP_LOG_MAIN_D_YJ','TO_E_ESOP_LOG_MAIN_D_YJ_20170946','TO_E_ESOP_LOG_MAIN_D_YJ','46','CMCC_BRANCH_CD','地市编码','STRING','','','','','Y','','C1-2','3','');
insert into column_val (xmlid, col_xmlid, dataname, col_seq, colname, colcnname, datatype, length, precision_val, party_seq, isprimarykey, isnullable, remark, filed_type_child, sensitive_level, policyid) values ('TO_E_ESOP_LOG_MAIN_D_YJ','TO_E_ESOP_LOG_MAIN_D_YJ_20170947','TO_E_ESOP_LOG_MAIN_D_YJ','47','month','月份','INT','','','1','','N','','','','');
insert into column_val (xmlid, col_xmlid, dataname, col_seq, colname, colcnname, datatype, length, precision_val, party_seq, isprimarykey, isnullable, remark, filed_type_child, sensitive_level, policyid) values ('TO_E_ESOP_LOG_MAIN_D_YJ','TO_E_ESOP_LOG_MAIN_D_YJ_20170948','TO_E_ESOP_LOG_MAIN_D_YJ','48','day','日期','INT','','','2','','N','','','','');

insert into tablefile (xmlid, dbname, dataname, datacnname, state, cycletype, topiccode, extend_cfg, rightlevel, creater, curdutyer, eff_date, state_date, team_code, open_state, remark) values ('TO_E_ESOP_LOG_MAIN_D_MM','BD_B','TO_E_ESOP_LOG_MAIN_D_MM','ODS_ESOP日志表','NEW','day','LAYERI_ISERV','{"EXTERNAL":"y","LOCATION":"/tenant/BIGDATA/JCFW/JRCL/BD_B/ODS/TO_E_ESOP_LOG_MAIN_D/branch=MM","FILEFORMAT":"PARQUET","DELIMITER":"&&"}','其他','谢英俊','谢英俊', TIMESTAMP '0009-02-17 12:00:00', TIMESTAMP '0009-02-17 12:00:00','f2999fd5-c34e-402e-9b28-fec9fca13044','','基础层-服务主题域');
insert into column_val (xmlid, col_xmlid, dataname, col_seq, colname, colcnname, datatype, length, precision_val, party_seq, isprimarykey, isnullable, remark, filed_type_child, sensitive_level, policyid) values ('TO_E_ESOP_LOG_MAIN_D_MM','TO_E_ESOP_LOG_MAIN_D_MM_2017091','TO_E_ESOP_LOG_MAIN_D_MM','1','LOG_ID','日志编号','STRING','','','','1','N','','C1-2','3','');
insert into column_val (xmlid, col_xmlid, dataname, col_seq, colname, colcnname, datatype, length, precision_val, party_seq, isprimarykey, isnullable, remark, filed_type_child, sensitive_level, policyid) values ('TO_E_ESOP_LOG_MAIN_D_MM','TO_E_ESOP_LOG_MAIN_D_MM_2017092','TO_E_ESOP_LOG_MAIN_D_MM','2','LOG_NAM','日志主题','STRING','','','','','Y','','C1-2','3','');
insert into column_val (xmlid, col_xmlid, dataname, col_seq, colname, colcnname, datatype, length, precision_val, party_seq, isprimarykey, isnullable, remark, filed_type_child, sensitive_level, policyid) values ('TO_E_ESOP_LOG_MAIN_D_MM','TO_E_ESOP_LOG_MAIN_D_MM_2017093','TO_E_ESOP_LOG_MAIN_D_MM','3','LOG_TYP','日志类型','STRING','','','','','Y','字典表GROUPID="logtype"','C1-2','3','');
insert into column_val (xmlid, col_xmlid, dataname, col_seq, colname, colcnname, datatype, length, precision_val, party_seq, isprimarykey, isnullable, remark, filed_type_child, sensitive_level, policyid) values ('TO_E_ESOP_LOG_MAIN_D_MM','TO_E_ESOP_LOG_MAIN_D_MM_2017094','TO_E_ESOP_LOG_MAIN_D_MM','4','CTY_CD','地市','STRING','','','','1','N','主键
地市region，
999-省公司
200-广州
660-汕尾
662-阳江
663-揭阳
668-茂名
750-江门
751-韶关
752-惠州
753-梅州
754-汕头
755-深圳
756-珠海
757-佛山
758-肇庆
759-湛江
760-中山
762-河源
763-清远
766-云浮
768-潮州
769-东莞','C1-2','3','');
insert into column_val (xmlid, col_xmlid, dataname, col_seq, colname, colcnname, datatype, length, precision_val, party_seq, isprimarykey, isnullable, remark, filed_type_child, sensitive_level, policyid) values ('TO_E_ESOP_LOG_MAIN_D_MM','TO_E_ESOP_LOG_MAIN_D_MM_2017095','TO_E_ESOP_LOG_MAIN_D_MM','5','OPERATION_ID','关联业务单号','STRING','','','','','Y','项目编号PROJECTID','C1-2','3','');
insert into column_val (xmlid, col_xmlid, dataname, col_seq, colname, colcnname, datatype, length, precision_val, party_seq, isprimarykey, isnullable, remark, filed_type_child, sensitive_level, policyid) values ('TO_E_ESOP_LOG_MAIN_D_MM','TO_E_ESOP_LOG_MAIN_D_MM_2017096','TO_E_ESOP_LOG_MAIN_D_MM','6','OPERATION_NAM','关联业务单名称','STRING','','','','','Y','项目PROJECTNAME','C1-2','3','');
insert into column_val (xmlid, col_xmlid, dataname, col_seq, colname, colcnname, datatype, length, precision_val, party_seq, isprimarykey, isnullable, remark, filed_type_child, sensitive_level, policyid) values ('TO_E_ESOP_LOG_MAIN_D_MM','TO_E_ESOP_LOG_MAIN_D_MM_2017097','TO_E_ESOP_LOG_MAIN_D_MM','7','SERVICE_ACT','客服动作','STRING','','','','','Y','字典表GROUPID="servicact"','C1-2','3','');
insert into column_val (xmlid, col_xmlid, dataname, col_seq, colname, colcnname, datatype, length, precision_val, party_seq, isprimarykey, isnullable, remark, filed_type_child, sensitive_level, policyid) values ('TO_E_ESOP_LOG_MAIN_D_MM','TO_E_ESOP_LOG_MAIN_D_MM_2017098','TO_E_ESOP_LOG_MAIN_D_MM','8','GROUP_ID','集团客户编号','STRING','','','','','Y','','C1-2','3','');
insert into column_val (xmlid, col_xmlid, dataname, col_seq, colname, colcnname, datatype, length, precision_val, party_seq, isprimarykey, isnullable, remark, filed_type_child, sensitive_level, policyid) values ('TO_E_ESOP_LOG_MAIN_D_MM','TO_E_ESOP_LOG_MAIN_D_MM_2017099','TO_E_ESOP_LOG_MAIN_D_MM','9','CRTEATOR','创建人','STRING','','','','','Y','','C1-2','3','');
insert into column_val (xmlid, col_xmlid, dataname, col_seq, colname, colcnname, datatype, length, precision_val, party_seq, isprimarykey, isnullable, remark, filed_type_child, sensitive_level, policyid) values ('TO_E_ESOP_LOG_MAIN_D_MM','TO_E_ESOP_LOG_MAIN_D_MM_20170910','TO_E_ESOP_LOG_MAIN_D_MM','10','CREATE_DTS','创建时间','STRING','','','','','Y','格式YYYY-MM-DDHH24:MI:SS','C1-2','3','');
insert into column_val (xmlid, col_xmlid, dataname, col_seq, colname, colcnname, datatype, length, precision_val, party_seq, isprimarykey, isnullable, remark, filed_type_child, sensitive_level, policyid) values ('TO_E_ESOP_LOG_MAIN_D_MM','TO_E_ESOP_LOG_MAIN_D_MM_20170911','TO_E_ESOP_LOG_MAIN_D_MM','11','CHG_TIM','修改时间','STRING','','','','','Y','格式YYYY-MM-DDHH24:MI:SS','C1-2','3','');
insert into column_val (xmlid, col_xmlid, dataname, col_seq, colname, colcnname, datatype, length, precision_val, party_seq, isprimarykey, isnullable, remark, filed_type_child, sensitive_level, policyid) values ('TO_E_ESOP_LOG_MAIN_D_MM','TO_E_ESOP_LOG_MAIN_D_MM_20170912','TO_E_ESOP_LOG_MAIN_D_MM','12','LOG_CONT','日志内容','STRING','','','','','Y','','C1-2','3','');
insert into column_val (xmlid, col_xmlid, dataname, col_seq, colname, colcnname, datatype, length, precision_val, party_seq, isprimarykey, isnullable, remark, filed_type_child, sensitive_level, policyid) values ('TO_E_ESOP_LOG_MAIN_D_MM','TO_E_ESOP_LOG_MAIN_D_MM_20170913','TO_E_ESOP_LOG_MAIN_D_MM','13','LOG_SRC','日志来源','STRING','','','','','Y','自己：1，系统：0','C1-2','3','');
insert into column_val (xmlid, col_xmlid, dataname, col_seq, colname, colcnname, datatype, length, precision_val, party_seq, isprimarykey, isnullable, remark, filed_type_child, sensitive_level, policyid) values ('TO_E_ESOP_LOG_MAIN_D_MM','TO_E_ESOP_LOG_MAIN_D_MM_20170914','TO_E_ESOP_LOG_MAIN_D_MM','14','STS_CD','状态','STRING','','','','','Y','1是，0否','C1-2','3','');
insert into column_val (xmlid, col_xmlid, dataname, col_seq, colname, colcnname, datatype, length, precision_val, party_seq, isprimarykey, isnullable, remark, filed_type_child, sensitive_level, policyid) values ('TO_E_ESOP_LOG_MAIN_D_MM','TO_E_ESOP_LOG_MAIN_D_MM_20170915','TO_E_ESOP_LOG_MAIN_D_MM','15','LOG_ATTACH','日志附件','STRING','','','','','Y','','C1-2','3','');
insert into column_val (xmlid, col_xmlid, dataname, col_seq, colname, colcnname, datatype, length, precision_val, party_seq, isprimarykey, isnullable, remark, filed_type_child, sensitive_level, policyid) values ('TO_E_ESOP_LOG_MAIN_D_MM','TO_E_ESOP_LOG_MAIN_D_MM_20170916','TO_E_ESOP_LOG_MAIN_D_MM','16','GROUP_TYP','集团类型','STRING','','','','','Y','自然集团：1，BOSS集团：0','C1-2','3','');
insert into column_val (xmlid, col_xmlid, dataname, col_seq, colname, colcnname, datatype, length, precision_val, party_seq, isprimarykey, isnullable, remark, filed_type_child, sensitive_level, policyid) values ('TO_E_ESOP_LOG_MAIN_D_MM','TO_E_ESOP_LOG_MAIN_D_MM_20170917','TO_E_ESOP_LOG_MAIN_D_MM','17','VISIT_DT','拜访时间','STRING','','','','','Y','','C1-2','3','');
insert into column_val (xmlid, col_xmlid, dataname, col_seq, colname, colcnname, datatype, length, precision_val, party_seq, isprimarykey, isnullable, remark, filed_type_child, sensitive_level, policyid) values ('TO_E_ESOP_LOG_MAIN_D_MM','TO_E_ESOP_LOG_MAIN_D_MM_20170918','TO_E_ESOP_LOG_MAIN_D_MM','18','LOG_WRITE_LENGTH','日志填写耗时','STRING','','','','','Y','单位：秒','C1-2','3','');
insert into column_val (xmlid, col_xmlid, dataname, col_seq, colname, colcnname, datatype, length, precision_val, party_seq, isprimarykey, isnullable, remark, filed_type_child, sensitive_level, policyid) values ('TO_E_ESOP_LOG_MAIN_D_MM','TO_E_ESOP_LOG_MAIN_D_MM_20170919','TO_E_ESOP_LOG_MAIN_D_MM','19','GROUP_NAME','集团名称','STRING','','','','','Y','包括自然集团、BOSS集团','C1-2','3','');
insert into column_val (xmlid, col_xmlid, dataname, col_seq, colname, colcnname, datatype, length, precision_val, party_seq, isprimarykey, isnullable, remark, filed_type_child, sensitive_level, policyid) values ('TO_E_ESOP_LOG_MAIN_D_MM','TO_E_ESOP_LOG_MAIN_D_MM_20170920','TO_E_ESOP_LOG_MAIN_D_MM','20','SER_TYP_CD','服务方式','STRING','','','','','Y','上门、电话、E-mail、短彩信、EMS邮寄、外出联谊、传真、其它','C1-2','3','');
insert into column_val (xmlid, col_xmlid, dataname, col_seq, colname, colcnname, datatype, length, precision_val, party_seq, isprimarykey, isnullable, remark, filed_type_child, sensitive_level, policyid) values ('TO_E_ESOP_LOG_MAIN_D_MM','TO_E_ESOP_LOG_MAIN_D_MM_20170921','TO_E_ESOP_LOG_MAIN_D_MM','21','VISIT_FORM','拜访活动形式','STRING','','','','','Y','上门拜访','C1-2','3','');
insert into column_val (xmlid, col_xmlid, dataname, col_seq, colname, colcnname, datatype, length, precision_val, party_seq, isprimarykey, isnullable, remark, filed_type_child, sensitive_level, policyid) values ('TO_E_ESOP_LOG_MAIN_D_MM','TO_E_ESOP_LOG_MAIN_D_MM_20170922','TO_E_ESOP_LOG_MAIN_D_MM','22','VISIT_AIM','拜访活动目的','STRING','','','','','Y','建立或维系高层客户关系','C1-2','3','');
insert into column_val (xmlid, col_xmlid, dataname, col_seq, colname, colcnname, datatype, length, precision_val, party_seq, isprimarykey, isnullable, remark, filed_type_child, sensitive_level, policyid) values ('TO_E_ESOP_LOG_MAIN_D_MM','TO_E_ESOP_LOG_MAIN_D_MM_20170923','TO_E_ESOP_LOG_MAIN_D_MM','23','SUBSNUMBER','客户手机号码','STRING','','','','','Y','个人服务填写','C1-2','3','');
insert into column_val (xmlid, col_xmlid, dataname, col_seq, colname, colcnname, datatype, length, precision_val, party_seq, isprimarykey, isnullable, remark, filed_type_child, sensitive_level, policyid) values ('TO_E_ESOP_LOG_MAIN_D_MM','TO_E_ESOP_LOG_MAIN_D_MM_20170924','TO_E_ESOP_LOG_MAIN_D_MM','24','CUST_NAM','客户名称','STRING','','','','','Y','个人服务填写','C1-2','3','');
insert into column_val (xmlid, col_xmlid, dataname, col_seq, colname, colcnname, datatype, length, precision_val, party_seq, isprimarykey, isnullable, remark, filed_type_child, sensitive_level, policyid) values ('TO_E_ESOP_LOG_MAIN_D_MM','TO_E_ESOP_LOG_MAIN_D_MM_20170925','TO_E_ESOP_LOG_MAIN_D_MM','25','CUST_ROLE','客户角色','STRING','','','','','Y','个人服务填写','C1-2','3','');
insert into column_val (xmlid, col_xmlid, dataname, col_seq, colname, colcnname, datatype, length, precision_val, party_seq, isprimarykey, isnullable, remark, filed_type_child, sensitive_level, policyid) values ('TO_E_ESOP_LOG_MAIN_D_MM','TO_E_ESOP_LOG_MAIN_D_MM_20170926','TO_E_ESOP_LOG_MAIN_D_MM','26','CORP_SCOPE','动态集团级别','STRING','','','','','Y','BOSS集团','C1-2','3','');
insert into column_val (xmlid, col_xmlid, dataname, col_seq, colname, colcnname, datatype, length, precision_val, party_seq, isprimarykey, isnullable, remark, filed_type_child, sensitive_level, policyid) values ('TO_E_ESOP_LOG_MAIN_D_MM','TO_E_ESOP_LOG_MAIN_D_MM_20170927','TO_E_ESOP_LOG_MAIN_D_MM','27','DIST_NAM','所属区县','STRING','','','','','Y','BOSS集团','C1-2','3','');
insert into column_val (xmlid, col_xmlid, dataname, col_seq, colname, colcnname, datatype, length, precision_val, party_seq, isprimarykey, isnullable, remark, filed_type_child, sensitive_level, policyid) values ('TO_E_ESOP_LOG_MAIN_D_MM','TO_E_ESOP_LOG_MAIN_D_MM_20170928','TO_E_ESOP_LOG_MAIN_D_MM','28','CUST_MGR','客户经理','STRING','','','','','Y','','C1-2','3','');
insert into column_val (xmlid, col_xmlid, dataname, col_seq, colname, colcnname, datatype, length, precision_val, party_seq, isprimarykey, isnullable, remark, filed_type_child, sensitive_level, policyid) values ('TO_E_ESOP_LOG_MAIN_D_MM','TO_E_ESOP_LOG_MAIN_D_MM_20170929','TO_E_ESOP_LOG_MAIN_D_MM','29','FOLLOW_STAFF','我方人员','STRING','','','','','Y','同行人员','C1-2','3','');
insert into column_val (xmlid, col_xmlid, dataname, col_seq, colname, colcnname, datatype, length, precision_val, party_seq, isprimarykey, isnullable, remark, filed_type_child, sensitive_level, policyid) values ('TO_E_ESOP_LOG_MAIN_D_MM','TO_E_ESOP_LOG_MAIN_D_MM_20170930','TO_E_ESOP_LOG_MAIN_D_MM','30','PROJECT_FEE','项目金额','STRING','','','','','Y','','C1-2','3','');
insert into column_val (xmlid, col_xmlid, dataname, col_seq, colname, colcnname, datatype, length, precision_val, party_seq, isprimarykey, isnullable, remark, filed_type_child, sensitive_level, policyid) values ('TO_E_ESOP_LOG_MAIN_D_MM','TO_E_ESOP_LOG_MAIN_D_MM_20170931','TO_E_ESOP_LOG_MAIN_D_MM','31','PROJECT_BRIEF','项目简介','STRING','','','','','Y','','C1-2','3','');
insert into column_val (xmlid, col_xmlid, dataname, col_seq, colname, colcnname, datatype, length, precision_val, party_seq, isprimarykey, isnullable, remark, filed_type_child, sensitive_level, policyid) values ('TO_E_ESOP_LOG_MAIN_D_MM','TO_E_ESOP_LOG_MAIN_D_MM_20170932','TO_E_ESOP_LOG_MAIN_D_MM','32','COMP_OPPONENT','竞争对手','STRING','','','','','Y','','C1-2','3','');
insert into column_val (xmlid, col_xmlid, dataname, col_seq, colname, colcnname, datatype, length, precision_val, party_seq, isprimarykey, isnullable, remark, filed_type_child, sensitive_level, policyid) values ('TO_E_ESOP_LOG_MAIN_D_MM','TO_E_ESOP_LOG_MAIN_D_MM_20170933','TO_E_ESOP_LOG_MAIN_D_MM','33','COMP_LEVEL','竞争级别','STRING','','','','','Y','','C1-2','3','');
insert into column_val (xmlid, col_xmlid, dataname, col_seq, colname, colcnname, datatype, length, precision_val, party_seq, isprimarykey, isnullable, remark, filed_type_child, sensitive_level, policyid) values ('TO_E_ESOP_LOG_MAIN_D_MM','TO_E_ESOP_LOG_MAIN_D_MM_20170934','TO_E_ESOP_LOG_MAIN_D_MM','34','RESPONSE_EVENT','应对事件','STRING','','','','','Y','','C1-2','3','');
insert into column_val (xmlid, col_xmlid, dataname, col_seq, colname, colcnname, datatype, length, precision_val, party_seq, isprimarykey, isnullable, remark, filed_type_child, sensitive_level, policyid) values ('TO_E_ESOP_LOG_MAIN_D_MM','TO_E_ESOP_LOG_MAIN_D_MM_20170935','TO_E_ESOP_LOG_MAIN_D_MM','35','RESPONSE_RESULT','应对结果','STRING','','','','','Y','','C1-2','3','');
insert into column_val (xmlid, col_xmlid, dataname, col_seq, colname, colcnname, datatype, length, precision_val, party_seq, isprimarykey, isnullable, remark, filed_type_child, sensitive_level, policyid) values ('TO_E_ESOP_LOG_MAIN_D_MM','TO_E_ESOP_LOG_MAIN_D_MM_20170936','TO_E_ESOP_LOG_MAIN_D_MM','36','OTHER_RESULT','其它成效','STRING','','','','','Y','','C1-2','3','');
insert into column_val (xmlid, col_xmlid, dataname, col_seq, colname, colcnname, datatype, length, precision_val, party_seq, isprimarykey, isnullable, remark, filed_type_child, sensitive_level, policyid) values ('TO_E_ESOP_LOG_MAIN_D_MM','TO_E_ESOP_LOG_MAIN_D_MM_20170937','TO_E_ESOP_LOG_MAIN_D_MM','37','NOTES','备注','STRING','','','','','Y','','C1-2','3','');
insert into column_val (xmlid, col_xmlid, dataname, col_seq, colname, colcnname, datatype, length, precision_val, party_seq, isprimarykey, isnullable, remark, filed_type_child, sensitive_level, policyid) values ('TO_E_ESOP_LOG_MAIN_D_MM','TO_E_ESOP_LOG_MAIN_D_MM_20170938','TO_E_ESOP_LOG_MAIN_D_MM','38','CHIEF_VISIT_MGR_NAM','主要拜访经理名称','STRING','','','','','Y','','C1-2','3','');
insert into column_val (xmlid, col_xmlid, dataname, col_seq, colname, colcnname, datatype, length, precision_val, party_seq, isprimarykey, isnullable, remark, filed_type_child, sensitive_level, policyid) values ('TO_E_ESOP_LOG_MAIN_D_MM','TO_E_ESOP_LOG_MAIN_D_MM_20170939','TO_E_ESOP_LOG_MAIN_D_MM','39','CHIEF_VISIT_MGR_JOB','职位','STRING','','','','','Y','','C1-2','3','');
insert into column_val (xmlid, col_xmlid, dataname, col_seq, colname, colcnname, datatype, length, precision_val, party_seq, isprimarykey, isnullable, remark, filed_type_child, sensitive_level, policyid) values ('TO_E_ESOP_LOG_MAIN_D_MM','TO_E_ESOP_LOG_MAIN_D_MM_20170940','TO_E_ESOP_LOG_MAIN_D_MM','40','VISIT_TYPE','拜访类型','STRING','','','','','Y','','C1-2','3','');
insert into column_val (xmlid, col_xmlid, dataname, col_seq, colname, colcnname, datatype, length, precision_val, party_seq, isprimarykey, isnullable, remark, filed_type_child, sensitive_level, policyid) values ('TO_E_ESOP_LOG_MAIN_D_MM','TO_E_ESOP_LOG_MAIN_D_MM_20170941','TO_E_ESOP_LOG_MAIN_D_MM','41','MOVEMENT_DESC','拜访描述','STRING','','','','','Y','','C1-2','3','');
insert into column_val (xmlid, col_xmlid, dataname, col_seq, colname, colcnname, datatype, length, precision_val, party_seq, isprimarykey, isnullable, remark, filed_type_child, sensitive_level, policyid) values ('TO_E_ESOP_LOG_MAIN_D_MM','TO_E_ESOP_LOG_MAIN_D_MM_20170942','TO_E_ESOP_LOG_MAIN_D_MM','42','IMPACT','影响','STRING','','','','','Y','','C1-2','3','');
insert into column_val (xmlid, col_xmlid, dataname, col_seq, colname, colcnname, datatype, length, precision_val, party_seq, isprimarykey, isnullable, remark, filed_type_child, sensitive_level, policyid) values ('TO_E_ESOP_LOG_MAIN_D_MM','TO_E_ESOP_LOG_MAIN_D_MM_20170943','TO_E_ESOP_LOG_MAIN_D_MM','43','PROJECT_NAM','项目名称','STRING','','','','','Y','','C1-2','3','');
insert into column_val (xmlid, col_xmlid, dataname, col_seq, colname, colcnname, datatype, length, precision_val, party_seq, isprimarykey, isnullable, remark, filed_type_child, sensitive_level, policyid) values ('TO_E_ESOP_LOG_MAIN_D_MM','TO_E_ESOP_LOG_MAIN_D_MM_20170944','TO_E_ESOP_LOG_MAIN_D_MM','44','REFER_PRDCT','参考产品','STRING','','','','','Y','','C1-2','3','');
insert into column_val (xmlid, col_xmlid, dataname, col_seq, colname, colcnname, datatype, length, precision_val, party_seq, isprimarykey, isnullable, remark, filed_type_child, sensitive_level, policyid) values ('TO_E_ESOP_LOG_MAIN_D_MM','TO_E_ESOP_LOG_MAIN_D_MM_20170945','TO_E_ESOP_LOG_MAIN_D_MM','45','AFFECT_RANGE','影响范围','STRING','','','','','Y','','C1-2','3','');
insert into column_val (xmlid, col_xmlid, dataname, col_seq, colname, colcnname, datatype, length, precision_val, party_seq, isprimarykey, isnullable, remark, filed_type_child, sensitive_level, policyid) values ('TO_E_ESOP_LOG_MAIN_D_MM','TO_E_ESOP_LOG_MAIN_D_MM_20170946','TO_E_ESOP_LOG_MAIN_D_MM','46','CMCC_BRANCH_CD','地市编码','STRING','','','','','Y','','C1-2','3','');
insert into column_val (xmlid, col_xmlid, dataname, col_seq, colname, colcnname, datatype, length, precision_val, party_seq, isprimarykey, isnullable, remark, filed_type_child, sensitive_level, policyid) values ('TO_E_ESOP_LOG_MAIN_D_MM','TO_E_ESOP_LOG_MAIN_D_MM_20170947','TO_E_ESOP_LOG_MAIN_D_MM','47','month','月份','INT','','','1','','N','','','','');
insert into column_val (xmlid, col_xmlid, dataname, col_seq, colname, colcnname, datatype, length, precision_val, party_seq, isprimarykey, isnullable, remark, filed_type_child, sensitive_level, policyid) values ('TO_E_ESOP_LOG_MAIN_D_MM','TO_E_ESOP_LOG_MAIN_D_MM_20170948','TO_E_ESOP_LOG_MAIN_D_MM','48','day','日期','INT','','','2','','N','','','','');

insert into tablefile (xmlid, dbname, dataname, datacnname, state, cycletype, topiccode, extend_cfg, rightlevel, creater, curdutyer, eff_date, state_date, team_code, open_state, remark) values ('TO_E_ESOP_LOG_MAIN_D_ZQ','BD_B','TO_E_ESOP_LOG_MAIN_D_ZQ','ODS_ESOP日志表','NEW','day','LAYERI_ISERV','{"EXTERNAL":"y","LOCATION":"/tenant/BIGDATA/JCFW/JRCL/BD_B/ODS/TO_E_ESOP_LOG_MAIN_D/branch=ZQ","FILEFORMAT":"PARQUET","DELIMITER":"&&"}','其他','谢英俊','谢英俊', TIMESTAMP '0009-02-17 12:00:00', TIMESTAMP '0009-02-17 12:00:00','f2999fd5-c34e-402e-9b28-fec9fca13044','','基础层-服务主题域');
insert into column_val (xmlid, col_xmlid, dataname, col_seq, colname, colcnname, datatype, length, precision_val, party_seq, isprimarykey, isnullable, remark, filed_type_child, sensitive_level, policyid) values ('TO_E_ESOP_LOG_MAIN_D_ZQ','TO_E_ESOP_LOG_MAIN_D_ZQ_2017091','TO_E_ESOP_LOG_MAIN_D_ZQ','1','LOG_ID','日志编号','STRING','','','','1','N','','C1-2','3','');
insert into column_val (xmlid, col_xmlid, dataname, col_seq, colname, colcnname, datatype, length, precision_val, party_seq, isprimarykey, isnullable, remark, filed_type_child, sensitive_level, policyid) values ('TO_E_ESOP_LOG_MAIN_D_ZQ','TO_E_ESOP_LOG_MAIN_D_ZQ_2017092','TO_E_ESOP_LOG_MAIN_D_ZQ','2','LOG_NAM','日志主题','STRING','','','','','Y','','C1-2','3','');
insert into column_val (xmlid, col_xmlid, dataname, col_seq, colname, colcnname, datatype, length, precision_val, party_seq, isprimarykey, isnullable, remark, filed_type_child, sensitive_level, policyid) values ('TO_E_ESOP_LOG_MAIN_D_ZQ','TO_E_ESOP_LOG_MAIN_D_ZQ_2017093','TO_E_ESOP_LOG_MAIN_D_ZQ','3','LOG_TYP','日志类型','STRING','','','','','Y','字典表GROUPID="logtype"','C1-2','3','');
insert into column_val (xmlid, col_xmlid, dataname, col_seq, colname, colcnname, datatype, length, precision_val, party_seq, isprimarykey, isnullable, remark, filed_type_child, sensitive_level, policyid) values ('TO_E_ESOP_LOG_MAIN_D_ZQ','TO_E_ESOP_LOG_MAIN_D_ZQ_2017094','TO_E_ESOP_LOG_MAIN_D_ZQ','4','CTY_CD','地市','STRING','','','','1','N','主键
地市region，
999-省公司
200-广州
660-汕尾
662-阳江
663-揭阳
668-茂名
750-江门
751-韶关
752-惠州
753-梅州
754-汕头
755-深圳
756-珠海
757-佛山
758-肇庆
759-湛江
760-中山
762-河源
763-清远
766-云浮
768-潮州
769-东莞','C1-2','3','');
insert into column_val (xmlid, col_xmlid, dataname, col_seq, colname, colcnname, datatype, length, precision_val, party_seq, isprimarykey, isnullable, remark, filed_type_child, sensitive_level, policyid) values ('TO_E_ESOP_LOG_MAIN_D_ZQ','TO_E_ESOP_LOG_MAIN_D_ZQ_2017095','TO_E_ESOP_LOG_MAIN_D_ZQ','5','OPERATION_ID','关联业务单号','STRING','','','','','Y','项目编号PROJECTID','C1-2','3','');
insert into column_val (xmlid, col_xmlid, dataname, col_seq, colname, colcnname, datatype, length, precision_val, party_seq, isprimarykey, isnullable, remark, filed_type_child, sensitive_level, policyid) values ('TO_E_ESOP_LOG_MAIN_D_ZQ','TO_E_ESOP_LOG_MAIN_D_ZQ_2017096','TO_E_ESOP_LOG_MAIN_D_ZQ','6','OPERATION_NAM','关联业务单名称','STRING','','','','','Y','项目PROJECTNAME','C1-2','3','');
insert into column_val (xmlid, col_xmlid, dataname, col_seq, colname, colcnname, datatype, length, precision_val, party_seq, isprimarykey, isnullable, remark, filed_type_child, sensitive_level, policyid) values ('TO_E_ESOP_LOG_MAIN_D_ZQ','TO_E_ESOP_LOG_MAIN_D_ZQ_2017097','TO_E_ESOP_LOG_MAIN_D_ZQ','7','SERVICE_ACT','客服动作','STRING','','','','','Y','字典表GROUPID="servicact"','C1-2','3','');
insert into column_val (xmlid, col_xmlid, dataname, col_seq, colname, colcnname, datatype, length, precision_val, party_seq, isprimarykey, isnullable, remark, filed_type_child, sensitive_level, policyid) values ('TO_E_ESOP_LOG_MAIN_D_ZQ','TO_E_ESOP_LOG_MAIN_D_ZQ_2017098','TO_E_ESOP_LOG_MAIN_D_ZQ','8','GROUP_ID','集团客户编号','STRING','','','','','Y','','C1-2','3','');
insert into column_val (xmlid, col_xmlid, dataname, col_seq, colname, colcnname, datatype, length, precision_val, party_seq, isprimarykey, isnullable, remark, filed_type_child, sensitive_level, policyid) values ('TO_E_ESOP_LOG_MAIN_D_ZQ','TO_E_ESOP_LOG_MAIN_D_ZQ_2017099','TO_E_ESOP_LOG_MAIN_D_ZQ','9','CRTEATOR','创建人','STRING','','','','','Y','','C1-2','3','');
insert into column_val (xmlid, col_xmlid, dataname, col_seq, colname, colcnname, datatype, length, precision_val, party_seq, isprimarykey, isnullable, remark, filed_type_child, sensitive_level, policyid) values ('TO_E_ESOP_LOG_MAIN_D_ZQ','TO_E_ESOP_LOG_MAIN_D_ZQ_20170910','TO_E_ESOP_LOG_MAIN_D_ZQ','10','CREATE_DTS','创建时间','STRING','','','','','Y','格式YYYY-MM-DDHH24:MI:SS','C1-2','3','');
insert into column_val (xmlid, col_xmlid, dataname, col_seq, colname, colcnname, datatype, length, precision_val, party_seq, isprimarykey, isnullable, remark, filed_type_child, sensitive_level, policyid) values ('TO_E_ESOP_LOG_MAIN_D_ZQ','TO_E_ESOP_LOG_MAIN_D_ZQ_20170911','TO_E_ESOP_LOG_MAIN_D_ZQ','11','CHG_TIM','修改时间','STRING','','','','','Y','格式YYYY-MM-DDHH24:MI:SS','C1-2','3','');
insert into column_val (xmlid, col_xmlid, dataname, col_seq, colname, colcnname, datatype, length, precision_val, party_seq, isprimarykey, isnullable, remark, filed_type_child, sensitive_level, policyid) values ('TO_E_ESOP_LOG_MAIN_D_ZQ','TO_E_ESOP_LOG_MAIN_D_ZQ_20170912','TO_E_ESOP_LOG_MAIN_D_ZQ','12','LOG_CONT','日志内容','STRING','','','','','Y','','C1-2','3','');
insert into column_val (xmlid, col_xmlid, dataname, col_seq, colname, colcnname, datatype, length, precision_val, party_seq, isprimarykey, isnullable, remark, filed_type_child, sensitive_level, policyid) values ('TO_E_ESOP_LOG_MAIN_D_ZQ','TO_E_ESOP_LOG_MAIN_D_ZQ_20170913','TO_E_ESOP_LOG_MAIN_D_ZQ','13','LOG_SRC','日志来源','STRING','','','','','Y','自己：1，系统：0','C1-2','3','');
insert into column_val (xmlid, col_xmlid, dataname, col_seq, colname, colcnname, datatype, length, precision_val, party_seq, isprimarykey, isnullable, remark, filed_type_child, sensitive_level, policyid) values ('TO_E_ESOP_LOG_MAIN_D_ZQ','TO_E_ESOP_LOG_MAIN_D_ZQ_20170914','TO_E_ESOP_LOG_MAIN_D_ZQ','14','STS_CD','状态','STRING','','','','','Y','1是，0否','C1-2','3','');
insert into column_val (xmlid, col_xmlid, dataname, col_seq, colname, colcnname, datatype, length, precision_val, party_seq, isprimarykey, isnullable, remark, filed_type_child, sensitive_level, policyid) values ('TO_E_ESOP_LOG_MAIN_D_ZQ','TO_E_ESOP_LOG_MAIN_D_ZQ_20170915','TO_E_ESOP_LOG_MAIN_D_ZQ','15','LOG_ATTACH','日志附件','STRING','','','','','Y','','C1-2','3','');
insert into column_val (xmlid, col_xmlid, dataname, col_seq, colname, colcnname, datatype, length, precision_val, party_seq, isprimarykey, isnullable, remark, filed_type_child, sensitive_level, policyid) values ('TO_E_ESOP_LOG_MAIN_D_ZQ','TO_E_ESOP_LOG_MAIN_D_ZQ_20170916','TO_E_ESOP_LOG_MAIN_D_ZQ','16','GROUP_TYP','集团类型','STRING','','','','','Y','自然集团：1，BOSS集团：0','C1-2','3','');
insert into column_val (xmlid, col_xmlid, dataname, col_seq, colname, colcnname, datatype, length, precision_val, party_seq, isprimarykey, isnullable, remark, filed_type_child, sensitive_level, policyid) values ('TO_E_ESOP_LOG_MAIN_D_ZQ','TO_E_ESOP_LOG_MAIN_D_ZQ_20170917','TO_E_ESOP_LOG_MAIN_D_ZQ','17','VISIT_DT','拜访时间','STRING','','','','','Y','','C1-2','3','');
insert into column_val (xmlid, col_xmlid, dataname, col_seq, colname, colcnname, datatype, length, precision_val, party_seq, isprimarykey, isnullable, remark, filed_type_child, sensitive_level, policyid) values ('TO_E_ESOP_LOG_MAIN_D_ZQ','TO_E_ESOP_LOG_MAIN_D_ZQ_20170918','TO_E_ESOP_LOG_MAIN_D_ZQ','18','LOG_WRITE_LENGTH','日志填写耗时','STRING','','','','','Y','单位：秒','C1-2','3','');
insert into column_val (xmlid, col_xmlid, dataname, col_seq, colname, colcnname, datatype, length, precision_val, party_seq, isprimarykey, isnullable, remark, filed_type_child, sensitive_level, policyid) values ('TO_E_ESOP_LOG_MAIN_D_ZQ','TO_E_ESOP_LOG_MAIN_D_ZQ_20170919','TO_E_ESOP_LOG_MAIN_D_ZQ','19','GROUP_NAME','集团名称','STRING','','','','','Y','包括自然集团、BOSS集团','C1-2','3','');
insert into column_val (xmlid, col_xmlid, dataname, col_seq, colname, colcnname, datatype, length, precision_val, party_seq, isprimarykey, isnullable, remark, filed_type_child, sensitive_level, policyid) values ('TO_E_ESOP_LOG_MAIN_D_ZQ','TO_E_ESOP_LOG_MAIN_D_ZQ_20170920','TO_E_ESOP_LOG_MAIN_D_ZQ','20','SER_TYP_CD','服务方式','STRING','','','','','Y','上门、电话、E-mail、短彩信、EMS邮寄、外出联谊、传真、其它','C1-2','3','');
insert into column_val (xmlid, col_xmlid, dataname, col_seq, colname, colcnname, datatype, length, precision_val, party_seq, isprimarykey, isnullable, remark, filed_type_child, sensitive_level, policyid) values ('TO_E_ESOP_LOG_MAIN_D_ZQ','TO_E_ESOP_LOG_MAIN_D_ZQ_20170921','TO_E_ESOP_LOG_MAIN_D_ZQ','21','VISIT_FORM','拜访活动形式','STRING','','','','','Y','上门拜访','C1-2','3','');
insert into column_val (xmlid, col_xmlid, dataname, col_seq, colname, colcnname, datatype, length, precision_val, party_seq, isprimarykey, isnullable, remark, filed_type_child, sensitive_level, policyid) values ('TO_E_ESOP_LOG_MAIN_D_ZQ','TO_E_ESOP_LOG_MAIN_D_ZQ_20170922','TO_E_ESOP_LOG_MAIN_D_ZQ','22','VISIT_AIM','拜访活动目的','STRING','','','','','Y','建立或维系高层客户关系','C1-2','3','');
insert into column_val (xmlid, col_xmlid, dataname, col_seq, colname, colcnname, datatype, length, precision_val, party_seq, isprimarykey, isnullable, remark, filed_type_child, sensitive_level, policyid) values ('TO_E_ESOP_LOG_MAIN_D_ZQ','TO_E_ESOP_LOG_MAIN_D_ZQ_20170923','TO_E_ESOP_LOG_MAIN_D_ZQ','23','SUBSNUMBER','客户手机号码','STRING','','','','','Y','个人服务填写','C1-2','3','');
insert into column_val (xmlid, col_xmlid, dataname, col_seq, colname, colcnname, datatype, length, precision_val, party_seq, isprimarykey, isnullable, remark, filed_type_child, sensitive_level, policyid) values ('TO_E_ESOP_LOG_MAIN_D_ZQ','TO_E_ESOP_LOG_MAIN_D_ZQ_20170924','TO_E_ESOP_LOG_MAIN_D_ZQ','24','CUST_NAM','客户名称','STRING','','','','','Y','个人服务填写','C1-2','3','');
insert into column_val (xmlid, col_xmlid, dataname, col_seq, colname, colcnname, datatype, length, precision_val, party_seq, isprimarykey, isnullable, remark, filed_type_child, sensitive_level, policyid) values ('TO_E_ESOP_LOG_MAIN_D_ZQ','TO_E_ESOP_LOG_MAIN_D_ZQ_20170925','TO_E_ESOP_LOG_MAIN_D_ZQ','25','CUST_ROLE','客户角色','STRING','','','','','Y','个人服务填写','C1-2','3','');
insert into column_val (xmlid, col_xmlid, dataname, col_seq, colname, colcnname, datatype, length, precision_val, party_seq, isprimarykey, isnullable, remark, filed_type_child, sensitive_level, policyid) values ('TO_E_ESOP_LOG_MAIN_D_ZQ','TO_E_ESOP_LOG_MAIN_D_ZQ_20170926','TO_E_ESOP_LOG_MAIN_D_ZQ','26','CORP_SCOPE','动态集团级别','STRING','','','','','Y','BOSS集团','C1-2','3','');
insert into column_val (xmlid, col_xmlid, dataname, col_seq, colname, colcnname, datatype, length, precision_val, party_seq, isprimarykey, isnullable, remark, filed_type_child, sensitive_level, policyid) values ('TO_E_ESOP_LOG_MAIN_D_ZQ','TO_E_ESOP_LOG_MAIN_D_ZQ_20170927','TO_E_ESOP_LOG_MAIN_D_ZQ','27','DIST_NAM','所属区县','STRING','','','','','Y','BOSS集团','C1-2','3','');
insert into column_val (xmlid, col_xmlid, dataname, col_seq, colname, colcnname, datatype, length, precision_val, party_seq, isprimarykey, isnullable, remark, filed_type_child, sensitive_level, policyid) values ('TO_E_ESOP_LOG_MAIN_D_ZQ','TO_E_ESOP_LOG_MAIN_D_ZQ_20170928','TO_E_ESOP_LOG_MAIN_D_ZQ','28','CUST_MGR','客户经理','STRING','','','','','Y','','C1-2','3','');
insert into column_val (xmlid, col_xmlid, dataname, col_seq, colname, colcnname, datatype, length, precision_val, party_seq, isprimarykey, isnullable, remark, filed_type_child, sensitive_level, policyid) values ('TO_E_ESOP_LOG_MAIN_D_ZQ','TO_E_ESOP_LOG_MAIN_D_ZQ_20170929','TO_E_ESOP_LOG_MAIN_D_ZQ','29','FOLLOW_STAFF','我方人员','STRING','','','','','Y','同行人员','C1-2','3','');
insert into column_val (xmlid, col_xmlid, dataname, col_seq, colname, colcnname, datatype, length, precision_val, party_seq, isprimarykey, isnullable, remark, filed_type_child, sensitive_level, policyid) values ('TO_E_ESOP_LOG_MAIN_D_ZQ','TO_E_ESOP_LOG_MAIN_D_ZQ_20170930','TO_E_ESOP_LOG_MAIN_D_ZQ','30','PROJECT_FEE','项目金额','STRING','','','','','Y','','C1-2','3','');
insert into column_val (xmlid, col_xmlid, dataname, col_seq, colname, colcnname, datatype, length, precision_val, party_seq, isprimarykey, isnullable, remark, filed_type_child, sensitive_level, policyid) values ('TO_E_ESOP_LOG_MAIN_D_ZQ','TO_E_ESOP_LOG_MAIN_D_ZQ_20170931','TO_E_ESOP_LOG_MAIN_D_ZQ','31','PROJECT_BRIEF','项目简介','STRING','','','','','Y','','C1-2','3','');
insert into column_val (xmlid, col_xmlid, dataname, col_seq, colname, colcnname, datatype, length, precision_val, party_seq, isprimarykey, isnullable, remark, filed_type_child, sensitive_level, policyid) values ('TO_E_ESOP_LOG_MAIN_D_ZQ','TO_E_ESOP_LOG_MAIN_D_ZQ_20170932','TO_E_ESOP_LOG_MAIN_D_ZQ','32','COMP_OPPONENT','竞争对手','STRING','','','','','Y','','C1-2','3','');
insert into column_val (xmlid, col_xmlid, dataname, col_seq, colname, colcnname, datatype, length, precision_val, party_seq, isprimarykey, isnullable, remark, filed_type_child, sensitive_level, policyid) values ('TO_E_ESOP_LOG_MAIN_D_ZQ','TO_E_ESOP_LOG_MAIN_D_ZQ_20170933','TO_E_ESOP_LOG_MAIN_D_ZQ','33','COMP_LEVEL','竞争级别','STRING','','','','','Y','','C1-2','3','');
insert into column_val (xmlid, col_xmlid, dataname, col_seq, colname, colcnname, datatype, length, precision_val, party_seq, isprimarykey, isnullable, remark, filed_type_child, sensitive_level, policyid) values ('TO_E_ESOP_LOG_MAIN_D_ZQ','TO_E_ESOP_LOG_MAIN_D_ZQ_20170934','TO_E_ESOP_LOG_MAIN_D_ZQ','34','RESPONSE_EVENT','应对事件','STRING','','','','','Y','','C1-2','3','');
insert into column_val (xmlid, col_xmlid, dataname, col_seq, colname, colcnname, datatype, length, precision_val, party_seq, isprimarykey, isnullable, remark, filed_type_child, sensitive_level, policyid) values ('TO_E_ESOP_LOG_MAIN_D_ZQ','TO_E_ESOP_LOG_MAIN_D_ZQ_20170935','TO_E_ESOP_LOG_MAIN_D_ZQ','35','RESPONSE_RESULT','应对结果','STRING','','','','','Y','','C1-2','3','');
insert into column_val (xmlid, col_xmlid, dataname, col_seq, colname, colcnname, datatype, length, precision_val, party_seq, isprimarykey, isnullable, remark, filed_type_child, sensitive_level, policyid) values ('TO_E_ESOP_LOG_MAIN_D_ZQ','TO_E_ESOP_LOG_MAIN_D_ZQ_20170936','TO_E_ESOP_LOG_MAIN_D_ZQ','36','OTHER_RESULT','其它成效','STRING','','','','','Y','','C1-2','3','');
insert into column_val (xmlid, col_xmlid, dataname, col_seq, colname, colcnname, datatype, length, precision_val, party_seq, isprimarykey, isnullable, remark, filed_type_child, sensitive_level, policyid) values ('TO_E_ESOP_LOG_MAIN_D_ZQ','TO_E_ESOP_LOG_MAIN_D_ZQ_20170937','TO_E_ESOP_LOG_MAIN_D_ZQ','37','NOTES','备注','STRING','','','','','Y','','C1-2','3','');
insert into column_val (xmlid, col_xmlid, dataname, col_seq, colname, colcnname, datatype, length, precision_val, party_seq, isprimarykey, isnullable, remark, filed_type_child, sensitive_level, policyid) values ('TO_E_ESOP_LOG_MAIN_D_ZQ','TO_E_ESOP_LOG_MAIN_D_ZQ_20170938','TO_E_ESOP_LOG_MAIN_D_ZQ','38','CHIEF_VISIT_MGR_NAM','主要拜访经理名称','STRING','','','','','Y','','C1-2','3','');
insert into column_val (xmlid, col_xmlid, dataname, col_seq, colname, colcnname, datatype, length, precision_val, party_seq, isprimarykey, isnullable, remark, filed_type_child, sensitive_level, policyid) values ('TO_E_ESOP_LOG_MAIN_D_ZQ','TO_E_ESOP_LOG_MAIN_D_ZQ_20170939','TO_E_ESOP_LOG_MAIN_D_ZQ','39','CHIEF_VISIT_MGR_JOB','职位','STRING','','','','','Y','','C1-2','3','');
insert into column_val (xmlid, col_xmlid, dataname, col_seq, colname, colcnname, datatype, length, precision_val, party_seq, isprimarykey, isnullable, remark, filed_type_child, sensitive_level, policyid) values ('TO_E_ESOP_LOG_MAIN_D_ZQ','TO_E_ESOP_LOG_MAIN_D_ZQ_20170940','TO_E_ESOP_LOG_MAIN_D_ZQ','40','VISIT_TYPE','拜访类型','STRING','','','','','Y','','C1-2','3','');
insert into column_val (xmlid, col_xmlid, dataname, col_seq, colname, colcnname, datatype, length, precision_val, party_seq, isprimarykey, isnullable, remark, filed_type_child, sensitive_level, policyid) values ('TO_E_ESOP_LOG_MAIN_D_ZQ','TO_E_ESOP_LOG_MAIN_D_ZQ_20170941','TO_E_ESOP_LOG_MAIN_D_ZQ','41','MOVEMENT_DESC','拜访描述','STRING','','','','','Y','','C1-2','3','');
insert into column_val (xmlid, col_xmlid, dataname, col_seq, colname, colcnname, datatype, length, precision_val, party_seq, isprimarykey, isnullable, remark, filed_type_child, sensitive_level, policyid) values ('TO_E_ESOP_LOG_MAIN_D_ZQ','TO_E_ESOP_LOG_MAIN_D_ZQ_20170942','TO_E_ESOP_LOG_MAIN_D_ZQ','42','IMPACT','影响','STRING','','','','','Y','','C1-2','3','');
insert into column_val (xmlid, col_xmlid, dataname, col_seq, colname, colcnname, datatype, length, precision_val, party_seq, isprimarykey, isnullable, remark, filed_type_child, sensitive_level, policyid) values ('TO_E_ESOP_LOG_MAIN_D_ZQ','TO_E_ESOP_LOG_MAIN_D_ZQ_20170943','TO_E_ESOP_LOG_MAIN_D_ZQ','43','PROJECT_NAM','项目名称','STRING','','','','','Y','','C1-2','3','');
insert into column_val (xmlid, col_xmlid, dataname, col_seq, colname, colcnname, datatype, length, precision_val, party_seq, isprimarykey, isnullable, remark, filed_type_child, sensitive_level, policyid) values ('TO_E_ESOP_LOG_MAIN_D_ZQ','TO_E_ESOP_LOG_MAIN_D_ZQ_20170944','TO_E_ESOP_LOG_MAIN_D_ZQ','44','REFER_PRDCT','参考产品','STRING','','','','','Y','','C1-2','3','');
insert into column_val (xmlid, col_xmlid, dataname, col_seq, colname, colcnname, datatype, length, precision_val, party_seq, isprimarykey, isnullable, remark, filed_type_child, sensitive_level, policyid) values ('TO_E_ESOP_LOG_MAIN_D_ZQ','TO_E_ESOP_LOG_MAIN_D_ZQ_20170945','TO_E_ESOP_LOG_MAIN_D_ZQ','45','AFFECT_RANGE','影响范围','STRING','','','','','Y','','C1-2','3','');
insert into column_val (xmlid, col_xmlid, dataname, col_seq, colname, colcnname, datatype, length, precision_val, party_seq, isprimarykey, isnullable, remark, filed_type_child, sensitive_level, policyid) values ('TO_E_ESOP_LOG_MAIN_D_ZQ','TO_E_ESOP_LOG_MAIN_D_ZQ_20170946','TO_E_ESOP_LOG_MAIN_D_ZQ','46','CMCC_BRANCH_CD','地市编码','STRING','','','','','Y','','C1-2','3','');
insert into column_val (xmlid, col_xmlid, dataname, col_seq, colname, colcnname, datatype, length, precision_val, party_seq, isprimarykey, isnullable, remark, filed_type_child, sensitive_level, policyid) values ('TO_E_ESOP_LOG_MAIN_D_ZQ','TO_E_ESOP_LOG_MAIN_D_ZQ_20170947','TO_E_ESOP_LOG_MAIN_D_ZQ','47','month','月份','INT','','','1','','N','','','','');
insert into column_val (xmlid, col_xmlid, dataname, col_seq, colname, colcnname, datatype, length, precision_val, party_seq, isprimarykey, isnullable, remark, filed_type_child, sensitive_level, policyid) values ('TO_E_ESOP_LOG_MAIN_D_ZQ','TO_E_ESOP_LOG_MAIN_D_ZQ_20170948','TO_E_ESOP_LOG_MAIN_D_ZQ','48','day','日期','INT','','','2','','N','','','','');

insert into tablefile (xmlid, dbname, dataname, datacnname, state, cycletype, topiccode, extend_cfg, rightlevel, creater, curdutyer, eff_date, state_date, team_code, open_state, remark) values ('TO_E_ESOP_LOG_MAIN_D_QY','BD_B','TO_E_ESOP_LOG_MAIN_D_QY','ODS_ESOP日志表','NEW','day','LAYERI_ISERV','{"EXTERNAL":"y","LOCATION":"/tenant/BIGDATA/JCFW/JRCL/BD_B/ODS/TO_E_ESOP_LOG_MAIN_D/branch=QY","FILEFORMAT":"PARQUET","DELIMITER":"&&"}','其他','谢英俊','谢英俊', TIMESTAMP '0009-02-17 12:00:00', TIMESTAMP '0009-02-17 12:00:00','f2999fd5-c34e-402e-9b28-fec9fca13044','','基础层-服务主题域');
insert into column_val (xmlid, col_xmlid, dataname, col_seq, colname, colcnname, datatype, length, precision_val, party_seq, isprimarykey, isnullable, remark, filed_type_child, sensitive_level, policyid) values ('TO_E_ESOP_LOG_MAIN_D_QY','TO_E_ESOP_LOG_MAIN_D_QY_2017091','TO_E_ESOP_LOG_MAIN_D_QY','1','LOG_ID','日志编号','STRING','','','','1','N','','C1-2','3','');
insert into column_val (xmlid, col_xmlid, dataname, col_seq, colname, colcnname, datatype, length, precision_val, party_seq, isprimarykey, isnullable, remark, filed_type_child, sensitive_level, policyid) values ('TO_E_ESOP_LOG_MAIN_D_QY','TO_E_ESOP_LOG_MAIN_D_QY_2017092','TO_E_ESOP_LOG_MAIN_D_QY','2','LOG_NAM','日志主题','STRING','','','','','Y','','C1-2','3','');
insert into column_val (xmlid, col_xmlid, dataname, col_seq, colname, colcnname, datatype, length, precision_val, party_seq, isprimarykey, isnullable, remark, filed_type_child, sensitive_level, policyid) values ('TO_E_ESOP_LOG_MAIN_D_QY','TO_E_ESOP_LOG_MAIN_D_QY_2017093','TO_E_ESOP_LOG_MAIN_D_QY','3','LOG_TYP','日志类型','STRING','','','','','Y','字典表GROUPID="logtype"','C1-2','3','');
insert into column_val (xmlid, col_xmlid, dataname, col_seq, colname, colcnname, datatype, length, precision_val, party_seq, isprimarykey, isnullable, remark, filed_type_child, sensitive_level, policyid) values ('TO_E_ESOP_LOG_MAIN_D_QY','TO_E_ESOP_LOG_MAIN_D_QY_2017094','TO_E_ESOP_LOG_MAIN_D_QY','4','CTY_CD','地市','STRING','','','','1','N','主键
地市region，
999-省公司
200-广州
660-汕尾
662-阳江
663-揭阳
668-茂名
750-江门
751-韶关
752-惠州
753-梅州
754-汕头
755-深圳
756-珠海
757-佛山
758-肇庆
759-湛江
760-中山
762-河源
763-清远
766-云浮
768-潮州
769-东莞','C1-2','3','');
insert into column_val (xmlid, col_xmlid, dataname, col_seq, colname, colcnname, datatype, length, precision_val, party_seq, isprimarykey, isnullable, remark, filed_type_child, sensitive_level, policyid) values ('TO_E_ESOP_LOG_MAIN_D_QY','TO_E_ESOP_LOG_MAIN_D_QY_2017095','TO_E_ESOP_LOG_MAIN_D_QY','5','OPERATION_ID','关联业务单号','STRING','','','','','Y','项目编号PROJECTID','C1-2','3','');
insert into column_val (xmlid, col_xmlid, dataname, col_seq, colname, colcnname, datatype, length, precision_val, party_seq, isprimarykey, isnullable, remark, filed_type_child, sensitive_level, policyid) values ('TO_E_ESOP_LOG_MAIN_D_QY','TO_E_ESOP_LOG_MAIN_D_QY_2017096','TO_E_ESOP_LOG_MAIN_D_QY','6','OPERATION_NAM','关联业务单名称','STRING','','','','','Y','项目PROJECTNAME','C1-2','3','');
insert into column_val (xmlid, col_xmlid, dataname, col_seq, colname, colcnname, datatype, length, precision_val, party_seq, isprimarykey, isnullable, remark, filed_type_child, sensitive_level, policyid) values ('TO_E_ESOP_LOG_MAIN_D_QY','TO_E_ESOP_LOG_MAIN_D_QY_2017097','TO_E_ESOP_LOG_MAIN_D_QY','7','SERVICE_ACT','客服动作','STRING','','','','','Y','字典表GROUPID="servicact"','C1-2','3','');
insert into column_val (xmlid, col_xmlid, dataname, col_seq, colname, colcnname, datatype, length, precision_val, party_seq, isprimarykey, isnullable, remark, filed_type_child, sensitive_level, policyid) values ('TO_E_ESOP_LOG_MAIN_D_QY','TO_E_ESOP_LOG_MAIN_D_QY_2017098','TO_E_ESOP_LOG_MAIN_D_QY','8','GROUP_ID','集团客户编号','STRING','','','','','Y','','C1-2','3','');
insert into column_val (xmlid, col_xmlid, dataname, col_seq, colname, colcnname, datatype, length, precision_val, party_seq, isprimarykey, isnullable, remark, filed_type_child, sensitive_level, policyid) values ('TO_E_ESOP_LOG_MAIN_D_QY','TO_E_ESOP_LOG_MAIN_D_QY_2017099','TO_E_ESOP_LOG_MAIN_D_QY','9','CRTEATOR','创建人','STRING','','','','','Y','','C1-2','3','');
insert into column_val (xmlid, col_xmlid, dataname, col_seq, colname, colcnname, datatype, length, precision_val, party_seq, isprimarykey, isnullable, remark, filed_type_child, sensitive_level, policyid) values ('TO_E_ESOP_LOG_MAIN_D_QY','TO_E_ESOP_LOG_MAIN_D_QY_20170910','TO_E_ESOP_LOG_MAIN_D_QY','10','CREATE_DTS','创建时间','STRING','','','','','Y','格式YYYY-MM-DDHH24:MI:SS','C1-2','3','');
insert into column_val (xmlid, col_xmlid, dataname, col_seq, colname, colcnname, datatype, length, precision_val, party_seq, isprimarykey, isnullable, remark, filed_type_child, sensitive_level, policyid) values ('TO_E_ESOP_LOG_MAIN_D_QY','TO_E_ESOP_LOG_MAIN_D_QY_20170911','TO_E_ESOP_LOG_MAIN_D_QY','11','CHG_TIM','修改时间','STRING','','','','','Y','格式YYYY-MM-DDHH24:MI:SS','C1-2','3','');
insert into column_val (xmlid, col_xmlid, dataname, col_seq, colname, colcnname, datatype, length, precision_val, party_seq, isprimarykey, isnullable, remark, filed_type_child, sensitive_level, policyid) values ('TO_E_ESOP_LOG_MAIN_D_QY','TO_E_ESOP_LOG_MAIN_D_QY_20170912','TO_E_ESOP_LOG_MAIN_D_QY','12','LOG_CONT','日志内容','STRING','','','','','Y','','C1-2','3','');
insert into column_val (xmlid, col_xmlid, dataname, col_seq, colname, colcnname, datatype, length, precision_val, party_seq, isprimarykey, isnullable, remark, filed_type_child, sensitive_level, policyid) values ('TO_E_ESOP_LOG_MAIN_D_QY','TO_E_ESOP_LOG_MAIN_D_QY_20170913','TO_E_ESOP_LOG_MAIN_D_QY','13','LOG_SRC','日志来源','STRING','','','','','Y','自己：1，系统：0','C1-2','3','');
insert into column_val (xmlid, col_xmlid, dataname, col_seq, colname, colcnname, datatype, length, precision_val, party_seq, isprimarykey, isnullable, remark, filed_type_child, sensitive_level, policyid) values ('TO_E_ESOP_LOG_MAIN_D_QY','TO_E_ESOP_LOG_MAIN_D_QY_20170914','TO_E_ESOP_LOG_MAIN_D_QY','14','STS_CD','状态','STRING','','','','','Y','1是，0否','C1-2','3','');
insert into column_val (xmlid, col_xmlid, dataname, col_seq, colname, colcnname, datatype, length, precision_val, party_seq, isprimarykey, isnullable, remark, filed_type_child, sensitive_level, policyid) values ('TO_E_ESOP_LOG_MAIN_D_QY','TO_E_ESOP_LOG_MAIN_D_QY_20170915','TO_E_ESOP_LOG_MAIN_D_QY','15','LOG_ATTACH','日志附件','STRING','','','','','Y','','C1-2','3','');
insert into column_val (xmlid, col_xmlid, dataname, col_seq, colname, colcnname, datatype, length, precision_val, party_seq, isprimarykey, isnullable, remark, filed_type_child, sensitive_level, policyid) values ('TO_E_ESOP_LOG_MAIN_D_QY','TO_E_ESOP_LOG_MAIN_D_QY_20170916','TO_E_ESOP_LOG_MAIN_D_QY','16','GROUP_TYP','集团类型','STRING','','','','','Y','自然集团：1，BOSS集团：0','C1-2','3','');
insert into column_val (xmlid, col_xmlid, dataname, col_seq, colname, colcnname, datatype, length, precision_val, party_seq, isprimarykey, isnullable, remark, filed_type_child, sensitive_level, policyid) values ('TO_E_ESOP_LOG_MAIN_D_QY','TO_E_ESOP_LOG_MAIN_D_QY_20170917','TO_E_ESOP_LOG_MAIN_D_QY','17','VISIT_DT','拜访时间','STRING','','','','','Y','','C1-2','3','');
insert into column_val (xmlid, col_xmlid, dataname, col_seq, colname, colcnname, datatype, length, precision_val, party_seq, isprimarykey, isnullable, remark, filed_type_child, sensitive_level, policyid) values ('TO_E_ESOP_LOG_MAIN_D_QY','TO_E_ESOP_LOG_MAIN_D_QY_20170918','TO_E_ESOP_LOG_MAIN_D_QY','18','LOG_WRITE_LENGTH','日志填写耗时','STRING','','','','','Y','单位：秒','C1-2','3','');
insert into column_val (xmlid, col_xmlid, dataname, col_seq, colname, colcnname, datatype, length, precision_val, party_seq, isprimarykey, isnullable, remark, filed_type_child, sensitive_level, policyid) values ('TO_E_ESOP_LOG_MAIN_D_QY','TO_E_ESOP_LOG_MAIN_D_QY_20170919','TO_E_ESOP_LOG_MAIN_D_QY','19','GROUP_NAME','集团名称','STRING','','','','','Y','包括自然集团、BOSS集团','C1-2','3','');
insert into column_val (xmlid, col_xmlid, dataname, col_seq, colname, colcnname, datatype, length, precision_val, party_seq, isprimarykey, isnullable, remark, filed_type_child, sensitive_level, policyid) values ('TO_E_ESOP_LOG_MAIN_D_QY','TO_E_ESOP_LOG_MAIN_D_QY_20170920','TO_E_ESOP_LOG_MAIN_D_QY','20','SER_TYP_CD','服务方式','STRING','','','','','Y','上门、电话、E-mail、短彩信、EMS邮寄、外出联谊、传真、其它','C1-2','3','');
insert into column_val (xmlid, col_xmlid, dataname, col_seq, colname, colcnname, datatype, length, precision_val, party_seq, isprimarykey, isnullable, remark, filed_type_child, sensitive_level, policyid) values ('TO_E_ESOP_LOG_MAIN_D_QY','TO_E_ESOP_LOG_MAIN_D_QY_20170921','TO_E_ESOP_LOG_MAIN_D_QY','21','VISIT_FORM','拜访活动形式','STRING','','','','','Y','上门拜访','C1-2','3','');
insert into column_val (xmlid, col_xmlid, dataname, col_seq, colname, colcnname, datatype, length, precision_val, party_seq, isprimarykey, isnullable, remark, filed_type_child, sensitive_level, policyid) values ('TO_E_ESOP_LOG_MAIN_D_QY','TO_E_ESOP_LOG_MAIN_D_QY_20170922','TO_E_ESOP_LOG_MAIN_D_QY','22','VISIT_AIM','拜访活动目的','STRING','','','','','Y','建立或维系高层客户关系','C1-2','3','');
insert into column_val (xmlid, col_xmlid, dataname, col_seq, colname, colcnname, datatype, length, precision_val, party_seq, isprimarykey, isnullable, remark, filed_type_child, sensitive_level, policyid) values ('TO_E_ESOP_LOG_MAIN_D_QY','TO_E_ESOP_LOG_MAIN_D_QY_20170923','TO_E_ESOP_LOG_MAIN_D_QY','23','SUBSNUMBER','客户手机号码','STRING','','','','','Y','个人服务填写','C1-2','3','');
insert into column_val (xmlid, col_xmlid, dataname, col_seq, colname, colcnname, datatype, length, precision_val, party_seq, isprimarykey, isnullable, remark, filed_type_child, sensitive_level, policyid) values ('TO_E_ESOP_LOG_MAIN_D_QY','TO_E_ESOP_LOG_MAIN_D_QY_20170924','TO_E_ESOP_LOG_MAIN_D_QY','24','CUST_NAM','客户名称','STRING','','','','','Y','个人服务填写','C1-2','3','');
insert into column_val (xmlid, col_xmlid, dataname, col_seq, colname, colcnname, datatype, length, precision_val, party_seq, isprimarykey, isnullable, remark, filed_type_child, sensitive_level, policyid) values ('TO_E_ESOP_LOG_MAIN_D_QY','TO_E_ESOP_LOG_MAIN_D_QY_20170925','TO_E_ESOP_LOG_MAIN_D_QY','25','CUST_ROLE','客户角色','STRING','','','','','Y','个人服务填写','C1-2','3','');
insert into column_val (xmlid, col_xmlid, dataname, col_seq, colname, colcnname, datatype, length, precision_val, party_seq, isprimarykey, isnullable, remark, filed_type_child, sensitive_level, policyid) values ('TO_E_ESOP_LOG_MAIN_D_QY','TO_E_ESOP_LOG_MAIN_D_QY_20170926','TO_E_ESOP_LOG_MAIN_D_QY','26','CORP_SCOPE','动态集团级别','STRING','','','','','Y','BOSS集团','C1-2','3','');
insert into column_val (xmlid, col_xmlid, dataname, col_seq, colname, colcnname, datatype, length, precision_val, party_seq, isprimarykey, isnullable, remark, filed_type_child, sensitive_level, policyid) values ('TO_E_ESOP_LOG_MAIN_D_QY','TO_E_ESOP_LOG_MAIN_D_QY_20170927','TO_E_ESOP_LOG_MAIN_D_QY','27','DIST_NAM','所属区县','STRING','','','','','Y','BOSS集团','C1-2','3','');
insert into column_val (xmlid, col_xmlid, dataname, col_seq, colname, colcnname, datatype, length, precision_val, party_seq, isprimarykey, isnullable, remark, filed_type_child, sensitive_level, policyid) values ('TO_E_ESOP_LOG_MAIN_D_QY','TO_E_ESOP_LOG_MAIN_D_QY_20170928','TO_E_ESOP_LOG_MAIN_D_QY','28','CUST_MGR','客户经理','STRING','','','','','Y','','C1-2','3','');
insert into column_val (xmlid, col_xmlid, dataname, col_seq, colname, colcnname, datatype, length, precision_val, party_seq, isprimarykey, isnullable, remark, filed_type_child, sensitive_level, policyid) values ('TO_E_ESOP_LOG_MAIN_D_QY','TO_E_ESOP_LOG_MAIN_D_QY_20170929','TO_E_ESOP_LOG_MAIN_D_QY','29','FOLLOW_STAFF','我方人员','STRING','','','','','Y','同行人员','C1-2','3','');
insert into column_val (xmlid, col_xmlid, dataname, col_seq, colname, colcnname, datatype, length, precision_val, party_seq, isprimarykey, isnullable, remark, filed_type_child, sensitive_level, policyid) values ('TO_E_ESOP_LOG_MAIN_D_QY','TO_E_ESOP_LOG_MAIN_D_QY_20170930','TO_E_ESOP_LOG_MAIN_D_QY','30','PROJECT_FEE','项目金额','STRING','','','','','Y','','C1-2','3','');
insert into column_val (xmlid, col_xmlid, dataname, col_seq, colname, colcnname, datatype, length, precision_val, party_seq, isprimarykey, isnullable, remark, filed_type_child, sensitive_level, policyid) values ('TO_E_ESOP_LOG_MAIN_D_QY','TO_E_ESOP_LOG_MAIN_D_QY_20170931','TO_E_ESOP_LOG_MAIN_D_QY','31','PROJECT_BRIEF','项目简介','STRING','','','','','Y','','C1-2','3','');
insert into column_val (xmlid, col_xmlid, dataname, col_seq, colname, colcnname, datatype, length, precision_val, party_seq, isprimarykey, isnullable, remark, filed_type_child, sensitive_level, policyid) values ('TO_E_ESOP_LOG_MAIN_D_QY','TO_E_ESOP_LOG_MAIN_D_QY_20170932','TO_E_ESOP_LOG_MAIN_D_QY','32','COMP_OPPONENT','竞争对手','STRING','','','','','Y','','C1-2','3','');
insert into column_val (xmlid, col_xmlid, dataname, col_seq, colname, colcnname, datatype, length, precision_val, party_seq, isprimarykey, isnullable, remark, filed_type_child, sensitive_level, policyid) values ('TO_E_ESOP_LOG_MAIN_D_QY','TO_E_ESOP_LOG_MAIN_D_QY_20170933','TO_E_ESOP_LOG_MAIN_D_QY','33','COMP_LEVEL','竞争级别','STRING','','','','','Y','','C1-2','3','');
insert into column_val (xmlid, col_xmlid, dataname, col_seq, colname, colcnname, datatype, length, precision_val, party_seq, isprimarykey, isnullable, remark, filed_type_child, sensitive_level, policyid) values ('TO_E_ESOP_LOG_MAIN_D_QY','TO_E_ESOP_LOG_MAIN_D_QY_20170934','TO_E_ESOP_LOG_MAIN_D_QY','34','RESPONSE_EVENT','应对事件','STRING','','','','','Y','','C1-2','3','');
insert into column_val (xmlid, col_xmlid, dataname, col_seq, colname, colcnname, datatype, length, precision_val, party_seq, isprimarykey, isnullable, remark, filed_type_child, sensitive_level, policyid) values ('TO_E_ESOP_LOG_MAIN_D_QY','TO_E_ESOP_LOG_MAIN_D_QY_20170935','TO_E_ESOP_LOG_MAIN_D_QY','35','RESPONSE_RESULT','应对结果','STRING','','','','','Y','','C1-2','3','');
insert into column_val (xmlid, col_xmlid, dataname, col_seq, colname, colcnname, datatype, length, precision_val, party_seq, isprimarykey, isnullable, remark, filed_type_child, sensitive_level, policyid) values ('TO_E_ESOP_LOG_MAIN_D_QY','TO_E_ESOP_LOG_MAIN_D_QY_20170936','TO_E_ESOP_LOG_MAIN_D_QY','36','OTHER_RESULT','其它成效','STRING','','','','','Y','','C1-2','3','');
insert into column_val (xmlid, col_xmlid, dataname, col_seq, colname, colcnname, datatype, length, precision_val, party_seq, isprimarykey, isnullable, remark, filed_type_child, sensitive_level, policyid) values ('TO_E_ESOP_LOG_MAIN_D_QY','TO_E_ESOP_LOG_MAIN_D_QY_20170937','TO_E_ESOP_LOG_MAIN_D_QY','37','NOTES','备注','STRING','','','','','Y','','C1-2','3','');
insert into column_val (xmlid, col_xmlid, dataname, col_seq, colname, colcnname, datatype, length, precision_val, party_seq, isprimarykey, isnullable, remark, filed_type_child, sensitive_level, policyid) values ('TO_E_ESOP_LOG_MAIN_D_QY','TO_E_ESOP_LOG_MAIN_D_QY_20170938','TO_E_ESOP_LOG_MAIN_D_QY','38','CHIEF_VISIT_MGR_NAM','主要拜访经理名称','STRING','','','','','Y','','C1-2','3','');
insert into column_val (xmlid, col_xmlid, dataname, col_seq, colname, colcnname, datatype, length, precision_val, party_seq, isprimarykey, isnullable, remark, filed_type_child, sensitive_level, policyid) values ('TO_E_ESOP_LOG_MAIN_D_QY','TO_E_ESOP_LOG_MAIN_D_QY_20170939','TO_E_ESOP_LOG_MAIN_D_QY','39','CHIEF_VISIT_MGR_JOB','职位','STRING','','','','','Y','','C1-2','3','');
insert into column_val (xmlid, col_xmlid, dataname, col_seq, colname, colcnname, datatype, length, precision_val, party_seq, isprimarykey, isnullable, remark, filed_type_child, sensitive_level, policyid) values ('TO_E_ESOP_LOG_MAIN_D_QY','TO_E_ESOP_LOG_MAIN_D_QY_20170940','TO_E_ESOP_LOG_MAIN_D_QY','40','VISIT_TYPE','拜访类型','STRING','','','','','Y','','C1-2','3','');
insert into column_val (xmlid, col_xmlid, dataname, col_seq, colname, colcnname, datatype, length, precision_val, party_seq, isprimarykey, isnullable, remark, filed_type_child, sensitive_level, policyid) values ('TO_E_ESOP_LOG_MAIN_D_QY','TO_E_ESOP_LOG_MAIN_D_QY_20170941','TO_E_ESOP_LOG_MAIN_D_QY','41','MOVEMENT_DESC','拜访描述','STRING','','','','','Y','','C1-2','3','');
insert into column_val (xmlid, col_xmlid, dataname, col_seq, colname, colcnname, datatype, length, precision_val, party_seq, isprimarykey, isnullable, remark, filed_type_child, sensitive_level, policyid) values ('TO_E_ESOP_LOG_MAIN_D_QY','TO_E_ESOP_LOG_MAIN_D_QY_20170942','TO_E_ESOP_LOG_MAIN_D_QY','42','IMPACT','影响','STRING','','','','','Y','','C1-2','3','');
insert into column_val (xmlid, col_xmlid, dataname, col_seq, colname, colcnname, datatype, length, precision_val, party_seq, isprimarykey, isnullable, remark, filed_type_child, sensitive_level, policyid) values ('TO_E_ESOP_LOG_MAIN_D_QY','TO_E_ESOP_LOG_MAIN_D_QY_20170943','TO_E_ESOP_LOG_MAIN_D_QY','43','PROJECT_NAM','项目名称','STRING','','','','','Y','','C1-2','3','');
insert into column_val (xmlid, col_xmlid, dataname, col_seq, colname, colcnname, datatype, length, precision_val, party_seq, isprimarykey, isnullable, remark, filed_type_child, sensitive_level, policyid) values ('TO_E_ESOP_LOG_MAIN_D_QY','TO_E_ESOP_LOG_MAIN_D_QY_20170944','TO_E_ESOP_LOG_MAIN_D_QY','44','REFER_PRDCT','参考产品','STRING','','','','','Y','','C1-2','3','');
insert into column_val (xmlid, col_xmlid, dataname, col_seq, colname, colcnname, datatype, length, precision_val, party_seq, isprimarykey, isnullable, remark, filed_type_child, sensitive_level, policyid) values ('TO_E_ESOP_LOG_MAIN_D_QY','TO_E_ESOP_LOG_MAIN_D_QY_20170945','TO_E_ESOP_LOG_MAIN_D_QY','45','AFFECT_RANGE','影响范围','STRING','','','','','Y','','C1-2','3','');
insert into column_val (xmlid, col_xmlid, dataname, col_seq, colname, colcnname, datatype, length, precision_val, party_seq, isprimarykey, isnullable, remark, filed_type_child, sensitive_level, policyid) values ('TO_E_ESOP_LOG_MAIN_D_QY','TO_E_ESOP_LOG_MAIN_D_QY_20170946','TO_E_ESOP_LOG_MAIN_D_QY','46','CMCC_BRANCH_CD','地市编码','STRING','','','','','Y','','C1-2','3','');
insert into column_val (xmlid, col_xmlid, dataname, col_seq, colname, colcnname, datatype, length, precision_val, party_seq, isprimarykey, isnullable, remark, filed_type_child, sensitive_level, policyid) values ('TO_E_ESOP_LOG_MAIN_D_QY','TO_E_ESOP_LOG_MAIN_D_QY_20170947','TO_E_ESOP_LOG_MAIN_D_QY','47','month','月份','INT','','','1','','N','','','','');
insert into column_val (xmlid, col_xmlid, dataname, col_seq, colname, colcnname, datatype, length, precision_val, party_seq, isprimarykey, isnullable, remark, filed_type_child, sensitive_level, policyid) values ('TO_E_ESOP_LOG_MAIN_D_QY','TO_E_ESOP_LOG_MAIN_D_QY_20170948','TO_E_ESOP_LOG_MAIN_D_QY','48','day','日期','INT','','','2','','N','','','','');

insert into tablefile (xmlid, dbname, dataname, datacnname, state, cycletype, topiccode, extend_cfg, rightlevel, creater, curdutyer, eff_date, state_date, team_code, open_state, remark) values ('TO_E_ESOP_LOG_MAIN_D_CZ','BD_B','TO_E_ESOP_LOG_MAIN_D_CZ','ODS_ESOP日志表','NEW','day','LAYERI_ISERV','{"EXTERNAL":"y","LOCATION":"/tenant/BIGDATA/JCFW/JRCL/BD_B/ODS/TO_E_ESOP_LOG_MAIN_D/branch=CZ","FILEFORMAT":"PARQUET","DELIMITER":"&&"}','其他','谢英俊','谢英俊', TIMESTAMP '0009-02-17 12:00:00', TIMESTAMP '0009-02-17 12:00:00','f2999fd5-c34e-402e-9b28-fec9fca13044','','基础层-服务主题域');
insert into column_val (xmlid, col_xmlid, dataname, col_seq, colname, colcnname, datatype, length, precision_val, party_seq, isprimarykey, isnullable, remark, filed_type_child, sensitive_level, policyid) values ('TO_E_ESOP_LOG_MAIN_D_CZ','TO_E_ESOP_LOG_MAIN_D_CZ_2017091','TO_E_ESOP_LOG_MAIN_D_CZ','1','LOG_ID','日志编号','STRING','','','','1','N','','C1-2','3','');
insert into column_val (xmlid, col_xmlid, dataname, col_seq, colname, colcnname, datatype, length, precision_val, party_seq, isprimarykey, isnullable, remark, filed_type_child, sensitive_level, policyid) values ('TO_E_ESOP_LOG_MAIN_D_CZ','TO_E_ESOP_LOG_MAIN_D_CZ_2017092','TO_E_ESOP_LOG_MAIN_D_CZ','2','LOG_NAM','日志主题','STRING','','','','','Y','','C1-2','3','');
insert into column_val (xmlid, col_xmlid, dataname, col_seq, colname, colcnname, datatype, length, precision_val, party_seq, isprimarykey, isnullable, remark, filed_type_child, sensitive_level, policyid) values ('TO_E_ESOP_LOG_MAIN_D_CZ','TO_E_ESOP_LOG_MAIN_D_CZ_2017093','TO_E_ESOP_LOG_MAIN_D_CZ','3','LOG_TYP','日志类型','STRING','','','','','Y','字典表GROUPID="logtype"','C1-2','3','');
insert into column_val (xmlid, col_xmlid, dataname, col_seq, colname, colcnname, datatype, length, precision_val, party_seq, isprimarykey, isnullable, remark, filed_type_child, sensitive_level, policyid) values ('TO_E_ESOP_LOG_MAIN_D_CZ','TO_E_ESOP_LOG_MAIN_D_CZ_2017094','TO_E_ESOP_LOG_MAIN_D_CZ','4','CTY_CD','地市','STRING','','','','1','N','主键
地市region，
999-省公司
200-广州
660-汕尾
662-阳江
663-揭阳
668-茂名
750-江门
751-韶关
752-惠州
753-梅州
754-汕头
755-深圳
756-珠海
757-佛山
758-肇庆
759-湛江
760-中山
762-河源
763-清远
766-云浮
768-潮州
769-东莞','C1-2','3','');
insert into column_val (xmlid, col_xmlid, dataname, col_seq, colname, colcnname, datatype, length, precision_val, party_seq, isprimarykey, isnullable, remark, filed_type_child, sensitive_level, policyid) values ('TO_E_ESOP_LOG_MAIN_D_CZ','TO_E_ESOP_LOG_MAIN_D_CZ_2017095','TO_E_ESOP_LOG_MAIN_D_CZ','5','OPERATION_ID','关联业务单号','STRING','','','','','Y','项目编号PROJECTID','C1-2','3','');
insert into column_val (xmlid, col_xmlid, dataname, col_seq, colname, colcnname, datatype, length, precision_val, party_seq, isprimarykey, isnullable, remark, filed_type_child, sensitive_level, policyid) values ('TO_E_ESOP_LOG_MAIN_D_CZ','TO_E_ESOP_LOG_MAIN_D_CZ_2017096','TO_E_ESOP_LOG_MAIN_D_CZ','6','OPERATION_NAM','关联业务单名称','STRING','','','','','Y','项目PROJECTNAME','C1-2','3','');
insert into column_val (xmlid, col_xmlid, dataname, col_seq, colname, colcnname, datatype, length, precision_val, party_seq, isprimarykey, isnullable, remark, filed_type_child, sensitive_level, policyid) values ('TO_E_ESOP_LOG_MAIN_D_CZ','TO_E_ESOP_LOG_MAIN_D_CZ_2017097','TO_E_ESOP_LOG_MAIN_D_CZ','7','SERVICE_ACT','客服动作','STRING','','','','','Y','字典表GROUPID="servicact"','C1-2','3','');
insert into column_val (xmlid, col_xmlid, dataname, col_seq, colname, colcnname, datatype, length, precision_val, party_seq, isprimarykey, isnullable, remark, filed_type_child, sensitive_level, policyid) values ('TO_E_ESOP_LOG_MAIN_D_CZ','TO_E_ESOP_LOG_MAIN_D_CZ_2017098','TO_E_ESOP_LOG_MAIN_D_CZ','8','GROUP_ID','集团客户编号','STRING','','','','','Y','','C1-2','3','');
insert into column_val (xmlid, col_xmlid, dataname, col_seq, colname, colcnname, datatype, length, precision_val, party_seq, isprimarykey, isnullable, remark, filed_type_child, sensitive_level, policyid) values ('TO_E_ESOP_LOG_MAIN_D_CZ','TO_E_ESOP_LOG_MAIN_D_CZ_2017099','TO_E_ESOP_LOG_MAIN_D_CZ','9','CRTEATOR','创建人','STRING','','','','','Y','','C1-2','3','');
insert into column_val (xmlid, col_xmlid, dataname, col_seq, colname, colcnname, datatype, length, precision_val, party_seq, isprimarykey, isnullable, remark, filed_type_child, sensitive_level, policyid) values ('TO_E_ESOP_LOG_MAIN_D_CZ','TO_E_ESOP_LOG_MAIN_D_CZ_20170910','TO_E_ESOP_LOG_MAIN_D_CZ','10','CREATE_DTS','创建时间','STRING','','','','','Y','格式YYYY-MM-DDHH24:MI:SS','C1-2','3','');
insert into column_val (xmlid, col_xmlid, dataname, col_seq, colname, colcnname, datatype, length, precision_val, party_seq, isprimarykey, isnullable, remark, filed_type_child, sensitive_level, policyid) values ('TO_E_ESOP_LOG_MAIN_D_CZ','TO_E_ESOP_LOG_MAIN_D_CZ_20170911','TO_E_ESOP_LOG_MAIN_D_CZ','11','CHG_TIM','修改时间','STRING','','','','','Y','格式YYYY-MM-DDHH24:MI:SS','C1-2','3','');
insert into column_val (xmlid, col_xmlid, dataname, col_seq, colname, colcnname, datatype, length, precision_val, party_seq, isprimarykey, isnullable, remark, filed_type_child, sensitive_level, policyid) values ('TO_E_ESOP_LOG_MAIN_D_CZ','TO_E_ESOP_LOG_MAIN_D_CZ_20170912','TO_E_ESOP_LOG_MAIN_D_CZ','12','LOG_CONT','日志内容','STRING','','','','','Y','','C1-2','3','');
insert into column_val (xmlid, col_xmlid, dataname, col_seq, colname, colcnname, datatype, length, precision_val, party_seq, isprimarykey, isnullable, remark, filed_type_child, sensitive_level, policyid) values ('TO_E_ESOP_LOG_MAIN_D_CZ','TO_E_ESOP_LOG_MAIN_D_CZ_20170913','TO_E_ESOP_LOG_MAIN_D_CZ','13','LOG_SRC','日志来源','STRING','','','','','Y','自己：1，系统：0','C1-2','3','');
insert into column_val (xmlid, col_xmlid, dataname, col_seq, colname, colcnname, datatype, length, precision_val, party_seq, isprimarykey, isnullable, remark, filed_type_child, sensitive_level, policyid) values ('TO_E_ESOP_LOG_MAIN_D_CZ','TO_E_ESOP_LOG_MAIN_D_CZ_20170914','TO_E_ESOP_LOG_MAIN_D_CZ','14','STS_CD','状态','STRING','','','','','Y','1是，0否','C1-2','3','');
insert into column_val (xmlid, col_xmlid, dataname, col_seq, colname, colcnname, datatype, length, precision_val, party_seq, isprimarykey, isnullable, remark, filed_type_child, sensitive_level, policyid) values ('TO_E_ESOP_LOG_MAIN_D_CZ','TO_E_ESOP_LOG_MAIN_D_CZ_20170915','TO_E_ESOP_LOG_MAIN_D_CZ','15','LOG_ATTACH','日志附件','STRING','','','','','Y','','C1-2','3','');
insert into column_val (xmlid, col_xmlid, dataname, col_seq, colname, colcnname, datatype, length, precision_val, party_seq, isprimarykey, isnullable, remark, filed_type_child, sensitive_level, policyid) values ('TO_E_ESOP_LOG_MAIN_D_CZ','TO_E_ESOP_LOG_MAIN_D_CZ_20170916','TO_E_ESOP_LOG_MAIN_D_CZ','16','GROUP_TYP','集团类型','STRING','','','','','Y','自然集团：1，BOSS集团：0','C1-2','3','');
insert into column_val (xmlid, col_xmlid, dataname, col_seq, colname, colcnname, datatype, length, precision_val, party_seq, isprimarykey, isnullable, remark, filed_type_child, sensitive_level, policyid) values ('TO_E_ESOP_LOG_MAIN_D_CZ','TO_E_ESOP_LOG_MAIN_D_CZ_20170917','TO_E_ESOP_LOG_MAIN_D_CZ','17','VISIT_DT','拜访时间','STRING','','','','','Y','','C1-2','3','');
insert into column_val (xmlid, col_xmlid, dataname, col_seq, colname, colcnname, datatype, length, precision_val, party_seq, isprimarykey, isnullable, remark, filed_type_child, sensitive_level, policyid) values ('TO_E_ESOP_LOG_MAIN_D_CZ','TO_E_ESOP_LOG_MAIN_D_CZ_20170918','TO_E_ESOP_LOG_MAIN_D_CZ','18','LOG_WRITE_LENGTH','日志填写耗时','STRING','','','','','Y','单位：秒','C1-2','3','');
insert into column_val (xmlid, col_xmlid, dataname, col_seq, colname, colcnname, datatype, length, precision_val, party_seq, isprimarykey, isnullable, remark, filed_type_child, sensitive_level, policyid) values ('TO_E_ESOP_LOG_MAIN_D_CZ','TO_E_ESOP_LOG_MAIN_D_CZ_20170919','TO_E_ESOP_LOG_MAIN_D_CZ','19','GROUP_NAME','集团名称','STRING','','','','','Y','包括自然集团、BOSS集团','C1-2','3','');
insert into column_val (xmlid, col_xmlid, dataname, col_seq, colname, colcnname, datatype, length, precision_val, party_seq, isprimarykey, isnullable, remark, filed_type_child, sensitive_level, policyid) values ('TO_E_ESOP_LOG_MAIN_D_CZ','TO_E_ESOP_LOG_MAIN_D_CZ_20170920','TO_E_ESOP_LOG_MAIN_D_CZ','20','SER_TYP_CD','服务方式','STRING','','','','','Y','上门、电话、E-mail、短彩信、EMS邮寄、外出联谊、传真、其它','C1-2','3','');
insert into column_val (xmlid, col_xmlid, dataname, col_seq, colname, colcnname, datatype, length, precision_val, party_seq, isprimarykey, isnullable, remark, filed_type_child, sensitive_level, policyid) values ('TO_E_ESOP_LOG_MAIN_D_CZ','TO_E_ESOP_LOG_MAIN_D_CZ_20170921','TO_E_ESOP_LOG_MAIN_D_CZ','21','VISIT_FORM','拜访活动形式','STRING','','','','','Y','上门拜访','C1-2','3','');
insert into column_val (xmlid, col_xmlid, dataname, col_seq, colname, colcnname, datatype, length, precision_val, party_seq, isprimarykey, isnullable, remark, filed_type_child, sensitive_level, policyid) values ('TO_E_ESOP_LOG_MAIN_D_CZ','TO_E_ESOP_LOG_MAIN_D_CZ_20170922','TO_E_ESOP_LOG_MAIN_D_CZ','22','VISIT_AIM','拜访活动目的','STRING','','','','','Y','建立或维系高层客户关系','C1-2','3','');
insert into column_val (xmlid, col_xmlid, dataname, col_seq, colname, colcnname, datatype, length, precision_val, party_seq, isprimarykey, isnullable, remark, filed_type_child, sensitive_level, policyid) values ('TO_E_ESOP_LOG_MAIN_D_CZ','TO_E_ESOP_LOG_MAIN_D_CZ_20170923','TO_E_ESOP_LOG_MAIN_D_CZ','23','SUBSNUMBER','客户手机号码','STRING','','','','','Y','个人服务填写','C1-2','3','');
insert into column_val (xmlid, col_xmlid, dataname, col_seq, colname, colcnname, datatype, length, precision_val, party_seq, isprimarykey, isnullable, remark, filed_type_child, sensitive_level, policyid) values ('TO_E_ESOP_LOG_MAIN_D_CZ','TO_E_ESOP_LOG_MAIN_D_CZ_20170924','TO_E_ESOP_LOG_MAIN_D_CZ','24','CUST_NAM','客户名称','STRING','','','','','Y','个人服务填写','C1-2','3','');
insert into column_val (xmlid, col_xmlid, dataname, col_seq, colname, colcnname, datatype, length, precision_val, party_seq, isprimarykey, isnullable, remark, filed_type_child, sensitive_level, policyid) values ('TO_E_ESOP_LOG_MAIN_D_CZ','TO_E_ESOP_LOG_MAIN_D_CZ_20170925','TO_E_ESOP_LOG_MAIN_D_CZ','25','CUST_ROLE','客户角色','STRING','','','','','Y','个人服务填写','C1-2','3','');
insert into column_val (xmlid, col_xmlid, dataname, col_seq, colname, colcnname, datatype, length, precision_val, party_seq, isprimarykey, isnullable, remark, filed_type_child, sensitive_level, policyid) values ('TO_E_ESOP_LOG_MAIN_D_CZ','TO_E_ESOP_LOG_MAIN_D_CZ_20170926','TO_E_ESOP_LOG_MAIN_D_CZ','26','CORP_SCOPE','动态集团级别','STRING','','','','','Y','BOSS集团','C1-2','3','');
insert into column_val (xmlid, col_xmlid, dataname, col_seq, colname, colcnname, datatype, length, precision_val, party_seq, isprimarykey, isnullable, remark, filed_type_child, sensitive_level, policyid) values ('TO_E_ESOP_LOG_MAIN_D_CZ','TO_E_ESOP_LOG_MAIN_D_CZ_20170927','TO_E_ESOP_LOG_MAIN_D_CZ','27','DIST_NAM','所属区县','STRING','','','','','Y','BOSS集团','C1-2','3','');
insert into column_val (xmlid, col_xmlid, dataname, col_seq, colname, colcnname, datatype, length, precision_val, party_seq, isprimarykey, isnullable, remark, filed_type_child, sensitive_level, policyid) values ('TO_E_ESOP_LOG_MAIN_D_CZ','TO_E_ESOP_LOG_MAIN_D_CZ_20170928','TO_E_ESOP_LOG_MAIN_D_CZ','28','CUST_MGR','客户经理','STRING','','','','','Y','','C1-2','3','');
insert into column_val (xmlid, col_xmlid, dataname, col_seq, colname, colcnname, datatype, length, precision_val, party_seq, isprimarykey, isnullable, remark, filed_type_child, sensitive_level, policyid) values ('TO_E_ESOP_LOG_MAIN_D_CZ','TO_E_ESOP_LOG_MAIN_D_CZ_20170929','TO_E_ESOP_LOG_MAIN_D_CZ','29','FOLLOW_STAFF','我方人员','STRING','','','','','Y','同行人员','C1-2','3','');
insert into column_val (xmlid, col_xmlid, dataname, col_seq, colname, colcnname, datatype, length, precision_val, party_seq, isprimarykey, isnullable, remark, filed_type_child, sensitive_level, policyid) values ('TO_E_ESOP_LOG_MAIN_D_CZ','TO_E_ESOP_LOG_MAIN_D_CZ_20170930','TO_E_ESOP_LOG_MAIN_D_CZ','30','PROJECT_FEE','项目金额','STRING','','','','','Y','','C1-2','3','');
insert into column_val (xmlid, col_xmlid, dataname, col_seq, colname, colcnname, datatype, length, precision_val, party_seq, isprimarykey, isnullable, remark, filed_type_child, sensitive_level, policyid) values ('TO_E_ESOP_LOG_MAIN_D_CZ','TO_E_ESOP_LOG_MAIN_D_CZ_20170931','TO_E_ESOP_LOG_MAIN_D_CZ','31','PROJECT_BRIEF','项目简介','STRING','','','','','Y','','C1-2','3','');
insert into column_val (xmlid, col_xmlid, dataname, col_seq, colname, colcnname, datatype, length, precision_val, party_seq, isprimarykey, isnullable, remark, filed_type_child, sensitive_level, policyid) values ('TO_E_ESOP_LOG_MAIN_D_CZ','TO_E_ESOP_LOG_MAIN_D_CZ_20170932','TO_E_ESOP_LOG_MAIN_D_CZ','32','COMP_OPPONENT','竞争对手','STRING','','','','','Y','','C1-2','3','');
insert into column_val (xmlid, col_xmlid, dataname, col_seq, colname, colcnname, datatype, length, precision_val, party_seq, isprimarykey, isnullable, remark, filed_type_child, sensitive_level, policyid) values ('TO_E_ESOP_LOG_MAIN_D_CZ','TO_E_ESOP_LOG_MAIN_D_CZ_20170933','TO_E_ESOP_LOG_MAIN_D_CZ','33','COMP_LEVEL','竞争级别','STRING','','','','','Y','','C1-2','3','');
insert into column_val (xmlid, col_xmlid, dataname, col_seq, colname, colcnname, datatype, length, precision_val, party_seq, isprimarykey, isnullable, remark, filed_type_child, sensitive_level, policyid) values ('TO_E_ESOP_LOG_MAIN_D_CZ','TO_E_ESOP_LOG_MAIN_D_CZ_20170934','TO_E_ESOP_LOG_MAIN_D_CZ','34','RESPONSE_EVENT','应对事件','STRING','','','','','Y','','C1-2','3','');
insert into column_val (xmlid, col_xmlid, dataname, col_seq, colname, colcnname, datatype, length, precision_val, party_seq, isprimarykey, isnullable, remark, filed_type_child, sensitive_level, policyid) values ('TO_E_ESOP_LOG_MAIN_D_CZ','TO_E_ESOP_LOG_MAIN_D_CZ_20170935','TO_E_ESOP_LOG_MAIN_D_CZ','35','RESPONSE_RESULT','应对结果','STRING','','','','','Y','','C1-2','3','');
insert into column_val (xmlid, col_xmlid, dataname, col_seq, colname, colcnname, datatype, length, precision_val, party_seq, isprimarykey, isnullable, remark, filed_type_child, sensitive_level, policyid) values ('TO_E_ESOP_LOG_MAIN_D_CZ','TO_E_ESOP_LOG_MAIN_D_CZ_20170936','TO_E_ESOP_LOG_MAIN_D_CZ','36','OTHER_RESULT','其它成效','STRING','','','','','Y','','C1-2','3','');
insert into column_val (xmlid, col_xmlid, dataname, col_seq, colname, colcnname, datatype, length, precision_val, party_seq, isprimarykey, isnullable, remark, filed_type_child, sensitive_level, policyid) values ('TO_E_ESOP_LOG_MAIN_D_CZ','TO_E_ESOP_LOG_MAIN_D_CZ_20170937','TO_E_ESOP_LOG_MAIN_D_CZ','37','NOTES','备注','STRING','','','','','Y','','C1-2','3','');
insert into column_val (xmlid, col_xmlid, dataname, col_seq, colname, colcnname, datatype, length, precision_val, party_seq, isprimarykey, isnullable, remark, filed_type_child, sensitive_level, policyid) values ('TO_E_ESOP_LOG_MAIN_D_CZ','TO_E_ESOP_LOG_MAIN_D_CZ_20170938','TO_E_ESOP_LOG_MAIN_D_CZ','38','CHIEF_VISIT_MGR_NAM','主要拜访经理名称','STRING','','','','','Y','','C1-2','3','');
insert into column_val (xmlid, col_xmlid, dataname, col_seq, colname, colcnname, datatype, length, precision_val, party_seq, isprimarykey, isnullable, remark, filed_type_child, sensitive_level, policyid) values ('TO_E_ESOP_LOG_MAIN_D_CZ','TO_E_ESOP_LOG_MAIN_D_CZ_20170939','TO_E_ESOP_LOG_MAIN_D_CZ','39','CHIEF_VISIT_MGR_JOB','职位','STRING','','','','','Y','','C1-2','3','');
insert into column_val (xmlid, col_xmlid, dataname, col_seq, colname, colcnname, datatype, length, precision_val, party_seq, isprimarykey, isnullable, remark, filed_type_child, sensitive_level, policyid) values ('TO_E_ESOP_LOG_MAIN_D_CZ','TO_E_ESOP_LOG_MAIN_D_CZ_20170940','TO_E_ESOP_LOG_MAIN_D_CZ','40','VISIT_TYPE','拜访类型','STRING','','','','','Y','','C1-2','3','');
insert into column_val (xmlid, col_xmlid, dataname, col_seq, colname, colcnname, datatype, length, precision_val, party_seq, isprimarykey, isnullable, remark, filed_type_child, sensitive_level, policyid) values ('TO_E_ESOP_LOG_MAIN_D_CZ','TO_E_ESOP_LOG_MAIN_D_CZ_20170941','TO_E_ESOP_LOG_MAIN_D_CZ','41','MOVEMENT_DESC','拜访描述','STRING','','','','','Y','','C1-2','3','');
insert into column_val (xmlid, col_xmlid, dataname, col_seq, colname, colcnname, datatype, length, precision_val, party_seq, isprimarykey, isnullable, remark, filed_type_child, sensitive_level, policyid) values ('TO_E_ESOP_LOG_MAIN_D_CZ','TO_E_ESOP_LOG_MAIN_D_CZ_20170942','TO_E_ESOP_LOG_MAIN_D_CZ','42','IMPACT','影响','STRING','','','','','Y','','C1-2','3','');
insert into column_val (xmlid, col_xmlid, dataname, col_seq, colname, colcnname, datatype, length, precision_val, party_seq, isprimarykey, isnullable, remark, filed_type_child, sensitive_level, policyid) values ('TO_E_ESOP_LOG_MAIN_D_CZ','TO_E_ESOP_LOG_MAIN_D_CZ_20170943','TO_E_ESOP_LOG_MAIN_D_CZ','43','PROJECT_NAM','项目名称','STRING','','','','','Y','','C1-2','3','');
insert into column_val (xmlid, col_xmlid, dataname, col_seq, colname, colcnname, datatype, length, precision_val, party_seq, isprimarykey, isnullable, remark, filed_type_child, sensitive_level, policyid) values ('TO_E_ESOP_LOG_MAIN_D_CZ','TO_E_ESOP_LOG_MAIN_D_CZ_20170944','TO_E_ESOP_LOG_MAIN_D_CZ','44','REFER_PRDCT','参考产品','STRING','','','','','Y','','C1-2','3','');
insert into column_val (xmlid, col_xmlid, dataname, col_seq, colname, colcnname, datatype, length, precision_val, party_seq, isprimarykey, isnullable, remark, filed_type_child, sensitive_level, policyid) values ('TO_E_ESOP_LOG_MAIN_D_CZ','TO_E_ESOP_LOG_MAIN_D_CZ_20170945','TO_E_ESOP_LOG_MAIN_D_CZ','45','AFFECT_RANGE','影响范围','STRING','','','','','Y','','C1-2','3','');
insert into column_val (xmlid, col_xmlid, dataname, col_seq, colname, colcnname, datatype, length, precision_val, party_seq, isprimarykey, isnullable, remark, filed_type_child, sensitive_level, policyid) values ('TO_E_ESOP_LOG_MAIN_D_CZ','TO_E_ESOP_LOG_MAIN_D_CZ_20170946','TO_E_ESOP_LOG_MAIN_D_CZ','46','CMCC_BRANCH_CD','地市编码','STRING','','','','','Y','','C1-2','3','');
insert into column_val (xmlid, col_xmlid, dataname, col_seq, colname, colcnname, datatype, length, precision_val, party_seq, isprimarykey, isnullable, remark, filed_type_child, sensitive_level, policyid) values ('TO_E_ESOP_LOG_MAIN_D_CZ','TO_E_ESOP_LOG_MAIN_D_CZ_20170947','TO_E_ESOP_LOG_MAIN_D_CZ','47','month','月份','INT','','','1','','N','','','','');
insert into column_val (xmlid, col_xmlid, dataname, col_seq, colname, colcnname, datatype, length, precision_val, party_seq, isprimarykey, isnullable, remark, filed_type_child, sensitive_level, policyid) values ('TO_E_ESOP_LOG_MAIN_D_CZ','TO_E_ESOP_LOG_MAIN_D_CZ_20170948','TO_E_ESOP_LOG_MAIN_D_CZ','48','day','日期','INT','','','2','','N','','','','');

insert into tablefile (xmlid, dbname, dataname, datacnname, state, cycletype, topiccode, extend_cfg, rightlevel, creater, curdutyer, eff_date, state_date, team_code, open_state, remark) values ('TO_E_ESOP_LOG_MAIN_D_JY','BD_B','TO_E_ESOP_LOG_MAIN_D_JY','ODS_ESOP日志表','NEW','day','LAYERI_ISERV','{"EXTERNAL":"y","LOCATION":"/tenant/BIGDATA/JCFW/JRCL/BD_B/ODS/TO_E_ESOP_LOG_MAIN_D/branch=JY","FILEFORMAT":"PARQUET","DELIMITER":"&&"}','其他','谢英俊','谢英俊', TIMESTAMP '0009-02-17 12:00:00', TIMESTAMP '0009-02-17 12:00:00','f2999fd5-c34e-402e-9b28-fec9fca13044','','基础层-服务主题域');
insert into column_val (xmlid, col_xmlid, dataname, col_seq, colname, colcnname, datatype, length, precision_val, party_seq, isprimarykey, isnullable, remark, filed_type_child, sensitive_level, policyid) values ('TO_E_ESOP_LOG_MAIN_D_JY','TO_E_ESOP_LOG_MAIN_D_JY_2017091','TO_E_ESOP_LOG_MAIN_D_JY','1','LOG_ID','日志编号','STRING','','','','1','N','','C1-2','3','');
insert into column_val (xmlid, col_xmlid, dataname, col_seq, colname, colcnname, datatype, length, precision_val, party_seq, isprimarykey, isnullable, remark, filed_type_child, sensitive_level, policyid) values ('TO_E_ESOP_LOG_MAIN_D_JY','TO_E_ESOP_LOG_MAIN_D_JY_2017092','TO_E_ESOP_LOG_MAIN_D_JY','2','LOG_NAM','日志主题','STRING','','','','','Y','','C1-2','3','');
insert into column_val (xmlid, col_xmlid, dataname, col_seq, colname, colcnname, datatype, length, precision_val, party_seq, isprimarykey, isnullable, remark, filed_type_child, sensitive_level, policyid) values ('TO_E_ESOP_LOG_MAIN_D_JY','TO_E_ESOP_LOG_MAIN_D_JY_2017093','TO_E_ESOP_LOG_MAIN_D_JY','3','LOG_TYP','日志类型','STRING','','','','','Y','字典表GROUPID="logtype"','C1-2','3','');
insert into column_val (xmlid, col_xmlid, dataname, col_seq, colname, colcnname, datatype, length, precision_val, party_seq, isprimarykey, isnullable, remark, filed_type_child, sensitive_level, policyid) values ('TO_E_ESOP_LOG_MAIN_D_JY','TO_E_ESOP_LOG_MAIN_D_JY_2017094','TO_E_ESOP_LOG_MAIN_D_JY','4','CTY_CD','地市','STRING','','','','1','N','主键
地市region，
999-省公司
200-广州
660-汕尾
662-阳江
663-揭阳
668-茂名
750-江门
751-韶关
752-惠州
753-梅州
754-汕头
755-深圳
756-珠海
757-佛山
758-肇庆
759-湛江
760-中山
762-河源
763-清远
766-云浮
768-潮州
769-东莞','C1-2','3','');
insert into column_val (xmlid, col_xmlid, dataname, col_seq, colname, colcnname, datatype, length, precision_val, party_seq, isprimarykey, isnullable, remark, filed_type_child, sensitive_level, policyid) values ('TO_E_ESOP_LOG_MAIN_D_JY','TO_E_ESOP_LOG_MAIN_D_JY_2017095','TO_E_ESOP_LOG_MAIN_D_JY','5','OPERATION_ID','关联业务单号','STRING','','','','','Y','项目编号PROJECTID','C1-2','3','');
insert into column_val (xmlid, col_xmlid, dataname, col_seq, colname, colcnname, datatype, length, precision_val, party_seq, isprimarykey, isnullable, remark, filed_type_child, sensitive_level, policyid) values ('TO_E_ESOP_LOG_MAIN_D_JY','TO_E_ESOP_LOG_MAIN_D_JY_2017096','TO_E_ESOP_LOG_MAIN_D_JY','6','OPERATION_NAM','关联业务单名称','STRING','','','','','Y','项目PROJECTNAME','C1-2','3','');
insert into column_val (xmlid, col_xmlid, dataname, col_seq, colname, colcnname, datatype, length, precision_val, party_seq, isprimarykey, isnullable, remark, filed_type_child, sensitive_level, policyid) values ('TO_E_ESOP_LOG_MAIN_D_JY','TO_E_ESOP_LOG_MAIN_D_JY_2017097','TO_E_ESOP_LOG_MAIN_D_JY','7','SERVICE_ACT','客服动作','STRING','','','','','Y','字典表GROUPID="servicact"','C1-2','3','');
insert into column_val (xmlid, col_xmlid, dataname, col_seq, colname, colcnname, datatype, length, precision_val, party_seq, isprimarykey, isnullable, remark, filed_type_child, sensitive_level, policyid) values ('TO_E_ESOP_LOG_MAIN_D_JY','TO_E_ESOP_LOG_MAIN_D_JY_2017098','TO_E_ESOP_LOG_MAIN_D_JY','8','GROUP_ID','集团客户编号','STRING','','','','','Y','','C1-2','3','');
insert into column_val (xmlid, col_xmlid, dataname, col_seq, colname, colcnname, datatype, length, precision_val, party_seq, isprimarykey, isnullable, remark, filed_type_child, sensitive_level, policyid) values ('TO_E_ESOP_LOG_MAIN_D_JY','TO_E_ESOP_LOG_MAIN_D_JY_2017099','TO_E_ESOP_LOG_MAIN_D_JY','9','CRTEATOR','创建人','STRING','','','','','Y','','C1-2','3','');
insert into column_val (xmlid, col_xmlid, dataname, col_seq, colname, colcnname, datatype, length, precision_val, party_seq, isprimarykey, isnullable, remark, filed_type_child, sensitive_level, policyid) values ('TO_E_ESOP_LOG_MAIN_D_JY','TO_E_ESOP_LOG_MAIN_D_JY_20170910','TO_E_ESOP_LOG_MAIN_D_JY','10','CREATE_DTS','创建时间','STRING','','','','','Y','格式YYYY-MM-DDHH24:MI:SS','C1-2','3','');
insert into column_val (xmlid, col_xmlid, dataname, col_seq, colname, colcnname, datatype, length, precision_val, party_seq, isprimarykey, isnullable, remark, filed_type_child, sensitive_level, policyid) values ('TO_E_ESOP_LOG_MAIN_D_JY','TO_E_ESOP_LOG_MAIN_D_JY_20170911','TO_E_ESOP_LOG_MAIN_D_JY','11','CHG_TIM','修改时间','STRING','','','','','Y','格式YYYY-MM-DDHH24:MI:SS','C1-2','3','');
insert into column_val (xmlid, col_xmlid, dataname, col_seq, colname, colcnname, datatype, length, precision_val, party_seq, isprimarykey, isnullable, remark, filed_type_child, sensitive_level, policyid) values ('TO_E_ESOP_LOG_MAIN_D_JY','TO_E_ESOP_LOG_MAIN_D_JY_20170912','TO_E_ESOP_LOG_MAIN_D_JY','12','LOG_CONT','日志内容','STRING','','','','','Y','','C1-2','3','');
insert into column_val (xmlid, col_xmlid, dataname, col_seq, colname, colcnname, datatype, length, precision_val, party_seq, isprimarykey, isnullable, remark, filed_type_child, sensitive_level, policyid) values ('TO_E_ESOP_LOG_MAIN_D_JY','TO_E_ESOP_LOG_MAIN_D_JY_20170913','TO_E_ESOP_LOG_MAIN_D_JY','13','LOG_SRC','日志来源','STRING','','','','','Y','自己：1，系统：0','C1-2','3','');
insert into column_val (xmlid, col_xmlid, dataname, col_seq, colname, colcnname, datatype, length, precision_val, party_seq, isprimarykey, isnullable, remark, filed_type_child, sensitive_level, policyid) values ('TO_E_ESOP_LOG_MAIN_D_JY','TO_E_ESOP_LOG_MAIN_D_JY_20170914','TO_E_ESOP_LOG_MAIN_D_JY','14','STS_CD','状态','STRING','','','','','Y','1是，0否','C1-2','3','');
insert into column_val (xmlid, col_xmlid, dataname, col_seq, colname, colcnname, datatype, length, precision_val, party_seq, isprimarykey, isnullable, remark, filed_type_child, sensitive_level, policyid) values ('TO_E_ESOP_LOG_MAIN_D_JY','TO_E_ESOP_LOG_MAIN_D_JY_20170915','TO_E_ESOP_LOG_MAIN_D_JY','15','LOG_ATTACH','日志附件','STRING','','','','','Y','','C1-2','3','');
insert into column_val (xmlid, col_xmlid, dataname, col_seq, colname, colcnname, datatype, length, precision_val, party_seq, isprimarykey, isnullable, remark, filed_type_child, sensitive_level, policyid) values ('TO_E_ESOP_LOG_MAIN_D_JY','TO_E_ESOP_LOG_MAIN_D_JY_20170916','TO_E_ESOP_LOG_MAIN_D_JY','16','GROUP_TYP','集团类型','STRING','','','','','Y','自然集团：1，BOSS集团：0','C1-2','3','');
insert into column_val (xmlid, col_xmlid, dataname, col_seq, colname, colcnname, datatype, length, precision_val, party_seq, isprimarykey, isnullable, remark, filed_type_child, sensitive_level, policyid) values ('TO_E_ESOP_LOG_MAIN_D_JY','TO_E_ESOP_LOG_MAIN_D_JY_20170917','TO_E_ESOP_LOG_MAIN_D_JY','17','VISIT_DT','拜访时间','STRING','','','','','Y','','C1-2','3','');
insert into column_val (xmlid, col_xmlid, dataname, col_seq, colname, colcnname, datatype, length, precision_val, party_seq, isprimarykey, isnullable, remark, filed_type_child, sensitive_level, policyid) values ('TO_E_ESOP_LOG_MAIN_D_JY','TO_E_ESOP_LOG_MAIN_D_JY_20170918','TO_E_ESOP_LOG_MAIN_D_JY','18','LOG_WRITE_LENGTH','日志填写耗时','STRING','','','','','Y','单位：秒','C1-2','3','');
insert into column_val (xmlid, col_xmlid, dataname, col_seq, colname, colcnname, datatype, length, precision_val, party_seq, isprimarykey, isnullable, remark, filed_type_child, sensitive_level, policyid) values ('TO_E_ESOP_LOG_MAIN_D_JY','TO_E_ESOP_LOG_MAIN_D_JY_20170919','TO_E_ESOP_LOG_MAIN_D_JY','19','GROUP_NAME','集团名称','STRING','','','','','Y','包括自然集团、BOSS集团','C1-2','3','');
insert into column_val (xmlid, col_xmlid, dataname, col_seq, colname, colcnname, datatype, length, precision_val, party_seq, isprimarykey, isnullable, remark, filed_type_child, sensitive_level, policyid) values ('TO_E_ESOP_LOG_MAIN_D_JY','TO_E_ESOP_LOG_MAIN_D_JY_20170920','TO_E_ESOP_LOG_MAIN_D_JY','20','SER_TYP_CD','服务方式','STRING','','','','','Y','上门、电话、E-mail、短彩信、EMS邮寄、外出联谊、传真、其它','C1-2','3','');
insert into column_val (xmlid, col_xmlid, dataname, col_seq, colname, colcnname, datatype, length, precision_val, party_seq, isprimarykey, isnullable, remark, filed_type_child, sensitive_level, policyid) values ('TO_E_ESOP_LOG_MAIN_D_JY','TO_E_ESOP_LOG_MAIN_D_JY_20170921','TO_E_ESOP_LOG_MAIN_D_JY','21','VISIT_FORM','拜访活动形式','STRING','','','','','Y','上门拜访','C1-2','3','');
insert into column_val (xmlid, col_xmlid, dataname, col_seq, colname, colcnname, datatype, length, precision_val, party_seq, isprimarykey, isnullable, remark, filed_type_child, sensitive_level, policyid) values ('TO_E_ESOP_LOG_MAIN_D_JY','TO_E_ESOP_LOG_MAIN_D_JY_20170922','TO_E_ESOP_LOG_MAIN_D_JY','22','VISIT_AIM','拜访活动目的','STRING','','','','','Y','建立或维系高层客户关系','C1-2','3','');
insert into column_val (xmlid, col_xmlid, dataname, col_seq, colname, colcnname, datatype, length, precision_val, party_seq, isprimarykey, isnullable, remark, filed_type_child, sensitive_level, policyid) values ('TO_E_ESOP_LOG_MAIN_D_JY','TO_E_ESOP_LOG_MAIN_D_JY_20170923','TO_E_ESOP_LOG_MAIN_D_JY','23','SUBSNUMBER','客户手机号码','STRING','','','','','Y','个人服务填写','C1-2','3','');
insert into column_val (xmlid, col_xmlid, dataname, col_seq, colname, colcnname, datatype, length, precision_val, party_seq, isprimarykey, isnullable, remark, filed_type_child, sensitive_level, policyid) values ('TO_E_ESOP_LOG_MAIN_D_JY','TO_E_ESOP_LOG_MAIN_D_JY_20170924','TO_E_ESOP_LOG_MAIN_D_JY','24','CUST_NAM','客户名称','STRING','','','','','Y','个人服务填写','C1-2','3','');
insert into column_val (xmlid, col_xmlid, dataname, col_seq, colname, colcnname, datatype, length, precision_val, party_seq, isprimarykey, isnullable, remark, filed_type_child, sensitive_level, policyid) values ('TO_E_ESOP_LOG_MAIN_D_JY','TO_E_ESOP_LOG_MAIN_D_JY_20170925','TO_E_ESOP_LOG_MAIN_D_JY','25','CUST_ROLE','客户角色','STRING','','','','','Y','个人服务填写','C1-2','3','');
insert into column_val (xmlid, col_xmlid, dataname, col_seq, colname, colcnname, datatype, length, precision_val, party_seq, isprimarykey, isnullable, remark, filed_type_child, sensitive_level, policyid) values ('TO_E_ESOP_LOG_MAIN_D_JY','TO_E_ESOP_LOG_MAIN_D_JY_20170926','TO_E_ESOP_LOG_MAIN_D_JY','26','CORP_SCOPE','动态集团级别','STRING','','','','','Y','BOSS集团','C1-2','3','');
insert into column_val (xmlid, col_xmlid, dataname, col_seq, colname, colcnname, datatype, length, precision_val, party_seq, isprimarykey, isnullable, remark, filed_type_child, sensitive_level, policyid) values ('TO_E_ESOP_LOG_MAIN_D_JY','TO_E_ESOP_LOG_MAIN_D_JY_20170927','TO_E_ESOP_LOG_MAIN_D_JY','27','DIST_NAM','所属区县','STRING','','','','','Y','BOSS集团','C1-2','3','');
insert into column_val (xmlid, col_xmlid, dataname, col_seq, colname, colcnname, datatype, length, precision_val, party_seq, isprimarykey, isnullable, remark, filed_type_child, sensitive_level, policyid) values ('TO_E_ESOP_LOG_MAIN_D_JY','TO_E_ESOP_LOG_MAIN_D_JY_20170928','TO_E_ESOP_LOG_MAIN_D_JY','28','CUST_MGR','客户经理','STRING','','','','','Y','','C1-2','3','');
insert into column_val (xmlid, col_xmlid, dataname, col_seq, colname, colcnname, datatype, length, precision_val, party_seq, isprimarykey, isnullable, remark, filed_type_child, sensitive_level, policyid) values ('TO_E_ESOP_LOG_MAIN_D_JY','TO_E_ESOP_LOG_MAIN_D_JY_20170929','TO_E_ESOP_LOG_MAIN_D_JY','29','FOLLOW_STAFF','我方人员','STRING','','','','','Y','同行人员','C1-2','3','');
insert into column_val (xmlid, col_xmlid, dataname, col_seq, colname, colcnname, datatype, length, precision_val, party_seq, isprimarykey, isnullable, remark, filed_type_child, sensitive_level, policyid) values ('TO_E_ESOP_LOG_MAIN_D_JY','TO_E_ESOP_LOG_MAIN_D_JY_20170930','TO_E_ESOP_LOG_MAIN_D_JY','30','PROJECT_FEE','项目金额','STRING','','','','','Y','','C1-2','3','');
insert into column_val (xmlid, col_xmlid, dataname, col_seq, colname, colcnname, datatype, length, precision_val, party_seq, isprimarykey, isnullable, remark, filed_type_child, sensitive_level, policyid) values ('TO_E_ESOP_LOG_MAIN_D_JY','TO_E_ESOP_LOG_MAIN_D_JY_20170931','TO_E_ESOP_LOG_MAIN_D_JY','31','PROJECT_BRIEF','项目简介','STRING','','','','','Y','','C1-2','3','');
insert into column_val (xmlid, col_xmlid, dataname, col_seq, colname, colcnname, datatype, length, precision_val, party_seq, isprimarykey, isnullable, remark, filed_type_child, sensitive_level, policyid) values ('TO_E_ESOP_LOG_MAIN_D_JY','TO_E_ESOP_LOG_MAIN_D_JY_20170932','TO_E_ESOP_LOG_MAIN_D_JY','32','COMP_OPPONENT','竞争对手','STRING','','','','','Y','','C1-2','3','');
insert into column_val (xmlid, col_xmlid, dataname, col_seq, colname, colcnname, datatype, length, precision_val, party_seq, isprimarykey, isnullable, remark, filed_type_child, sensitive_level, policyid) values ('TO_E_ESOP_LOG_MAIN_D_JY','TO_E_ESOP_LOG_MAIN_D_JY_20170933','TO_E_ESOP_LOG_MAIN_D_JY','33','COMP_LEVEL','竞争级别','STRING','','','','','Y','','C1-2','3','');
insert into column_val (xmlid, col_xmlid, dataname, col_seq, colname, colcnname, datatype, length, precision_val, party_seq, isprimarykey, isnullable, remark, filed_type_child, sensitive_level, policyid) values ('TO_E_ESOP_LOG_MAIN_D_JY','TO_E_ESOP_LOG_MAIN_D_JY_20170934','TO_E_ESOP_LOG_MAIN_D_JY','34','RESPONSE_EVENT','应对事件','STRING','','','','','Y','','C1-2','3','');
insert into column_val (xmlid, col_xmlid, dataname, col_seq, colname, colcnname, datatype, length, precision_val, party_seq, isprimarykey, isnullable, remark, filed_type_child, sensitive_level, policyid) values ('TO_E_ESOP_LOG_MAIN_D_JY','TO_E_ESOP_LOG_MAIN_D_JY_20170935','TO_E_ESOP_LOG_MAIN_D_JY','35','RESPONSE_RESULT','应对结果','STRING','','','','','Y','','C1-2','3','');
insert into column_val (xmlid, col_xmlid, dataname, col_seq, colname, colcnname, datatype, length, precision_val, party_seq, isprimarykey, isnullable, remark, filed_type_child, sensitive_level, policyid) values ('TO_E_ESOP_LOG_MAIN_D_JY','TO_E_ESOP_LOG_MAIN_D_JY_20170936','TO_E_ESOP_LOG_MAIN_D_JY','36','OTHER_RESULT','其它成效','STRING','','','','','Y','','C1-2','3','');
insert into column_val (xmlid, col_xmlid, dataname, col_seq, colname, colcnname, datatype, length, precision_val, party_seq, isprimarykey, isnullable, remark, filed_type_child, sensitive_level, policyid) values ('TO_E_ESOP_LOG_MAIN_D_JY','TO_E_ESOP_LOG_MAIN_D_JY_20170937','TO_E_ESOP_LOG_MAIN_D_JY','37','NOTES','备注','STRING','','','','','Y','','C1-2','3','');
insert into column_val (xmlid, col_xmlid, dataname, col_seq, colname, colcnname, datatype, length, precision_val, party_seq, isprimarykey, isnullable, remark, filed_type_child, sensitive_level, policyid) values ('TO_E_ESOP_LOG_MAIN_D_JY','TO_E_ESOP_LOG_MAIN_D_JY_20170938','TO_E_ESOP_LOG_MAIN_D_JY','38','CHIEF_VISIT_MGR_NAM','主要拜访经理名称','STRING','','','','','Y','','C1-2','3','');
insert into column_val (xmlid, col_xmlid, dataname, col_seq, colname, colcnname, datatype, length, precision_val, party_seq, isprimarykey, isnullable, remark, filed_type_child, sensitive_level, policyid) values ('TO_E_ESOP_LOG_MAIN_D_JY','TO_E_ESOP_LOG_MAIN_D_JY_20170939','TO_E_ESOP_LOG_MAIN_D_JY','39','CHIEF_VISIT_MGR_JOB','职位','STRING','','','','','Y','','C1-2','3','');
insert into column_val (xmlid, col_xmlid, dataname, col_seq, colname, colcnname, datatype, length, precision_val, party_seq, isprimarykey, isnullable, remark, filed_type_child, sensitive_level, policyid) values ('TO_E_ESOP_LOG_MAIN_D_JY','TO_E_ESOP_LOG_MAIN_D_JY_20170940','TO_E_ESOP_LOG_MAIN_D_JY','40','VISIT_TYPE','拜访类型','STRING','','','','','Y','','C1-2','3','');
insert into column_val (xmlid, col_xmlid, dataname, col_seq, colname, colcnname, datatype, length, precision_val, party_seq, isprimarykey, isnullable, remark, filed_type_child, sensitive_level, policyid) values ('TO_E_ESOP_LOG_MAIN_D_JY','TO_E_ESOP_LOG_MAIN_D_JY_20170941','TO_E_ESOP_LOG_MAIN_D_JY','41','MOVEMENT_DESC','拜访描述','STRING','','','','','Y','','C1-2','3','');
insert into column_val (xmlid, col_xmlid, dataname, col_seq, colname, colcnname, datatype, length, precision_val, party_seq, isprimarykey, isnullable, remark, filed_type_child, sensitive_level, policyid) values ('TO_E_ESOP_LOG_MAIN_D_JY','TO_E_ESOP_LOG_MAIN_D_JY_20170942','TO_E_ESOP_LOG_MAIN_D_JY','42','IMPACT','影响','STRING','','','','','Y','','C1-2','3','');
insert into column_val (xmlid, col_xmlid, dataname, col_seq, colname, colcnname, datatype, length, precision_val, party_seq, isprimarykey, isnullable, remark, filed_type_child, sensitive_level, policyid) values ('TO_E_ESOP_LOG_MAIN_D_JY','TO_E_ESOP_LOG_MAIN_D_JY_20170943','TO_E_ESOP_LOG_MAIN_D_JY','43','PROJECT_NAM','项目名称','STRING','','','','','Y','','C1-2','3','');
insert into column_val (xmlid, col_xmlid, dataname, col_seq, colname, colcnname, datatype, length, precision_val, party_seq, isprimarykey, isnullable, remark, filed_type_child, sensitive_level, policyid) values ('TO_E_ESOP_LOG_MAIN_D_JY','TO_E_ESOP_LOG_MAIN_D_JY_20170944','TO_E_ESOP_LOG_MAIN_D_JY','44','REFER_PRDCT','参考产品','STRING','','','','','Y','','C1-2','3','');
insert into column_val (xmlid, col_xmlid, dataname, col_seq, colname, colcnname, datatype, length, precision_val, party_seq, isprimarykey, isnullable, remark, filed_type_child, sensitive_level, policyid) values ('TO_E_ESOP_LOG_MAIN_D_JY','TO_E_ESOP_LOG_MAIN_D_JY_20170945','TO_E_ESOP_LOG_MAIN_D_JY','45','AFFECT_RANGE','影响范围','STRING','','','','','Y','','C1-2','3','');
insert into column_val (xmlid, col_xmlid, dataname, col_seq, colname, colcnname, datatype, length, precision_val, party_seq, isprimarykey, isnullable, remark, filed_type_child, sensitive_level, policyid) values ('TO_E_ESOP_LOG_MAIN_D_JY','TO_E_ESOP_LOG_MAIN_D_JY_20170946','TO_E_ESOP_LOG_MAIN_D_JY','46','CMCC_BRANCH_CD','地市编码','STRING','','','','','Y','','C1-2','3','');
insert into column_val (xmlid, col_xmlid, dataname, col_seq, colname, colcnname, datatype, length, precision_val, party_seq, isprimarykey, isnullable, remark, filed_type_child, sensitive_level, policyid) values ('TO_E_ESOP_LOG_MAIN_D_JY','TO_E_ESOP_LOG_MAIN_D_JY_20170947','TO_E_ESOP_LOG_MAIN_D_JY','47','month','月份','INT','','','1','','N','','','','');
insert into column_val (xmlid, col_xmlid, dataname, col_seq, colname, colcnname, datatype, length, precision_val, party_seq, isprimarykey, isnullable, remark, filed_type_child, sensitive_level, policyid) values ('TO_E_ESOP_LOG_MAIN_D_JY','TO_E_ESOP_LOG_MAIN_D_JY_20170948','TO_E_ESOP_LOG_MAIN_D_JY','48','day','日期','INT','','','2','','N','','','','');

insert into tablefile (xmlid, dbname, dataname, datacnname, state, cycletype, topiccode, extend_cfg, rightlevel, creater, curdutyer, eff_date, state_date, team_code, open_state, remark) values ('TO_E_ESOP_LOG_MAIN_D_YF','BD_B','TO_E_ESOP_LOG_MAIN_D_YF','ODS_ESOP日志表','NEW','day','LAYERI_ISERV','{"EXTERNAL":"y","LOCATION":"/tenant/BIGDATA/JCFW/JRCL/BD_B/ODS/TO_E_ESOP_LOG_MAIN_D/branch=YF","FILEFORMAT":"PARQUET","DELIMITER":"&&"}','其他','谢英俊','谢英俊', TIMESTAMP '0009-02-17 12:00:00', TIMESTAMP '0009-02-17 12:00:00','f2999fd5-c34e-402e-9b28-fec9fca13044','','基础层-服务主题域');
insert into column_val (xmlid, col_xmlid, dataname, col_seq, colname, colcnname, datatype, length, precision_val, party_seq, isprimarykey, isnullable, remark, filed_type_child, sensitive_level, policyid) values ('TO_E_ESOP_LOG_MAIN_D_YF','TO_E_ESOP_LOG_MAIN_D_YF_2017091','TO_E_ESOP_LOG_MAIN_D_YF','1','LOG_ID','日志编号','STRING','','','','1','N','','C1-2','3','');
insert into column_val (xmlid, col_xmlid, dataname, col_seq, colname, colcnname, datatype, length, precision_val, party_seq, isprimarykey, isnullable, remark, filed_type_child, sensitive_level, policyid) values ('TO_E_ESOP_LOG_MAIN_D_YF','TO_E_ESOP_LOG_MAIN_D_YF_2017092','TO_E_ESOP_LOG_MAIN_D_YF','2','LOG_NAM','日志主题','STRING','','','','','Y','','C1-2','3','');
insert into column_val (xmlid, col_xmlid, dataname, col_seq, colname, colcnname, datatype, length, precision_val, party_seq, isprimarykey, isnullable, remark, filed_type_child, sensitive_level, policyid) values ('TO_E_ESOP_LOG_MAIN_D_YF','TO_E_ESOP_LOG_MAIN_D_YF_2017093','TO_E_ESOP_LOG_MAIN_D_YF','3','LOG_TYP','日志类型','STRING','','','','','Y','字典表GROUPID="logtype"','C1-2','3','');
insert into column_val (xmlid, col_xmlid, dataname, col_seq, colname, colcnname, datatype, length, precision_val, party_seq, isprimarykey, isnullable, remark, filed_type_child, sensitive_level, policyid) values ('TO_E_ESOP_LOG_MAIN_D_YF','TO_E_ESOP_LOG_MAIN_D_YF_2017094','TO_E_ESOP_LOG_MAIN_D_YF','4','CTY_CD','地市','STRING','','','','1','N','主键
地市region，
999-省公司
200-广州
660-汕尾
662-阳江
663-揭阳
668-茂名
750-江门
751-韶关
752-惠州
753-梅州
754-汕头
755-深圳
756-珠海
757-佛山
758-肇庆
759-湛江
760-中山
762-河源
763-清远
766-云浮
768-潮州
769-东莞','C1-2','3','');
insert into column_val (xmlid, col_xmlid, dataname, col_seq, colname, colcnname, datatype, length, precision_val, party_seq, isprimarykey, isnullable, remark, filed_type_child, sensitive_level, policyid) values ('TO_E_ESOP_LOG_MAIN_D_YF','TO_E_ESOP_LOG_MAIN_D_YF_2017095','TO_E_ESOP_LOG_MAIN_D_YF','5','OPERATION_ID','关联业务单号','STRING','','','','','Y','项目编号PROJECTID','C1-2','3','');
insert into column_val (xmlid, col_xmlid, dataname, col_seq, colname, colcnname, datatype, length, precision_val, party_seq, isprimarykey, isnullable, remark, filed_type_child, sensitive_level, policyid) values ('TO_E_ESOP_LOG_MAIN_D_YF','TO_E_ESOP_LOG_MAIN_D_YF_2017096','TO_E_ESOP_LOG_MAIN_D_YF','6','OPERATION_NAM','关联业务单名称','STRING','','','','','Y','项目PROJECTNAME','C1-2','3','');
insert into column_val (xmlid, col_xmlid, dataname, col_seq, colname, colcnname, datatype, length, precision_val, party_seq, isprimarykey, isnullable, remark, filed_type_child, sensitive_level, policyid) values ('TO_E_ESOP_LOG_MAIN_D_YF','TO_E_ESOP_LOG_MAIN_D_YF_2017097','TO_E_ESOP_LOG_MAIN_D_YF','7','SERVICE_ACT','客服动作','STRING','','','','','Y','字典表GROUPID="servicact"','C1-2','3','');
insert into column_val (xmlid, col_xmlid, dataname, col_seq, colname, colcnname, datatype, length, precision_val, party_seq, isprimarykey, isnullable, remark, filed_type_child, sensitive_level, policyid) values ('TO_E_ESOP_LOG_MAIN_D_YF','TO_E_ESOP_LOG_MAIN_D_YF_2017098','TO_E_ESOP_LOG_MAIN_D_YF','8','GROUP_ID','集团客户编号','STRING','','','','','Y','','C1-2','3','');
insert into column_val (xmlid, col_xmlid, dataname, col_seq, colname, colcnname, datatype, length, precision_val, party_seq, isprimarykey, isnullable, remark, filed_type_child, sensitive_level, policyid) values ('TO_E_ESOP_LOG_MAIN_D_YF','TO_E_ESOP_LOG_MAIN_D_YF_2017099','TO_E_ESOP_LOG_MAIN_D_YF','9','CRTEATOR','创建人','STRING','','','','','Y','','C1-2','3','');
insert into column_val (xmlid, col_xmlid, dataname, col_seq, colname, colcnname, datatype, length, precision_val, party_seq, isprimarykey, isnullable, remark, filed_type_child, sensitive_level, policyid) values ('TO_E_ESOP_LOG_MAIN_D_YF','TO_E_ESOP_LOG_MAIN_D_YF_20170910','TO_E_ESOP_LOG_MAIN_D_YF','10','CREATE_DTS','创建时间','STRING','','','','','Y','格式YYYY-MM-DDHH24:MI:SS','C1-2','3','');
insert into column_val (xmlid, col_xmlid, dataname, col_seq, colname, colcnname, datatype, length, precision_val, party_seq, isprimarykey, isnullable, remark, filed_type_child, sensitive_level, policyid) values ('TO_E_ESOP_LOG_MAIN_D_YF','TO_E_ESOP_LOG_MAIN_D_YF_20170911','TO_E_ESOP_LOG_MAIN_D_YF','11','CHG_TIM','修改时间','STRING','','','','','Y','格式YYYY-MM-DDHH24:MI:SS','C1-2','3','');
insert into column_val (xmlid, col_xmlid, dataname, col_seq, colname, colcnname, datatype, length, precision_val, party_seq, isprimarykey, isnullable, remark, filed_type_child, sensitive_level, policyid) values ('TO_E_ESOP_LOG_MAIN_D_YF','TO_E_ESOP_LOG_MAIN_D_YF_20170912','TO_E_ESOP_LOG_MAIN_D_YF','12','LOG_CONT','日志内容','STRING','','','','','Y','','C1-2','3','');
insert into column_val (xmlid, col_xmlid, dataname, col_seq, colname, colcnname, datatype, length, precision_val, party_seq, isprimarykey, isnullable, remark, filed_type_child, sensitive_level, policyid) values ('TO_E_ESOP_LOG_MAIN_D_YF','TO_E_ESOP_LOG_MAIN_D_YF_20170913','TO_E_ESOP_LOG_MAIN_D_YF','13','LOG_SRC','日志来源','STRING','','','','','Y','自己：1，系统：0','C1-2','3','');
insert into column_val (xmlid, col_xmlid, dataname, col_seq, colname, colcnname, datatype, length, precision_val, party_seq, isprimarykey, isnullable, remark, filed_type_child, sensitive_level, policyid) values ('TO_E_ESOP_LOG_MAIN_D_YF','TO_E_ESOP_LOG_MAIN_D_YF_20170914','TO_E_ESOP_LOG_MAIN_D_YF','14','STS_CD','状态','STRING','','','','','Y','1是，0否','C1-2','3','');
insert into column_val (xmlid, col_xmlid, dataname, col_seq, colname, colcnname, datatype, length, precision_val, party_seq, isprimarykey, isnullable, remark, filed_type_child, sensitive_level, policyid) values ('TO_E_ESOP_LOG_MAIN_D_YF','TO_E_ESOP_LOG_MAIN_D_YF_20170915','TO_E_ESOP_LOG_MAIN_D_YF','15','LOG_ATTACH','日志附件','STRING','','','','','Y','','C1-2','3','');
insert into column_val (xmlid, col_xmlid, dataname, col_seq, colname, colcnname, datatype, length, precision_val, party_seq, isprimarykey, isnullable, remark, filed_type_child, sensitive_level, policyid) values ('TO_E_ESOP_LOG_MAIN_D_YF','TO_E_ESOP_LOG_MAIN_D_YF_20170916','TO_E_ESOP_LOG_MAIN_D_YF','16','GROUP_TYP','集团类型','STRING','','','','','Y','自然集团：1，BOSS集团：0','C1-2','3','');
insert into column_val (xmlid, col_xmlid, dataname, col_seq, colname, colcnname, datatype, length, precision_val, party_seq, isprimarykey, isnullable, remark, filed_type_child, sensitive_level, policyid) values ('TO_E_ESOP_LOG_MAIN_D_YF','TO_E_ESOP_LOG_MAIN_D_YF_20170917','TO_E_ESOP_LOG_MAIN_D_YF','17','VISIT_DT','拜访时间','STRING','','','','','Y','','C1-2','3','');
insert into column_val (xmlid, col_xmlid, dataname, col_seq, colname, colcnname, datatype, length, precision_val, party_seq, isprimarykey, isnullable, remark, filed_type_child, sensitive_level, policyid) values ('TO_E_ESOP_LOG_MAIN_D_YF','TO_E_ESOP_LOG_MAIN_D_YF_20170918','TO_E_ESOP_LOG_MAIN_D_YF','18','LOG_WRITE_LENGTH','日志填写耗时','STRING','','','','','Y','单位：秒','C1-2','3','');
insert into column_val (xmlid, col_xmlid, dataname, col_seq, colname, colcnname, datatype, length, precision_val, party_seq, isprimarykey, isnullable, remark, filed_type_child, sensitive_level, policyid) values ('TO_E_ESOP_LOG_MAIN_D_YF','TO_E_ESOP_LOG_MAIN_D_YF_20170919','TO_E_ESOP_LOG_MAIN_D_YF','19','GROUP_NAME','集团名称','STRING','','','','','Y','包括自然集团、BOSS集团','C1-2','3','');
insert into column_val (xmlid, col_xmlid, dataname, col_seq, colname, colcnname, datatype, length, precision_val, party_seq, isprimarykey, isnullable, remark, filed_type_child, sensitive_level, policyid) values ('TO_E_ESOP_LOG_MAIN_D_YF','TO_E_ESOP_LOG_MAIN_D_YF_20170920','TO_E_ESOP_LOG_MAIN_D_YF','20','SER_TYP_CD','服务方式','STRING','','','','','Y','上门、电话、E-mail、短彩信、EMS邮寄、外出联谊、传真、其它','C1-2','3','');
insert into column_val (xmlid, col_xmlid, dataname, col_seq, colname, colcnname, datatype, length, precision_val, party_seq, isprimarykey, isnullable, remark, filed_type_child, sensitive_level, policyid) values ('TO_E_ESOP_LOG_MAIN_D_YF','TO_E_ESOP_LOG_MAIN_D_YF_20170921','TO_E_ESOP_LOG_MAIN_D_YF','21','VISIT_FORM','拜访活动形式','STRING','','','','','Y','上门拜访','C1-2','3','');
insert into column_val (xmlid, col_xmlid, dataname, col_seq, colname, colcnname, datatype, length, precision_val, party_seq, isprimarykey, isnullable, remark, filed_type_child, sensitive_level, policyid) values ('TO_E_ESOP_LOG_MAIN_D_YF','TO_E_ESOP_LOG_MAIN_D_YF_20170922','TO_E_ESOP_LOG_MAIN_D_YF','22','VISIT_AIM','拜访活动目的','STRING','','','','','Y','建立或维系高层客户关系','C1-2','3','');
insert into column_val (xmlid, col_xmlid, dataname, col_seq, colname, colcnname, datatype, length, precision_val, party_seq, isprimarykey, isnullable, remark, filed_type_child, sensitive_level, policyid) values ('TO_E_ESOP_LOG_MAIN_D_YF','TO_E_ESOP_LOG_MAIN_D_YF_20170923','TO_E_ESOP_LOG_MAIN_D_YF','23','SUBSNUMBER','客户手机号码','STRING','','','','','Y','个人服务填写','C1-2','3','');
insert into column_val (xmlid, col_xmlid, dataname, col_seq, colname, colcnname, datatype, length, precision_val, party_seq, isprimarykey, isnullable, remark, filed_type_child, sensitive_level, policyid) values ('TO_E_ESOP_LOG_MAIN_D_YF','TO_E_ESOP_LOG_MAIN_D_YF_20170924','TO_E_ESOP_LOG_MAIN_D_YF','24','CUST_NAM','客户名称','STRING','','','','','Y','个人服务填写','C1-2','3','');
insert into column_val (xmlid, col_xmlid, dataname, col_seq, colname, colcnname, datatype, length, precision_val, party_seq, isprimarykey, isnullable, remark, filed_type_child, sensitive_level, policyid) values ('TO_E_ESOP_LOG_MAIN_D_YF','TO_E_ESOP_LOG_MAIN_D_YF_20170925','TO_E_ESOP_LOG_MAIN_D_YF','25','CUST_ROLE','客户角色','STRING','','','','','Y','个人服务填写','C1-2','3','');
insert into column_val (xmlid, col_xmlid, dataname, col_seq, colname, colcnname, datatype, length, precision_val, party_seq, isprimarykey, isnullable, remark, filed_type_child, sensitive_level, policyid) values ('TO_E_ESOP_LOG_MAIN_D_YF','TO_E_ESOP_LOG_MAIN_D_YF_20170926','TO_E_ESOP_LOG_MAIN_D_YF','26','CORP_SCOPE','动态集团级别','STRING','','','','','Y','BOSS集团','C1-2','3','');
insert into column_val (xmlid, col_xmlid, dataname, col_seq, colname, colcnname, datatype, length, precision_val, party_seq, isprimarykey, isnullable, remark, filed_type_child, sensitive_level, policyid) values ('TO_E_ESOP_LOG_MAIN_D_YF','TO_E_ESOP_LOG_MAIN_D_YF_20170927','TO_E_ESOP_LOG_MAIN_D_YF','27','DIST_NAM','所属区县','STRING','','','','','Y','BOSS集团','C1-2','3','');
insert into column_val (xmlid, col_xmlid, dataname, col_seq, colname, colcnname, datatype, length, precision_val, party_seq, isprimarykey, isnullable, remark, filed_type_child, sensitive_level, policyid) values ('TO_E_ESOP_LOG_MAIN_D_YF','TO_E_ESOP_LOG_MAIN_D_YF_20170928','TO_E_ESOP_LOG_MAIN_D_YF','28','CUST_MGR','客户经理','STRING','','','','','Y','','C1-2','3','');
insert into column_val (xmlid, col_xmlid, dataname, col_seq, colname, colcnname, datatype, length, precision_val, party_seq, isprimarykey, isnullable, remark, filed_type_child, sensitive_level, policyid) values ('TO_E_ESOP_LOG_MAIN_D_YF','TO_E_ESOP_LOG_MAIN_D_YF_20170929','TO_E_ESOP_LOG_MAIN_D_YF','29','FOLLOW_STAFF','我方人员','STRING','','','','','Y','同行人员','C1-2','3','');
insert into column_val (xmlid, col_xmlid, dataname, col_seq, colname, colcnname, datatype, length, precision_val, party_seq, isprimarykey, isnullable, remark, filed_type_child, sensitive_level, policyid) values ('TO_E_ESOP_LOG_MAIN_D_YF','TO_E_ESOP_LOG_MAIN_D_YF_20170930','TO_E_ESOP_LOG_MAIN_D_YF','30','PROJECT_FEE','项目金额','STRING','','','','','Y','','C1-2','3','');
insert into column_val (xmlid, col_xmlid, dataname, col_seq, colname, colcnname, datatype, length, precision_val, party_seq, isprimarykey, isnullable, remark, filed_type_child, sensitive_level, policyid) values ('TO_E_ESOP_LOG_MAIN_D_YF','TO_E_ESOP_LOG_MAIN_D_YF_20170931','TO_E_ESOP_LOG_MAIN_D_YF','31','PROJECT_BRIEF','项目简介','STRING','','','','','Y','','C1-2','3','');
insert into column_val (xmlid, col_xmlid, dataname, col_seq, colname, colcnname, datatype, length, precision_val, party_seq, isprimarykey, isnullable, remark, filed_type_child, sensitive_level, policyid) values ('TO_E_ESOP_LOG_MAIN_D_YF','TO_E_ESOP_LOG_MAIN_D_YF_20170932','TO_E_ESOP_LOG_MAIN_D_YF','32','COMP_OPPONENT','竞争对手','STRING','','','','','Y','','C1-2','3','');
insert into column_val (xmlid, col_xmlid, dataname, col_seq, colname, colcnname, datatype, length, precision_val, party_seq, isprimarykey, isnullable, remark, filed_type_child, sensitive_level, policyid) values ('TO_E_ESOP_LOG_MAIN_D_YF','TO_E_ESOP_LOG_MAIN_D_YF_20170933','TO_E_ESOP_LOG_MAIN_D_YF','33','COMP_LEVEL','竞争级别','STRING','','','','','Y','','C1-2','3','');
insert into column_val (xmlid, col_xmlid, dataname, col_seq, colname, colcnname, datatype, length, precision_val, party_seq, isprimarykey, isnullable, remark, filed_type_child, sensitive_level, policyid) values ('TO_E_ESOP_LOG_MAIN_D_YF','TO_E_ESOP_LOG_MAIN_D_YF_20170934','TO_E_ESOP_LOG_MAIN_D_YF','34','RESPONSE_EVENT','应对事件','STRING','','','','','Y','','C1-2','3','');
insert into column_val (xmlid, col_xmlid, dataname, col_seq, colname, colcnname, datatype, length, precision_val, party_seq, isprimarykey, isnullable, remark, filed_type_child, sensitive_level, policyid) values ('TO_E_ESOP_LOG_MAIN_D_YF','TO_E_ESOP_LOG_MAIN_D_YF_20170935','TO_E_ESOP_LOG_MAIN_D_YF','35','RESPONSE_RESULT','应对结果','STRING','','','','','Y','','C1-2','3','');
insert into column_val (xmlid, col_xmlid, dataname, col_seq, colname, colcnname, datatype, length, precision_val, party_seq, isprimarykey, isnullable, remark, filed_type_child, sensitive_level, policyid) values ('TO_E_ESOP_LOG_MAIN_D_YF','TO_E_ESOP_LOG_MAIN_D_YF_20170936','TO_E_ESOP_LOG_MAIN_D_YF','36','OTHER_RESULT','其它成效','STRING','','','','','Y','','C1-2','3','');
insert into column_val (xmlid, col_xmlid, dataname, col_seq, colname, colcnname, datatype, length, precision_val, party_seq, isprimarykey, isnullable, remark, filed_type_child, sensitive_level, policyid) values ('TO_E_ESOP_LOG_MAIN_D_YF','TO_E_ESOP_LOG_MAIN_D_YF_20170937','TO_E_ESOP_LOG_MAIN_D_YF','37','NOTES','备注','STRING','','','','','Y','','C1-2','3','');
insert into column_val (xmlid, col_xmlid, dataname, col_seq, colname, colcnname, datatype, length, precision_val, party_seq, isprimarykey, isnullable, remark, filed_type_child, sensitive_level, policyid) values ('TO_E_ESOP_LOG_MAIN_D_YF','TO_E_ESOP_LOG_MAIN_D_YF_20170938','TO_E_ESOP_LOG_MAIN_D_YF','38','CHIEF_VISIT_MGR_NAM','主要拜访经理名称','STRING','','','','','Y','','C1-2','3','');
insert into column_val (xmlid, col_xmlid, dataname, col_seq, colname, colcnname, datatype, length, precision_val, party_seq, isprimarykey, isnullable, remark, filed_type_child, sensitive_level, policyid) values ('TO_E_ESOP_LOG_MAIN_D_YF','TO_E_ESOP_LOG_MAIN_D_YF_20170939','TO_E_ESOP_LOG_MAIN_D_YF','39','CHIEF_VISIT_MGR_JOB','职位','STRING','','','','','Y','','C1-2','3','');
insert into column_val (xmlid, col_xmlid, dataname, col_seq, colname, colcnname, datatype, length, precision_val, party_seq, isprimarykey, isnullable, remark, filed_type_child, sensitive_level, policyid) values ('TO_E_ESOP_LOG_MAIN_D_YF','TO_E_ESOP_LOG_MAIN_D_YF_20170940','TO_E_ESOP_LOG_MAIN_D_YF','40','VISIT_TYPE','拜访类型','STRING','','','','','Y','','C1-2','3','');
insert into column_val (xmlid, col_xmlid, dataname, col_seq, colname, colcnname, datatype, length, precision_val, party_seq, isprimarykey, isnullable, remark, filed_type_child, sensitive_level, policyid) values ('TO_E_ESOP_LOG_MAIN_D_YF','TO_E_ESOP_LOG_MAIN_D_YF_20170941','TO_E_ESOP_LOG_MAIN_D_YF','41','MOVEMENT_DESC','拜访描述','STRING','','','','','Y','','C1-2','3','');
insert into column_val (xmlid, col_xmlid, dataname, col_seq, colname, colcnname, datatype, length, precision_val, party_seq, isprimarykey, isnullable, remark, filed_type_child, sensitive_level, policyid) values ('TO_E_ESOP_LOG_MAIN_D_YF','TO_E_ESOP_LOG_MAIN_D_YF_20170942','TO_E_ESOP_LOG_MAIN_D_YF','42','IMPACT','影响','STRING','','','','','Y','','C1-2','3','');
insert into column_val (xmlid, col_xmlid, dataname, col_seq, colname, colcnname, datatype, length, precision_val, party_seq, isprimarykey, isnullable, remark, filed_type_child, sensitive_level, policyid) values ('TO_E_ESOP_LOG_MAIN_D_YF','TO_E_ESOP_LOG_MAIN_D_YF_20170943','TO_E_ESOP_LOG_MAIN_D_YF','43','PROJECT_NAM','项目名称','STRING','','','','','Y','','C1-2','3','');
insert into column_val (xmlid, col_xmlid, dataname, col_seq, colname, colcnname, datatype, length, precision_val, party_seq, isprimarykey, isnullable, remark, filed_type_child, sensitive_level, policyid) values ('TO_E_ESOP_LOG_MAIN_D_YF','TO_E_ESOP_LOG_MAIN_D_YF_20170944','TO_E_ESOP_LOG_MAIN_D_YF','44','REFER_PRDCT','参考产品','STRING','','','','','Y','','C1-2','3','');
insert into column_val (xmlid, col_xmlid, dataname, col_seq, colname, colcnname, datatype, length, precision_val, party_seq, isprimarykey, isnullable, remark, filed_type_child, sensitive_level, policyid) values ('TO_E_ESOP_LOG_MAIN_D_YF','TO_E_ESOP_LOG_MAIN_D_YF_20170945','TO_E_ESOP_LOG_MAIN_D_YF','45','AFFECT_RANGE','影响范围','STRING','','','','','Y','','C1-2','3','');
insert into column_val (xmlid, col_xmlid, dataname, col_seq, colname, colcnname, datatype, length, precision_val, party_seq, isprimarykey, isnullable, remark, filed_type_child, sensitive_level, policyid) values ('TO_E_ESOP_LOG_MAIN_D_YF','TO_E_ESOP_LOG_MAIN_D_YF_20170946','TO_E_ESOP_LOG_MAIN_D_YF','46','CMCC_BRANCH_CD','地市编码','STRING','','','','','Y','','C1-2','3','');
insert into column_val (xmlid, col_xmlid, dataname, col_seq, colname, colcnname, datatype, length, precision_val, party_seq, isprimarykey, isnullable, remark, filed_type_child, sensitive_level, policyid) values ('TO_E_ESOP_LOG_MAIN_D_YF','TO_E_ESOP_LOG_MAIN_D_YF_20170947','TO_E_ESOP_LOG_MAIN_D_YF','47','month','月份','INT','','','1','','N','','','','');
insert into column_val (xmlid, col_xmlid, dataname, col_seq, colname, colcnname, datatype, length, precision_val, party_seq, isprimarykey, isnullable, remark, filed_type_child, sensitive_level, policyid) values ('TO_E_ESOP_LOG_MAIN_D_YF','TO_E_ESOP_LOG_MAIN_D_YF_20170948','TO_E_ESOP_LOG_MAIN_D_YF','48','day','日期','INT','','','2','','N','','','','');

insert into tablefile (xmlid, dbname, dataname, datacnname, state, cycletype, topiccode, extend_cfg, rightlevel, creater, curdutyer, eff_date, state_date, team_code, open_state, remark) values ('TO_P_CHNL_BBOSSWAY_D_GZ','BD_B','TO_P_CHNL_BBOSSWAY_D_GZ','ODS_CMOP渠道全网编码与渠道关系日全量','NEW','day','LAYERI_IPARTY','{"EXTERNAL":"y","LOCATION":"/tenant/BIGDATA/JCFW/JRCL/BD_B/ODS/TO_P_CHNL_BBOSSWAY_D/branch=GZ","FILEFORMAT":"PARQUET","DELIMITER":"\001"}','其他','谢英俊','谢英俊', TIMESTAMP '0009-04-17 12:00:00', TIMESTAMP '0009-04-17 12:00:00','f2999fd5-c34e-402e-9b28-fec9fca13044','','基础层-参与人主题域');
insert into column_val (xmlid, col_xmlid, dataname, col_seq, colname, colcnname, datatype, length, precision_val, party_seq, isprimarykey, isnullable, remark, filed_type_child, sensitive_level, policyid) values ('TO_P_CHNL_BBOSSWAY_D_GZ','TO_P_CHNL_BBOSSWAY_D_GZ_2017091','TO_P_CHNL_BBOSSWAY_D_GZ','1','UNIQUE_CHNL_CD','全网统一渠道编码','STRING','','','','','Y','','D4-1','3','');
insert into column_val (xmlid, col_xmlid, dataname, col_seq, colname, colcnname, datatype, length, precision_val, party_seq, isprimarykey, isnullable, remark, filed_type_child, sensitive_level, policyid) values ('TO_P_CHNL_BBOSSWAY_D_GZ','TO_P_CHNL_BBOSSWAY_D_GZ_2017092','TO_P_CHNL_BBOSSWAY_D_GZ','2','CHNL_CD','BI渠道编码','STRING','','','','1','N','','D4-1','3','');
insert into column_val (xmlid, col_xmlid, dataname, col_seq, colname, colcnname, datatype, length, precision_val, party_seq, isprimarykey, isnullable, remark, filed_type_child, sensitive_level, policyid) values ('TO_P_CHNL_BBOSSWAY_D_GZ','TO_P_CHNL_BBOSSWAY_D_GZ_2017093','TO_P_CHNL_BBOSSWAY_D_GZ','3','CMOP_CHNL_CD','CMOP渠道编码','STRING','','','','','N','','D4-1','3','');
insert into column_val (xmlid, col_xmlid, dataname, col_seq, colname, colcnname, datatype, length, precision_val, party_seq, isprimarykey, isnullable, remark, filed_type_child, sensitive_level, policyid) values ('TO_P_CHNL_BBOSSWAY_D_GZ','TO_P_CHNL_BBOSSWAY_D_GZ_2017094','TO_P_CHNL_BBOSSWAY_D_GZ','4','CMCC_BRANCH_CD','地市编码','STRING','','','','','Y','','D4-1','3','');
insert into column_val (xmlid, col_xmlid, dataname, col_seq, colname, colcnname, datatype, length, precision_val, party_seq, isprimarykey, isnullable, remark, filed_type_child, sensitive_level, policyid) values ('TO_P_CHNL_BBOSSWAY_D_GZ','TO_P_CHNL_BBOSSWAY_D_GZ_2017095','TO_P_CHNL_BBOSSWAY_D_GZ','5','CREATE_TIM','创建时间','TIMESTAMP','','','','','Y','','D4-1','3','');

insert into tablefile (xmlid, dbname, dataname, datacnname, state, cycletype, topiccode, extend_cfg, rightlevel, creater, curdutyer, eff_date, state_date, team_code, open_state, remark) values ('TO_P_CHNL_BBOSSWAY_D_SZ','BD_B','TO_P_CHNL_BBOSSWAY_D_SZ','ODS_CMOP渠道全网编码与渠道关系日全量','NEW','day','LAYERI_IPARTY','{"EXTERNAL":"y","LOCATION":"/tenant/BIGDATA/JCFW/JRCL/BD_B/ODS/TO_P_CHNL_BBOSSWAY_D/branch=SZ","FILEFORMAT":"PARQUET","DELIMITER":"\001"}','其他','谢英俊','谢英俊', TIMESTAMP '0009-04-17 12:00:00', TIMESTAMP '0009-04-17 12:00:00','f2999fd5-c34e-402e-9b28-fec9fca13044','','基础层-参与人主题域');
insert into column_val (xmlid, col_xmlid, dataname, col_seq, colname, colcnname, datatype, length, precision_val, party_seq, isprimarykey, isnullable, remark, filed_type_child, sensitive_level, policyid) values ('TO_P_CHNL_BBOSSWAY_D_SZ','TO_P_CHNL_BBOSSWAY_D_SZ_2017091','TO_P_CHNL_BBOSSWAY_D_SZ','1','UNIQUE_CHNL_CD','全网统一渠道编码','STRING','','','','','Y','','D4-1','3','');
insert into column_val (xmlid, col_xmlid, dataname, col_seq, colname, colcnname, datatype, length, precision_val, party_seq, isprimarykey, isnullable, remark, filed_type_child, sensitive_level, policyid) values ('TO_P_CHNL_BBOSSWAY_D_SZ','TO_P_CHNL_BBOSSWAY_D_SZ_2017092','TO_P_CHNL_BBOSSWAY_D_SZ','2','CHNL_CD','BI渠道编码','STRING','','','','1','N','','D4-1','3','');
insert into column_val (xmlid, col_xmlid, dataname, col_seq, colname, colcnname, datatype, length, precision_val, party_seq, isprimarykey, isnullable, remark, filed_type_child, sensitive_level, policyid) values ('TO_P_CHNL_BBOSSWAY_D_SZ','TO_P_CHNL_BBOSSWAY_D_SZ_2017093','TO_P_CHNL_BBOSSWAY_D_SZ','3','CMOP_CHNL_CD','CMOP渠道编码','STRING','','','','','N','','D4-1','3','');
insert into column_val (xmlid, col_xmlid, dataname, col_seq, colname, colcnname, datatype, length, precision_val, party_seq, isprimarykey, isnullable, remark, filed_type_child, sensitive_level, policyid) values ('TO_P_CHNL_BBOSSWAY_D_SZ','TO_P_CHNL_BBOSSWAY_D_SZ_2017094','TO_P_CHNL_BBOSSWAY_D_SZ','4','CMCC_BRANCH_CD','地市编码','STRING','','','','','Y','','D4-1','3','');
insert into column_val (xmlid, col_xmlid, dataname, col_seq, colname, colcnname, datatype, length, precision_val, party_seq, isprimarykey, isnullable, remark, filed_type_child, sensitive_level, policyid) values ('TO_P_CHNL_BBOSSWAY_D_SZ','TO_P_CHNL_BBOSSWAY_D_SZ_2017095','TO_P_CHNL_BBOSSWAY_D_SZ','5','CREATE_TIM','创建时间','TIMESTAMP','','','','','Y','','D4-1','3','');

insert into tablefile (xmlid, dbname, dataname, datacnname, state, cycletype, topiccode, extend_cfg, rightlevel, creater, curdutyer, eff_date, state_date, team_code, open_state, remark) values ('TO_P_CHNL_BBOSSWAY_D_DG','BD_B','TO_P_CHNL_BBOSSWAY_D_DG','ODS_CMOP渠道全网编码与渠道关系日全量','NEW','day','LAYERI_IPARTY','{"EXTERNAL":"y","LOCATION":"/tenant/BIGDATA/JCFW/JRCL/BD_B/ODS/TO_P_CHNL_BBOSSWAY_D/branch=DG","FILEFORMAT":"PARQUET","DELIMITER":"\001"}','其他','谢英俊','谢英俊', TIMESTAMP '0009-04-17 12:00:00', TIMESTAMP '0009-04-17 12:00:00','f2999fd5-c34e-402e-9b28-fec9fca13044','','基础层-参与人主题域');
insert into column_val (xmlid, col_xmlid, dataname, col_seq, colname, colcnname, datatype, length, precision_val, party_seq, isprimarykey, isnullable, remark, filed_type_child, sensitive_level, policyid) values ('TO_P_CHNL_BBOSSWAY_D_DG','TO_P_CHNL_BBOSSWAY_D_DG_2017091','TO_P_CHNL_BBOSSWAY_D_DG','1','UNIQUE_CHNL_CD','全网统一渠道编码','STRING','','','','','Y','','D4-1','3','');
insert into column_val (xmlid, col_xmlid, dataname, col_seq, colname, colcnname, datatype, length, precision_val, party_seq, isprimarykey, isnullable, remark, filed_type_child, sensitive_level, policyid) values ('TO_P_CHNL_BBOSSWAY_D_DG','TO_P_CHNL_BBOSSWAY_D_DG_2017092','TO_P_CHNL_BBOSSWAY_D_DG','2','CHNL_CD','BI渠道编码','STRING','','','','1','N','','D4-1','3','');
insert into column_val (xmlid, col_xmlid, dataname, col_seq, colname, colcnname, datatype, length, precision_val, party_seq, isprimarykey, isnullable, remark, filed_type_child, sensitive_level, policyid) values ('TO_P_CHNL_BBOSSWAY_D_DG','TO_P_CHNL_BBOSSWAY_D_DG_2017093','TO_P_CHNL_BBOSSWAY_D_DG','3','CMOP_CHNL_CD','CMOP渠道编码','STRING','','','','','N','','D4-1','3','');
insert into column_val (xmlid, col_xmlid, dataname, col_seq, colname, colcnname, datatype, length, precision_val, party_seq, isprimarykey, isnullable, remark, filed_type_child, sensitive_level, policyid) values ('TO_P_CHNL_BBOSSWAY_D_DG','TO_P_CHNL_BBOSSWAY_D_DG_2017094','TO_P_CHNL_BBOSSWAY_D_DG','4','CMCC_BRANCH_CD','地市编码','STRING','','','','','Y','','D4-1','3','');
insert into column_val (xmlid, col_xmlid, dataname, col_seq, colname, colcnname, datatype, length, precision_val, party_seq, isprimarykey, isnullable, remark, filed_type_child, sensitive_level, policyid) values ('TO_P_CHNL_BBOSSWAY_D_DG','TO_P_CHNL_BBOSSWAY_D_DG_2017095','TO_P_CHNL_BBOSSWAY_D_DG','5','CREATE_TIM','创建时间','TIMESTAMP','','','','','Y','','D4-1','3','');

insert into tablefile (xmlid, dbname, dataname, datacnname, state, cycletype, topiccode, extend_cfg, rightlevel, creater, curdutyer, eff_date, state_date, team_code, open_state, remark) values ('TO_P_CHNL_BBOSSWAY_D_FS','BD_B','TO_P_CHNL_BBOSSWAY_D_FS','ODS_CMOP渠道全网编码与渠道关系日全量','NEW','day','LAYERI_IPARTY','{"EXTERNAL":"y","LOCATION":"/tenant/BIGDATA/JCFW/JRCL/BD_B/ODS/TO_P_CHNL_BBOSSWAY_D/branch=FS","FILEFORMAT":"PARQUET","DELIMITER":"\001"}','其他','谢英俊','谢英俊', TIMESTAMP '0009-04-17 12:00:00', TIMESTAMP '0009-04-17 12:00:00','f2999fd5-c34e-402e-9b28-fec9fca13044','','基础层-参与人主题域');
insert into column_val (xmlid, col_xmlid, dataname, col_seq, colname, colcnname, datatype, length, precision_val, party_seq, isprimarykey, isnullable, remark, filed_type_child, sensitive_level, policyid) values ('TO_P_CHNL_BBOSSWAY_D_FS','TO_P_CHNL_BBOSSWAY_D_FS_2017091','TO_P_CHNL_BBOSSWAY_D_FS','1','UNIQUE_CHNL_CD','全网统一渠道编码','STRING','','','','','Y','','D4-1','3','');
insert into column_val (xmlid, col_xmlid, dataname, col_seq, colname, colcnname, datatype, length, precision_val, party_seq, isprimarykey, isnullable, remark, filed_type_child, sensitive_level, policyid) values ('TO_P_CHNL_BBOSSWAY_D_FS','TO_P_CHNL_BBOSSWAY_D_FS_2017092','TO_P_CHNL_BBOSSWAY_D_FS','2','CHNL_CD','BI渠道编码','STRING','','','','1','N','','D4-1','3','');
insert into column_val (xmlid, col_xmlid, dataname, col_seq, colname, colcnname, datatype, length, precision_val, party_seq, isprimarykey, isnullable, remark, filed_type_child, sensitive_level, policyid) values ('TO_P_CHNL_BBOSSWAY_D_FS','TO_P_CHNL_BBOSSWAY_D_FS_2017093','TO_P_CHNL_BBOSSWAY_D_FS','3','CMOP_CHNL_CD','CMOP渠道编码','STRING','','','','','N','','D4-1','3','');
insert into column_val (xmlid, col_xmlid, dataname, col_seq, colname, colcnname, datatype, length, precision_val, party_seq, isprimarykey, isnullable, remark, filed_type_child, sensitive_level, policyid) values ('TO_P_CHNL_BBOSSWAY_D_FS','TO_P_CHNL_BBOSSWAY_D_FS_2017094','TO_P_CHNL_BBOSSWAY_D_FS','4','CMCC_BRANCH_CD','地市编码','STRING','','','','','Y','','D4-1','3','');
insert into column_val (xmlid, col_xmlid, dataname, col_seq, colname, colcnname, datatype, length, precision_val, party_seq, isprimarykey, isnullable, remark, filed_type_child, sensitive_level, policyid) values ('TO_P_CHNL_BBOSSWAY_D_FS','TO_P_CHNL_BBOSSWAY_D_FS_2017095','TO_P_CHNL_BBOSSWAY_D_FS','5','CREATE_TIM','创建时间','TIMESTAMP','','','','','Y','','D4-1','3','');

insert into tablefile (xmlid, dbname, dataname, datacnname, state, cycletype, topiccode, extend_cfg, rightlevel, creater, curdutyer, eff_date, state_date, team_code, open_state, remark) values ('TO_P_CHNL_BBOSSWAY_D_ST','BD_B','TO_P_CHNL_BBOSSWAY_D_ST','ODS_CMOP渠道全网编码与渠道关系日全量','NEW','day','LAYERI_IPARTY','{"EXTERNAL":"y","LOCATION":"/tenant/BIGDATA/JCFW/JRCL/BD_B/ODS/TO_P_CHNL_BBOSSWAY_D/branch=ST","FILEFORMAT":"PARQUET","DELIMITER":"\001"}','其他','谢英俊','谢英俊', TIMESTAMP '0009-04-17 12:00:00', TIMESTAMP '0009-04-17 12:00:00','f2999fd5-c34e-402e-9b28-fec9fca13044','','基础层-参与人主题域');
insert into column_val (xmlid, col_xmlid, dataname, col_seq, colname, colcnname, datatype, length, precision_val, party_seq, isprimarykey, isnullable, remark, filed_type_child, sensitive_level, policyid) values ('TO_P_CHNL_BBOSSWAY_D_ST','TO_P_CHNL_BBOSSWAY_D_ST_2017091','TO_P_CHNL_BBOSSWAY_D_ST','1','UNIQUE_CHNL_CD','全网统一渠道编码','STRING','','','','','Y','','D4-1','3','');
insert into column_val (xmlid, col_xmlid, dataname, col_seq, colname, colcnname, datatype, length, precision_val, party_seq, isprimarykey, isnullable, remark, filed_type_child, sensitive_level, policyid) values ('TO_P_CHNL_BBOSSWAY_D_ST','TO_P_CHNL_BBOSSWAY_D_ST_2017092','TO_P_CHNL_BBOSSWAY_D_ST','2','CHNL_CD','BI渠道编码','STRING','','','','1','N','','D4-1','3','');
insert into column_val (xmlid, col_xmlid, dataname, col_seq, colname, colcnname, datatype, length, precision_val, party_seq, isprimarykey, isnullable, remark, filed_type_child, sensitive_level, policyid) values ('TO_P_CHNL_BBOSSWAY_D_ST','TO_P_CHNL_BBOSSWAY_D_ST_2017093','TO_P_CHNL_BBOSSWAY_D_ST','3','CMOP_CHNL_CD','CMOP渠道编码','STRING','','','','','N','','D4-1','3','');
insert into column_val (xmlid, col_xmlid, dataname, col_seq, colname, colcnname, datatype, length, precision_val, party_seq, isprimarykey, isnullable, remark, filed_type_child, sensitive_level, policyid) values ('TO_P_CHNL_BBOSSWAY_D_ST','TO_P_CHNL_BBOSSWAY_D_ST_2017094','TO_P_CHNL_BBOSSWAY_D_ST','4','CMCC_BRANCH_CD','地市编码','STRING','','','','','Y','','D4-1','3','');
insert into column_val (xmlid, col_xmlid, dataname, col_seq, colname, colcnname, datatype, length, precision_val, party_seq, isprimarykey, isnullable, remark, filed_type_child, sensitive_level, policyid) values ('TO_P_CHNL_BBOSSWAY_D_ST','TO_P_CHNL_BBOSSWAY_D_ST_2017095','TO_P_CHNL_BBOSSWAY_D_ST','5','CREATE_TIM','创建时间','TIMESTAMP','','','','','Y','','D4-1','3','');

insert into tablefile (xmlid, dbname, dataname, datacnname, state, cycletype, topiccode, extend_cfg, rightlevel, creater, curdutyer, eff_date, state_date, team_code, open_state, remark) values ('TO_P_CHNL_BBOSSWAY_D_ZH','BD_B','TO_P_CHNL_BBOSSWAY_D_ZH','ODS_CMOP渠道全网编码与渠道关系日全量','NEW','day','LAYERI_IPARTY','{"EXTERNAL":"y","LOCATION":"/tenant/BIGDATA/JCFW/JRCL/BD_B/ODS/TO_P_CHNL_BBOSSWAY_D/branch=ZH","FILEFORMAT":"PARQUET","DELIMITER":"\001"}','其他','谢英俊','谢英俊', TIMESTAMP '0009-04-17 12:00:00', TIMESTAMP '0009-04-17 12:00:00','f2999fd5-c34e-402e-9b28-fec9fca13044','','基础层-参与人主题域');
insert into column_val (xmlid, col_xmlid, dataname, col_seq, colname, colcnname, datatype, length, precision_val, party_seq, isprimarykey, isnullable, remark, filed_type_child, sensitive_level, policyid) values ('TO_P_CHNL_BBOSSWAY_D_ZH','TO_P_CHNL_BBOSSWAY_D_ZH_2017091','TO_P_CHNL_BBOSSWAY_D_ZH','1','UNIQUE_CHNL_CD','全网统一渠道编码','STRING','','','','','Y','','D4-1','3','');
insert into column_val (xmlid, col_xmlid, dataname, col_seq, colname, colcnname, datatype, length, precision_val, party_seq, isprimarykey, isnullable, remark, filed_type_child, sensitive_level, policyid) values ('TO_P_CHNL_BBOSSWAY_D_ZH','TO_P_CHNL_BBOSSWAY_D_ZH_2017092','TO_P_CHNL_BBOSSWAY_D_ZH','2','CHNL_CD','BI渠道编码','STRING','','','','1','N','','D4-1','3','');
insert into column_val (xmlid, col_xmlid, dataname, col_seq, colname, colcnname, datatype, length, precision_val, party_seq, isprimarykey, isnullable, remark, filed_type_child, sensitive_level, policyid) values ('TO_P_CHNL_BBOSSWAY_D_ZH','TO_P_CHNL_BBOSSWAY_D_ZH_2017093','TO_P_CHNL_BBOSSWAY_D_ZH','3','CMOP_CHNL_CD','CMOP渠道编码','STRING','','','','','N','','D4-1','3','');
insert into column_val (xmlid, col_xmlid, dataname, col_seq, colname, colcnname, datatype, length, precision_val, party_seq, isprimarykey, isnullable, remark, filed_type_child, sensitive_level, policyid) values ('TO_P_CHNL_BBOSSWAY_D_ZH','TO_P_CHNL_BBOSSWAY_D_ZH_2017094','TO_P_CHNL_BBOSSWAY_D_ZH','4','CMCC_BRANCH_CD','地市编码','STRING','','','','','Y','','D4-1','3','');
insert into column_val (xmlid, col_xmlid, dataname, col_seq, colname, colcnname, datatype, length, precision_val, party_seq, isprimarykey, isnullable, remark, filed_type_child, sensitive_level, policyid) values ('TO_P_CHNL_BBOSSWAY_D_ZH','TO_P_CHNL_BBOSSWAY_D_ZH_2017095','TO_P_CHNL_BBOSSWAY_D_ZH','5','CREATE_TIM','创建时间','TIMESTAMP','','','','','Y','','D4-1','3','');

insert into tablefile (xmlid, dbname, dataname, datacnname, state, cycletype, topiccode, extend_cfg, rightlevel, creater, curdutyer, eff_date, state_date, team_code, open_state, remark) values ('TO_P_CHNL_BBOSSWAY_D_HZ','BD_B','TO_P_CHNL_BBOSSWAY_D_HZ','ODS_CMOP渠道全网编码与渠道关系日全量','NEW','day','LAYERI_IPARTY','{"EXTERNAL":"y","LOCATION":"/tenant/BIGDATA/JCFW/JRCL/BD_B/ODS/TO_P_CHNL_BBOSSWAY_D/branch=HZ","FILEFORMAT":"PARQUET","DELIMITER":"\001"}','其他','谢英俊','谢英俊', TIMESTAMP '0009-04-17 12:00:00', TIMESTAMP '0009-04-17 12:00:00','f2999fd5-c34e-402e-9b28-fec9fca13044','','基础层-参与人主题域');
insert into column_val (xmlid, col_xmlid, dataname, col_seq, colname, colcnname, datatype, length, precision_val, party_seq, isprimarykey, isnullable, remark, filed_type_child, sensitive_level, policyid) values ('TO_P_CHNL_BBOSSWAY_D_HZ','TO_P_CHNL_BBOSSWAY_D_HZ_2017091','TO_P_CHNL_BBOSSWAY_D_HZ','1','UNIQUE_CHNL_CD','全网统一渠道编码','STRING','','','','','Y','','D4-1','3','');
insert into column_val (xmlid, col_xmlid, dataname, col_seq, colname, colcnname, datatype, length, precision_val, party_seq, isprimarykey, isnullable, remark, filed_type_child, sensitive_level, policyid) values ('TO_P_CHNL_BBOSSWAY_D_HZ','TO_P_CHNL_BBOSSWAY_D_HZ_2017092','TO_P_CHNL_BBOSSWAY_D_HZ','2','CHNL_CD','BI渠道编码','STRING','','','','1','N','','D4-1','3','');
insert into column_val (xmlid, col_xmlid, dataname, col_seq, colname, colcnname, datatype, length, precision_val, party_seq, isprimarykey, isnullable, remark, filed_type_child, sensitive_level, policyid) values ('TO_P_CHNL_BBOSSWAY_D_HZ','TO_P_CHNL_BBOSSWAY_D_HZ_2017093','TO_P_CHNL_BBOSSWAY_D_HZ','3','CMOP_CHNL_CD','CMOP渠道编码','STRING','','','','','N','','D4-1','3','');
insert into column_val (xmlid, col_xmlid, dataname, col_seq, colname, colcnname, datatype, length, precision_val, party_seq, isprimarykey, isnullable, remark, filed_type_child, sensitive_level, policyid) values ('TO_P_CHNL_BBOSSWAY_D_HZ','TO_P_CHNL_BBOSSWAY_D_HZ_2017094','TO_P_CHNL_BBOSSWAY_D_HZ','4','CMCC_BRANCH_CD','地市编码','STRING','','','','','Y','','D4-1','3','');
insert into column_val (xmlid, col_xmlid, dataname, col_seq, colname, colcnname, datatype, length, precision_val, party_seq, isprimarykey, isnullable, remark, filed_type_child, sensitive_level, policyid) values ('TO_P_CHNL_BBOSSWAY_D_HZ','TO_P_CHNL_BBOSSWAY_D_HZ_2017095','TO_P_CHNL_BBOSSWAY_D_HZ','5','CREATE_TIM','创建时间','TIMESTAMP','','','','','Y','','D4-1','3','');

insert into tablefile (xmlid, dbname, dataname, datacnname, state, cycletype, topiccode, extend_cfg, rightlevel, creater, curdutyer, eff_date, state_date, team_code, open_state, remark) values ('TO_P_CHNL_BBOSSWAY_D_ZS','BD_B','TO_P_CHNL_BBOSSWAY_D_ZS','ODS_CMOP渠道全网编码与渠道关系日全量','NEW','day','LAYERI_IPARTY','{"EXTERNAL":"y","LOCATION":"/tenant/BIGDATA/JCFW/JRCL/BD_B/ODS/TO_P_CHNL_BBOSSWAY_D/branch=ZS","FILEFORMAT":"PARQUET","DELIMITER":"\001"}','其他','谢英俊','谢英俊', TIMESTAMP '0009-04-17 12:00:00', TIMESTAMP '0009-04-17 12:00:00','f2999fd5-c34e-402e-9b28-fec9fca13044','','基础层-参与人主题域');
insert into column_val (xmlid, col_xmlid, dataname, col_seq, colname, colcnname, datatype, length, precision_val, party_seq, isprimarykey, isnullable, remark, filed_type_child, sensitive_level, policyid) values ('TO_P_CHNL_BBOSSWAY_D_ZS','TO_P_CHNL_BBOSSWAY_D_ZS_2017091','TO_P_CHNL_BBOSSWAY_D_ZS','1','UNIQUE_CHNL_CD','全网统一渠道编码','STRING','','','','','Y','','D4-1','3','');
insert into column_val (xmlid, col_xmlid, dataname, col_seq, colname, colcnname, datatype, length, precision_val, party_seq, isprimarykey, isnullable, remark, filed_type_child, sensitive_level, policyid) values ('TO_P_CHNL_BBOSSWAY_D_ZS','TO_P_CHNL_BBOSSWAY_D_ZS_2017092','TO_P_CHNL_BBOSSWAY_D_ZS','2','CHNL_CD','BI渠道编码','STRING','','','','1','N','','D4-1','3','');
insert into column_val (xmlid, col_xmlid, dataname, col_seq, colname, colcnname, datatype, length, precision_val, party_seq, isprimarykey, isnullable, remark, filed_type_child, sensitive_level, policyid) values ('TO_P_CHNL_BBOSSWAY_D_ZS','TO_P_CHNL_BBOSSWAY_D_ZS_2017093','TO_P_CHNL_BBOSSWAY_D_ZS','3','CMOP_CHNL_CD','CMOP渠道编码','STRING','','','','','N','','D4-1','3','');
insert into column_val (xmlid, col_xmlid, dataname, col_seq, colname, colcnname, datatype, length, precision_val, party_seq, isprimarykey, isnullable, remark, filed_type_child, sensitive_level, policyid) values ('TO_P_CHNL_BBOSSWAY_D_ZS','TO_P_CHNL_BBOSSWAY_D_ZS_2017094','TO_P_CHNL_BBOSSWAY_D_ZS','4','CMCC_BRANCH_CD','地市编码','STRING','','','','','Y','','D4-1','3','');
insert into column_val (xmlid, col_xmlid, dataname, col_seq, colname, colcnname, datatype, length, precision_val, party_seq, isprimarykey, isnullable, remark, filed_type_child, sensitive_level, policyid) values ('TO_P_CHNL_BBOSSWAY_D_ZS','TO_P_CHNL_BBOSSWAY_D_ZS_2017095','TO_P_CHNL_BBOSSWAY_D_ZS','5','CREATE_TIM','创建时间','TIMESTAMP','','','','','Y','','D4-1','3','');

insert into tablefile (xmlid, dbname, dataname, datacnname, state, cycletype, topiccode, extend_cfg, rightlevel, creater, curdutyer, eff_date, state_date, team_code, open_state, remark) values ('TO_P_CHNL_BBOSSWAY_D_JM','BD_B','TO_P_CHNL_BBOSSWAY_D_JM','ODS_CMOP渠道全网编码与渠道关系日全量','NEW','day','LAYERI_IPARTY','{"EXTERNAL":"y","LOCATION":"/tenant/BIGDATA/JCFW/JRCL/BD_B/ODS/TO_P_CHNL_BBOSSWAY_D/branch=JM","FILEFORMAT":"PARQUET","DELIMITER":"\001"}','其他','谢英俊','谢英俊', TIMESTAMP '0009-04-17 12:00:00', TIMESTAMP '0009-04-17 12:00:00','f2999fd5-c34e-402e-9b28-fec9fca13044','','基础层-参与人主题域');
insert into column_val (xmlid, col_xmlid, dataname, col_seq, colname, colcnname, datatype, length, precision_val, party_seq, isprimarykey, isnullable, remark, filed_type_child, sensitive_level, policyid) values ('TO_P_CHNL_BBOSSWAY_D_JM','TO_P_CHNL_BBOSSWAY_D_JM_2017091','TO_P_CHNL_BBOSSWAY_D_JM','1','UNIQUE_CHNL_CD','全网统一渠道编码','STRING','','','','','Y','','D4-1','3','');
insert into column_val (xmlid, col_xmlid, dataname, col_seq, colname, colcnname, datatype, length, precision_val, party_seq, isprimarykey, isnullable, remark, filed_type_child, sensitive_level, policyid) values ('TO_P_CHNL_BBOSSWAY_D_JM','TO_P_CHNL_BBOSSWAY_D_JM_2017092','TO_P_CHNL_BBOSSWAY_D_JM','2','CHNL_CD','BI渠道编码','STRING','','','','1','N','','D4-1','3','');
insert into column_val (xmlid, col_xmlid, dataname, col_seq, colname, colcnname, datatype, length, precision_val, party_seq, isprimarykey, isnullable, remark, filed_type_child, sensitive_level, policyid) values ('TO_P_CHNL_BBOSSWAY_D_JM','TO_P_CHNL_BBOSSWAY_D_JM_2017093','TO_P_CHNL_BBOSSWAY_D_JM','3','CMOP_CHNL_CD','CMOP渠道编码','STRING','','','','','N','','D4-1','3','');
insert into column_val (xmlid, col_xmlid, dataname, col_seq, colname, colcnname, datatype, length, precision_val, party_seq, isprimarykey, isnullable, remark, filed_type_child, sensitive_level, policyid) values ('TO_P_CHNL_BBOSSWAY_D_JM','TO_P_CHNL_BBOSSWAY_D_JM_2017094','TO_P_CHNL_BBOSSWAY_D_JM','4','CMCC_BRANCH_CD','地市编码','STRING','','','','','Y','','D4-1','3','');
insert into column_val (xmlid, col_xmlid, dataname, col_seq, colname, colcnname, datatype, length, precision_val, party_seq, isprimarykey, isnullable, remark, filed_type_child, sensitive_level, policyid) values ('TO_P_CHNL_BBOSSWAY_D_JM','TO_P_CHNL_BBOSSWAY_D_JM_2017095','TO_P_CHNL_BBOSSWAY_D_JM','5','CREATE_TIM','创建时间','TIMESTAMP','','','','','Y','','D4-1','3','');

insert into tablefile (xmlid, dbname, dataname, datacnname, state, cycletype, topiccode, extend_cfg, rightlevel, creater, curdutyer, eff_date, state_date, team_code, open_state, remark) values ('TO_P_CHNL_BBOSSWAY_D_ZJ','BD_B','TO_P_CHNL_BBOSSWAY_D_ZJ','ODS_CMOP渠道全网编码与渠道关系日全量','NEW','day','LAYERI_IPARTY','{"EXTERNAL":"y","LOCATION":"/tenant/BIGDATA/JCFW/JRCL/BD_B/ODS/TO_P_CHNL_BBOSSWAY_D/branch=ZJ","FILEFORMAT":"PARQUET","DELIMITER":"\001"}','其他','谢英俊','谢英俊', TIMESTAMP '0009-04-17 12:00:00', TIMESTAMP '0009-04-17 12:00:00','f2999fd5-c34e-402e-9b28-fec9fca13044','','基础层-参与人主题域');
insert into column_val (xmlid, col_xmlid, dataname, col_seq, colname, colcnname, datatype, length, precision_val, party_seq, isprimarykey, isnullable, remark, filed_type_child, sensitive_level, policyid) values ('TO_P_CHNL_BBOSSWAY_D_ZJ','TO_P_CHNL_BBOSSWAY_D_ZJ_2017091','TO_P_CHNL_BBOSSWAY_D_ZJ','1','UNIQUE_CHNL_CD','全网统一渠道编码','STRING','','','','','Y','','D4-1','3','');
insert into column_val (xmlid, col_xmlid, dataname, col_seq, colname, colcnname, datatype, length, precision_val, party_seq, isprimarykey, isnullable, remark, filed_type_child, sensitive_level, policyid) values ('TO_P_CHNL_BBOSSWAY_D_ZJ','TO_P_CHNL_BBOSSWAY_D_ZJ_2017092','TO_P_CHNL_BBOSSWAY_D_ZJ','2','CHNL_CD','BI渠道编码','STRING','','','','1','N','','D4-1','3','');
insert into column_val (xmlid, col_xmlid, dataname, col_seq, colname, colcnname, datatype, length, precision_val, party_seq, isprimarykey, isnullable, remark, filed_type_child, sensitive_level, policyid) values ('TO_P_CHNL_BBOSSWAY_D_ZJ','TO_P_CHNL_BBOSSWAY_D_ZJ_2017093','TO_P_CHNL_BBOSSWAY_D_ZJ','3','CMOP_CHNL_CD','CMOP渠道编码','STRING','','','','','N','','D4-1','3','');
insert into column_val (xmlid, col_xmlid, dataname, col_seq, colname, colcnname, datatype, length, precision_val, party_seq, isprimarykey, isnullable, remark, filed_type_child, sensitive_level, policyid) values ('TO_P_CHNL_BBOSSWAY_D_ZJ','TO_P_CHNL_BBOSSWAY_D_ZJ_2017094','TO_P_CHNL_BBOSSWAY_D_ZJ','4','CMCC_BRANCH_CD','地市编码','STRING','','','','','Y','','D4-1','3','');
insert into column_val (xmlid, col_xmlid, dataname, col_seq, colname, colcnname, datatype, length, precision_val, party_seq, isprimarykey, isnullable, remark, filed_type_child, sensitive_level, policyid) values ('TO_P_CHNL_BBOSSWAY_D_ZJ','TO_P_CHNL_BBOSSWAY_D_ZJ_2017095','TO_P_CHNL_BBOSSWAY_D_ZJ','5','CREATE_TIM','创建时间','TIMESTAMP','','','','','Y','','D4-1','3','');

insert into tablefile (xmlid, dbname, dataname, datacnname, state, cycletype, topiccode, extend_cfg, rightlevel, creater, curdutyer, eff_date, state_date, team_code, open_state, remark) values ('TO_P_CHNL_BBOSSWAY_D_SG','BD_B','TO_P_CHNL_BBOSSWAY_D_SG','ODS_CMOP渠道全网编码与渠道关系日全量','NEW','day','LAYERI_IPARTY','{"EXTERNAL":"y","LOCATION":"/tenant/BIGDATA/JCFW/JRCL/BD_B/ODS/TO_P_CHNL_BBOSSWAY_D/branch=SG","FILEFORMAT":"PARQUET","DELIMITER":"\001"}','其他','谢英俊','谢英俊', TIMESTAMP '0009-04-17 12:00:00', TIMESTAMP '0009-04-17 12:00:00','f2999fd5-c34e-402e-9b28-fec9fca13044','','基础层-参与人主题域');
insert into column_val (xmlid, col_xmlid, dataname, col_seq, colname, colcnname, datatype, length, precision_val, party_seq, isprimarykey, isnullable, remark, filed_type_child, sensitive_level, policyid) values ('TO_P_CHNL_BBOSSWAY_D_SG','TO_P_CHNL_BBOSSWAY_D_SG_2017091','TO_P_CHNL_BBOSSWAY_D_SG','1','UNIQUE_CHNL_CD','全网统一渠道编码','STRING','','','','','Y','','D4-1','3','');
insert into column_val (xmlid, col_xmlid, dataname, col_seq, colname, colcnname, datatype, length, precision_val, party_seq, isprimarykey, isnullable, remark, filed_type_child, sensitive_level, policyid) values ('TO_P_CHNL_BBOSSWAY_D_SG','TO_P_CHNL_BBOSSWAY_D_SG_2017092','TO_P_CHNL_BBOSSWAY_D_SG','2','CHNL_CD','BI渠道编码','STRING','','','','1','N','','D4-1','3','');
insert into column_val (xmlid, col_xmlid, dataname, col_seq, colname, colcnname, datatype, length, precision_val, party_seq, isprimarykey, isnullable, remark, filed_type_child, sensitive_level, policyid) values ('TO_P_CHNL_BBOSSWAY_D_SG','TO_P_CHNL_BBOSSWAY_D_SG_2017093','TO_P_CHNL_BBOSSWAY_D_SG','3','CMOP_CHNL_CD','CMOP渠道编码','STRING','','','','','N','','D4-1','3','');
insert into column_val (xmlid, col_xmlid, dataname, col_seq, colname, colcnname, datatype, length, precision_val, party_seq, isprimarykey, isnullable, remark, filed_type_child, sensitive_level, policyid) values ('TO_P_CHNL_BBOSSWAY_D_SG','TO_P_CHNL_BBOSSWAY_D_SG_2017094','TO_P_CHNL_BBOSSWAY_D_SG','4','CMCC_BRANCH_CD','地市编码','STRING','','','','','Y','','D4-1','3','');
insert into column_val (xmlid, col_xmlid, dataname, col_seq, colname, colcnname, datatype, length, precision_val, party_seq, isprimarykey, isnullable, remark, filed_type_child, sensitive_level, policyid) values ('TO_P_CHNL_BBOSSWAY_D_SG','TO_P_CHNL_BBOSSWAY_D_SG_2017095','TO_P_CHNL_BBOSSWAY_D_SG','5','CREATE_TIM','创建时间','TIMESTAMP','','','','','Y','','D4-1','3','');

insert into tablefile (xmlid, dbname, dataname, datacnname, state, cycletype, topiccode, extend_cfg, rightlevel, creater, curdutyer, eff_date, state_date, team_code, open_state, remark) values ('TO_P_CHNL_BBOSSWAY_D_HY','BD_B','TO_P_CHNL_BBOSSWAY_D_HY','ODS_CMOP渠道全网编码与渠道关系日全量','NEW','day','LAYERI_IPARTY','{"EXTERNAL":"y","LOCATION":"/tenant/BIGDATA/JCFW/JRCL/BD_B/ODS/TO_P_CHNL_BBOSSWAY_D/branch=HY","FILEFORMAT":"PARQUET","DELIMITER":"\001"}','其他','谢英俊','谢英俊', TIMESTAMP '0009-04-17 12:00:00', TIMESTAMP '0009-04-17 12:00:00','f2999fd5-c34e-402e-9b28-fec9fca13044','','基础层-参与人主题域');
insert into column_val (xmlid, col_xmlid, dataname, col_seq, colname, colcnname, datatype, length, precision_val, party_seq, isprimarykey, isnullable, remark, filed_type_child, sensitive_level, policyid) values ('TO_P_CHNL_BBOSSWAY_D_HY','TO_P_CHNL_BBOSSWAY_D_HY_2017091','TO_P_CHNL_BBOSSWAY_D_HY','1','UNIQUE_CHNL_CD','全网统一渠道编码','STRING','','','','','Y','','D4-1','3','');
insert into column_val (xmlid, col_xmlid, dataname, col_seq, colname, colcnname, datatype, length, precision_val, party_seq, isprimarykey, isnullable, remark, filed_type_child, sensitive_level, policyid) values ('TO_P_CHNL_BBOSSWAY_D_HY','TO_P_CHNL_BBOSSWAY_D_HY_2017092','TO_P_CHNL_BBOSSWAY_D_HY','2','CHNL_CD','BI渠道编码','STRING','','','','1','N','','D4-1','3','');
insert into column_val (xmlid, col_xmlid, dataname, col_seq, colname, colcnname, datatype, length, precision_val, party_seq, isprimarykey, isnullable, remark, filed_type_child, sensitive_level, policyid) values ('TO_P_CHNL_BBOSSWAY_D_HY','TO_P_CHNL_BBOSSWAY_D_HY_2017093','TO_P_CHNL_BBOSSWAY_D_HY','3','CMOP_CHNL_CD','CMOP渠道编码','STRING','','','','','N','','D4-1','3','');
insert into column_val (xmlid, col_xmlid, dataname, col_seq, colname, colcnname, datatype, length, precision_val, party_seq, isprimarykey, isnullable, remark, filed_type_child, sensitive_level, policyid) values ('TO_P_CHNL_BBOSSWAY_D_HY','TO_P_CHNL_BBOSSWAY_D_HY_2017094','TO_P_CHNL_BBOSSWAY_D_HY','4','CMCC_BRANCH_CD','地市编码','STRING','','','','','Y','','D4-1','3','');
insert into column_val (xmlid, col_xmlid, dataname, col_seq, colname, colcnname, datatype, length, precision_val, party_seq, isprimarykey, isnullable, remark, filed_type_child, sensitive_level, policyid) values ('TO_P_CHNL_BBOSSWAY_D_HY','TO_P_CHNL_BBOSSWAY_D_HY_2017095','TO_P_CHNL_BBOSSWAY_D_HY','5','CREATE_TIM','创建时间','TIMESTAMP','','','','','Y','','D4-1','3','');

insert into tablefile (xmlid, dbname, dataname, datacnname, state, cycletype, topiccode, extend_cfg, rightlevel, creater, curdutyer, eff_date, state_date, team_code, open_state, remark) values ('TO_P_CHNL_BBOSSWAY_D_MZ','BD_B','TO_P_CHNL_BBOSSWAY_D_MZ','ODS_CMOP渠道全网编码与渠道关系日全量','NEW','day','LAYERI_IPARTY','{"EXTERNAL":"y","LOCATION":"/tenant/BIGDATA/JCFW/JRCL/BD_B/ODS/TO_P_CHNL_BBOSSWAY_D/branch=MZ","FILEFORMAT":"PARQUET","DELIMITER":"\001"}','其他','谢英俊','谢英俊', TIMESTAMP '0009-04-17 12:00:00', TIMESTAMP '0009-04-17 12:00:00','f2999fd5-c34e-402e-9b28-fec9fca13044','','基础层-参与人主题域');
insert into column_val (xmlid, col_xmlid, dataname, col_seq, colname, colcnname, datatype, length, precision_val, party_seq, isprimarykey, isnullable, remark, filed_type_child, sensitive_level, policyid) values ('TO_P_CHNL_BBOSSWAY_D_MZ','TO_P_CHNL_BBOSSWAY_D_MZ_2017091','TO_P_CHNL_BBOSSWAY_D_MZ','1','UNIQUE_CHNL_CD','全网统一渠道编码','STRING','','','','','Y','','D4-1','3','');
insert into column_val (xmlid, col_xmlid, dataname, col_seq, colname, colcnname, datatype, length, precision_val, party_seq, isprimarykey, isnullable, remark, filed_type_child, sensitive_level, policyid) values ('TO_P_CHNL_BBOSSWAY_D_MZ','TO_P_CHNL_BBOSSWAY_D_MZ_2017092','TO_P_CHNL_BBOSSWAY_D_MZ','2','CHNL_CD','BI渠道编码','STRING','','','','1','N','','D4-1','3','');
insert into column_val (xmlid, col_xmlid, dataname, col_seq, colname, colcnname, datatype, length, precision_val, party_seq, isprimarykey, isnullable, remark, filed_type_child, sensitive_level, policyid) values ('TO_P_CHNL_BBOSSWAY_D_MZ','TO_P_CHNL_BBOSSWAY_D_MZ_2017093','TO_P_CHNL_BBOSSWAY_D_MZ','3','CMOP_CHNL_CD','CMOP渠道编码','STRING','','','','','N','','D4-1','3','');
insert into column_val (xmlid, col_xmlid, dataname, col_seq, colname, colcnname, datatype, length, precision_val, party_seq, isprimarykey, isnullable, remark, filed_type_child, sensitive_level, policyid) values ('TO_P_CHNL_BBOSSWAY_D_MZ','TO_P_CHNL_BBOSSWAY_D_MZ_2017094','TO_P_CHNL_BBOSSWAY_D_MZ','4','CMCC_BRANCH_CD','地市编码','STRING','','','','','Y','','D4-1','3','');
insert into column_val (xmlid, col_xmlid, dataname, col_seq, colname, colcnname, datatype, length, precision_val, party_seq, isprimarykey, isnullable, remark, filed_type_child, sensitive_level, policyid) values ('TO_P_CHNL_BBOSSWAY_D_MZ','TO_P_CHNL_BBOSSWAY_D_MZ_2017095','TO_P_CHNL_BBOSSWAY_D_MZ','5','CREATE_TIM','创建时间','TIMESTAMP','','','','','Y','','D4-1','3','');

insert into tablefile (xmlid, dbname, dataname, datacnname, state, cycletype, topiccode, extend_cfg, rightlevel, creater, curdutyer, eff_date, state_date, team_code, open_state, remark) values ('TO_P_CHNL_BBOSSWAY_D_SW','BD_B','TO_P_CHNL_BBOSSWAY_D_SW','ODS_CMOP渠道全网编码与渠道关系日全量','NEW','day','LAYERI_IPARTY','{"EXTERNAL":"y","LOCATION":"/tenant/BIGDATA/JCFW/JRCL/BD_B/ODS/TO_P_CHNL_BBOSSWAY_D/branch=SW","FILEFORMAT":"PARQUET","DELIMITER":"\001"}','其他','谢英俊','谢英俊', TIMESTAMP '0009-04-17 12:00:00', TIMESTAMP '0009-04-17 12:00:00','f2999fd5-c34e-402e-9b28-fec9fca13044','','基础层-参与人主题域');
insert into column_val (xmlid, col_xmlid, dataname, col_seq, colname, colcnname, datatype, length, precision_val, party_seq, isprimarykey, isnullable, remark, filed_type_child, sensitive_level, policyid) values ('TO_P_CHNL_BBOSSWAY_D_SW','TO_P_CHNL_BBOSSWAY_D_SW_2017091','TO_P_CHNL_BBOSSWAY_D_SW','1','UNIQUE_CHNL_CD','全网统一渠道编码','STRING','','','','','Y','','D4-1','3','');
insert into column_val (xmlid, col_xmlid, dataname, col_seq, colname, colcnname, datatype, length, precision_val, party_seq, isprimarykey, isnullable, remark, filed_type_child, sensitive_level, policyid) values ('TO_P_CHNL_BBOSSWAY_D_SW','TO_P_CHNL_BBOSSWAY_D_SW_2017092','TO_P_CHNL_BBOSSWAY_D_SW','2','CHNL_CD','BI渠道编码','STRING','','','','1','N','','D4-1','3','');
insert into column_val (xmlid, col_xmlid, dataname, col_seq, colname, colcnname, datatype, length, precision_val, party_seq, isprimarykey, isnullable, remark, filed_type_child, sensitive_level, policyid) values ('TO_P_CHNL_BBOSSWAY_D_SW','TO_P_CHNL_BBOSSWAY_D_SW_2017093','TO_P_CHNL_BBOSSWAY_D_SW','3','CMOP_CHNL_CD','CMOP渠道编码','STRING','','','','','N','','D4-1','3','');
insert into column_val (xmlid, col_xmlid, dataname, col_seq, colname, colcnname, datatype, length, precision_val, party_seq, isprimarykey, isnullable, remark, filed_type_child, sensitive_level, policyid) values ('TO_P_CHNL_BBOSSWAY_D_SW','TO_P_CHNL_BBOSSWAY_D_SW_2017094','TO_P_CHNL_BBOSSWAY_D_SW','4','CMCC_BRANCH_CD','地市编码','STRING','','','','','Y','','D4-1','3','');
insert into column_val (xmlid, col_xmlid, dataname, col_seq, colname, colcnname, datatype, length, precision_val, party_seq, isprimarykey, isnullable, remark, filed_type_child, sensitive_level, policyid) values ('TO_P_CHNL_BBOSSWAY_D_SW','TO_P_CHNL_BBOSSWAY_D_SW_2017095','TO_P_CHNL_BBOSSWAY_D_SW','5','CREATE_TIM','创建时间','TIMESTAMP','','','','','Y','','D4-1','3','');

insert into tablefile (xmlid, dbname, dataname, datacnname, state, cycletype, topiccode, extend_cfg, rightlevel, creater, curdutyer, eff_date, state_date, team_code, open_state, remark) values ('TO_P_CHNL_BBOSSWAY_D_YJ','BD_B','TO_P_CHNL_BBOSSWAY_D_YJ','ODS_CMOP渠道全网编码与渠道关系日全量','NEW','day','LAYERI_IPARTY','{"EXTERNAL":"y","LOCATION":"/tenant/BIGDATA/JCFW/JRCL/BD_B/ODS/TO_P_CHNL_BBOSSWAY_D/branch=YJ","FILEFORMAT":"PARQUET","DELIMITER":"\001"}','其他','谢英俊','谢英俊', TIMESTAMP '0009-04-17 12:00:00', TIMESTAMP '0009-04-17 12:00:00','f2999fd5-c34e-402e-9b28-fec9fca13044','','基础层-参与人主题域');
insert into column_val (xmlid, col_xmlid, dataname, col_seq, colname, colcnname, datatype, length, precision_val, party_seq, isprimarykey, isnullable, remark, filed_type_child, sensitive_level, policyid) values ('TO_P_CHNL_BBOSSWAY_D_YJ','TO_P_CHNL_BBOSSWAY_D_YJ_2017091','TO_P_CHNL_BBOSSWAY_D_YJ','1','UNIQUE_CHNL_CD','全网统一渠道编码','STRING','','','','','Y','','D4-1','3','');
insert into column_val (xmlid, col_xmlid, dataname, col_seq, colname, colcnname, datatype, length, precision_val, party_seq, isprimarykey, isnullable, remark, filed_type_child, sensitive_level, policyid) values ('TO_P_CHNL_BBOSSWAY_D_YJ','TO_P_CHNL_BBOSSWAY_D_YJ_2017092','TO_P_CHNL_BBOSSWAY_D_YJ','2','CHNL_CD','BI渠道编码','STRING','','','','1','N','','D4-1','3','');
insert into column_val (xmlid, col_xmlid, dataname, col_seq, colname, colcnname, datatype, length, precision_val, party_seq, isprimarykey, isnullable, remark, filed_type_child, sensitive_level, policyid) values ('TO_P_CHNL_BBOSSWAY_D_YJ','TO_P_CHNL_BBOSSWAY_D_YJ_2017093','TO_P_CHNL_BBOSSWAY_D_YJ','3','CMOP_CHNL_CD','CMOP渠道编码','STRING','','','','','N','','D4-1','3','');
insert into column_val (xmlid, col_xmlid, dataname, col_seq, colname, colcnname, datatype, length, precision_val, party_seq, isprimarykey, isnullable, remark, filed_type_child, sensitive_level, policyid) values ('TO_P_CHNL_BBOSSWAY_D_YJ','TO_P_CHNL_BBOSSWAY_D_YJ_2017094','TO_P_CHNL_BBOSSWAY_D_YJ','4','CMCC_BRANCH_CD','地市编码','STRING','','','','','Y','','D4-1','3','');
insert into column_val (xmlid, col_xmlid, dataname, col_seq, colname, colcnname, datatype, length, precision_val, party_seq, isprimarykey, isnullable, remark, filed_type_child, sensitive_level, policyid) values ('TO_P_CHNL_BBOSSWAY_D_YJ','TO_P_CHNL_BBOSSWAY_D_YJ_2017095','TO_P_CHNL_BBOSSWAY_D_YJ','5','CREATE_TIM','创建时间','TIMESTAMP','','','','','Y','','D4-1','3','');

insert into tablefile (xmlid, dbname, dataname, datacnname, state, cycletype, topiccode, extend_cfg, rightlevel, creater, curdutyer, eff_date, state_date, team_code, open_state, remark) values ('TO_P_CHNL_BBOSSWAY_D_MM','BD_B','TO_P_CHNL_BBOSSWAY_D_MM','ODS_CMOP渠道全网编码与渠道关系日全量','NEW','day','LAYERI_IPARTY','{"EXTERNAL":"y","LOCATION":"/tenant/BIGDATA/JCFW/JRCL/BD_B/ODS/TO_P_CHNL_BBOSSWAY_D/branch=MM","FILEFORMAT":"PARQUET","DELIMITER":"\001"}','其他','谢英俊','谢英俊', TIMESTAMP '0009-04-17 12:00:00', TIMESTAMP '0009-04-17 12:00:00','f2999fd5-c34e-402e-9b28-fec9fca13044','','基础层-参与人主题域');
insert into column_val (xmlid, col_xmlid, dataname, col_seq, colname, colcnname, datatype, length, precision_val, party_seq, isprimarykey, isnullable, remark, filed_type_child, sensitive_level, policyid) values ('TO_P_CHNL_BBOSSWAY_D_MM','TO_P_CHNL_BBOSSWAY_D_MM_2017091','TO_P_CHNL_BBOSSWAY_D_MM','1','UNIQUE_CHNL_CD','全网统一渠道编码','STRING','','','','','Y','','D4-1','3','');
insert into column_val (xmlid, col_xmlid, dataname, col_seq, colname, colcnname, datatype, length, precision_val, party_seq, isprimarykey, isnullable, remark, filed_type_child, sensitive_level, policyid) values ('TO_P_CHNL_BBOSSWAY_D_MM','TO_P_CHNL_BBOSSWAY_D_MM_2017092','TO_P_CHNL_BBOSSWAY_D_MM','2','CHNL_CD','BI渠道编码','STRING','','','','1','N','','D4-1','3','');
insert into column_val (xmlid, col_xmlid, dataname, col_seq, colname, colcnname, datatype, length, precision_val, party_seq, isprimarykey, isnullable, remark, filed_type_child, sensitive_level, policyid) values ('TO_P_CHNL_BBOSSWAY_D_MM','TO_P_CHNL_BBOSSWAY_D_MM_2017093','TO_P_CHNL_BBOSSWAY_D_MM','3','CMOP_CHNL_CD','CMOP渠道编码','STRING','','','','','N','','D4-1','3','');
insert into column_val (xmlid, col_xmlid, dataname, col_seq, colname, colcnname, datatype, length, precision_val, party_seq, isprimarykey, isnullable, remark, filed_type_child, sensitive_level, policyid) values ('TO_P_CHNL_BBOSSWAY_D_MM','TO_P_CHNL_BBOSSWAY_D_MM_2017094','TO_P_CHNL_BBOSSWAY_D_MM','4','CMCC_BRANCH_CD','地市编码','STRING','','','','','Y','','D4-1','3','');
insert into column_val (xmlid, col_xmlid, dataname, col_seq, colname, colcnname, datatype, length, precision_val, party_seq, isprimarykey, isnullable, remark, filed_type_child, sensitive_level, policyid) values ('TO_P_CHNL_BBOSSWAY_D_MM','TO_P_CHNL_BBOSSWAY_D_MM_2017095','TO_P_CHNL_BBOSSWAY_D_MM','5','CREATE_TIM','创建时间','TIMESTAMP','','','','','Y','','D4-1','3','');

insert into tablefile (xmlid, dbname, dataname, datacnname, state, cycletype, topiccode, extend_cfg, rightlevel, creater, curdutyer, eff_date, state_date, team_code, open_state, remark) values ('TO_P_CHNL_BBOSSWAY_D_ZQ','BD_B','TO_P_CHNL_BBOSSWAY_D_ZQ','ODS_CMOP渠道全网编码与渠道关系日全量','NEW','day','LAYERI_IPARTY','{"EXTERNAL":"y","LOCATION":"/tenant/BIGDATA/JCFW/JRCL/BD_B/ODS/TO_P_CHNL_BBOSSWAY_D/branch=ZQ","FILEFORMAT":"PARQUET","DELIMITER":"\001"}','其他','谢英俊','谢英俊', TIMESTAMP '0009-04-17 12:00:00', TIMESTAMP '0009-04-17 12:00:00','f2999fd5-c34e-402e-9b28-fec9fca13044','','基础层-参与人主题域');
insert into column_val (xmlid, col_xmlid, dataname, col_seq, colname, colcnname, datatype, length, precision_val, party_seq, isprimarykey, isnullable, remark, filed_type_child, sensitive_level, policyid) values ('TO_P_CHNL_BBOSSWAY_D_ZQ','TO_P_CHNL_BBOSSWAY_D_ZQ_2017091','TO_P_CHNL_BBOSSWAY_D_ZQ','1','UNIQUE_CHNL_CD','全网统一渠道编码','STRING','','','','','Y','','D4-1','3','');
insert into column_val (xmlid, col_xmlid, dataname, col_seq, colname, colcnname, datatype, length, precision_val, party_seq, isprimarykey, isnullable, remark, filed_type_child, sensitive_level, policyid) values ('TO_P_CHNL_BBOSSWAY_D_ZQ','TO_P_CHNL_BBOSSWAY_D_ZQ_2017092','TO_P_CHNL_BBOSSWAY_D_ZQ','2','CHNL_CD','BI渠道编码','STRING','','','','1','N','','D4-1','3','');
insert into column_val (xmlid, col_xmlid, dataname, col_seq, colname, colcnname, datatype, length, precision_val, party_seq, isprimarykey, isnullable, remark, filed_type_child, sensitive_level, policyid) values ('TO_P_CHNL_BBOSSWAY_D_ZQ','TO_P_CHNL_BBOSSWAY_D_ZQ_2017093','TO_P_CHNL_BBOSSWAY_D_ZQ','3','CMOP_CHNL_CD','CMOP渠道编码','STRING','','','','','N','','D4-1','3','');
insert into column_val (xmlid, col_xmlid, dataname, col_seq, colname, colcnname, datatype, length, precision_val, party_seq, isprimarykey, isnullable, remark, filed_type_child, sensitive_level, policyid) values ('TO_P_CHNL_BBOSSWAY_D_ZQ','TO_P_CHNL_BBOSSWAY_D_ZQ_2017094','TO_P_CHNL_BBOSSWAY_D_ZQ','4','CMCC_BRANCH_CD','地市编码','STRING','','','','','Y','','D4-1','3','');
insert into column_val (xmlid, col_xmlid, dataname, col_seq, colname, colcnname, datatype, length, precision_val, party_seq, isprimarykey, isnullable, remark, filed_type_child, sensitive_level, policyid) values ('TO_P_CHNL_BBOSSWAY_D_ZQ','TO_P_CHNL_BBOSSWAY_D_ZQ_2017095','TO_P_CHNL_BBOSSWAY_D_ZQ','5','CREATE_TIM','创建时间','TIMESTAMP','','','','','Y','','D4-1','3','');

insert into tablefile (xmlid, dbname, dataname, datacnname, state, cycletype, topiccode, extend_cfg, rightlevel, creater, curdutyer, eff_date, state_date, team_code, open_state, remark) values ('TO_P_CHNL_BBOSSWAY_D_QY','BD_B','TO_P_CHNL_BBOSSWAY_D_QY','ODS_CMOP渠道全网编码与渠道关系日全量','NEW','day','LAYERI_IPARTY','{"EXTERNAL":"y","LOCATION":"/tenant/BIGDATA/JCFW/JRCL/BD_B/ODS/TO_P_CHNL_BBOSSWAY_D/branch=QY","FILEFORMAT":"PARQUET","DELIMITER":"\001"}','其他','谢英俊','谢英俊', TIMESTAMP '0009-04-17 12:00:00', TIMESTAMP '0009-04-17 12:00:00','f2999fd5-c34e-402e-9b28-fec9fca13044','','基础层-参与人主题域');
insert into column_val (xmlid, col_xmlid, dataname, col_seq, colname, colcnname, datatype, length, precision_val, party_seq, isprimarykey, isnullable, remark, filed_type_child, sensitive_level, policyid) values ('TO_P_CHNL_BBOSSWAY_D_QY','TO_P_CHNL_BBOSSWAY_D_QY_2017091','TO_P_CHNL_BBOSSWAY_D_QY','1','UNIQUE_CHNL_CD','全网统一渠道编码','STRING','','','','','Y','','D4-1','3','');
insert into column_val (xmlid, col_xmlid, dataname, col_seq, colname, colcnname, datatype, length, precision_val, party_seq, isprimarykey, isnullable, remark, filed_type_child, sensitive_level, policyid) values ('TO_P_CHNL_BBOSSWAY_D_QY','TO_P_CHNL_BBOSSWAY_D_QY_2017092','TO_P_CHNL_BBOSSWAY_D_QY','2','CHNL_CD','BI渠道编码','STRING','','','','1','N','','D4-1','3','');
insert into column_val (xmlid, col_xmlid, dataname, col_seq, colname, colcnname, datatype, length, precision_val, party_seq, isprimarykey, isnullable, remark, filed_type_child, sensitive_level, policyid) values ('TO_P_CHNL_BBOSSWAY_D_QY','TO_P_CHNL_BBOSSWAY_D_QY_2017093','TO_P_CHNL_BBOSSWAY_D_QY','3','CMOP_CHNL_CD','CMOP渠道编码','STRING','','','','','N','','D4-1','3','');
insert into column_val (xmlid, col_xmlid, dataname, col_seq, colname, colcnname, datatype, length, precision_val, party_seq, isprimarykey, isnullable, remark, filed_type_child, sensitive_level, policyid) values ('TO_P_CHNL_BBOSSWAY_D_QY','TO_P_CHNL_BBOSSWAY_D_QY_2017094','TO_P_CHNL_BBOSSWAY_D_QY','4','CMCC_BRANCH_CD','地市编码','STRING','','','','','Y','','D4-1','3','');
insert into column_val (xmlid, col_xmlid, dataname, col_seq, colname, colcnname, datatype, length, precision_val, party_seq, isprimarykey, isnullable, remark, filed_type_child, sensitive_level, policyid) values ('TO_P_CHNL_BBOSSWAY_D_QY','TO_P_CHNL_BBOSSWAY_D_QY_2017095','TO_P_CHNL_BBOSSWAY_D_QY','5','CREATE_TIM','创建时间','TIMESTAMP','','','','','Y','','D4-1','3','');

insert into tablefile (xmlid, dbname, dataname, datacnname, state, cycletype, topiccode, extend_cfg, rightlevel, creater, curdutyer, eff_date, state_date, team_code, open_state, remark) values ('TO_P_CHNL_BBOSSWAY_D_CZ','BD_B','TO_P_CHNL_BBOSSWAY_D_CZ','ODS_CMOP渠道全网编码与渠道关系日全量','NEW','day','LAYERI_IPARTY','{"EXTERNAL":"y","LOCATION":"/tenant/BIGDATA/JCFW/JRCL/BD_B/ODS/TO_P_CHNL_BBOSSWAY_D/branch=CZ","FILEFORMAT":"PARQUET","DELIMITER":"\001"}','其他','谢英俊','谢英俊', TIMESTAMP '0009-04-17 12:00:00', TIMESTAMP '0009-04-17 12:00:00','f2999fd5-c34e-402e-9b28-fec9fca13044','','基础层-参与人主题域');
insert into column_val (xmlid, col_xmlid, dataname, col_seq, colname, colcnname, datatype, length, precision_val, party_seq, isprimarykey, isnullable, remark, filed_type_child, sensitive_level, policyid) values ('TO_P_CHNL_BBOSSWAY_D_CZ','TO_P_CHNL_BBOSSWAY_D_CZ_2017091','TO_P_CHNL_BBOSSWAY_D_CZ','1','UNIQUE_CHNL_CD','全网统一渠道编码','STRING','','','','','Y','','D4-1','3','');
insert into column_val (xmlid, col_xmlid, dataname, col_seq, colname, colcnname, datatype, length, precision_val, party_seq, isprimarykey, isnullable, remark, filed_type_child, sensitive_level, policyid) values ('TO_P_CHNL_BBOSSWAY_D_CZ','TO_P_CHNL_BBOSSWAY_D_CZ_2017092','TO_P_CHNL_BBOSSWAY_D_CZ','2','CHNL_CD','BI渠道编码','STRING','','','','1','N','','D4-1','3','');
insert into column_val (xmlid, col_xmlid, dataname, col_seq, colname, colcnname, datatype, length, precision_val, party_seq, isprimarykey, isnullable, remark, filed_type_child, sensitive_level, policyid) values ('TO_P_CHNL_BBOSSWAY_D_CZ','TO_P_CHNL_BBOSSWAY_D_CZ_2017093','TO_P_CHNL_BBOSSWAY_D_CZ','3','CMOP_CHNL_CD','CMOP渠道编码','STRING','','','','','N','','D4-1','3','');
insert into column_val (xmlid, col_xmlid, dataname, col_seq, colname, colcnname, datatype, length, precision_val, party_seq, isprimarykey, isnullable, remark, filed_type_child, sensitive_level, policyid) values ('TO_P_CHNL_BBOSSWAY_D_CZ','TO_P_CHNL_BBOSSWAY_D_CZ_2017094','TO_P_CHNL_BBOSSWAY_D_CZ','4','CMCC_BRANCH_CD','地市编码','STRING','','','','','Y','','D4-1','3','');
insert into column_val (xmlid, col_xmlid, dataname, col_seq, colname, colcnname, datatype, length, precision_val, party_seq, isprimarykey, isnullable, remark, filed_type_child, sensitive_level, policyid) values ('TO_P_CHNL_BBOSSWAY_D_CZ','TO_P_CHNL_BBOSSWAY_D_CZ_2017095','TO_P_CHNL_BBOSSWAY_D_CZ','5','CREATE_TIM','创建时间','TIMESTAMP','','','','','Y','','D4-1','3','');

insert into tablefile (xmlid, dbname, dataname, datacnname, state, cycletype, topiccode, extend_cfg, rightlevel, creater, curdutyer, eff_date, state_date, team_code, open_state, remark) values ('TO_P_CHNL_BBOSSWAY_D_JY','BD_B','TO_P_CHNL_BBOSSWAY_D_JY','ODS_CMOP渠道全网编码与渠道关系日全量','NEW','day','LAYERI_IPARTY','{"EXTERNAL":"y","LOCATION":"/tenant/BIGDATA/JCFW/JRCL/BD_B/ODS/TO_P_CHNL_BBOSSWAY_D/branch=JY","FILEFORMAT":"PARQUET","DELIMITER":"\001"}','其他','谢英俊','谢英俊', TIMESTAMP '0009-04-17 12:00:00', TIMESTAMP '0009-04-17 12:00:00','f2999fd5-c34e-402e-9b28-fec9fca13044','','基础层-参与人主题域');
insert into column_val (xmlid, col_xmlid, dataname, col_seq, colname, colcnname, datatype, length, precision_val, party_seq, isprimarykey, isnullable, remark, filed_type_child, sensitive_level, policyid) values ('TO_P_CHNL_BBOSSWAY_D_JY','TO_P_CHNL_BBOSSWAY_D_JY_2017091','TO_P_CHNL_BBOSSWAY_D_JY','1','UNIQUE_CHNL_CD','全网统一渠道编码','STRING','','','','','Y','','D4-1','3','');
insert into column_val (xmlid, col_xmlid, dataname, col_seq, colname, colcnname, datatype, length, precision_val, party_seq, isprimarykey, isnullable, remark, filed_type_child, sensitive_level, policyid) values ('TO_P_CHNL_BBOSSWAY_D_JY','TO_P_CHNL_BBOSSWAY_D_JY_2017092','TO_P_CHNL_BBOSSWAY_D_JY','2','CHNL_CD','BI渠道编码','STRING','','','','1','N','','D4-1','3','');
insert into column_val (xmlid, col_xmlid, dataname, col_seq, colname, colcnname, datatype, length, precision_val, party_seq, isprimarykey, isnullable, remark, filed_type_child, sensitive_level, policyid) values ('TO_P_CHNL_BBOSSWAY_D_JY','TO_P_CHNL_BBOSSWAY_D_JY_2017093','TO_P_CHNL_BBOSSWAY_D_JY','3','CMOP_CHNL_CD','CMOP渠道编码','STRING','','','','','N','','D4-1','3','');
insert into column_val (xmlid, col_xmlid, dataname, col_seq, colname, colcnname, datatype, length, precision_val, party_seq, isprimarykey, isnullable, remark, filed_type_child, sensitive_level, policyid) values ('TO_P_CHNL_BBOSSWAY_D_JY','TO_P_CHNL_BBOSSWAY_D_JY_2017094','TO_P_CHNL_BBOSSWAY_D_JY','4','CMCC_BRANCH_CD','地市编码','STRING','','','','','Y','','D4-1','3','');
insert into column_val (xmlid, col_xmlid, dataname, col_seq, colname, colcnname, datatype, length, precision_val, party_seq, isprimarykey, isnullable, remark, filed_type_child, sensitive_level, policyid) values ('TO_P_CHNL_BBOSSWAY_D_JY','TO_P_CHNL_BBOSSWAY_D_JY_2017095','TO_P_CHNL_BBOSSWAY_D_JY','5','CREATE_TIM','创建时间','TIMESTAMP','','','','','Y','','D4-1','3','');

insert into tablefile (xmlid, dbname, dataname, datacnname, state, cycletype, topiccode, extend_cfg, rightlevel, creater, curdutyer, eff_date, state_date, team_code, open_state, remark) values ('TO_P_CHNL_BBOSSWAY_D_YF','BD_B','TO_P_CHNL_BBOSSWAY_D_YF','ODS_CMOP渠道全网编码与渠道关系日全量','NEW','day','LAYERI_IPARTY','{"EXTERNAL":"y","LOCATION":"/tenant/BIGDATA/JCFW/JRCL/BD_B/ODS/TO_P_CHNL_BBOSSWAY_D/branch=YF","FILEFORMAT":"PARQUET","DELIMITER":"\001"}','其他','谢英俊','谢英俊', TIMESTAMP '0009-04-17 12:00:00', TIMESTAMP '0009-04-17 12:00:00','f2999fd5-c34e-402e-9b28-fec9fca13044','','基础层-参与人主题域');
insert into column_val (xmlid, col_xmlid, dataname, col_seq, colname, colcnname, datatype, length, precision_val, party_seq, isprimarykey, isnullable, remark, filed_type_child, sensitive_level, policyid) values ('TO_P_CHNL_BBOSSWAY_D_YF','TO_P_CHNL_BBOSSWAY_D_YF_2017091','TO_P_CHNL_BBOSSWAY_D_YF','1','UNIQUE_CHNL_CD','全网统一渠道编码','STRING','','','','','Y','','D4-1','3','');
insert into column_val (xmlid, col_xmlid, dataname, col_seq, colname, colcnname, datatype, length, precision_val, party_seq, isprimarykey, isnullable, remark, filed_type_child, sensitive_level, policyid) values ('TO_P_CHNL_BBOSSWAY_D_YF','TO_P_CHNL_BBOSSWAY_D_YF_2017092','TO_P_CHNL_BBOSSWAY_D_YF','2','CHNL_CD','BI渠道编码','STRING','','','','1','N','','D4-1','3','');
insert into column_val (xmlid, col_xmlid, dataname, col_seq, colname, colcnname, datatype, length, precision_val, party_seq, isprimarykey, isnullable, remark, filed_type_child, sensitive_level, policyid) values ('TO_P_CHNL_BBOSSWAY_D_YF','TO_P_CHNL_BBOSSWAY_D_YF_2017093','TO_P_CHNL_BBOSSWAY_D_YF','3','CMOP_CHNL_CD','CMOP渠道编码','STRING','','','','','N','','D4-1','3','');
insert into column_val (xmlid, col_xmlid, dataname, col_seq, colname, colcnname, datatype, length, precision_val, party_seq, isprimarykey, isnullable, remark, filed_type_child, sensitive_level, policyid) values ('TO_P_CHNL_BBOSSWAY_D_YF','TO_P_CHNL_BBOSSWAY_D_YF_2017094','TO_P_CHNL_BBOSSWAY_D_YF','4','CMCC_BRANCH_CD','地市编码','STRING','','','','','Y','','D4-1','3','');
insert into column_val (xmlid, col_xmlid, dataname, col_seq, colname, colcnname, datatype, length, precision_val, party_seq, isprimarykey, isnullable, remark, filed_type_child, sensitive_level, policyid) values ('TO_P_CHNL_BBOSSWAY_D_YF','TO_P_CHNL_BBOSSWAY_D_YF_2017095','TO_P_CHNL_BBOSSWAY_D_YF','5','CREATE_TIM','创建时间','TIMESTAMP','','','','','Y','','D4-1','3','');

insert into tablefile (xmlid, dbname, dataname, datacnname, state, cycletype, topiccode, extend_cfg, rightlevel, creater, curdutyer, eff_date, state_date, team_code, open_state, remark) values ('TS_LOAD_QY_INCOME_RPT_MO_GZ_20161128','BD_B','TS_LOAD_QY_INCOME_RPT_MO_GZ','STAGE_营收款汇总月报接口表','NEW','month','LAYERI_IFINAC','{"EXTERNAL":"y","LOCATION":"/tenant/BIGDATA/JCFW/JRCL/BD_B/STAGE/TS_LOAD_QY_INCOME_RPT_MO/branch=GZ","FILEFORMAT":"TEXTFILE","DELIMITER":"@#$"}','其他','谢英俊','谢英俊', TIMESTAMP '2016-08-24 12:00:00', TIMESTAMP '2016-08-24 12:00:00','f2999fd5-c34e-402e-9b28-fec9fca13044','','接口层-财务主题域');
insert into column_val (xmlid, col_xmlid, dataname, col_seq, colname, colcnname, datatype, length, precision_val, party_seq, isprimarykey, isnullable, remark, filed_type_child, sensitive_level, policyid) values ('TS_LOAD_QY_INCOME_RPT_MO_GZ_20161128','TS_LOAD_QY_INCOME_RPT_MO_GZ_2017091','TS_LOAD_QY_INCOME_RPT_MO_GZ','1','TM_INTRVL_CD','日期','INT','','','','','N','','D1-6','2','');
insert into column_val (xmlid, col_xmlid, dataname, col_seq, colname, colcnname, datatype, length, precision_val, party_seq, isprimarykey, isnullable, remark, filed_type_child, sensitive_level, policyid) values ('TS_LOAD_QY_INCOME_RPT_MO_GZ_20161128','TS_LOAD_QY_INCOME_RPT_MO_GZ_2017092','TS_LOAD_QY_INCOME_RPT_MO_GZ','2','CMCC_BRANCH_CD','市公司标识','STRING','','','','','N','','D1-6','2','');
insert into column_val (xmlid, col_xmlid, dataname, col_seq, colname, colcnname, datatype, length, precision_val, party_seq, isprimarykey, isnullable, remark, filed_type_child, sensitive_level, policyid) values ('TS_LOAD_QY_INCOME_RPT_MO_GZ_20161128','TS_LOAD_QY_INCOME_RPT_MO_GZ_2017093','TS_LOAD_QY_INCOME_RPT_MO_GZ','3','CHRG_CRD_AMT','充值卡销售金额','DECIMAL','16','2','','','Y','','D1-6','2','PID_all');
insert into column_val (xmlid, col_xmlid, dataname, col_seq, colname, colcnname, datatype, length, precision_val, party_seq, isprimarykey, isnullable, remark, filed_type_child, sensitive_level, policyid) values ('TS_LOAD_QY_INCOME_RPT_MO_GZ_20161128','TS_LOAD_QY_INCOME_RPT_MO_GZ_2017094','TS_LOAD_QY_INCOME_RPT_MO_GZ','4','PKG_CRD_AMT','BOSS套卡销售金额','DECIMAL','16','2','','','Y','','D1-6','2','PID_all');
insert into column_val (xmlid, col_xmlid, dataname, col_seq, colname, colcnname, datatype, length, precision_val, party_seq, isprimarykey, isnullable, remark, filed_type_child, sensitive_level, policyid) values ('TS_LOAD_QY_INCOME_RPT_MO_GZ_20161128','TS_LOAD_QY_INCOME_RPT_MO_GZ_2017095','TS_LOAD_QY_INCOME_RPT_MO_GZ','5','GOTONE_PRECHRG_AMT','全球通+TD预存款','DECIMAL','16','2','','','Y','','D1-6','2','PID_all');
insert into column_val (xmlid, col_xmlid, dataname, col_seq, colname, colcnname, datatype, length, precision_val, party_seq, isprimarykey, isnullable, remark, filed_type_child, sensitive_level, policyid) values ('TS_LOAD_QY_INCOME_RPT_MO_GZ_20161128','TS_LOAD_QY_INCOME_RPT_MO_GZ_2017096','TS_LOAD_QY_INCOME_RPT_MO_GZ','6','IUSR_PRECHRG_AMT','智能网前台现金充值','DECIMAL','16','2','','','Y','','D1-6','2','');
insert into column_val (xmlid, col_xmlid, dataname, col_seq, colname, colcnname, datatype, length, precision_val, party_seq, isprimarykey, isnullable, remark, filed_type_child, sensitive_level, policyid) values ('TS_LOAD_QY_INCOME_RPT_MO_GZ_20161128','TS_LOAD_QY_INCOME_RPT_MO_GZ_2017097','TS_LOAD_QY_INCOME_RPT_MO_GZ','7','OTH_AMT','杂费','DECIMAL','16','2','','','Y','','D1-6','2','');
insert into column_val (xmlid, col_xmlid, dataname, col_seq, colname, colcnname, datatype, length, precision_val, party_seq, isprimarykey, isnullable, remark, filed_type_child, sensitive_level, policyid) values ('TS_LOAD_QY_INCOME_RPT_MO_GZ_20161128','TS_LOAD_QY_INCOME_RPT_MO_GZ_2017098','TS_LOAD_QY_INCOME_RPT_MO_GZ','8','SELL_AMT','实物销售','DECIMAL','16','2','','','Y','','D1-6','2','');
insert into column_val (xmlid, col_xmlid, dataname, col_seq, colname, colcnname, datatype, length, precision_val, party_seq, isprimarykey, isnullable, remark, filed_type_child, sensitive_level, policyid) values ('TS_LOAD_QY_INCOME_RPT_MO_GZ_20161128','TS_LOAD_QY_INCOME_RPT_MO_GZ_2017099','TS_LOAD_QY_INCOME_RPT_MO_GZ','9','NEW_AMT','新增其他','DECIMAL','16','2','','','Y','','D1-6','2','');
insert into column_val (xmlid, col_xmlid, dataname, col_seq, colname, colcnname, datatype, length, precision_val, party_seq, isprimarykey, isnullable, remark, filed_type_child, sensitive_level, policyid) values ('TS_LOAD_QY_INCOME_RPT_MO_GZ_20161128','TS_LOAD_QY_INCOME_RPT_MO_GZ_20170910','TS_LOAD_QY_INCOME_RPT_MO_GZ','10','TOT_AMT','营业日报营收款总额','DECIMAL','16','2','','','Y','','D1-6','2','');
insert into column_val (xmlid, col_xmlid, dataname, col_seq, colname, colcnname, datatype, length, precision_val, party_seq, isprimarykey, isnullable, remark, filed_type_child, sensitive_level, policyid) values ('TS_LOAD_QY_INCOME_RPT_MO_GZ_20161128','TS_LOAD_QY_INCOME_RPT_MO_GZ_20170911','TS_LOAD_QY_INCOME_RPT_MO_GZ','11','IUSR_CHRG_AMT','智能网前台预存款','DECIMAL','16','2','','','Y','','D1-6','2','PID_all');
insert into column_val (xmlid, col_xmlid, dataname, col_seq, colname, colcnname, datatype, length, precision_val, party_seq, isprimarykey, isnullable, remark, filed_type_child, sensitive_level, policyid) values ('TS_LOAD_QY_INCOME_RPT_MO_GZ_20161128','TS_LOAD_QY_INCOME_RPT_MO_GZ_20170912','TS_LOAD_QY_INCOME_RPT_MO_GZ','12','IBOSS_CHRG_AMT','IBOSS前台预存','DECIMAL','16','2','','','Y','','D1-6','2','');
insert into column_val (xmlid, col_xmlid, dataname, col_seq, colname, colcnname, datatype, length, precision_val, party_seq, isprimarykey, isnullable, remark, filed_type_child, sensitive_level, policyid) values ('TS_LOAD_QY_INCOME_RPT_MO_GZ_20161128','TS_LOAD_QY_INCOME_RPT_MO_GZ_20170913','TS_LOAD_QY_INCOME_RPT_MO_GZ','13','BOSS_DG_PRECHRG','BOSS动感地带预存','DECIMAL','16','2','','','Y','','D1-6','2','');
insert into column_val (xmlid, col_xmlid, dataname, col_seq, colname, colcnname, datatype, length, precision_val, party_seq, isprimarykey, isnullable, remark, filed_type_child, sensitive_level, policyid) values ('TS_LOAD_QY_INCOME_RPT_MO_GZ_20161128','TS_LOAD_QY_INCOME_RPT_MO_GZ_20170914','TS_LOAD_QY_INCOME_RPT_MO_GZ','14','BOSS_SZX_PRECHRG','BOSS神州行预存','DECIMAL','16','2','','','Y','','D1-6','2','');
insert into column_val (xmlid, col_xmlid, dataname, col_seq, colname, colcnname, datatype, length, precision_val, party_seq, isprimarykey, isnullable, remark, filed_type_child, sensitive_level, policyid) values ('TS_LOAD_QY_INCOME_RPT_MO_GZ_20161128','TS_LOAD_QY_INCOME_RPT_MO_GZ_20170915','TS_LOAD_QY_INCOME_RPT_MO_GZ','15','OCS_DG_PRECHRG','OCS动感地带预存','DECIMAL','16','2','','','Y','','D1-6','2','');
insert into column_val (xmlid, col_xmlid, dataname, col_seq, colname, colcnname, datatype, length, precision_val, party_seq, isprimarykey, isnullable, remark, filed_type_child, sensitive_level, policyid) values ('TS_LOAD_QY_INCOME_RPT_MO_GZ_20161128','TS_LOAD_QY_INCOME_RPT_MO_GZ_20170916','TS_LOAD_QY_INCOME_RPT_MO_GZ','16','OCS_SZX_PRECHRG','OCS神州行预存','DECIMAL','16','2','','','Y','','D1-6','2','');
insert into column_val (xmlid, col_xmlid, dataname, col_seq, colname, colcnname, datatype, length, precision_val, party_seq, isprimarykey, isnullable, remark, filed_type_child, sensitive_level, policyid) values ('TS_LOAD_QY_INCOME_RPT_MO_GZ_20161128','TS_LOAD_QY_INCOME_RPT_MO_GZ_20170917','TS_LOAD_QY_INCOME_RPT_MO_GZ','17','SCP_DG_PRECHRG','SCP动感地带预存','DECIMAL','16','2','','','Y','','D1-6','2','');
insert into column_val (xmlid, col_xmlid, dataname, col_seq, colname, colcnname, datatype, length, precision_val, party_seq, isprimarykey, isnullable, remark, filed_type_child, sensitive_level, policyid) values ('TS_LOAD_QY_INCOME_RPT_MO_GZ_20161128','TS_LOAD_QY_INCOME_RPT_MO_GZ_20170918','TS_LOAD_QY_INCOME_RPT_MO_GZ','18','SCP_SZX_PRECHRG','SCP神州行预存','DECIMAL','16','2','','','Y','','D1-6','2','');
insert into column_val (xmlid, col_xmlid, dataname, col_seq, colname, colcnname, datatype, length, precision_val, party_seq, isprimarykey, isnullable, remark, filed_type_child, sensitive_level, policyid) values ('TS_LOAD_QY_INCOME_RPT_MO_GZ_20161128','TS_LOAD_QY_INCOME_RPT_MO_GZ_20170919','TS_LOAD_QY_INCOME_RPT_MO_GZ','19','AIR_CHRG_AMT','空中充值','DECIMAL','16','2','','','Y','','D1-6','2','');
insert into column_val (xmlid, col_xmlid, dataname, col_seq, colname, colcnname, datatype, length, precision_val, party_seq, isprimarykey, isnullable, remark, filed_type_child, sensitive_level, policyid) values ('TS_LOAD_QY_INCOME_RPT_MO_GZ_20161128','TS_LOAD_QY_INCOME_RPT_MO_GZ_20170920','TS_LOAD_QY_INCOME_RPT_MO_GZ','20','SIM_CRD_AMT','SIM卡','DECIMAL','16','2','','','Y','','D1-6','2','PID_14star');
insert into column_val (xmlid, col_xmlid, dataname, col_seq, colname, colcnname, datatype, length, precision_val, party_seq, isprimarykey, isnullable, remark, filed_type_child, sensitive_level, policyid) values ('TS_LOAD_QY_INCOME_RPT_MO_GZ_20161128','TS_LOAD_QY_INCOME_RPT_MO_GZ_20170921','TS_LOAD_QY_INCOME_RPT_MO_GZ','21','BAD_BILL_AMT','坏账回收','DECIMAL','16','2','','','Y','','D1-6','2','');
insert into column_val (xmlid, col_xmlid, dataname, col_seq, colname, colcnname, datatype, length, precision_val, party_seq, isprimarykey, isnullable, remark, filed_type_child, sensitive_level, policyid) values ('TS_LOAD_QY_INCOME_RPT_MO_GZ_20161128','TS_LOAD_QY_INCOME_RPT_MO_GZ_20170922','TS_LOAD_QY_INCOME_RPT_MO_GZ','22','CHNL_AMT','渠道酬金','DECIMAL','16','2','','','Y','','D1-6','2','');
insert into column_val (xmlid, col_xmlid, dataname, col_seq, colname, colcnname, datatype, length, precision_val, party_seq, isprimarykey, isnullable, remark, filed_type_child, sensitive_level, policyid) values ('TS_LOAD_QY_INCOME_RPT_MO_GZ_20161128','TS_LOAD_QY_INCOME_RPT_MO_GZ_20170923','TS_LOAD_QY_INCOME_RPT_MO_GZ','23','TAX_AMT','代扣税','DECIMAL','16','2','','','Y','','D1-6','2','');
insert into column_val (xmlid, col_xmlid, dataname, col_seq, colname, colcnname, datatype, length, precision_val, party_seq, isprimarykey, isnullable, remark, filed_type_child, sensitive_level, policyid) values ('TS_LOAD_QY_INCOME_RPT_MO_GZ_20161128','TS_LOAD_QY_INCOME_RPT_MO_GZ_20170924','TS_LOAD_QY_INCOME_RPT_MO_GZ','24','AREA_BUSI_AMT','跨区业务收费','DECIMAL','16','2','','','Y','','D1-6','2','');
insert into column_val (xmlid, col_xmlid, dataname, col_seq, colname, colcnname, datatype, length, precision_val, party_seq, isprimarykey, isnullable, remark, filed_type_child, sensitive_level, policyid) values ('TS_LOAD_QY_INCOME_RPT_MO_GZ_20161128','TS_LOAD_QY_INCOME_RPT_MO_GZ_20170925','TS_LOAD_QY_INCOME_RPT_MO_GZ','25','SZX_PKGCRD_AMT','SCP套卡销售金额','DECIMAL','16','2','','','Y','','D1-6','2','PID_all');
insert into column_val (xmlid, col_xmlid, dataname, col_seq, colname, colcnname, datatype, length, precision_val, party_seq, isprimarykey, isnullable, remark, filed_type_child, sensitive_level, policyid) values ('TS_LOAD_QY_INCOME_RPT_MO_GZ_20161128','TS_LOAD_QY_INCOME_RPT_MO_GZ_20170926','TS_LOAD_QY_INCOME_RPT_MO_GZ','26','DG_PKGCRD_AMT','OCS套卡销售金额','DECIMAL','16','2','','','Y','','D1-6','2','PID_all');
insert into column_val (xmlid, col_xmlid, dataname, col_seq, colname, colcnname, datatype, length, precision_val, party_seq, isprimarykey, isnullable, remark, filed_type_child, sensitive_level, policyid) values ('TS_LOAD_QY_INCOME_RPT_MO_GZ_20161128','TS_LOAD_QY_INCOME_RPT_MO_GZ_20170927','TS_LOAD_QY_INCOME_RPT_MO_GZ','27','DATA_SOURCE','数据来源','STRING','','','','','Y','','D1-6','2','');
insert into column_val (xmlid, col_xmlid, dataname, col_seq, colname, colcnname, datatype, length, precision_val, party_seq, isprimarykey, isnullable, remark, filed_type_child, sensitive_level, policyid) values ('TS_LOAD_QY_INCOME_RPT_MO_GZ_20161128','TS_LOAD_QY_INCOME_RPT_MO_GZ_20170928','TS_LOAD_QY_INCOME_RPT_MO_GZ','28','month','月份','INT','','','1','','N','','','','');

insert into tablefile (xmlid, dbname, dataname, datacnname, state, cycletype, topiccode, extend_cfg, rightlevel, creater, curdutyer, eff_date, state_date, team_code, open_state, remark) values ('TS_LOAD_QY_INCOME_RPT_MO_SZ_20161128','BD_B','TS_LOAD_QY_INCOME_RPT_MO_SZ','STAGE_营收款汇总月报接口表','NEW','month','LAYERI_IFINAC','{"EXTERNAL":"y","LOCATION":"/tenant/BIGDATA/JCFW/JRCL/BD_B/STAGE/TS_LOAD_QY_INCOME_RPT_MO/branch=SZ","FILEFORMAT":"TEXTFILE","DELIMITER":"@#$"}','其他','谢英俊','谢英俊', TIMESTAMP '2016-08-24 12:00:00', TIMESTAMP '2016-08-24 12:00:00','f2999fd5-c34e-402e-9b28-fec9fca13044','','接口层-财务主题域');
insert into column_val (xmlid, col_xmlid, dataname, col_seq, colname, colcnname, datatype, length, precision_val, party_seq, isprimarykey, isnullable, remark, filed_type_child, sensitive_level, policyid) values ('TS_LOAD_QY_INCOME_RPT_MO_SZ_20161128','TS_LOAD_QY_INCOME_RPT_MO_SZ_2017091','TS_LOAD_QY_INCOME_RPT_MO_SZ','1','TM_INTRVL_CD','日期','INT','','','','','N','','D1-6','2','');
insert into column_val (xmlid, col_xmlid, dataname, col_seq, colname, colcnname, datatype, length, precision_val, party_seq, isprimarykey, isnullable, remark, filed_type_child, sensitive_level, policyid) values ('TS_LOAD_QY_INCOME_RPT_MO_SZ_20161128','TS_LOAD_QY_INCOME_RPT_MO_SZ_2017092','TS_LOAD_QY_INCOME_RPT_MO_SZ','2','CMCC_BRANCH_CD','市公司标识','STRING','','','','','N','','D1-6','2','');
insert into column_val (xmlid, col_xmlid, dataname, col_seq, colname, colcnname, datatype, length, precision_val, party_seq, isprimarykey, isnullable, remark, filed_type_child, sensitive_level, policyid) values ('TS_LOAD_QY_INCOME_RPT_MO_SZ_20161128','TS_LOAD_QY_INCOME_RPT_MO_SZ_2017093','TS_LOAD_QY_INCOME_RPT_MO_SZ','3','CHRG_CRD_AMT','充值卡销售金额','DECIMAL','16','2','','','Y','','D1-6','2','PID_all');
insert into column_val (xmlid, col_xmlid, dataname, col_seq, colname, colcnname, datatype, length, precision_val, party_seq, isprimarykey, isnullable, remark, filed_type_child, sensitive_level, policyid) values ('TS_LOAD_QY_INCOME_RPT_MO_SZ_20161128','TS_LOAD_QY_INCOME_RPT_MO_SZ_2017094','TS_LOAD_QY_INCOME_RPT_MO_SZ','4','PKG_CRD_AMT','BOSS套卡销售金额','DECIMAL','16','2','','','Y','','D1-6','2','PID_all');
insert into column_val (xmlid, col_xmlid, dataname, col_seq, colname, colcnname, datatype, length, precision_val, party_seq, isprimarykey, isnullable, remark, filed_type_child, sensitive_level, policyid) values ('TS_LOAD_QY_INCOME_RPT_MO_SZ_20161128','TS_LOAD_QY_INCOME_RPT_MO_SZ_2017095','TS_LOAD_QY_INCOME_RPT_MO_SZ','5','GOTONE_PRECHRG_AMT','全球通+TD预存款','DECIMAL','16','2','','','Y','','D1-6','2','PID_all');
insert into column_val (xmlid, col_xmlid, dataname, col_seq, colname, colcnname, datatype, length, precision_val, party_seq, isprimarykey, isnullable, remark, filed_type_child, sensitive_level, policyid) values ('TS_LOAD_QY_INCOME_RPT_MO_SZ_20161128','TS_LOAD_QY_INCOME_RPT_MO_SZ_2017096','TS_LOAD_QY_INCOME_RPT_MO_SZ','6','IUSR_PRECHRG_AMT','智能网前台现金充值','DECIMAL','16','2','','','Y','','D1-6','2','');
insert into column_val (xmlid, col_xmlid, dataname, col_seq, colname, colcnname, datatype, length, precision_val, party_seq, isprimarykey, isnullable, remark, filed_type_child, sensitive_level, policyid) values ('TS_LOAD_QY_INCOME_RPT_MO_SZ_20161128','TS_LOAD_QY_INCOME_RPT_MO_SZ_2017097','TS_LOAD_QY_INCOME_RPT_MO_SZ','7','OTH_AMT','杂费','DECIMAL','16','2','','','Y','','D1-6','2','');
insert into column_val (xmlid, col_xmlid, dataname, col_seq, colname, colcnname, datatype, length, precision_val, party_seq, isprimarykey, isnullable, remark, filed_type_child, sensitive_level, policyid) values ('TS_LOAD_QY_INCOME_RPT_MO_SZ_20161128','TS_LOAD_QY_INCOME_RPT_MO_SZ_2017098','TS_LOAD_QY_INCOME_RPT_MO_SZ','8','SELL_AMT','实物销售','DECIMAL','16','2','','','Y','','D1-6','2','');
insert into column_val (xmlid, col_xmlid, dataname, col_seq, colname, colcnname, datatype, length, precision_val, party_seq, isprimarykey, isnullable, remark, filed_type_child, sensitive_level, policyid) values ('TS_LOAD_QY_INCOME_RPT_MO_SZ_20161128','TS_LOAD_QY_INCOME_RPT_MO_SZ_2017099','TS_LOAD_QY_INCOME_RPT_MO_SZ','9','NEW_AMT','新增其他','DECIMAL','16','2','','','Y','','D1-6','2','');
insert into column_val (xmlid, col_xmlid, dataname, col_seq, colname, colcnname, datatype, length, precision_val, party_seq, isprimarykey, isnullable, remark, filed_type_child, sensitive_level, policyid) values ('TS_LOAD_QY_INCOME_RPT_MO_SZ_20161128','TS_LOAD_QY_INCOME_RPT_MO_SZ_20170910','TS_LOAD_QY_INCOME_RPT_MO_SZ','10','TOT_AMT','营业日报营收款总额','DECIMAL','16','2','','','Y','','D1-6','2','');
insert into column_val (xmlid, col_xmlid, dataname, col_seq, colname, colcnname, datatype, length, precision_val, party_seq, isprimarykey, isnullable, remark, filed_type_child, sensitive_level, policyid) values ('TS_LOAD_QY_INCOME_RPT_MO_SZ_20161128','TS_LOAD_QY_INCOME_RPT_MO_SZ_20170911','TS_LOAD_QY_INCOME_RPT_MO_SZ','11','IUSR_CHRG_AMT','智能网前台预存款','DECIMAL','16','2','','','Y','','D1-6','2','PID_all');
insert into column_val (xmlid, col_xmlid, dataname, col_seq, colname, colcnname, datatype, length, precision_val, party_seq, isprimarykey, isnullable, remark, filed_type_child, sensitive_level, policyid) values ('TS_LOAD_QY_INCOME_RPT_MO_SZ_20161128','TS_LOAD_QY_INCOME_RPT_MO_SZ_20170912','TS_LOAD_QY_INCOME_RPT_MO_SZ','12','IBOSS_CHRG_AMT','IBOSS前台预存','DECIMAL','16','2','','','Y','','D1-6','2','');
insert into column_val (xmlid, col_xmlid, dataname, col_seq, colname, colcnname, datatype, length, precision_val, party_seq, isprimarykey, isnullable, remark, filed_type_child, sensitive_level, policyid) values ('TS_LOAD_QY_INCOME_RPT_MO_SZ_20161128','TS_LOAD_QY_INCOME_RPT_MO_SZ_20170913','TS_LOAD_QY_INCOME_RPT_MO_SZ','13','BOSS_DG_PRECHRG','BOSS动感地带预存','DECIMAL','16','2','','','Y','','D1-6','2','');
insert into column_val (xmlid, col_xmlid, dataname, col_seq, colname, colcnname, datatype, length, precision_val, party_seq, isprimarykey, isnullable, remark, filed_type_child, sensitive_level, policyid) values ('TS_LOAD_QY_INCOME_RPT_MO_SZ_20161128','TS_LOAD_QY_INCOME_RPT_MO_SZ_20170914','TS_LOAD_QY_INCOME_RPT_MO_SZ','14','BOSS_SZX_PRECHRG','BOSS神州行预存','DECIMAL','16','2','','','Y','','D1-6','2','');
insert into column_val (xmlid, col_xmlid, dataname, col_seq, colname, colcnname, datatype, length, precision_val, party_seq, isprimarykey, isnullable, remark, filed_type_child, sensitive_level, policyid) values ('TS_LOAD_QY_INCOME_RPT_MO_SZ_20161128','TS_LOAD_QY_INCOME_RPT_MO_SZ_20170915','TS_LOAD_QY_INCOME_RPT_MO_SZ','15','OCS_DG_PRECHRG','OCS动感地带预存','DECIMAL','16','2','','','Y','','D1-6','2','');
insert into column_val (xmlid, col_xmlid, dataname, col_seq, colname, colcnname, datatype, length, precision_val, party_seq, isprimarykey, isnullable, remark, filed_type_child, sensitive_level, policyid) values ('TS_LOAD_QY_INCOME_RPT_MO_SZ_20161128','TS_LOAD_QY_INCOME_RPT_MO_SZ_20170916','TS_LOAD_QY_INCOME_RPT_MO_SZ','16','OCS_SZX_PRECHRG','OCS神州行预存','DECIMAL','16','2','','','Y','','D1-6','2','');
insert into column_val (xmlid, col_xmlid, dataname, col_seq, colname, colcnname, datatype, length, precision_val, party_seq, isprimarykey, isnullable, remark, filed_type_child, sensitive_level, policyid) values ('TS_LOAD_QY_INCOME_RPT_MO_SZ_20161128','TS_LOAD_QY_INCOME_RPT_MO_SZ_20170917','TS_LOAD_QY_INCOME_RPT_MO_SZ','17','SCP_DG_PRECHRG','SCP动感地带预存','DECIMAL','16','2','','','Y','','D1-6','2','');
insert into column_val (xmlid, col_xmlid, dataname, col_seq, colname, colcnname, datatype, length, precision_val, party_seq, isprimarykey, isnullable, remark, filed_type_child, sensitive_level, policyid) values ('TS_LOAD_QY_INCOME_RPT_MO_SZ_20161128','TS_LOAD_QY_INCOME_RPT_MO_SZ_20170918','TS_LOAD_QY_INCOME_RPT_MO_SZ','18','SCP_SZX_PRECHRG','SCP神州行预存','DECIMAL','16','2','','','Y','','D1-6','2','');
insert into column_val (xmlid, col_xmlid, dataname, col_seq, colname, colcnname, datatype, length, precision_val, party_seq, isprimarykey, isnullable, remark, filed_type_child, sensitive_level, policyid) values ('TS_LOAD_QY_INCOME_RPT_MO_SZ_20161128','TS_LOAD_QY_INCOME_RPT_MO_SZ_20170919','TS_LOAD_QY_INCOME_RPT_MO_SZ','19','AIR_CHRG_AMT','空中充值','DECIMAL','16','2','','','Y','','D1-6','2','');
insert into column_val (xmlid, col_xmlid, dataname, col_seq, colname, colcnname, datatype, length, precision_val, party_seq, isprimarykey, isnullable, remark, filed_type_child, sensitive_level, policyid) values ('TS_LOAD_QY_INCOME_RPT_MO_SZ_20161128','TS_LOAD_QY_INCOME_RPT_MO_SZ_20170920','TS_LOAD_QY_INCOME_RPT_MO_SZ','20','SIM_CRD_AMT','SIM卡','DECIMAL','16','2','','','Y','','D1-6','2','PID_14star');
insert into column_val (xmlid, col_xmlid, dataname, col_seq, colname, colcnname, datatype, length, precision_val, party_seq, isprimarykey, isnullable, remark, filed_type_child, sensitive_level, policyid) values ('TS_LOAD_QY_INCOME_RPT_MO_SZ_20161128','TS_LOAD_QY_INCOME_RPT_MO_SZ_20170921','TS_LOAD_QY_INCOME_RPT_MO_SZ','21','BAD_BILL_AMT','坏账回收','DECIMAL','16','2','','','Y','','D1-6','2','');
insert into column_val (xmlid, col_xmlid, dataname, col_seq, colname, colcnname, datatype, length, precision_val, party_seq, isprimarykey, isnullable, remark, filed_type_child, sensitive_level, policyid) values ('TS_LOAD_QY_INCOME_RPT_MO_SZ_20161128','TS_LOAD_QY_INCOME_RPT_MO_SZ_20170922','TS_LOAD_QY_INCOME_RPT_MO_SZ','22','CHNL_AMT','渠道酬金','DECIMAL','16','2','','','Y','','D1-6','2','');
insert into column_val (xmlid, col_xmlid, dataname, col_seq, colname, colcnname, datatype, length, precision_val, party_seq, isprimarykey, isnullable, remark, filed_type_child, sensitive_level, policyid) values ('TS_LOAD_QY_INCOME_RPT_MO_SZ_20161128','TS_LOAD_QY_INCOME_RPT_MO_SZ_20170923','TS_LOAD_QY_INCOME_RPT_MO_SZ','23','TAX_AMT','代扣税','DECIMAL','16','2','','','Y','','D1-6','2','');
insert into column_val (xmlid, col_xmlid, dataname, col_seq, colname, colcnname, datatype, length, precision_val, party_seq, isprimarykey, isnullable, remark, filed_type_child, sensitive_level, policyid) values ('TS_LOAD_QY_INCOME_RPT_MO_SZ_20161128','TS_LOAD_QY_INCOME_RPT_MO_SZ_20170924','TS_LOAD_QY_INCOME_RPT_MO_SZ','24','AREA_BUSI_AMT','跨区业务收费','DECIMAL','16','2','','','Y','','D1-6','2','');
insert into column_val (xmlid, col_xmlid, dataname, col_seq, colname, colcnname, datatype, length, precision_val, party_seq, isprimarykey, isnullable, remark, filed_type_child, sensitive_level, policyid) values ('TS_LOAD_QY_INCOME_RPT_MO_SZ_20161128','TS_LOAD_QY_INCOME_RPT_MO_SZ_20170925','TS_LOAD_QY_INCOME_RPT_MO_SZ','25','SZX_PKGCRD_AMT','SCP套卡销售金额','DECIMAL','16','2','','','Y','','D1-6','2','PID_all');
insert into column_val (xmlid, col_xmlid, dataname, col_seq, colname, colcnname, datatype, length, precision_val, party_seq, isprimarykey, isnullable, remark, filed_type_child, sensitive_level, policyid) values ('TS_LOAD_QY_INCOME_RPT_MO_SZ_20161128','TS_LOAD_QY_INCOME_RPT_MO_SZ_20170926','TS_LOAD_QY_INCOME_RPT_MO_SZ','26','DG_PKGCRD_AMT','OCS套卡销售金额','DECIMAL','16','2','','','Y','','D1-6','2','PID_all');
insert into column_val (xmlid, col_xmlid, dataname, col_seq, colname, colcnname, datatype, length, precision_val, party_seq, isprimarykey, isnullable, remark, filed_type_child, sensitive_level, policyid) values ('TS_LOAD_QY_INCOME_RPT_MO_SZ_20161128','TS_LOAD_QY_INCOME_RPT_MO_SZ_20170927','TS_LOAD_QY_INCOME_RPT_MO_SZ','27','DATA_SOURCE','数据来源','STRING','','','','','Y','','D1-6','2','');
insert into column_val (xmlid, col_xmlid, dataname, col_seq, colname, colcnname, datatype, length, precision_val, party_seq, isprimarykey, isnullable, remark, filed_type_child, sensitive_level, policyid) values ('TS_LOAD_QY_INCOME_RPT_MO_SZ_20161128','TS_LOAD_QY_INCOME_RPT_MO_SZ_20170928','TS_LOAD_QY_INCOME_RPT_MO_SZ','28','month','月份','INT','','','1','','N','','','','');

insert into tablefile (xmlid, dbname, dataname, datacnname, state, cycletype, topiccode, extend_cfg, rightlevel, creater, curdutyer, eff_date, state_date, team_code, open_state, remark) values ('TS_LOAD_QY_INCOME_RPT_MO_DG_20161128','BD_B','TS_LOAD_QY_INCOME_RPT_MO_DG','STAGE_营收款汇总月报接口表','NEW','month','LAYERI_IFINAC','{"EXTERNAL":"y","LOCATION":"/tenant/BIGDATA/JCFW/JRCL/BD_B/STAGE/TS_LOAD_QY_INCOME_RPT_MO/branch=DG","FILEFORMAT":"TEXTFILE","DELIMITER":"@#$"}','其他','谢英俊','谢英俊', TIMESTAMP '2016-08-24 12:00:00', TIMESTAMP '2016-08-24 12:00:00','f2999fd5-c34e-402e-9b28-fec9fca13044','','接口层-财务主题域');
insert into column_val (xmlid, col_xmlid, dataname, col_seq, colname, colcnname, datatype, length, precision_val, party_seq, isprimarykey, isnullable, remark, filed_type_child, sensitive_level, policyid) values ('TS_LOAD_QY_INCOME_RPT_MO_DG_20161128','TS_LOAD_QY_INCOME_RPT_MO_DG_2017091','TS_LOAD_QY_INCOME_RPT_MO_DG','1','TM_INTRVL_CD','日期','INT','','','','','N','','D1-6','2','');
insert into column_val (xmlid, col_xmlid, dataname, col_seq, colname, colcnname, datatype, length, precision_val, party_seq, isprimarykey, isnullable, remark, filed_type_child, sensitive_level, policyid) values ('TS_LOAD_QY_INCOME_RPT_MO_DG_20161128','TS_LOAD_QY_INCOME_RPT_MO_DG_2017092','TS_LOAD_QY_INCOME_RPT_MO_DG','2','CMCC_BRANCH_CD','市公司标识','STRING','','','','','N','','D1-6','2','');
insert into column_val (xmlid, col_xmlid, dataname, col_seq, colname, colcnname, datatype, length, precision_val, party_seq, isprimarykey, isnullable, remark, filed_type_child, sensitive_level, policyid) values ('TS_LOAD_QY_INCOME_RPT_MO_DG_20161128','TS_LOAD_QY_INCOME_RPT_MO_DG_2017093','TS_LOAD_QY_INCOME_RPT_MO_DG','3','CHRG_CRD_AMT','充值卡销售金额','DECIMAL','16','2','','','Y','','D1-6','2','PID_all');
insert into column_val (xmlid, col_xmlid, dataname, col_seq, colname, colcnname, datatype, length, precision_val, party_seq, isprimarykey, isnullable, remark, filed_type_child, sensitive_level, policyid) values ('TS_LOAD_QY_INCOME_RPT_MO_DG_20161128','TS_LOAD_QY_INCOME_RPT_MO_DG_2017094','TS_LOAD_QY_INCOME_RPT_MO_DG','4','PKG_CRD_AMT','BOSS套卡销售金额','DECIMAL','16','2','','','Y','','D1-6','2','PID_all');
insert into column_val (xmlid, col_xmlid, dataname, col_seq, colname, colcnname, datatype, length, precision_val, party_seq, isprimarykey, isnullable, remark, filed_type_child, sensitive_level, policyid) values ('TS_LOAD_QY_INCOME_RPT_MO_DG_20161128','TS_LOAD_QY_INCOME_RPT_MO_DG_2017095','TS_LOAD_QY_INCOME_RPT_MO_DG','5','GOTONE_PRECHRG_AMT','全球通+TD预存款','DECIMAL','16','2','','','Y','','D1-6','2','PID_all');
insert into column_val (xmlid, col_xmlid, dataname, col_seq, colname, colcnname, datatype, length, precision_val, party_seq, isprimarykey, isnullable, remark, filed_type_child, sensitive_level, policyid) values ('TS_LOAD_QY_INCOME_RPT_MO_DG_20161128','TS_LOAD_QY_INCOME_RPT_MO_DG_2017096','TS_LOAD_QY_INCOME_RPT_MO_DG','6','IUSR_PRECHRG_AMT','智能网前台现金充值','DECIMAL','16','2','','','Y','','D1-6','2','');
insert into column_val (xmlid, col_xmlid, dataname, col_seq, colname, colcnname, datatype, length, precision_val, party_seq, isprimarykey, isnullable, remark, filed_type_child, sensitive_level, policyid) values ('TS_LOAD_QY_INCOME_RPT_MO_DG_20161128','TS_LOAD_QY_INCOME_RPT_MO_DG_2017097','TS_LOAD_QY_INCOME_RPT_MO_DG','7','OTH_AMT','杂费','DECIMAL','16','2','','','Y','','D1-6','2','');
insert into column_val (xmlid, col_xmlid, dataname, col_seq, colname, colcnname, datatype, length, precision_val, party_seq, isprimarykey, isnullable, remark, filed_type_child, sensitive_level, policyid) values ('TS_LOAD_QY_INCOME_RPT_MO_DG_20161128','TS_LOAD_QY_INCOME_RPT_MO_DG_2017098','TS_LOAD_QY_INCOME_RPT_MO_DG','8','SELL_AMT','实物销售','DECIMAL','16','2','','','Y','','D1-6','2','');
insert into column_val (xmlid, col_xmlid, dataname, col_seq, colname, colcnname, datatype, length, precision_val, party_seq, isprimarykey, isnullable, remark, filed_type_child, sensitive_level, policyid) values ('TS_LOAD_QY_INCOME_RPT_MO_DG_20161128','TS_LOAD_QY_INCOME_RPT_MO_DG_2017099','TS_LOAD_QY_INCOME_RPT_MO_DG','9','NEW_AMT','新增其他','DECIMAL','16','2','','','Y','','D1-6','2','');
insert into column_val (xmlid, col_xmlid, dataname, col_seq, colname, colcnname, datatype, length, precision_val, party_seq, isprimarykey, isnullable, remark, filed_type_child, sensitive_level, policyid) values ('TS_LOAD_QY_INCOME_RPT_MO_DG_20161128','TS_LOAD_QY_INCOME_RPT_MO_DG_20170910','TS_LOAD_QY_INCOME_RPT_MO_DG','10','TOT_AMT','营业日报营收款总额','DECIMAL','16','2','','','Y','','D1-6','2','');
insert into column_val (xmlid, col_xmlid, dataname, col_seq, colname, colcnname, datatype, length, precision_val, party_seq, isprimarykey, isnullable, remark, filed_type_child, sensitive_level, policyid) values ('TS_LOAD_QY_INCOME_RPT_MO_DG_20161128','TS_LOAD_QY_INCOME_RPT_MO_DG_20170911','TS_LOAD_QY_INCOME_RPT_MO_DG','11','IUSR_CHRG_AMT','智能网前台预存款','DECIMAL','16','2','','','Y','','D1-6','2','PID_all');
insert into column_val (xmlid, col_xmlid, dataname, col_seq, colname, colcnname, datatype, length, precision_val, party_seq, isprimarykey, isnullable, remark, filed_type_child, sensitive_level, policyid) values ('TS_LOAD_QY_INCOME_RPT_MO_DG_20161128','TS_LOAD_QY_INCOME_RPT_MO_DG_20170912','TS_LOAD_QY_INCOME_RPT_MO_DG','12','IBOSS_CHRG_AMT','IBOSS前台预存','DECIMAL','16','2','','','Y','','D1-6','2','');
insert into column_val (xmlid, col_xmlid, dataname, col_seq, colname, colcnname, datatype, length, precision_val, party_seq, isprimarykey, isnullable, remark, filed_type_child, sensitive_level, policyid) values ('TS_LOAD_QY_INCOME_RPT_MO_DG_20161128','TS_LOAD_QY_INCOME_RPT_MO_DG_20170913','TS_LOAD_QY_INCOME_RPT_MO_DG','13','BOSS_DG_PRECHRG','BOSS动感地带预存','DECIMAL','16','2','','','Y','','D1-6','2','');
insert into column_val (xmlid, col_xmlid, dataname, col_seq, colname, colcnname, datatype, length, precision_val, party_seq, isprimarykey, isnullable, remark, filed_type_child, sensitive_level, policyid) values ('TS_LOAD_QY_INCOME_RPT_MO_DG_20161128','TS_LOAD_QY_INCOME_RPT_MO_DG_20170914','TS_LOAD_QY_INCOME_RPT_MO_DG','14','BOSS_SZX_PRECHRG','BOSS神州行预存','DECIMAL','16','2','','','Y','','D1-6','2','');
insert into column_val (xmlid, col_xmlid, dataname, col_seq, colname, colcnname, datatype, length, precision_val, party_seq, isprimarykey, isnullable, remark, filed_type_child, sensitive_level, policyid) values ('TS_LOAD_QY_INCOME_RPT_MO_DG_20161128','TS_LOAD_QY_INCOME_RPT_MO_DG_20170915','TS_LOAD_QY_INCOME_RPT_MO_DG','15','OCS_DG_PRECHRG','OCS动感地带预存','DECIMAL','16','2','','','Y','','D1-6','2','');
insert into column_val (xmlid, col_xmlid, dataname, col_seq, colname, colcnname, datatype, length, precision_val, party_seq, isprimarykey, isnullable, remark, filed_type_child, sensitive_level, policyid) values ('TS_LOAD_QY_INCOME_RPT_MO_DG_20161128','TS_LOAD_QY_INCOME_RPT_MO_DG_20170916','TS_LOAD_QY_INCOME_RPT_MO_DG','16','OCS_SZX_PRECHRG','OCS神州行预存','DECIMAL','16','2','','','Y','','D1-6','2','');
insert into column_val (xmlid, col_xmlid, dataname, col_seq, colname, colcnname, datatype, length, precision_val, party_seq, isprimarykey, isnullable, remark, filed_type_child, sensitive_level, policyid) values ('TS_LOAD_QY_INCOME_RPT_MO_DG_20161128','TS_LOAD_QY_INCOME_RPT_MO_DG_20170917','TS_LOAD_QY_INCOME_RPT_MO_DG','17','SCP_DG_PRECHRG','SCP动感地带预存','DECIMAL','16','2','','','Y','','D1-6','2','');
insert into column_val (xmlid, col_xmlid, dataname, col_seq, colname, colcnname, datatype, length, precision_val, party_seq, isprimarykey, isnullable, remark, filed_type_child, sensitive_level, policyid) values ('TS_LOAD_QY_INCOME_RPT_MO_DG_20161128','TS_LOAD_QY_INCOME_RPT_MO_DG_20170918','TS_LOAD_QY_INCOME_RPT_MO_DG','18','SCP_SZX_PRECHRG','SCP神州行预存','DECIMAL','16','2','','','Y','','D1-6','2','');
insert into column_val (xmlid, col_xmlid, dataname, col_seq, colname, colcnname, datatype, length, precision_val, party_seq, isprimarykey, isnullable, remark, filed_type_child, sensitive_level, policyid) values ('TS_LOAD_QY_INCOME_RPT_MO_DG_20161128','TS_LOAD_QY_INCOME_RPT_MO_DG_20170919','TS_LOAD_QY_INCOME_RPT_MO_DG','19','AIR_CHRG_AMT','空中充值','DECIMAL','16','2','','','Y','','D1-6','2','');
insert into column_val (xmlid, col_xmlid, dataname, col_seq, colname, colcnname, datatype, length, precision_val, party_seq, isprimarykey, isnullable, remark, filed_type_child, sensitive_level, policyid) values ('TS_LOAD_QY_INCOME_RPT_MO_DG_20161128','TS_LOAD_QY_INCOME_RPT_MO_DG_20170920','TS_LOAD_QY_INCOME_RPT_MO_DG','20','SIM_CRD_AMT','SIM卡','DECIMAL','16','2','','','Y','','D1-6','2','PID_14star');
insert into column_val (xmlid, col_xmlid, dataname, col_seq, colname, colcnname, datatype, length, precision_val, party_seq, isprimarykey, isnullable, remark, filed_type_child, sensitive_level, policyid) values ('TS_LOAD_QY_INCOME_RPT_MO_DG_20161128','TS_LOAD_QY_INCOME_RPT_MO_DG_20170921','TS_LOAD_QY_INCOME_RPT_MO_DG','21','BAD_BILL_AMT','坏账回收','DECIMAL','16','2','','','Y','','D1-6','2','');
insert into column_val (xmlid, col_xmlid, dataname, col_seq, colname, colcnname, datatype, length, precision_val, party_seq, isprimarykey, isnullable, remark, filed_type_child, sensitive_level, policyid) values ('TS_LOAD_QY_INCOME_RPT_MO_DG_20161128','TS_LOAD_QY_INCOME_RPT_MO_DG_20170922','TS_LOAD_QY_INCOME_RPT_MO_DG','22','CHNL_AMT','渠道酬金','DECIMAL','16','2','','','Y','','D1-6','2','');
insert into column_val (xmlid, col_xmlid, dataname, col_seq, colname, colcnname, datatype, length, precision_val, party_seq, isprimarykey, isnullable, remark, filed_type_child, sensitive_level, policyid) values ('TS_LOAD_QY_INCOME_RPT_MO_DG_20161128','TS_LOAD_QY_INCOME_RPT_MO_DG_20170923','TS_LOAD_QY_INCOME_RPT_MO_DG','23','TAX_AMT','代扣税','DECIMAL','16','2','','','Y','','D1-6','2','');
insert into column_val (xmlid, col_xmlid, dataname, col_seq, colname, colcnname, datatype, length, precision_val, party_seq, isprimarykey, isnullable, remark, filed_type_child, sensitive_level, policyid) values ('TS_LOAD_QY_INCOME_RPT_MO_DG_20161128','TS_LOAD_QY_INCOME_RPT_MO_DG_20170924','TS_LOAD_QY_INCOME_RPT_MO_DG','24','AREA_BUSI_AMT','跨区业务收费','DECIMAL','16','2','','','Y','','D1-6','2','');
insert into column_val (xmlid, col_xmlid, dataname, col_seq, colname, colcnname, datatype, length, precision_val, party_seq, isprimarykey, isnullable, remark, filed_type_child, sensitive_level, policyid) values ('TS_LOAD_QY_INCOME_RPT_MO_DG_20161128','TS_LOAD_QY_INCOME_RPT_MO_DG_20170925','TS_LOAD_QY_INCOME_RPT_MO_DG','25','SZX_PKGCRD_AMT','SCP套卡销售金额','DECIMAL','16','2','','','Y','','D1-6','2','PID_all');
insert into column_val (xmlid, col_xmlid, dataname, col_seq, colname, colcnname, datatype, length, precision_val, party_seq, isprimarykey, isnullable, remark, filed_type_child, sensitive_level, policyid) values ('TS_LOAD_QY_INCOME_RPT_MO_DG_20161128','TS_LOAD_QY_INCOME_RPT_MO_DG_20170926','TS_LOAD_QY_INCOME_RPT_MO_DG','26','DG_PKGCRD_AMT','OCS套卡销售金额','DECIMAL','16','2','','','Y','','D1-6','2','PID_all');
insert into column_val (xmlid, col_xmlid, dataname, col_seq, colname, colcnname, datatype, length, precision_val, party_seq, isprimarykey, isnullable, remark, filed_type_child, sensitive_level, policyid) values ('TS_LOAD_QY_INCOME_RPT_MO_DG_20161128','TS_LOAD_QY_INCOME_RPT_MO_DG_20170927','TS_LOAD_QY_INCOME_RPT_MO_DG','27','DATA_SOURCE','数据来源','STRING','','','','','Y','','D1-6','2','');
insert into column_val (xmlid, col_xmlid, dataname, col_seq, colname, colcnname, datatype, length, precision_val, party_seq, isprimarykey, isnullable, remark, filed_type_child, sensitive_level, policyid) values ('TS_LOAD_QY_INCOME_RPT_MO_DG_20161128','TS_LOAD_QY_INCOME_RPT_MO_DG_20170928','TS_LOAD_QY_INCOME_RPT_MO_DG','28','month','月份','INT','','','1','','N','','','','');

insert into tablefile (xmlid, dbname, dataname, datacnname, state, cycletype, topiccode, extend_cfg, rightlevel, creater, curdutyer, eff_date, state_date, team_code, open_state, remark) values ('TS_LOAD_QY_INCOME_RPT_MO_FS_20161128','BD_B','TS_LOAD_QY_INCOME_RPT_MO_FS','STAGE_营收款汇总月报接口表','NEW','month','LAYERI_IFINAC','{"EXTERNAL":"y","LOCATION":"/tenant/BIGDATA/JCFW/JRCL/BD_B/STAGE/TS_LOAD_QY_INCOME_RPT_MO/branch=FS","FILEFORMAT":"TEXTFILE","DELIMITER":"@#$"}','其他','谢英俊','谢英俊', TIMESTAMP '2016-08-24 12:00:00', TIMESTAMP '2016-08-24 12:00:00','f2999fd5-c34e-402e-9b28-fec9fca13044','','接口层-财务主题域');
insert into column_val (xmlid, col_xmlid, dataname, col_seq, colname, colcnname, datatype, length, precision_val, party_seq, isprimarykey, isnullable, remark, filed_type_child, sensitive_level, policyid) values ('TS_LOAD_QY_INCOME_RPT_MO_FS_20161128','TS_LOAD_QY_INCOME_RPT_MO_FS_2017091','TS_LOAD_QY_INCOME_RPT_MO_FS','1','TM_INTRVL_CD','日期','INT','','','','','N','','D1-6','2','');
insert into column_val (xmlid, col_xmlid, dataname, col_seq, colname, colcnname, datatype, length, precision_val, party_seq, isprimarykey, isnullable, remark, filed_type_child, sensitive_level, policyid) values ('TS_LOAD_QY_INCOME_RPT_MO_FS_20161128','TS_LOAD_QY_INCOME_RPT_MO_FS_2017092','TS_LOAD_QY_INCOME_RPT_MO_FS','2','CMCC_BRANCH_CD','市公司标识','STRING','','','','','N','','D1-6','2','');
insert into column_val (xmlid, col_xmlid, dataname, col_seq, colname, colcnname, datatype, length, precision_val, party_seq, isprimarykey, isnullable, remark, filed_type_child, sensitive_level, policyid) values ('TS_LOAD_QY_INCOME_RPT_MO_FS_20161128','TS_LOAD_QY_INCOME_RPT_MO_FS_2017093','TS_LOAD_QY_INCOME_RPT_MO_FS','3','CHRG_CRD_AMT','充值卡销售金额','DECIMAL','16','2','','','Y','','D1-6','2','PID_all');
insert into column_val (xmlid, col_xmlid, dataname, col_seq, colname, colcnname, datatype, length, precision_val, party_seq, isprimarykey, isnullable, remark, filed_type_child, sensitive_level, policyid) values ('TS_LOAD_QY_INCOME_RPT_MO_FS_20161128','TS_LOAD_QY_INCOME_RPT_MO_FS_2017094','TS_LOAD_QY_INCOME_RPT_MO_FS','4','PKG_CRD_AMT','BOSS套卡销售金额','DECIMAL','16','2','','','Y','','D1-6','2','PID_all');
insert into column_val (xmlid, col_xmlid, dataname, col_seq, colname, colcnname, datatype, length, precision_val, party_seq, isprimarykey, isnullable, remark, filed_type_child, sensitive_level, policyid) values ('TS_LOAD_QY_INCOME_RPT_MO_FS_20161128','TS_LOAD_QY_INCOME_RPT_MO_FS_2017095','TS_LOAD_QY_INCOME_RPT_MO_FS','5','GOTONE_PRECHRG_AMT','全球通+TD预存款','DECIMAL','16','2','','','Y','','D1-6','2','PID_all');
insert into column_val (xmlid, col_xmlid, dataname, col_seq, colname, colcnname, datatype, length, precision_val, party_seq, isprimarykey, isnullable, remark, filed_type_child, sensitive_level, policyid) values ('TS_LOAD_QY_INCOME_RPT_MO_FS_20161128','TS_LOAD_QY_INCOME_RPT_MO_FS_2017096','TS_LOAD_QY_INCOME_RPT_MO_FS','6','IUSR_PRECHRG_AMT','智能网前台现金充值','DECIMAL','16','2','','','Y','','D1-6','2','');
insert into column_val (xmlid, col_xmlid, dataname, col_seq, colname, colcnname, datatype, length, precision_val, party_seq, isprimarykey, isnullable, remark, filed_type_child, sensitive_level, policyid) values ('TS_LOAD_QY_INCOME_RPT_MO_FS_20161128','TS_LOAD_QY_INCOME_RPT_MO_FS_2017097','TS_LOAD_QY_INCOME_RPT_MO_FS','7','OTH_AMT','杂费','DECIMAL','16','2','','','Y','','D1-6','2','');
insert into column_val (xmlid, col_xmlid, dataname, col_seq, colname, colcnname, datatype, length, precision_val, party_seq, isprimarykey, isnullable, remark, filed_type_child, sensitive_level, policyid) values ('TS_LOAD_QY_INCOME_RPT_MO_FS_20161128','TS_LOAD_QY_INCOME_RPT_MO_FS_2017098','TS_LOAD_QY_INCOME_RPT_MO_FS','8','SELL_AMT','实物销售','DECIMAL','16','2','','','Y','','D1-6','2','');
insert into column_val (xmlid, col_xmlid, dataname, col_seq, colname, colcnname, datatype, length, precision_val, party_seq, isprimarykey, isnullable, remark, filed_type_child, sensitive_level, policyid) values ('TS_LOAD_QY_INCOME_RPT_MO_FS_20161128','TS_LOAD_QY_INCOME_RPT_MO_FS_2017099','TS_LOAD_QY_INCOME_RPT_MO_FS','9','NEW_AMT','新增其他','DECIMAL','16','2','','','Y','','D1-6','2','');
insert into column_val (xmlid, col_xmlid, dataname, col_seq, colname, colcnname, datatype, length, precision_val, party_seq, isprimarykey, isnullable, remark, filed_type_child, sensitive_level, policyid) values ('TS_LOAD_QY_INCOME_RPT_MO_FS_20161128','TS_LOAD_QY_INCOME_RPT_MO_FS_20170910','TS_LOAD_QY_INCOME_RPT_MO_FS','10','TOT_AMT','营业日报营收款总额','DECIMAL','16','2','','','Y','','D1-6','2','');
insert into column_val (xmlid, col_xmlid, dataname, col_seq, colname, colcnname, datatype, length, precision_val, party_seq, isprimarykey, isnullable, remark, filed_type_child, sensitive_level, policyid) values ('TS_LOAD_QY_INCOME_RPT_MO_FS_20161128','TS_LOAD_QY_INCOME_RPT_MO_FS_20170911','TS_LOAD_QY_INCOME_RPT_MO_FS','11','IUSR_CHRG_AMT','智能网前台预存款','DECIMAL','16','2','','','Y','','D1-6','2','PID_all');
insert into column_val (xmlid, col_xmlid, dataname, col_seq, colname, colcnname, datatype, length, precision_val, party_seq, isprimarykey, isnullable, remark, filed_type_child, sensitive_level, policyid) values ('TS_LOAD_QY_INCOME_RPT_MO_FS_20161128','TS_LOAD_QY_INCOME_RPT_MO_FS_20170912','TS_LOAD_QY_INCOME_RPT_MO_FS','12','IBOSS_CHRG_AMT','IBOSS前台预存','DECIMAL','16','2','','','Y','','D1-6','2','');
insert into column_val (xmlid, col_xmlid, dataname, col_seq, colname, colcnname, datatype, length, precision_val, party_seq, isprimarykey, isnullable, remark, filed_type_child, sensitive_level, policyid) values ('TS_LOAD_QY_INCOME_RPT_MO_FS_20161128','TS_LOAD_QY_INCOME_RPT_MO_FS_20170913','TS_LOAD_QY_INCOME_RPT_MO_FS','13','BOSS_DG_PRECHRG','BOSS动感地带预存','DECIMAL','16','2','','','Y','','D1-6','2','');
insert into column_val (xmlid, col_xmlid, dataname, col_seq, colname, colcnname, datatype, length, precision_val, party_seq, isprimarykey, isnullable, remark, filed_type_child, sensitive_level, policyid) values ('TS_LOAD_QY_INCOME_RPT_MO_FS_20161128','TS_LOAD_QY_INCOME_RPT_MO_FS_20170914','TS_LOAD_QY_INCOME_RPT_MO_FS','14','BOSS_SZX_PRECHRG','BOSS神州行预存','DECIMAL','16','2','','','Y','','D1-6','2','');
insert into column_val (xmlid, col_xmlid, dataname, col_seq, colname, colcnname, datatype, length, precision_val, party_seq, isprimarykey, isnullable, remark, filed_type_child, sensitive_level, policyid) values ('TS_LOAD_QY_INCOME_RPT_MO_FS_20161128','TS_LOAD_QY_INCOME_RPT_MO_FS_20170915','TS_LOAD_QY_INCOME_RPT_MO_FS','15','OCS_DG_PRECHRG','OCS动感地带预存','DECIMAL','16','2','','','Y','','D1-6','2','');
insert into column_val (xmlid, col_xmlid, dataname, col_seq, colname, colcnname, datatype, length, precision_val, party_seq, isprimarykey, isnullable, remark, filed_type_child, sensitive_level, policyid) values ('TS_LOAD_QY_INCOME_RPT_MO_FS_20161128','TS_LOAD_QY_INCOME_RPT_MO_FS_20170916','TS_LOAD_QY_INCOME_RPT_MO_FS','16','OCS_SZX_PRECHRG','OCS神州行预存','DECIMAL','16','2','','','Y','','D1-6','2','');
insert into column_val (xmlid, col_xmlid, dataname, col_seq, colname, colcnname, datatype, length, precision_val, party_seq, isprimarykey, isnullable, remark, filed_type_child, sensitive_level, policyid) values ('TS_LOAD_QY_INCOME_RPT_MO_FS_20161128','TS_LOAD_QY_INCOME_RPT_MO_FS_20170917','TS_LOAD_QY_INCOME_RPT_MO_FS','17','SCP_DG_PRECHRG','SCP动感地带预存','DECIMAL','16','2','','','Y','','D1-6','2','');
insert into column_val (xmlid, col_xmlid, dataname, col_seq, colname, colcnname, datatype, length, precision_val, party_seq, isprimarykey, isnullable, remark, filed_type_child, sensitive_level, policyid) values ('TS_LOAD_QY_INCOME_RPT_MO_FS_20161128','TS_LOAD_QY_INCOME_RPT_MO_FS_20170918','TS_LOAD_QY_INCOME_RPT_MO_FS','18','SCP_SZX_PRECHRG','SCP神州行预存','DECIMAL','16','2','','','Y','','D1-6','2','');
insert into column_val (xmlid, col_xmlid, dataname, col_seq, colname, colcnname, datatype, length, precision_val, party_seq, isprimarykey, isnullable, remark, filed_type_child, sensitive_level, policyid) values ('TS_LOAD_QY_INCOME_RPT_MO_FS_20161128','TS_LOAD_QY_INCOME_RPT_MO_FS_20170919','TS_LOAD_QY_INCOME_RPT_MO_FS','19','AIR_CHRG_AMT','空中充值','DECIMAL','16','2','','','Y','','D1-6','2','');
insert into column_val (xmlid, col_xmlid, dataname, col_seq, colname, colcnname, datatype, length, precision_val, party_seq, isprimarykey, isnullable, remark, filed_type_child, sensitive_level, policyid) values ('TS_LOAD_QY_INCOME_RPT_MO_FS_20161128','TS_LOAD_QY_INCOME_RPT_MO_FS_20170920','TS_LOAD_QY_INCOME_RPT_MO_FS','20','SIM_CRD_AMT','SIM卡','DECIMAL','16','2','','','Y','','D1-6','2','PID_14star');
insert into column_val (xmlid, col_xmlid, dataname, col_seq, colname, colcnname, datatype, length, precision_val, party_seq, isprimarykey, isnullable, remark, filed_type_child, sensitive_level, policyid) values ('TS_LOAD_QY_INCOME_RPT_MO_FS_20161128','TS_LOAD_QY_INCOME_RPT_MO_FS_20170921','TS_LOAD_QY_INCOME_RPT_MO_FS','21','BAD_BILL_AMT','坏账回收','DECIMAL','16','2','','','Y','','D1-6','2','');
insert into column_val (xmlid, col_xmlid, dataname, col_seq, colname, colcnname, datatype, length, precision_val, party_seq, isprimarykey, isnullable, remark, filed_type_child, sensitive_level, policyid) values ('TS_LOAD_QY_INCOME_RPT_MO_FS_20161128','TS_LOAD_QY_INCOME_RPT_MO_FS_20170922','TS_LOAD_QY_INCOME_RPT_MO_FS','22','CHNL_AMT','渠道酬金','DECIMAL','16','2','','','Y','','D1-6','2','');
insert into column_val (xmlid, col_xmlid, dataname, col_seq, colname, colcnname, datatype, length, precision_val, party_seq, isprimarykey, isnullable, remark, filed_type_child, sensitive_level, policyid) values ('TS_LOAD_QY_INCOME_RPT_MO_FS_20161128','TS_LOAD_QY_INCOME_RPT_MO_FS_20170923','TS_LOAD_QY_INCOME_RPT_MO_FS','23','TAX_AMT','代扣税','DECIMAL','16','2','','','Y','','D1-6','2','');
insert into column_val (xmlid, col_xmlid, dataname, col_seq, colname, colcnname, datatype, length, precision_val, party_seq, isprimarykey, isnullable, remark, filed_type_child, sensitive_level, policyid) values ('TS_LOAD_QY_INCOME_RPT_MO_FS_20161128','TS_LOAD_QY_INCOME_RPT_MO_FS_20170924','TS_LOAD_QY_INCOME_RPT_MO_FS','24','AREA_BUSI_AMT','跨区业务收费','DECIMAL','16','2','','','Y','','D1-6','2','');
insert into column_val (xmlid, col_xmlid, dataname, col_seq, colname, colcnname, datatype, length, precision_val, party_seq, isprimarykey, isnullable, remark, filed_type_child, sensitive_level, policyid) values ('TS_LOAD_QY_INCOME_RPT_MO_FS_20161128','TS_LOAD_QY_INCOME_RPT_MO_FS_20170925','TS_LOAD_QY_INCOME_RPT_MO_FS','25','SZX_PKGCRD_AMT','SCP套卡销售金额','DECIMAL','16','2','','','Y','','D1-6','2','PID_all');
insert into column_val (xmlid, col_xmlid, dataname, col_seq, colname, colcnname, datatype, length, precision_val, party_seq, isprimarykey, isnullable, remark, filed_type_child, sensitive_level, policyid) values ('TS_LOAD_QY_INCOME_RPT_MO_FS_20161128','TS_LOAD_QY_INCOME_RPT_MO_FS_20170926','TS_LOAD_QY_INCOME_RPT_MO_FS','26','DG_PKGCRD_AMT','OCS套卡销售金额','DECIMAL','16','2','','','Y','','D1-6','2','PID_all');
insert into column_val (xmlid, col_xmlid, dataname, col_seq, colname, colcnname, datatype, length, precision_val, party_seq, isprimarykey, isnullable, remark, filed_type_child, sensitive_level, policyid) values ('TS_LOAD_QY_INCOME_RPT_MO_FS_20161128','TS_LOAD_QY_INCOME_RPT_MO_FS_20170927','TS_LOAD_QY_INCOME_RPT_MO_FS','27','DATA_SOURCE','数据来源','STRING','','','','','Y','','D1-6','2','');
insert into column_val (xmlid, col_xmlid, dataname, col_seq, colname, colcnname, datatype, length, precision_val, party_seq, isprimarykey, isnullable, remark, filed_type_child, sensitive_level, policyid) values ('TS_LOAD_QY_INCOME_RPT_MO_FS_20161128','TS_LOAD_QY_INCOME_RPT_MO_FS_20170928','TS_LOAD_QY_INCOME_RPT_MO_FS','28','month','月份','INT','','','1','','N','','','','');

insert into tablefile (xmlid, dbname, dataname, datacnname, state, cycletype, topiccode, extend_cfg, rightlevel, creater, curdutyer, eff_date, state_date, team_code, open_state, remark) values ('TS_LOAD_QY_INCOME_RPT_MO_ST_20161128','BD_B','TS_LOAD_QY_INCOME_RPT_MO_ST','STAGE_营收款汇总月报接口表','NEW','month','LAYERI_IFINAC','{"EXTERNAL":"y","LOCATION":"/tenant/BIGDATA/JCFW/JRCL/BD_B/STAGE/TS_LOAD_QY_INCOME_RPT_MO/branch=ST","FILEFORMAT":"TEXTFILE","DELIMITER":"@#$"}','其他','谢英俊','谢英俊', TIMESTAMP '2016-08-24 12:00:00', TIMESTAMP '2016-08-24 12:00:00','f2999fd5-c34e-402e-9b28-fec9fca13044','','接口层-财务主题域');
insert into column_val (xmlid, col_xmlid, dataname, col_seq, colname, colcnname, datatype, length, precision_val, party_seq, isprimarykey, isnullable, remark, filed_type_child, sensitive_level, policyid) values ('TS_LOAD_QY_INCOME_RPT_MO_ST_20161128','TS_LOAD_QY_INCOME_RPT_MO_ST_2017091','TS_LOAD_QY_INCOME_RPT_MO_ST','1','TM_INTRVL_CD','日期','INT','','','','','N','','D1-6','2','');
insert into column_val (xmlid, col_xmlid, dataname, col_seq, colname, colcnname, datatype, length, precision_val, party_seq, isprimarykey, isnullable, remark, filed_type_child, sensitive_level, policyid) values ('TS_LOAD_QY_INCOME_RPT_MO_ST_20161128','TS_LOAD_QY_INCOME_RPT_MO_ST_2017092','TS_LOAD_QY_INCOME_RPT_MO_ST','2','CMCC_BRANCH_CD','市公司标识','STRING','','','','','N','','D1-6','2','');
insert into column_val (xmlid, col_xmlid, dataname, col_seq, colname, colcnname, datatype, length, precision_val, party_seq, isprimarykey, isnullable, remark, filed_type_child, sensitive_level, policyid) values ('TS_LOAD_QY_INCOME_RPT_MO_ST_20161128','TS_LOAD_QY_INCOME_RPT_MO_ST_2017093','TS_LOAD_QY_INCOME_RPT_MO_ST','3','CHRG_CRD_AMT','充值卡销售金额','DECIMAL','16','2','','','Y','','D1-6','2','PID_all');
insert into column_val (xmlid, col_xmlid, dataname, col_seq, colname, colcnname, datatype, length, precision_val, party_seq, isprimarykey, isnullable, remark, filed_type_child, sensitive_level, policyid) values ('TS_LOAD_QY_INCOME_RPT_MO_ST_20161128','TS_LOAD_QY_INCOME_RPT_MO_ST_2017094','TS_LOAD_QY_INCOME_RPT_MO_ST','4','PKG_CRD_AMT','BOSS套卡销售金额','DECIMAL','16','2','','','Y','','D1-6','2','PID_all');
insert into column_val (xmlid, col_xmlid, dataname, col_seq, colname, colcnname, datatype, length, precision_val, party_seq, isprimarykey, isnullable, remark, filed_type_child, sensitive_level, policyid) values ('TS_LOAD_QY_INCOME_RPT_MO_ST_20161128','TS_LOAD_QY_INCOME_RPT_MO_ST_2017095','TS_LOAD_QY_INCOME_RPT_MO_ST','5','GOTONE_PRECHRG_AMT','全球通+TD预存款','DECIMAL','16','2','','','Y','','D1-6','2','PID_all');
insert into column_val (xmlid, col_xmlid, dataname, col_seq, colname, colcnname, datatype, length, precision_val, party_seq, isprimarykey, isnullable, remark, filed_type_child, sensitive_level, policyid) values ('TS_LOAD_QY_INCOME_RPT_MO_ST_20161128','TS_LOAD_QY_INCOME_RPT_MO_ST_2017096','TS_LOAD_QY_INCOME_RPT_MO_ST','6','IUSR_PRECHRG_AMT','智能网前台现金充值','DECIMAL','16','2','','','Y','','D1-6','2','');
insert into column_val (xmlid, col_xmlid, dataname, col_seq, colname, colcnname, datatype, length, precision_val, party_seq, isprimarykey, isnullable, remark, filed_type_child, sensitive_level, policyid) values ('TS_LOAD_QY_INCOME_RPT_MO_ST_20161128','TS_LOAD_QY_INCOME_RPT_MO_ST_2017097','TS_LOAD_QY_INCOME_RPT_MO_ST','7','OTH_AMT','杂费','DECIMAL','16','2','','','Y','','D1-6','2','');
insert into column_val (xmlid, col_xmlid, dataname, col_seq, colname, colcnname, datatype, length, precision_val, party_seq, isprimarykey, isnullable, remark, filed_type_child, sensitive_level, policyid) values ('TS_LOAD_QY_INCOME_RPT_MO_ST_20161128','TS_LOAD_QY_INCOME_RPT_MO_ST_2017098','TS_LOAD_QY_INCOME_RPT_MO_ST','8','SELL_AMT','实物销售','DECIMAL','16','2','','','Y','','D1-6','2','');
insert into column_val (xmlid, col_xmlid, dataname, col_seq, colname, colcnname, datatype, length, precision_val, party_seq, isprimarykey, isnullable, remark, filed_type_child, sensitive_level, policyid) values ('TS_LOAD_QY_INCOME_RPT_MO_ST_20161128','TS_LOAD_QY_INCOME_RPT_MO_ST_2017099','TS_LOAD_QY_INCOME_RPT_MO_ST','9','NEW_AMT','新增其他','DECIMAL','16','2','','','Y','','D1-6','2','');
insert into column_val (xmlid, col_xmlid, dataname, col_seq, colname, colcnname, datatype, length, precision_val, party_seq, isprimarykey, isnullable, remark, filed_type_child, sensitive_level, policyid) values ('TS_LOAD_QY_INCOME_RPT_MO_ST_20161128','TS_LOAD_QY_INCOME_RPT_MO_ST_20170910','TS_LOAD_QY_INCOME_RPT_MO_ST','10','TOT_AMT','营业日报营收款总额','DECIMAL','16','2','','','Y','','D1-6','2','');
insert into column_val (xmlid, col_xmlid, dataname, col_seq, colname, colcnname, datatype, length, precision_val, party_seq, isprimarykey, isnullable, remark, filed_type_child, sensitive_level, policyid) values ('TS_LOAD_QY_INCOME_RPT_MO_ST_20161128','TS_LOAD_QY_INCOME_RPT_MO_ST_20170911','TS_LOAD_QY_INCOME_RPT_MO_ST','11','IUSR_CHRG_AMT','智能网前台预存款','DECIMAL','16','2','','','Y','','D1-6','2','PID_all');
insert into column_val (xmlid, col_xmlid, dataname, col_seq, colname, colcnname, datatype, length, precision_val, party_seq, isprimarykey, isnullable, remark, filed_type_child, sensitive_level, policyid) values ('TS_LOAD_QY_INCOME_RPT_MO_ST_20161128','TS_LOAD_QY_INCOME_RPT_MO_ST_20170912','TS_LOAD_QY_INCOME_RPT_MO_ST','12','IBOSS_CHRG_AMT','IBOSS前台预存','DECIMAL','16','2','','','Y','','D1-6','2','');
insert into column_val (xmlid, col_xmlid, dataname, col_seq, colname, colcnname, datatype, length, precision_val, party_seq, isprimarykey, isnullable, remark, filed_type_child, sensitive_level, policyid) values ('TS_LOAD_QY_INCOME_RPT_MO_ST_20161128','TS_LOAD_QY_INCOME_RPT_MO_ST_20170913','TS_LOAD_QY_INCOME_RPT_MO_ST','13','BOSS_DG_PRECHRG','BOSS动感地带预存','DECIMAL','16','2','','','Y','','D1-6','2','');
insert into column_val (xmlid, col_xmlid, dataname, col_seq, colname, colcnname, datatype, length, precision_val, party_seq, isprimarykey, isnullable, remark, filed_type_child, sensitive_level, policyid) values ('TS_LOAD_QY_INCOME_RPT_MO_ST_20161128','TS_LOAD_QY_INCOME_RPT_MO_ST_20170914','TS_LOAD_QY_INCOME_RPT_MO_ST','14','BOSS_SZX_PRECHRG','BOSS神州行预存','DECIMAL','16','2','','','Y','','D1-6','2','');
insert into column_val (xmlid, col_xmlid, dataname, col_seq, colname, colcnname, datatype, length, precision_val, party_seq, isprimarykey, isnullable, remark, filed_type_child, sensitive_level, policyid) values ('TS_LOAD_QY_INCOME_RPT_MO_ST_20161128','TS_LOAD_QY_INCOME_RPT_MO_ST_20170915','TS_LOAD_QY_INCOME_RPT_MO_ST','15','OCS_DG_PRECHRG','OCS动感地带预存','DECIMAL','16','2','','','Y','','D1-6','2','');
insert into column_val (xmlid, col_xmlid, dataname, col_seq, colname, colcnname, datatype, length, precision_val, party_seq, isprimarykey, isnullable, remark, filed_type_child, sensitive_level, policyid) values ('TS_LOAD_QY_INCOME_RPT_MO_ST_20161128','TS_LOAD_QY_INCOME_RPT_MO_ST_20170916','TS_LOAD_QY_INCOME_RPT_MO_ST','16','OCS_SZX_PRECHRG','OCS神州行预存','DECIMAL','16','2','','','Y','','D1-6','2','');
insert into column_val (xmlid, col_xmlid, dataname, col_seq, colname, colcnname, datatype, length, precision_val, party_seq, isprimarykey, isnullable, remark, filed_type_child, sensitive_level, policyid) values ('TS_LOAD_QY_INCOME_RPT_MO_ST_20161128','TS_LOAD_QY_INCOME_RPT_MO_ST_20170917','TS_LOAD_QY_INCOME_RPT_MO_ST','17','SCP_DG_PRECHRG','SCP动感地带预存','DECIMAL','16','2','','','Y','','D1-6','2','');
insert into column_val (xmlid, col_xmlid, dataname, col_seq, colname, colcnname, datatype, length, precision_val, party_seq, isprimarykey, isnullable, remark, filed_type_child, sensitive_level, policyid) values ('TS_LOAD_QY_INCOME_RPT_MO_ST_20161128','TS_LOAD_QY_INCOME_RPT_MO_ST_20170918','TS_LOAD_QY_INCOME_RPT_MO_ST','18','SCP_SZX_PRECHRG','SCP神州行预存','DECIMAL','16','2','','','Y','','D1-6','2','');
insert into column_val (xmlid, col_xmlid, dataname, col_seq, colname, colcnname, datatype, length, precision_val, party_seq, isprimarykey, isnullable, remark, filed_type_child, sensitive_level, policyid) values ('TS_LOAD_QY_INCOME_RPT_MO_ST_20161128','TS_LOAD_QY_INCOME_RPT_MO_ST_20170919','TS_LOAD_QY_INCOME_RPT_MO_ST','19','AIR_CHRG_AMT','空中充值','DECIMAL','16','2','','','Y','','D1-6','2','');
insert into column_val (xmlid, col_xmlid, dataname, col_seq, colname, colcnname, datatype, length, precision_val, party_seq, isprimarykey, isnullable, remark, filed_type_child, sensitive_level, policyid) values ('TS_LOAD_QY_INCOME_RPT_MO_ST_20161128','TS_LOAD_QY_INCOME_RPT_MO_ST_20170920','TS_LOAD_QY_INCOME_RPT_MO_ST','20','SIM_CRD_AMT','SIM卡','DECIMAL','16','2','','','Y','','D1-6','2','PID_14star');
insert into column_val (xmlid, col_xmlid, dataname, col_seq, colname, colcnname, datatype, length, precision_val, party_seq, isprimarykey, isnullable, remark, filed_type_child, sensitive_level, policyid) values ('TS_LOAD_QY_INCOME_RPT_MO_ST_20161128','TS_LOAD_QY_INCOME_RPT_MO_ST_20170921','TS_LOAD_QY_INCOME_RPT_MO_ST','21','BAD_BILL_AMT','坏账回收','DECIMAL','16','2','','','Y','','D1-6','2','');
insert into column_val (xmlid, col_xmlid, dataname, col_seq, colname, colcnname, datatype, length, precision_val, party_seq, isprimarykey, isnullable, remark, filed_type_child, sensitive_level, policyid) values ('TS_LOAD_QY_INCOME_RPT_MO_ST_20161128','TS_LOAD_QY_INCOME_RPT_MO_ST_20170922','TS_LOAD_QY_INCOME_RPT_MO_ST','22','CHNL_AMT','渠道酬金','DECIMAL','16','2','','','Y','','D1-6','2','');
insert into column_val (xmlid, col_xmlid, dataname, col_seq, colname, colcnname, datatype, length, precision_val, party_seq, isprimarykey, isnullable, remark, filed_type_child, sensitive_level, policyid) values ('TS_LOAD_QY_INCOME_RPT_MO_ST_20161128','TS_LOAD_QY_INCOME_RPT_MO_ST_20170923','TS_LOAD_QY_INCOME_RPT_MO_ST','23','TAX_AMT','代扣税','DECIMAL','16','2','','','Y','','D1-6','2','');
insert into column_val (xmlid, col_xmlid, dataname, col_seq, colname, colcnname, datatype, length, precision_val, party_seq, isprimarykey, isnullable, remark, filed_type_child, sensitive_level, policyid) values ('TS_LOAD_QY_INCOME_RPT_MO_ST_20161128','TS_LOAD_QY_INCOME_RPT_MO_ST_20170924','TS_LOAD_QY_INCOME_RPT_MO_ST','24','AREA_BUSI_AMT','跨区业务收费','DECIMAL','16','2','','','Y','','D1-6','2','');
insert into column_val (xmlid, col_xmlid, dataname, col_seq, colname, colcnname, datatype, length, precision_val, party_seq, isprimarykey, isnullable, remark, filed_type_child, sensitive_level, policyid) values ('TS_LOAD_QY_INCOME_RPT_MO_ST_20161128','TS_LOAD_QY_INCOME_RPT_MO_ST_20170925','TS_LOAD_QY_INCOME_RPT_MO_ST','25','SZX_PKGCRD_AMT','SCP套卡销售金额','DECIMAL','16','2','','','Y','','D1-6','2','PID_all');
insert into column_val (xmlid, col_xmlid, dataname, col_seq, colname, colcnname, datatype, length, precision_val, party_seq, isprimarykey, isnullable, remark, filed_type_child, sensitive_level, policyid) values ('TS_LOAD_QY_INCOME_RPT_MO_ST_20161128','TS_LOAD_QY_INCOME_RPT_MO_ST_20170926','TS_LOAD_QY_INCOME_RPT_MO_ST','26','DG_PKGCRD_AMT','OCS套卡销售金额','DECIMAL','16','2','','','Y','','D1-6','2','PID_all');
insert into column_val (xmlid, col_xmlid, dataname, col_seq, colname, colcnname, datatype, length, precision_val, party_seq, isprimarykey, isnullable, remark, filed_type_child, sensitive_level, policyid) values ('TS_LOAD_QY_INCOME_RPT_MO_ST_20161128','TS_LOAD_QY_INCOME_RPT_MO_ST_20170927','TS_LOAD_QY_INCOME_RPT_MO_ST','27','DATA_SOURCE','数据来源','STRING','','','','','Y','','D1-6','2','');
insert into column_val (xmlid, col_xmlid, dataname, col_seq, colname, colcnname, datatype, length, precision_val, party_seq, isprimarykey, isnullable, remark, filed_type_child, sensitive_level, policyid) values ('TS_LOAD_QY_INCOME_RPT_MO_ST_20161128','TS_LOAD_QY_INCOME_RPT_MO_ST_20170928','TS_LOAD_QY_INCOME_RPT_MO_ST','28','month','月份','INT','','','1','','N','','','','');

insert into tablefile (xmlid, dbname, dataname, datacnname, state, cycletype, topiccode, extend_cfg, rightlevel, creater, curdutyer, eff_date, state_date, team_code, open_state, remark) values ('TS_LOAD_QY_INCOME_RPT_MO_ZH_20161128','BD_B','TS_LOAD_QY_INCOME_RPT_MO_ZH','STAGE_营收款汇总月报接口表','NEW','month','LAYERI_IFINAC','{"EXTERNAL":"y","LOCATION":"/tenant/BIGDATA/JCFW/JRCL/BD_B/STAGE/TS_LOAD_QY_INCOME_RPT_MO/branch=ZH","FILEFORMAT":"TEXTFILE","DELIMITER":"@#$"}','其他','谢英俊','谢英俊', TIMESTAMP '2016-08-24 12:00:00', TIMESTAMP '2016-08-24 12:00:00','f2999fd5-c34e-402e-9b28-fec9fca13044','','接口层-财务主题域');
insert into column_val (xmlid, col_xmlid, dataname, col_seq, colname, colcnname, datatype, length, precision_val, party_seq, isprimarykey, isnullable, remark, filed_type_child, sensitive_level, policyid) values ('TS_LOAD_QY_INCOME_RPT_MO_ZH_20161128','TS_LOAD_QY_INCOME_RPT_MO_ZH_2017091','TS_LOAD_QY_INCOME_RPT_MO_ZH','1','TM_INTRVL_CD','日期','INT','','','','','N','','D1-6','2','');
insert into column_val (xmlid, col_xmlid, dataname, col_seq, colname, colcnname, datatype, length, precision_val, party_seq, isprimarykey, isnullable, remark, filed_type_child, sensitive_level, policyid) values ('TS_LOAD_QY_INCOME_RPT_MO_ZH_20161128','TS_LOAD_QY_INCOME_RPT_MO_ZH_2017092','TS_LOAD_QY_INCOME_RPT_MO_ZH','2','CMCC_BRANCH_CD','市公司标识','STRING','','','','','N','','D1-6','2','');
insert into column_val (xmlid, col_xmlid, dataname, col_seq, colname, colcnname, datatype, length, precision_val, party_seq, isprimarykey, isnullable, remark, filed_type_child, sensitive_level, policyid) values ('TS_LOAD_QY_INCOME_RPT_MO_ZH_20161128','TS_LOAD_QY_INCOME_RPT_MO_ZH_2017093','TS_LOAD_QY_INCOME_RPT_MO_ZH','3','CHRG_CRD_AMT','充值卡销售金额','DECIMAL','16','2','','','Y','','D1-6','2','PID_all');
insert into column_val (xmlid, col_xmlid, dataname, col_seq, colname, colcnname, datatype, length, precision_val, party_seq, isprimarykey, isnullable, remark, filed_type_child, sensitive_level, policyid) values ('TS_LOAD_QY_INCOME_RPT_MO_ZH_20161128','TS_LOAD_QY_INCOME_RPT_MO_ZH_2017094','TS_LOAD_QY_INCOME_RPT_MO_ZH','4','PKG_CRD_AMT','BOSS套卡销售金额','DECIMAL','16','2','','','Y','','D1-6','2','PID_all');
insert into column_val (xmlid, col_xmlid, dataname, col_seq, colname, colcnname, datatype, length, precision_val, party_seq, isprimarykey, isnullable, remark, filed_type_child, sensitive_level, policyid) values ('TS_LOAD_QY_INCOME_RPT_MO_ZH_20161128','TS_LOAD_QY_INCOME_RPT_MO_ZH_2017095','TS_LOAD_QY_INCOME_RPT_MO_ZH','5','GOTONE_PRECHRG_AMT','全球通+TD预存款','DECIMAL','16','2','','','Y','','D1-6','2','PID_all');
insert into column_val (xmlid, col_xmlid, dataname, col_seq, colname, colcnname, datatype, length, precision_val, party_seq, isprimarykey, isnullable, remark, filed_type_child, sensitive_level, policyid) values ('TS_LOAD_QY_INCOME_RPT_MO_ZH_20161128','TS_LOAD_QY_INCOME_RPT_MO_ZH_2017096','TS_LOAD_QY_INCOME_RPT_MO_ZH','6','IUSR_PRECHRG_AMT','智能网前台现金充值','DECIMAL','16','2','','','Y','','D1-6','2','');
insert into column_val (xmlid, col_xmlid, dataname, col_seq, colname, colcnname, datatype, length, precision_val, party_seq, isprimarykey, isnullable, remark, filed_type_child, sensitive_level, policyid) values ('TS_LOAD_QY_INCOME_RPT_MO_ZH_20161128','TS_LOAD_QY_INCOME_RPT_MO_ZH_2017097','TS_LOAD_QY_INCOME_RPT_MO_ZH','7','OTH_AMT','杂费','DECIMAL','16','2','','','Y','','D1-6','2','');
insert into column_val (xmlid, col_xmlid, dataname, col_seq, colname, colcnname, datatype, length, precision_val, party_seq, isprimarykey, isnullable, remark, filed_type_child, sensitive_level, policyid) values ('TS_LOAD_QY_INCOME_RPT_MO_ZH_20161128','TS_LOAD_QY_INCOME_RPT_MO_ZH_2017098','TS_LOAD_QY_INCOME_RPT_MO_ZH','8','SELL_AMT','实物销售','DECIMAL','16','2','','','Y','','D1-6','2','');
insert into column_val (xmlid, col_xmlid, dataname, col_seq, colname, colcnname, datatype, length, precision_val, party_seq, isprimarykey, isnullable, remark, filed_type_child, sensitive_level, policyid) values ('TS_LOAD_QY_INCOME_RPT_MO_ZH_20161128','TS_LOAD_QY_INCOME_RPT_MO_ZH_2017099','TS_LOAD_QY_INCOME_RPT_MO_ZH','9','NEW_AMT','新增其他','DECIMAL','16','2','','','Y','','D1-6','2','');
insert into column_val (xmlid, col_xmlid, dataname, col_seq, colname, colcnname, datatype, length, precision_val, party_seq, isprimarykey, isnullable, remark, filed_type_child, sensitive_level, policyid) values ('TS_LOAD_QY_INCOME_RPT_MO_ZH_20161128','TS_LOAD_QY_INCOME_RPT_MO_ZH_20170910','TS_LOAD_QY_INCOME_RPT_MO_ZH','10','TOT_AMT','营业日报营收款总额','DECIMAL','16','2','','','Y','','D1-6','2','');
insert into column_val (xmlid, col_xmlid, dataname, col_seq, colname, colcnname, datatype, length, precision_val, party_seq, isprimarykey, isnullable, remark, filed_type_child, sensitive_level, policyid) values ('TS_LOAD_QY_INCOME_RPT_MO_ZH_20161128','TS_LOAD_QY_INCOME_RPT_MO_ZH_20170911','TS_LOAD_QY_INCOME_RPT_MO_ZH','11','IUSR_CHRG_AMT','智能网前台预存款','DECIMAL','16','2','','','Y','','D1-6','2','PID_all');
insert into column_val (xmlid, col_xmlid, dataname, col_seq, colname, colcnname, datatype, length, precision_val, party_seq, isprimarykey, isnullable, remark, filed_type_child, sensitive_level, policyid) values ('TS_LOAD_QY_INCOME_RPT_MO_ZH_20161128','TS_LOAD_QY_INCOME_RPT_MO_ZH_20170912','TS_LOAD_QY_INCOME_RPT_MO_ZH','12','IBOSS_CHRG_AMT','IBOSS前台预存','DECIMAL','16','2','','','Y','','D1-6','2','');
insert into column_val (xmlid, col_xmlid, dataname, col_seq, colname, colcnname, datatype, length, precision_val, party_seq, isprimarykey, isnullable, remark, filed_type_child, sensitive_level, policyid) values ('TS_LOAD_QY_INCOME_RPT_MO_ZH_20161128','TS_LOAD_QY_INCOME_RPT_MO_ZH_20170913','TS_LOAD_QY_INCOME_RPT_MO_ZH','13','BOSS_DG_PRECHRG','BOSS动感地带预存','DECIMAL','16','2','','','Y','','D1-6','2','');
insert into column_val (xmlid, col_xmlid, dataname, col_seq, colname, colcnname, datatype, length, precision_val, party_seq, isprimarykey, isnullable, remark, filed_type_child, sensitive_level, policyid) values ('TS_LOAD_QY_INCOME_RPT_MO_ZH_20161128','TS_LOAD_QY_INCOME_RPT_MO_ZH_20170914','TS_LOAD_QY_INCOME_RPT_MO_ZH','14','BOSS_SZX_PRECHRG','BOSS神州行预存','DECIMAL','16','2','','','Y','','D1-6','2','');
insert into column_val (xmlid, col_xmlid, dataname, col_seq, colname, colcnname, datatype, length, precision_val, party_seq, isprimarykey, isnullable, remark, filed_type_child, sensitive_level, policyid) values ('TS_LOAD_QY_INCOME_RPT_MO_ZH_20161128','TS_LOAD_QY_INCOME_RPT_MO_ZH_20170915','TS_LOAD_QY_INCOME_RPT_MO_ZH','15','OCS_DG_PRECHRG','OCS动感地带预存','DECIMAL','16','2','','','Y','','D1-6','2','');
insert into column_val (xmlid, col_xmlid, dataname, col_seq, colname, colcnname, datatype, length, precision_val, party_seq, isprimarykey, isnullable, remark, filed_type_child, sensitive_level, policyid) values ('TS_LOAD_QY_INCOME_RPT_MO_ZH_20161128','TS_LOAD_QY_INCOME_RPT_MO_ZH_20170916','TS_LOAD_QY_INCOME_RPT_MO_ZH','16','OCS_SZX_PRECHRG','OCS神州行预存','DECIMAL','16','2','','','Y','','D1-6','2','');
insert into column_val (xmlid, col_xmlid, dataname, col_seq, colname, colcnname, datatype, length, precision_val, party_seq, isprimarykey, isnullable, remark, filed_type_child, sensitive_level, policyid) values ('TS_LOAD_QY_INCOME_RPT_MO_ZH_20161128','TS_LOAD_QY_INCOME_RPT_MO_ZH_20170917','TS_LOAD_QY_INCOME_RPT_MO_ZH','17','SCP_DG_PRECHRG','SCP动感地带预存','DECIMAL','16','2','','','Y','','D1-6','2','');
insert into column_val (xmlid, col_xmlid, dataname, col_seq, colname, colcnname, datatype, length, precision_val, party_seq, isprimarykey, isnullable, remark, filed_type_child, sensitive_level, policyid) values ('TS_LOAD_QY_INCOME_RPT_MO_ZH_20161128','TS_LOAD_QY_INCOME_RPT_MO_ZH_20170918','TS_LOAD_QY_INCOME_RPT_MO_ZH','18','SCP_SZX_PRECHRG','SCP神州行预存','DECIMAL','16','2','','','Y','','D1-6','2','');
insert into column_val (xmlid, col_xmlid, dataname, col_seq, colname, colcnname, datatype, length, precision_val, party_seq, isprimarykey, isnullable, remark, filed_type_child, sensitive_level, policyid) values ('TS_LOAD_QY_INCOME_RPT_MO_ZH_20161128','TS_LOAD_QY_INCOME_RPT_MO_ZH_20170919','TS_LOAD_QY_INCOME_RPT_MO_ZH','19','AIR_CHRG_AMT','空中充值','DECIMAL','16','2','','','Y','','D1-6','2','');
insert into column_val (xmlid, col_xmlid, dataname, col_seq, colname, colcnname, datatype, length, precision_val, party_seq, isprimarykey, isnullable, remark, filed_type_child, sensitive_level, policyid) values ('TS_LOAD_QY_INCOME_RPT_MO_ZH_20161128','TS_LOAD_QY_INCOME_RPT_MO_ZH_20170920','TS_LOAD_QY_INCOME_RPT_MO_ZH','20','SIM_CRD_AMT','SIM卡','DECIMAL','16','2','','','Y','','D1-6','2','PID_14star');
insert into column_val (xmlid, col_xmlid, dataname, col_seq, colname, colcnname, datatype, length, precision_val, party_seq, isprimarykey, isnullable, remark, filed_type_child, sensitive_level, policyid) values ('TS_LOAD_QY_INCOME_RPT_MO_ZH_20161128','TS_LOAD_QY_INCOME_RPT_MO_ZH_20170921','TS_LOAD_QY_INCOME_RPT_MO_ZH','21','BAD_BILL_AMT','坏账回收','DECIMAL','16','2','','','Y','','D1-6','2','');
insert into column_val (xmlid, col_xmlid, dataname, col_seq, colname, colcnname, datatype, length, precision_val, party_seq, isprimarykey, isnullable, remark, filed_type_child, sensitive_level, policyid) values ('TS_LOAD_QY_INCOME_RPT_MO_ZH_20161128','TS_LOAD_QY_INCOME_RPT_MO_ZH_20170922','TS_LOAD_QY_INCOME_RPT_MO_ZH','22','CHNL_AMT','渠道酬金','DECIMAL','16','2','','','Y','','D1-6','2','');
insert into column_val (xmlid, col_xmlid, dataname, col_seq, colname, colcnname, datatype, length, precision_val, party_seq, isprimarykey, isnullable, remark, filed_type_child, sensitive_level, policyid) values ('TS_LOAD_QY_INCOME_RPT_MO_ZH_20161128','TS_LOAD_QY_INCOME_RPT_MO_ZH_20170923','TS_LOAD_QY_INCOME_RPT_MO_ZH','23','TAX_AMT','代扣税','DECIMAL','16','2','','','Y','','D1-6','2','');
insert into column_val (xmlid, col_xmlid, dataname, col_seq, colname, colcnname, datatype, length, precision_val, party_seq, isprimarykey, isnullable, remark, filed_type_child, sensitive_level, policyid) values ('TS_LOAD_QY_INCOME_RPT_MO_ZH_20161128','TS_LOAD_QY_INCOME_RPT_MO_ZH_20170924','TS_LOAD_QY_INCOME_RPT_MO_ZH','24','AREA_BUSI_AMT','跨区业务收费','DECIMAL','16','2','','','Y','','D1-6','2','');
insert into column_val (xmlid, col_xmlid, dataname, col_seq, colname, colcnname, datatype, length, precision_val, party_seq, isprimarykey, isnullable, remark, filed_type_child, sensitive_level, policyid) values ('TS_LOAD_QY_INCOME_RPT_MO_ZH_20161128','TS_LOAD_QY_INCOME_RPT_MO_ZH_20170925','TS_LOAD_QY_INCOME_RPT_MO_ZH','25','SZX_PKGCRD_AMT','SCP套卡销售金额','DECIMAL','16','2','','','Y','','D1-6','2','PID_all');
insert into column_val (xmlid, col_xmlid, dataname, col_seq, colname, colcnname, datatype, length, precision_val, party_seq, isprimarykey, isnullable, remark, filed_type_child, sensitive_level, policyid) values ('TS_LOAD_QY_INCOME_RPT_MO_ZH_20161128','TS_LOAD_QY_INCOME_RPT_MO_ZH_20170926','TS_LOAD_QY_INCOME_RPT_MO_ZH','26','DG_PKGCRD_AMT','OCS套卡销售金额','DECIMAL','16','2','','','Y','','D1-6','2','PID_all');
insert into column_val (xmlid, col_xmlid, dataname, col_seq, colname, colcnname, datatype, length, precision_val, party_seq, isprimarykey, isnullable, remark, filed_type_child, sensitive_level, policyid) values ('TS_LOAD_QY_INCOME_RPT_MO_ZH_20161128','TS_LOAD_QY_INCOME_RPT_MO_ZH_20170927','TS_LOAD_QY_INCOME_RPT_MO_ZH','27','DATA_SOURCE','数据来源','STRING','','','','','Y','','D1-6','2','');
insert into column_val (xmlid, col_xmlid, dataname, col_seq, colname, colcnname, datatype, length, precision_val, party_seq, isprimarykey, isnullable, remark, filed_type_child, sensitive_level, policyid) values ('TS_LOAD_QY_INCOME_RPT_MO_ZH_20161128','TS_LOAD_QY_INCOME_RPT_MO_ZH_20170928','TS_LOAD_QY_INCOME_RPT_MO_ZH','28','month','月份','INT','','','1','','N','','','','');

insert into tablefile (xmlid, dbname, dataname, datacnname, state, cycletype, topiccode, extend_cfg, rightlevel, creater, curdutyer, eff_date, state_date, team_code, open_state, remark) values ('TS_LOAD_QY_INCOME_RPT_MO_HZ_20161128','BD_B','TS_LOAD_QY_INCOME_RPT_MO_HZ','STAGE_营收款汇总月报接口表','NEW','month','LAYERI_IFINAC','{"EXTERNAL":"y","LOCATION":"/tenant/BIGDATA/JCFW/JRCL/BD_B/STAGE/TS_LOAD_QY_INCOME_RPT_MO/branch=HZ","FILEFORMAT":"TEXTFILE","DELIMITER":"@#$"}','其他','谢英俊','谢英俊', TIMESTAMP '2016-08-24 12:00:00', TIMESTAMP '2016-08-24 12:00:00','f2999fd5-c34e-402e-9b28-fec9fca13044','','接口层-财务主题域');
insert into column_val (xmlid, col_xmlid, dataname, col_seq, colname, colcnname, datatype, length, precision_val, party_seq, isprimarykey, isnullable, remark, filed_type_child, sensitive_level, policyid) values ('TS_LOAD_QY_INCOME_RPT_MO_HZ_20161128','TS_LOAD_QY_INCOME_RPT_MO_HZ_2017091','TS_LOAD_QY_INCOME_RPT_MO_HZ','1','TM_INTRVL_CD','日期','INT','','','','','N','','D1-6','2','');
insert into column_val (xmlid, col_xmlid, dataname, col_seq, colname, colcnname, datatype, length, precision_val, party_seq, isprimarykey, isnullable, remark, filed_type_child, sensitive_level, policyid) values ('TS_LOAD_QY_INCOME_RPT_MO_HZ_20161128','TS_LOAD_QY_INCOME_RPT_MO_HZ_2017092','TS_LOAD_QY_INCOME_RPT_MO_HZ','2','CMCC_BRANCH_CD','市公司标识','STRING','','','','','N','','D1-6','2','');
insert into column_val (xmlid, col_xmlid, dataname, col_seq, colname, colcnname, datatype, length, precision_val, party_seq, isprimarykey, isnullable, remark, filed_type_child, sensitive_level, policyid) values ('TS_LOAD_QY_INCOME_RPT_MO_HZ_20161128','TS_LOAD_QY_INCOME_RPT_MO_HZ_2017093','TS_LOAD_QY_INCOME_RPT_MO_HZ','3','CHRG_CRD_AMT','充值卡销售金额','DECIMAL','16','2','','','Y','','D1-6','2','PID_all');
insert into column_val (xmlid, col_xmlid, dataname, col_seq, colname, colcnname, datatype, length, precision_val, party_seq, isprimarykey, isnullable, remark, filed_type_child, sensitive_level, policyid) values ('TS_LOAD_QY_INCOME_RPT_MO_HZ_20161128','TS_LOAD_QY_INCOME_RPT_MO_HZ_2017094','TS_LOAD_QY_INCOME_RPT_MO_HZ','4','PKG_CRD_AMT','BOSS套卡销售金额','DECIMAL','16','2','','','Y','','D1-6','2','PID_all');
insert into column_val (xmlid, col_xmlid, dataname, col_seq, colname, colcnname, datatype, length, precision_val, party_seq, isprimarykey, isnullable, remark, filed_type_child, sensitive_level, policyid) values ('TS_LOAD_QY_INCOME_RPT_MO_HZ_20161128','TS_LOAD_QY_INCOME_RPT_MO_HZ_2017095','TS_LOAD_QY_INCOME_RPT_MO_HZ','5','GOTONE_PRECHRG_AMT','全球通+TD预存款','DECIMAL','16','2','','','Y','','D1-6','2','PID_all');
insert into column_val (xmlid, col_xmlid, dataname, col_seq, colname, colcnname, datatype, length, precision_val, party_seq, isprimarykey, isnullable, remark, filed_type_child, sensitive_level, policyid) values ('TS_LOAD_QY_INCOME_RPT_MO_HZ_20161128','TS_LOAD_QY_INCOME_RPT_MO_HZ_2017096','TS_LOAD_QY_INCOME_RPT_MO_HZ','6','IUSR_PRECHRG_AMT','智能网前台现金充值','DECIMAL','16','2','','','Y','','D1-6','2','');
insert into column_val (xmlid, col_xmlid, dataname, col_seq, colname, colcnname, datatype, length, precision_val, party_seq, isprimarykey, isnullable, remark, filed_type_child, sensitive_level, policyid) values ('TS_LOAD_QY_INCOME_RPT_MO_HZ_20161128','TS_LOAD_QY_INCOME_RPT_MO_HZ_2017097','TS_LOAD_QY_INCOME_RPT_MO_HZ','7','OTH_AMT','杂费','DECIMAL','16','2','','','Y','','D1-6','2','');
insert into column_val (xmlid, col_xmlid, dataname, col_seq, colname, colcnname, datatype, length, precision_val, party_seq, isprimarykey, isnullable, remark, filed_type_child, sensitive_level, policyid) values ('TS_LOAD_QY_INCOME_RPT_MO_HZ_20161128','TS_LOAD_QY_INCOME_RPT_MO_HZ_2017098','TS_LOAD_QY_INCOME_RPT_MO_HZ','8','SELL_AMT','实物销售','DECIMAL','16','2','','','Y','','D1-6','2','');
insert into column_val (xmlid, col_xmlid, dataname, col_seq, colname, colcnname, datatype, length, precision_val, party_seq, isprimarykey, isnullable, remark, filed_type_child, sensitive_level, policyid) values ('TS_LOAD_QY_INCOME_RPT_MO_HZ_20161128','TS_LOAD_QY_INCOME_RPT_MO_HZ_2017099','TS_LOAD_QY_INCOME_RPT_MO_HZ','9','NEW_AMT','新增其他','DECIMAL','16','2','','','Y','','D1-6','2','');
insert into column_val (xmlid, col_xmlid, dataname, col_seq, colname, colcnname, datatype, length, precision_val, party_seq, isprimarykey, isnullable, remark, filed_type_child, sensitive_level, policyid) values ('TS_LOAD_QY_INCOME_RPT_MO_HZ_20161128','TS_LOAD_QY_INCOME_RPT_MO_HZ_20170910','TS_LOAD_QY_INCOME_RPT_MO_HZ','10','TOT_AMT','营业日报营收款总额','DECIMAL','16','2','','','Y','','D1-6','2','');
insert into column_val (xmlid, col_xmlid, dataname, col_seq, colname, colcnname, datatype, length, precision_val, party_seq, isprimarykey, isnullable, remark, filed_type_child, sensitive_level, policyid) values ('TS_LOAD_QY_INCOME_RPT_MO_HZ_20161128','TS_LOAD_QY_INCOME_RPT_MO_HZ_20170911','TS_LOAD_QY_INCOME_RPT_MO_HZ','11','IUSR_CHRG_AMT','智能网前台预存款','DECIMAL','16','2','','','Y','','D1-6','2','PID_all');
insert into column_val (xmlid, col_xmlid, dataname, col_seq, colname, colcnname, datatype, length, precision_val, party_seq, isprimarykey, isnullable, remark, filed_type_child, sensitive_level, policyid) values ('TS_LOAD_QY_INCOME_RPT_MO_HZ_20161128','TS_LOAD_QY_INCOME_RPT_MO_HZ_20170912','TS_LOAD_QY_INCOME_RPT_MO_HZ','12','IBOSS_CHRG_AMT','IBOSS前台预存','DECIMAL','16','2','','','Y','','D1-6','2','');
insert into column_val (xmlid, col_xmlid, dataname, col_seq, colname, colcnname, datatype, length, precision_val, party_seq, isprimarykey, isnullable, remark, filed_type_child, sensitive_level, policyid) values ('TS_LOAD_QY_INCOME_RPT_MO_HZ_20161128','TS_LOAD_QY_INCOME_RPT_MO_HZ_20170913','TS_LOAD_QY_INCOME_RPT_MO_HZ','13','BOSS_DG_PRECHRG','BOSS动感地带预存','DECIMAL','16','2','','','Y','','D1-6','2','');
insert into column_val (xmlid, col_xmlid, dataname, col_seq, colname, colcnname, datatype, length, precision_val, party_seq, isprimarykey, isnullable, remark, filed_type_child, sensitive_level, policyid) values ('TS_LOAD_QY_INCOME_RPT_MO_HZ_20161128','TS_LOAD_QY_INCOME_RPT_MO_HZ_20170914','TS_LOAD_QY_INCOME_RPT_MO_HZ','14','BOSS_SZX_PRECHRG','BOSS神州行预存','DECIMAL','16','2','','','Y','','D1-6','2','');
insert into column_val (xmlid, col_xmlid, dataname, col_seq, colname, colcnname, datatype, length, precision_val, party_seq, isprimarykey, isnullable, remark, filed_type_child, sensitive_level, policyid) values ('TS_LOAD_QY_INCOME_RPT_MO_HZ_20161128','TS_LOAD_QY_INCOME_RPT_MO_HZ_20170915','TS_LOAD_QY_INCOME_RPT_MO_HZ','15','OCS_DG_PRECHRG','OCS动感地带预存','DECIMAL','16','2','','','Y','','D1-6','2','');
insert into column_val (xmlid, col_xmlid, dataname, col_seq, colname, colcnname, datatype, length, precision_val, party_seq, isprimarykey, isnullable, remark, filed_type_child, sensitive_level, policyid) values ('TS_LOAD_QY_INCOME_RPT_MO_HZ_20161128','TS_LOAD_QY_INCOME_RPT_MO_HZ_20170916','TS_LOAD_QY_INCOME_RPT_MO_HZ','16','OCS_SZX_PRECHRG','OCS神州行预存','DECIMAL','16','2','','','Y','','D1-6','2','');
insert into column_val (xmlid, col_xmlid, dataname, col_seq, colname, colcnname, datatype, length, precision_val, party_seq, isprimarykey, isnullable, remark, filed_type_child, sensitive_level, policyid) values ('TS_LOAD_QY_INCOME_RPT_MO_HZ_20161128','TS_LOAD_QY_INCOME_RPT_MO_HZ_20170917','TS_LOAD_QY_INCOME_RPT_MO_HZ','17','SCP_DG_PRECHRG','SCP动感地带预存','DECIMAL','16','2','','','Y','','D1-6','2','');
insert into column_val (xmlid, col_xmlid, dataname, col_seq, colname, colcnname, datatype, length, precision_val, party_seq, isprimarykey, isnullable, remark, filed_type_child, sensitive_level, policyid) values ('TS_LOAD_QY_INCOME_RPT_MO_HZ_20161128','TS_LOAD_QY_INCOME_RPT_MO_HZ_20170918','TS_LOAD_QY_INCOME_RPT_MO_HZ','18','SCP_SZX_PRECHRG','SCP神州行预存','DECIMAL','16','2','','','Y','','D1-6','2','');
insert into column_val (xmlid, col_xmlid, dataname, col_seq, colname, colcnname, datatype, length, precision_val, party_seq, isprimarykey, isnullable, remark, filed_type_child, sensitive_level, policyid) values ('TS_LOAD_QY_INCOME_RPT_MO_HZ_20161128','TS_LOAD_QY_INCOME_RPT_MO_HZ_20170919','TS_LOAD_QY_INCOME_RPT_MO_HZ','19','AIR_CHRG_AMT','空中充值','DECIMAL','16','2','','','Y','','D1-6','2','');
insert into column_val (xmlid, col_xmlid, dataname, col_seq, colname, colcnname, datatype, length, precision_val, party_seq, isprimarykey, isnullable, remark, filed_type_child, sensitive_level, policyid) values ('TS_LOAD_QY_INCOME_RPT_MO_HZ_20161128','TS_LOAD_QY_INCOME_RPT_MO_HZ_20170920','TS_LOAD_QY_INCOME_RPT_MO_HZ','20','SIM_CRD_AMT','SIM卡','DECIMAL','16','2','','','Y','','D1-6','2','PID_14star');
insert into column_val (xmlid, col_xmlid, dataname, col_seq, colname, colcnname, datatype, length, precision_val, party_seq, isprimarykey, isnullable, remark, filed_type_child, sensitive_level, policyid) values ('TS_LOAD_QY_INCOME_RPT_MO_HZ_20161128','TS_LOAD_QY_INCOME_RPT_MO_HZ_20170921','TS_LOAD_QY_INCOME_RPT_MO_HZ','21','BAD_BILL_AMT','坏账回收','DECIMAL','16','2','','','Y','','D1-6','2','');
insert into column_val (xmlid, col_xmlid, dataname, col_seq, colname, colcnname, datatype, length, precision_val, party_seq, isprimarykey, isnullable, remark, filed_type_child, sensitive_level, policyid) values ('TS_LOAD_QY_INCOME_RPT_MO_HZ_20161128','TS_LOAD_QY_INCOME_RPT_MO_HZ_20170922','TS_LOAD_QY_INCOME_RPT_MO_HZ','22','CHNL_AMT','渠道酬金','DECIMAL','16','2','','','Y','','D1-6','2','');
insert into column_val (xmlid, col_xmlid, dataname, col_seq, colname, colcnname, datatype, length, precision_val, party_seq, isprimarykey, isnullable, remark, filed_type_child, sensitive_level, policyid) values ('TS_LOAD_QY_INCOME_RPT_MO_HZ_20161128','TS_LOAD_QY_INCOME_RPT_MO_HZ_20170923','TS_LOAD_QY_INCOME_RPT_MO_HZ','23','TAX_AMT','代扣税','DECIMAL','16','2','','','Y','','D1-6','2','');
insert into column_val (xmlid, col_xmlid, dataname, col_seq, colname, colcnname, datatype, length, precision_val, party_seq, isprimarykey, isnullable, remark, filed_type_child, sensitive_level, policyid) values ('TS_LOAD_QY_INCOME_RPT_MO_HZ_20161128','TS_LOAD_QY_INCOME_RPT_MO_HZ_20170924','TS_LOAD_QY_INCOME_RPT_MO_HZ','24','AREA_BUSI_AMT','跨区业务收费','DECIMAL','16','2','','','Y','','D1-6','2','');
insert into column_val (xmlid, col_xmlid, dataname, col_seq, colname, colcnname, datatype, length, precision_val, party_seq, isprimarykey, isnullable, remark, filed_type_child, sensitive_level, policyid) values ('TS_LOAD_QY_INCOME_RPT_MO_HZ_20161128','TS_LOAD_QY_INCOME_RPT_MO_HZ_20170925','TS_LOAD_QY_INCOME_RPT_MO_HZ','25','SZX_PKGCRD_AMT','SCP套卡销售金额','DECIMAL','16','2','','','Y','','D1-6','2','PID_all');
insert into column_val (xmlid, col_xmlid, dataname, col_seq, colname, colcnname, datatype, length, precision_val, party_seq, isprimarykey, isnullable, remark, filed_type_child, sensitive_level, policyid) values ('TS_LOAD_QY_INCOME_RPT_MO_HZ_20161128','TS_LOAD_QY_INCOME_RPT_MO_HZ_20170926','TS_LOAD_QY_INCOME_RPT_MO_HZ','26','DG_PKGCRD_AMT','OCS套卡销售金额','DECIMAL','16','2','','','Y','','D1-6','2','PID_all');
insert into column_val (xmlid, col_xmlid, dataname, col_seq, colname, colcnname, datatype, length, precision_val, party_seq, isprimarykey, isnullable, remark, filed_type_child, sensitive_level, policyid) values ('TS_LOAD_QY_INCOME_RPT_MO_HZ_20161128','TS_LOAD_QY_INCOME_RPT_MO_HZ_20170927','TS_LOAD_QY_INCOME_RPT_MO_HZ','27','DATA_SOURCE','数据来源','STRING','','','','','Y','','D1-6','2','');
insert into column_val (xmlid, col_xmlid, dataname, col_seq, colname, colcnname, datatype, length, precision_val, party_seq, isprimarykey, isnullable, remark, filed_type_child, sensitive_level, policyid) values ('TS_LOAD_QY_INCOME_RPT_MO_HZ_20161128','TS_LOAD_QY_INCOME_RPT_MO_HZ_20170928','TS_LOAD_QY_INCOME_RPT_MO_HZ','28','month','月份','INT','','','1','','N','','','','');

insert into tablefile (xmlid, dbname, dataname, datacnname, state, cycletype, topiccode, extend_cfg, rightlevel, creater, curdutyer, eff_date, state_date, team_code, open_state, remark) values ('TS_LOAD_QY_INCOME_RPT_MO_ZS_20161128','BD_B','TS_LOAD_QY_INCOME_RPT_MO_ZS','STAGE_营收款汇总月报接口表','NEW','month','LAYERI_IFINAC','{"EXTERNAL":"y","LOCATION":"/tenant/BIGDATA/JCFW/JRCL/BD_B/STAGE/TS_LOAD_QY_INCOME_RPT_MO/branch=ZS","FILEFORMAT":"TEXTFILE","DELIMITER":"@#$"}','其他','谢英俊','谢英俊', TIMESTAMP '2016-08-24 12:00:00', TIMESTAMP '2016-08-24 12:00:00','f2999fd5-c34e-402e-9b28-fec9fca13044','','接口层-财务主题域');
insert into column_val (xmlid, col_xmlid, dataname, col_seq, colname, colcnname, datatype, length, precision_val, party_seq, isprimarykey, isnullable, remark, filed_type_child, sensitive_level, policyid) values ('TS_LOAD_QY_INCOME_RPT_MO_ZS_20161128','TS_LOAD_QY_INCOME_RPT_MO_ZS_2017091','TS_LOAD_QY_INCOME_RPT_MO_ZS','1','TM_INTRVL_CD','日期','INT','','','','','N','','D1-6','2','');
insert into column_val (xmlid, col_xmlid, dataname, col_seq, colname, colcnname, datatype, length, precision_val, party_seq, isprimarykey, isnullable, remark, filed_type_child, sensitive_level, policyid) values ('TS_LOAD_QY_INCOME_RPT_MO_ZS_20161128','TS_LOAD_QY_INCOME_RPT_MO_ZS_2017092','TS_LOAD_QY_INCOME_RPT_MO_ZS','2','CMCC_BRANCH_CD','市公司标识','STRING','','','','','N','','D1-6','2','');
insert into column_val (xmlid, col_xmlid, dataname, col_seq, colname, colcnname, datatype, length, precision_val, party_seq, isprimarykey, isnullable, remark, filed_type_child, sensitive_level, policyid) values ('TS_LOAD_QY_INCOME_RPT_MO_ZS_20161128','TS_LOAD_QY_INCOME_RPT_MO_ZS_2017093','TS_LOAD_QY_INCOME_RPT_MO_ZS','3','CHRG_CRD_AMT','充值卡销售金额','DECIMAL','16','2','','','Y','','D1-6','2','PID_all');
insert into column_val (xmlid, col_xmlid, dataname, col_seq, colname, colcnname, datatype, length, precision_val, party_seq, isprimarykey, isnullable, remark, filed_type_child, sensitive_level, policyid) values ('TS_LOAD_QY_INCOME_RPT_MO_ZS_20161128','TS_LOAD_QY_INCOME_RPT_MO_ZS_2017094','TS_LOAD_QY_INCOME_RPT_MO_ZS','4','PKG_CRD_AMT','BOSS套卡销售金额','DECIMAL','16','2','','','Y','','D1-6','2','PID_all');
insert into column_val (xmlid, col_xmlid, dataname, col_seq, colname, colcnname, datatype, length, precision_val, party_seq, isprimarykey, isnullable, remark, filed_type_child, sensitive_level, policyid) values ('TS_LOAD_QY_INCOME_RPT_MO_ZS_20161128','TS_LOAD_QY_INCOME_RPT_MO_ZS_2017095','TS_LOAD_QY_INCOME_RPT_MO_ZS','5','GOTONE_PRECHRG_AMT','全球通+TD预存款','DECIMAL','16','2','','','Y','','D1-6','2','PID_all');
insert into column_val (xmlid, col_xmlid, dataname, col_seq, colname, colcnname, datatype, length, precision_val, party_seq, isprimarykey, isnullable, remark, filed_type_child, sensitive_level, policyid) values ('TS_LOAD_QY_INCOME_RPT_MO_ZS_20161128','TS_LOAD_QY_INCOME_RPT_MO_ZS_2017096','TS_LOAD_QY_INCOME_RPT_MO_ZS','6','IUSR_PRECHRG_AMT','智能网前台现金充值','DECIMAL','16','2','','','Y','','D1-6','2','');
insert into column_val (xmlid, col_xmlid, dataname, col_seq, colname, colcnname, datatype, length, precision_val, party_seq, isprimarykey, isnullable, remark, filed_type_child, sensitive_level, policyid) values ('TS_LOAD_QY_INCOME_RPT_MO_ZS_20161128','TS_LOAD_QY_INCOME_RPT_MO_ZS_2017097','TS_LOAD_QY_INCOME_RPT_MO_ZS','7','OTH_AMT','杂费','DECIMAL','16','2','','','Y','','D1-6','2','');
insert into column_val (xmlid, col_xmlid, dataname, col_seq, colname, colcnname, datatype, length, precision_val, party_seq, isprimarykey, isnullable, remark, filed_type_child, sensitive_level, policyid) values ('TS_LOAD_QY_INCOME_RPT_MO_ZS_20161128','TS_LOAD_QY_INCOME_RPT_MO_ZS_2017098','TS_LOAD_QY_INCOME_RPT_MO_ZS','8','SELL_AMT','实物销售','DECIMAL','16','2','','','Y','','D1-6','2','');
insert into column_val (xmlid, col_xmlid, dataname, col_seq, colname, colcnname, datatype, length, precision_val, party_seq, isprimarykey, isnullable, remark, filed_type_child, sensitive_level, policyid) values ('TS_LOAD_QY_INCOME_RPT_MO_ZS_20161128','TS_LOAD_QY_INCOME_RPT_MO_ZS_2017099','TS_LOAD_QY_INCOME_RPT_MO_ZS','9','NEW_AMT','新增其他','DECIMAL','16','2','','','Y','','D1-6','2','');
insert into column_val (xmlid, col_xmlid, dataname, col_seq, colname, colcnname, datatype, length, precision_val, party_seq, isprimarykey, isnullable, remark, filed_type_child, sensitive_level, policyid) values ('TS_LOAD_QY_INCOME_RPT_MO_ZS_20161128','TS_LOAD_QY_INCOME_RPT_MO_ZS_20170910','TS_LOAD_QY_INCOME_RPT_MO_ZS','10','TOT_AMT','营业日报营收款总额','DECIMAL','16','2','','','Y','','D1-6','2','');
insert into column_val (xmlid, col_xmlid, dataname, col_seq, colname, colcnname, datatype, length, precision_val, party_seq, isprimarykey, isnullable, remark, filed_type_child, sensitive_level, policyid) values ('TS_LOAD_QY_INCOME_RPT_MO_ZS_20161128','TS_LOAD_QY_INCOME_RPT_MO_ZS_20170911','TS_LOAD_QY_INCOME_RPT_MO_ZS','11','IUSR_CHRG_AMT','智能网前台预存款','DECIMAL','16','2','','','Y','','D1-6','2','PID_all');
insert into column_val (xmlid, col_xmlid, dataname, col_seq, colname, colcnname, datatype, length, precision_val, party_seq, isprimarykey, isnullable, remark, filed_type_child, sensitive_level, policyid) values ('TS_LOAD_QY_INCOME_RPT_MO_ZS_20161128','TS_LOAD_QY_INCOME_RPT_MO_ZS_20170912','TS_LOAD_QY_INCOME_RPT_MO_ZS','12','IBOSS_CHRG_AMT','IBOSS前台预存','DECIMAL','16','2','','','Y','','D1-6','2','');
insert into column_val (xmlid, col_xmlid, dataname, col_seq, colname, colcnname, datatype, length, precision_val, party_seq, isprimarykey, isnullable, remark, filed_type_child, sensitive_level, policyid) values ('TS_LOAD_QY_INCOME_RPT_MO_ZS_20161128','TS_LOAD_QY_INCOME_RPT_MO_ZS_20170913','TS_LOAD_QY_INCOME_RPT_MO_ZS','13','BOSS_DG_PRECHRG','BOSS动感地带预存','DECIMAL','16','2','','','Y','','D1-6','2','');
insert into column_val (xmlid, col_xmlid, dataname, col_seq, colname, colcnname, datatype, length, precision_val, party_seq, isprimarykey, isnullable, remark, filed_type_child, sensitive_level, policyid) values ('TS_LOAD_QY_INCOME_RPT_MO_ZS_20161128','TS_LOAD_QY_INCOME_RPT_MO_ZS_20170914','TS_LOAD_QY_INCOME_RPT_MO_ZS','14','BOSS_SZX_PRECHRG','BOSS神州行预存','DECIMAL','16','2','','','Y','','D1-6','2','');
insert into column_val (xmlid, col_xmlid, dataname, col_seq, colname, colcnname, datatype, length, precision_val, party_seq, isprimarykey, isnullable, remark, filed_type_child, sensitive_level, policyid) values ('TS_LOAD_QY_INCOME_RPT_MO_ZS_20161128','TS_LOAD_QY_INCOME_RPT_MO_ZS_20170915','TS_LOAD_QY_INCOME_RPT_MO_ZS','15','OCS_DG_PRECHRG','OCS动感地带预存','DECIMAL','16','2','','','Y','','D1-6','2','');
insert into column_val (xmlid, col_xmlid, dataname, col_seq, colname, colcnname, datatype, length, precision_val, party_seq, isprimarykey, isnullable, remark, filed_type_child, sensitive_level, policyid) values ('TS_LOAD_QY_INCOME_RPT_MO_ZS_20161128','TS_LOAD_QY_INCOME_RPT_MO_ZS_20170916','TS_LOAD_QY_INCOME_RPT_MO_ZS','16','OCS_SZX_PRECHRG','OCS神州行预存','DECIMAL','16','2','','','Y','','D1-6','2','');
insert into column_val (xmlid, col_xmlid, dataname, col_seq, colname, colcnname, datatype, length, precision_val, party_seq, isprimarykey, isnullable, remark, filed_type_child, sensitive_level, policyid) values ('TS_LOAD_QY_INCOME_RPT_MO_ZS_20161128','TS_LOAD_QY_INCOME_RPT_MO_ZS_20170917','TS_LOAD_QY_INCOME_RPT_MO_ZS','17','SCP_DG_PRECHRG','SCP动感地带预存','DECIMAL','16','2','','','Y','','D1-6','2','');
insert into column_val (xmlid, col_xmlid, dataname, col_seq, colname, colcnname, datatype, length, precision_val, party_seq, isprimarykey, isnullable, remark, filed_type_child, sensitive_level, policyid) values ('TS_LOAD_QY_INCOME_RPT_MO_ZS_20161128','TS_LOAD_QY_INCOME_RPT_MO_ZS_20170918','TS_LOAD_QY_INCOME_RPT_MO_ZS','18','SCP_SZX_PRECHRG','SCP神州行预存','DECIMAL','16','2','','','Y','','D1-6','2','');
insert into column_val (xmlid, col_xmlid, dataname, col_seq, colname, colcnname, datatype, length, precision_val, party_seq, isprimarykey, isnullable, remark, filed_type_child, sensitive_level, policyid) values ('TS_LOAD_QY_INCOME_RPT_MO_ZS_20161128','TS_LOAD_QY_INCOME_RPT_MO_ZS_20170919','TS_LOAD_QY_INCOME_RPT_MO_ZS','19','AIR_CHRG_AMT','空中充值','DECIMAL','16','2','','','Y','','D1-6','2','');
insert into column_val (xmlid, col_xmlid, dataname, col_seq, colname, colcnname, datatype, length, precision_val, party_seq, isprimarykey, isnullable, remark, filed_type_child, sensitive_level, policyid) values ('TS_LOAD_QY_INCOME_RPT_MO_ZS_20161128','TS_LOAD_QY_INCOME_RPT_MO_ZS_20170920','TS_LOAD_QY_INCOME_RPT_MO_ZS','20','SIM_CRD_AMT','SIM卡','DECIMAL','16','2','','','Y','','D1-6','2','PID_14star');
insert into column_val (xmlid, col_xmlid, dataname, col_seq, colname, colcnname, datatype, length, precision_val, party_seq, isprimarykey, isnullable, remark, filed_type_child, sensitive_level, policyid) values ('TS_LOAD_QY_INCOME_RPT_MO_ZS_20161128','TS_LOAD_QY_INCOME_RPT_MO_ZS_20170921','TS_LOAD_QY_INCOME_RPT_MO_ZS','21','BAD_BILL_AMT','坏账回收','DECIMAL','16','2','','','Y','','D1-6','2','');
insert into column_val (xmlid, col_xmlid, dataname, col_seq, colname, colcnname, datatype, length, precision_val, party_seq, isprimarykey, isnullable, remark, filed_type_child, sensitive_level, policyid) values ('TS_LOAD_QY_INCOME_RPT_MO_ZS_20161128','TS_LOAD_QY_INCOME_RPT_MO_ZS_20170922','TS_LOAD_QY_INCOME_RPT_MO_ZS','22','CHNL_AMT','渠道酬金','DECIMAL','16','2','','','Y','','D1-6','2','');
insert into column_val (xmlid, col_xmlid, dataname, col_seq, colname, colcnname, datatype, length, precision_val, party_seq, isprimarykey, isnullable, remark, filed_type_child, sensitive_level, policyid) values ('TS_LOAD_QY_INCOME_RPT_MO_ZS_20161128','TS_LOAD_QY_INCOME_RPT_MO_ZS_20170923','TS_LOAD_QY_INCOME_RPT_MO_ZS','23','TAX_AMT','代扣税','DECIMAL','16','2','','','Y','','D1-6','2','');
insert into column_val (xmlid, col_xmlid, dataname, col_seq, colname, colcnname, datatype, length, precision_val, party_seq, isprimarykey, isnullable, remark, filed_type_child, sensitive_level, policyid) values ('TS_LOAD_QY_INCOME_RPT_MO_ZS_20161128','TS_LOAD_QY_INCOME_RPT_MO_ZS_20170924','TS_LOAD_QY_INCOME_RPT_MO_ZS','24','AREA_BUSI_AMT','跨区业务收费','DECIMAL','16','2','','','Y','','D1-6','2','');
insert into column_val (xmlid, col_xmlid, dataname, col_seq, colname, colcnname, datatype, length, precision_val, party_seq, isprimarykey, isnullable, remark, filed_type_child, sensitive_level, policyid) values ('TS_LOAD_QY_INCOME_RPT_MO_ZS_20161128','TS_LOAD_QY_INCOME_RPT_MO_ZS_20170925','TS_LOAD_QY_INCOME_RPT_MO_ZS','25','SZX_PKGCRD_AMT','SCP套卡销售金额','DECIMAL','16','2','','','Y','','D1-6','2','PID_all');
insert into column_val (xmlid, col_xmlid, dataname, col_seq, colname, colcnname, datatype, length, precision_val, party_seq, isprimarykey, isnullable, remark, filed_type_child, sensitive_level, policyid) values ('TS_LOAD_QY_INCOME_RPT_MO_ZS_20161128','TS_LOAD_QY_INCOME_RPT_MO_ZS_20170926','TS_LOAD_QY_INCOME_RPT_MO_ZS','26','DG_PKGCRD_AMT','OCS套卡销售金额','DECIMAL','16','2','','','Y','','D1-6','2','PID_all');
insert into column_val (xmlid, col_xmlid, dataname, col_seq, colname, colcnname, datatype, length, precision_val, party_seq, isprimarykey, isnullable, remark, filed_type_child, sensitive_level, policyid) values ('TS_LOAD_QY_INCOME_RPT_MO_ZS_20161128','TS_LOAD_QY_INCOME_RPT_MO_ZS_20170927','TS_LOAD_QY_INCOME_RPT_MO_ZS','27','DATA_SOURCE','数据来源','STRING','','','','','Y','','D1-6','2','');
insert into column_val (xmlid, col_xmlid, dataname, col_seq, colname, colcnname, datatype, length, precision_val, party_seq, isprimarykey, isnullable, remark, filed_type_child, sensitive_level, policyid) values ('TS_LOAD_QY_INCOME_RPT_MO_ZS_20161128','TS_LOAD_QY_INCOME_RPT_MO_ZS_20170928','TS_LOAD_QY_INCOME_RPT_MO_ZS','28','month','月份','INT','','','1','','N','','','','');

insert into tablefile (xmlid, dbname, dataname, datacnname, state, cycletype, topiccode, extend_cfg, rightlevel, creater, curdutyer, eff_date, state_date, team_code, open_state, remark) values ('TS_LOAD_QY_INCOME_RPT_MO_JM_20161128','BD_B','TS_LOAD_QY_INCOME_RPT_MO_JM','STAGE_营收款汇总月报接口表','NEW','month','LAYERI_IFINAC','{"EXTERNAL":"y","LOCATION":"/tenant/BIGDATA/JCFW/JRCL/BD_B/STAGE/TS_LOAD_QY_INCOME_RPT_MO/branch=JM","FILEFORMAT":"TEXTFILE","DELIMITER":"@#$"}','其他','谢英俊','谢英俊', TIMESTAMP '2016-08-24 12:00:00', TIMESTAMP '2016-08-24 12:00:00','f2999fd5-c34e-402e-9b28-fec9fca13044','','接口层-财务主题域');
insert into column_val (xmlid, col_xmlid, dataname, col_seq, colname, colcnname, datatype, length, precision_val, party_seq, isprimarykey, isnullable, remark, filed_type_child, sensitive_level, policyid) values ('TS_LOAD_QY_INCOME_RPT_MO_JM_20161128','TS_LOAD_QY_INCOME_RPT_MO_JM_2017091','TS_LOAD_QY_INCOME_RPT_MO_JM','1','TM_INTRVL_CD','日期','INT','','','','','N','','D1-6','2','');
insert into column_val (xmlid, col_xmlid, dataname, col_seq, colname, colcnname, datatype, length, precision_val, party_seq, isprimarykey, isnullable, remark, filed_type_child, sensitive_level, policyid) values ('TS_LOAD_QY_INCOME_RPT_MO_JM_20161128','TS_LOAD_QY_INCOME_RPT_MO_JM_2017092','TS_LOAD_QY_INCOME_RPT_MO_JM','2','CMCC_BRANCH_CD','市公司标识','STRING','','','','','N','','D1-6','2','');
insert into column_val (xmlid, col_xmlid, dataname, col_seq, colname, colcnname, datatype, length, precision_val, party_seq, isprimarykey, isnullable, remark, filed_type_child, sensitive_level, policyid) values ('TS_LOAD_QY_INCOME_RPT_MO_JM_20161128','TS_LOAD_QY_INCOME_RPT_MO_JM_2017093','TS_LOAD_QY_INCOME_RPT_MO_JM','3','CHRG_CRD_AMT','充值卡销售金额','DECIMAL','16','2','','','Y','','D1-6','2','PID_all');
insert into column_val (xmlid, col_xmlid, dataname, col_seq, colname, colcnname, datatype, length, precision_val, party_seq, isprimarykey, isnullable, remark, filed_type_child, sensitive_level, policyid) values ('TS_LOAD_QY_INCOME_RPT_MO_JM_20161128','TS_LOAD_QY_INCOME_RPT_MO_JM_2017094','TS_LOAD_QY_INCOME_RPT_MO_JM','4','PKG_CRD_AMT','BOSS套卡销售金额','DECIMAL','16','2','','','Y','','D1-6','2','PID_all');
insert into column_val (xmlid, col_xmlid, dataname, col_seq, colname, colcnname, datatype, length, precision_val, party_seq, isprimarykey, isnullable, remark, filed_type_child, sensitive_level, policyid) values ('TS_LOAD_QY_INCOME_RPT_MO_JM_20161128','TS_LOAD_QY_INCOME_RPT_MO_JM_2017095','TS_LOAD_QY_INCOME_RPT_MO_JM','5','GOTONE_PRECHRG_AMT','全球通+TD预存款','DECIMAL','16','2','','','Y','','D1-6','2','PID_all');
insert into column_val (xmlid, col_xmlid, dataname, col_seq, colname, colcnname, datatype, length, precision_val, party_seq, isprimarykey, isnullable, remark, filed_type_child, sensitive_level, policyid) values ('TS_LOAD_QY_INCOME_RPT_MO_JM_20161128','TS_LOAD_QY_INCOME_RPT_MO_JM_2017096','TS_LOAD_QY_INCOME_RPT_MO_JM','6','IUSR_PRECHRG_AMT','智能网前台现金充值','DECIMAL','16','2','','','Y','','D1-6','2','');
insert into column_val (xmlid, col_xmlid, dataname, col_seq, colname, colcnname, datatype, length, precision_val, party_seq, isprimarykey, isnullable, remark, filed_type_child, sensitive_level, policyid) values ('TS_LOAD_QY_INCOME_RPT_MO_JM_20161128','TS_LOAD_QY_INCOME_RPT_MO_JM_2017097','TS_LOAD_QY_INCOME_RPT_MO_JM','7','OTH_AMT','杂费','DECIMAL','16','2','','','Y','','D1-6','2','');
insert into column_val (xmlid, col_xmlid, dataname, col_seq, colname, colcnname, datatype, length, precision_val, party_seq, isprimarykey, isnullable, remark, filed_type_child, sensitive_level, policyid) values ('TS_LOAD_QY_INCOME_RPT_MO_JM_20161128','TS_LOAD_QY_INCOME_RPT_MO_JM_2017098','TS_LOAD_QY_INCOME_RPT_MO_JM','8','SELL_AMT','实物销售','DECIMAL','16','2','','','Y','','D1-6','2','');
insert into column_val (xmlid, col_xmlid, dataname, col_seq, colname, colcnname, datatype, length, precision_val, party_seq, isprimarykey, isnullable, remark, filed_type_child, sensitive_level, policyid) values ('TS_LOAD_QY_INCOME_RPT_MO_JM_20161128','TS_LOAD_QY_INCOME_RPT_MO_JM_2017099','TS_LOAD_QY_INCOME_RPT_MO_JM','9','NEW_AMT','新增其他','DECIMAL','16','2','','','Y','','D1-6','2','');
insert into column_val (xmlid, col_xmlid, dataname, col_seq, colname, colcnname, datatype, length, precision_val, party_seq, isprimarykey, isnullable, remark, filed_type_child, sensitive_level, policyid) values ('TS_LOAD_QY_INCOME_RPT_MO_JM_20161128','TS_LOAD_QY_INCOME_RPT_MO_JM_20170910','TS_LOAD_QY_INCOME_RPT_MO_JM','10','TOT_AMT','营业日报营收款总额','DECIMAL','16','2','','','Y','','D1-6','2','');
insert into column_val (xmlid, col_xmlid, dataname, col_seq, colname, colcnname, datatype, length, precision_val, party_seq, isprimarykey, isnullable, remark, filed_type_child, sensitive_level, policyid) values ('TS_LOAD_QY_INCOME_RPT_MO_JM_20161128','TS_LOAD_QY_INCOME_RPT_MO_JM_20170911','TS_LOAD_QY_INCOME_RPT_MO_JM','11','IUSR_CHRG_AMT','智能网前台预存款','DECIMAL','16','2','','','Y','','D1-6','2','PID_all');
insert into column_val (xmlid, col_xmlid, dataname, col_seq, colname, colcnname, datatype, length, precision_val, party_seq, isprimarykey, isnullable, remark, filed_type_child, sensitive_level, policyid) values ('TS_LOAD_QY_INCOME_RPT_MO_JM_20161128','TS_LOAD_QY_INCOME_RPT_MO_JM_20170912','TS_LOAD_QY_INCOME_RPT_MO_JM','12','IBOSS_CHRG_AMT','IBOSS前台预存','DECIMAL','16','2','','','Y','','D1-6','2','');
insert into column_val (xmlid, col_xmlid, dataname, col_seq, colname, colcnname, datatype, length, precision_val, party_seq, isprimarykey, isnullable, remark, filed_type_child, sensitive_level, policyid) values ('TS_LOAD_QY_INCOME_RPT_MO_JM_20161128','TS_LOAD_QY_INCOME_RPT_MO_JM_20170913','TS_LOAD_QY_INCOME_RPT_MO_JM','13','BOSS_DG_PRECHRG','BOSS动感地带预存','DECIMAL','16','2','','','Y','','D1-6','2','');
insert into column_val (xmlid, col_xmlid, dataname, col_seq, colname, colcnname, datatype, length, precision_val, party_seq, isprimarykey, isnullable, remark, filed_type_child, sensitive_level, policyid) values ('TS_LOAD_QY_INCOME_RPT_MO_JM_20161128','TS_LOAD_QY_INCOME_RPT_MO_JM_20170914','TS_LOAD_QY_INCOME_RPT_MO_JM','14','BOSS_SZX_PRECHRG','BOSS神州行预存','DECIMAL','16','2','','','Y','','D1-6','2','');
insert into column_val (xmlid, col_xmlid, dataname, col_seq, colname, colcnname, datatype, length, precision_val, party_seq, isprimarykey, isnullable, remark, filed_type_child, sensitive_level, policyid) values ('TS_LOAD_QY_INCOME_RPT_MO_JM_20161128','TS_LOAD_QY_INCOME_RPT_MO_JM_20170915','TS_LOAD_QY_INCOME_RPT_MO_JM','15','OCS_DG_PRECHRG','OCS动感地带预存','DECIMAL','16','2','','','Y','','D1-6','2','');
insert into column_val (xmlid, col_xmlid, dataname, col_seq, colname, colcnname, datatype, length, precision_val, party_seq, isprimarykey, isnullable, remark, filed_type_child, sensitive_level, policyid) values ('TS_LOAD_QY_INCOME_RPT_MO_JM_20161128','TS_LOAD_QY_INCOME_RPT_MO_JM_20170916','TS_LOAD_QY_INCOME_RPT_MO_JM','16','OCS_SZX_PRECHRG','OCS神州行预存','DECIMAL','16','2','','','Y','','D1-6','2','');
insert into column_val (xmlid, col_xmlid, dataname, col_seq, colname, colcnname, datatype, length, precision_val, party_seq, isprimarykey, isnullable, remark, filed_type_child, sensitive_level, policyid) values ('TS_LOAD_QY_INCOME_RPT_MO_JM_20161128','TS_LOAD_QY_INCOME_RPT_MO_JM_20170917','TS_LOAD_QY_INCOME_RPT_MO_JM','17','SCP_DG_PRECHRG','SCP动感地带预存','DECIMAL','16','2','','','Y','','D1-6','2','');
insert into column_val (xmlid, col_xmlid, dataname, col_seq, colname, colcnname, datatype, length, precision_val, party_seq, isprimarykey, isnullable, remark, filed_type_child, sensitive_level, policyid) values ('TS_LOAD_QY_INCOME_RPT_MO_JM_20161128','TS_LOAD_QY_INCOME_RPT_MO_JM_20170918','TS_LOAD_QY_INCOME_RPT_MO_JM','18','SCP_SZX_PRECHRG','SCP神州行预存','DECIMAL','16','2','','','Y','','D1-6','2','');
insert into column_val (xmlid, col_xmlid, dataname, col_seq, colname, colcnname, datatype, length, precision_val, party_seq, isprimarykey, isnullable, remark, filed_type_child, sensitive_level, policyid) values ('TS_LOAD_QY_INCOME_RPT_MO_JM_20161128','TS_LOAD_QY_INCOME_RPT_MO_JM_20170919','TS_LOAD_QY_INCOME_RPT_MO_JM','19','AIR_CHRG_AMT','空中充值','DECIMAL','16','2','','','Y','','D1-6','2','');
insert into column_val (xmlid, col_xmlid, dataname, col_seq, colname, colcnname, datatype, length, precision_val, party_seq, isprimarykey, isnullable, remark, filed_type_child, sensitive_level, policyid) values ('TS_LOAD_QY_INCOME_RPT_MO_JM_20161128','TS_LOAD_QY_INCOME_RPT_MO_JM_20170920','TS_LOAD_QY_INCOME_RPT_MO_JM','20','SIM_CRD_AMT','SIM卡','DECIMAL','16','2','','','Y','','D1-6','2','PID_14star');
insert into column_val (xmlid, col_xmlid, dataname, col_seq, colname, colcnname, datatype, length, precision_val, party_seq, isprimarykey, isnullable, remark, filed_type_child, sensitive_level, policyid) values ('TS_LOAD_QY_INCOME_RPT_MO_JM_20161128','TS_LOAD_QY_INCOME_RPT_MO_JM_20170921','TS_LOAD_QY_INCOME_RPT_MO_JM','21','BAD_BILL_AMT','坏账回收','DECIMAL','16','2','','','Y','','D1-6','2','');
insert into column_val (xmlid, col_xmlid, dataname, col_seq, colname, colcnname, datatype, length, precision_val, party_seq, isprimarykey, isnullable, remark, filed_type_child, sensitive_level, policyid) values ('TS_LOAD_QY_INCOME_RPT_MO_JM_20161128','TS_LOAD_QY_INCOME_RPT_MO_JM_20170922','TS_LOAD_QY_INCOME_RPT_MO_JM','22','CHNL_AMT','渠道酬金','DECIMAL','16','2','','','Y','','D1-6','2','');
insert into column_val (xmlid, col_xmlid, dataname, col_seq, colname, colcnname, datatype, length, precision_val, party_seq, isprimarykey, isnullable, remark, filed_type_child, sensitive_level, policyid) values ('TS_LOAD_QY_INCOME_RPT_MO_JM_20161128','TS_LOAD_QY_INCOME_RPT_MO_JM_20170923','TS_LOAD_QY_INCOME_RPT_MO_JM','23','TAX_AMT','代扣税','DECIMAL','16','2','','','Y','','D1-6','2','');
insert into column_val (xmlid, col_xmlid, dataname, col_seq, colname, colcnname, datatype, length, precision_val, party_seq, isprimarykey, isnullable, remark, filed_type_child, sensitive_level, policyid) values ('TS_LOAD_QY_INCOME_RPT_MO_JM_20161128','TS_LOAD_QY_INCOME_RPT_MO_JM_20170924','TS_LOAD_QY_INCOME_RPT_MO_JM','24','AREA_BUSI_AMT','跨区业务收费','DECIMAL','16','2','','','Y','','D1-6','2','');
insert into column_val (xmlid, col_xmlid, dataname, col_seq, colname, colcnname, datatype, length, precision_val, party_seq, isprimarykey, isnullable, remark, filed_type_child, sensitive_level, policyid) values ('TS_LOAD_QY_INCOME_RPT_MO_JM_20161128','TS_LOAD_QY_INCOME_RPT_MO_JM_20170925','TS_LOAD_QY_INCOME_RPT_MO_JM','25','SZX_PKGCRD_AMT','SCP套卡销售金额','DECIMAL','16','2','','','Y','','D1-6','2','PID_all');
insert into column_val (xmlid, col_xmlid, dataname, col_seq, colname, colcnname, datatype, length, precision_val, party_seq, isprimarykey, isnullable, remark, filed_type_child, sensitive_level, policyid) values ('TS_LOAD_QY_INCOME_RPT_MO_JM_20161128','TS_LOAD_QY_INCOME_RPT_MO_JM_20170926','TS_LOAD_QY_INCOME_RPT_MO_JM','26','DG_PKGCRD_AMT','OCS套卡销售金额','DECIMAL','16','2','','','Y','','D1-6','2','PID_all');
insert into column_val (xmlid, col_xmlid, dataname, col_seq, colname, colcnname, datatype, length, precision_val, party_seq, isprimarykey, isnullable, remark, filed_type_child, sensitive_level, policyid) values ('TS_LOAD_QY_INCOME_RPT_MO_JM_20161128','TS_LOAD_QY_INCOME_RPT_MO_JM_20170927','TS_LOAD_QY_INCOME_RPT_MO_JM','27','DATA_SOURCE','数据来源','STRING','','','','','Y','','D1-6','2','');
insert into column_val (xmlid, col_xmlid, dataname, col_seq, colname, colcnname, datatype, length, precision_val, party_seq, isprimarykey, isnullable, remark, filed_type_child, sensitive_level, policyid) values ('TS_LOAD_QY_INCOME_RPT_MO_JM_20161128','TS_LOAD_QY_INCOME_RPT_MO_JM_20170928','TS_LOAD_QY_INCOME_RPT_MO_JM','28','month','月份','INT','','','1','','N','','','','');

insert into tablefile (xmlid, dbname, dataname, datacnname, state, cycletype, topiccode, extend_cfg, rightlevel, creater, curdutyer, eff_date, state_date, team_code, open_state, remark) values ('TS_LOAD_QY_INCOME_RPT_MO_ZJ_20161128','BD_B','TS_LOAD_QY_INCOME_RPT_MO_ZJ','STAGE_营收款汇总月报接口表','NEW','month','LAYERI_IFINAC','{"EXTERNAL":"y","LOCATION":"/tenant/BIGDATA/JCFW/JRCL/BD_B/STAGE/TS_LOAD_QY_INCOME_RPT_MO/branch=ZJ","FILEFORMAT":"TEXTFILE","DELIMITER":"@#$"}','其他','谢英俊','谢英俊', TIMESTAMP '2016-08-24 12:00:00', TIMESTAMP '2016-08-24 12:00:00','f2999fd5-c34e-402e-9b28-fec9fca13044','','接口层-财务主题域');
insert into column_val (xmlid, col_xmlid, dataname, col_seq, colname, colcnname, datatype, length, precision_val, party_seq, isprimarykey, isnullable, remark, filed_type_child, sensitive_level, policyid) values ('TS_LOAD_QY_INCOME_RPT_MO_ZJ_20161128','TS_LOAD_QY_INCOME_RPT_MO_ZJ_2017091','TS_LOAD_QY_INCOME_RPT_MO_ZJ','1','TM_INTRVL_CD','日期','INT','','','','','N','','D1-6','2','');
insert into column_val (xmlid, col_xmlid, dataname, col_seq, colname, colcnname, datatype, length, precision_val, party_seq, isprimarykey, isnullable, remark, filed_type_child, sensitive_level, policyid) values ('TS_LOAD_QY_INCOME_RPT_MO_ZJ_20161128','TS_LOAD_QY_INCOME_RPT_MO_ZJ_2017092','TS_LOAD_QY_INCOME_RPT_MO_ZJ','2','CMCC_BRANCH_CD','市公司标识','STRING','','','','','N','','D1-6','2','');
insert into column_val (xmlid, col_xmlid, dataname, col_seq, colname, colcnname, datatype, length, precision_val, party_seq, isprimarykey, isnullable, remark, filed_type_child, sensitive_level, policyid) values ('TS_LOAD_QY_INCOME_RPT_MO_ZJ_20161128','TS_LOAD_QY_INCOME_RPT_MO_ZJ_2017093','TS_LOAD_QY_INCOME_RPT_MO_ZJ','3','CHRG_CRD_AMT','充值卡销售金额','DECIMAL','16','2','','','Y','','D1-6','2','PID_all');
insert into column_val (xmlid, col_xmlid, dataname, col_seq, colname, colcnname, datatype, length, precision_val, party_seq, isprimarykey, isnullable, remark, filed_type_child, sensitive_level, policyid) values ('TS_LOAD_QY_INCOME_RPT_MO_ZJ_20161128','TS_LOAD_QY_INCOME_RPT_MO_ZJ_2017094','TS_LOAD_QY_INCOME_RPT_MO_ZJ','4','PKG_CRD_AMT','BOSS套卡销售金额','DECIMAL','16','2','','','Y','','D1-6','2','PID_all');
insert into column_val (xmlid, col_xmlid, dataname, col_seq, colname, colcnname, datatype, length, precision_val, party_seq, isprimarykey, isnullable, remark, filed_type_child, sensitive_level, policyid) values ('TS_LOAD_QY_INCOME_RPT_MO_ZJ_20161128','TS_LOAD_QY_INCOME_RPT_MO_ZJ_2017095','TS_LOAD_QY_INCOME_RPT_MO_ZJ','5','GOTONE_PRECHRG_AMT','全球通+TD预存款','DECIMAL','16','2','','','Y','','D1-6','2','PID_all');
insert into column_val (xmlid, col_xmlid, dataname, col_seq, colname, colcnname, datatype, length, precision_val, party_seq, isprimarykey, isnullable, remark, filed_type_child, sensitive_level, policyid) values ('TS_LOAD_QY_INCOME_RPT_MO_ZJ_20161128','TS_LOAD_QY_INCOME_RPT_MO_ZJ_2017096','TS_LOAD_QY_INCOME_RPT_MO_ZJ','6','IUSR_PRECHRG_AMT','智能网前台现金充值','DECIMAL','16','2','','','Y','','D1-6','2','');
insert into column_val (xmlid, col_xmlid, dataname, col_seq, colname, colcnname, datatype, length, precision_val, party_seq, isprimarykey, isnullable, remark, filed_type_child, sensitive_level, policyid) values ('TS_LOAD_QY_INCOME_RPT_MO_ZJ_20161128','TS_LOAD_QY_INCOME_RPT_MO_ZJ_2017097','TS_LOAD_QY_INCOME_RPT_MO_ZJ','7','OTH_AMT','杂费','DECIMAL','16','2','','','Y','','D1-6','2','');
insert into column_val (xmlid, col_xmlid, dataname, col_seq, colname, colcnname, datatype, length, precision_val, party_seq, isprimarykey, isnullable, remark, filed_type_child, sensitive_level, policyid) values ('TS_LOAD_QY_INCOME_RPT_MO_ZJ_20161128','TS_LOAD_QY_INCOME_RPT_MO_ZJ_2017098','TS_LOAD_QY_INCOME_RPT_MO_ZJ','8','SELL_AMT','实物销售','DECIMAL','16','2','','','Y','','D1-6','2','');
insert into column_val (xmlid, col_xmlid, dataname, col_seq, colname, colcnname, datatype, length, precision_val, party_seq, isprimarykey, isnullable, remark, filed_type_child, sensitive_level, policyid) values ('TS_LOAD_QY_INCOME_RPT_MO_ZJ_20161128','TS_LOAD_QY_INCOME_RPT_MO_ZJ_2017099','TS_LOAD_QY_INCOME_RPT_MO_ZJ','9','NEW_AMT','新增其他','DECIMAL','16','2','','','Y','','D1-6','2','');
insert into column_val (xmlid, col_xmlid, dataname, col_seq, colname, colcnname, datatype, length, precision_val, party_seq, isprimarykey, isnullable, remark, filed_type_child, sensitive_level, policyid) values ('TS_LOAD_QY_INCOME_RPT_MO_ZJ_20161128','TS_LOAD_QY_INCOME_RPT_MO_ZJ_20170910','TS_LOAD_QY_INCOME_RPT_MO_ZJ','10','TOT_AMT','营业日报营收款总额','DECIMAL','16','2','','','Y','','D1-6','2','');
insert into column_val (xmlid, col_xmlid, dataname, col_seq, colname, colcnname, datatype, length, precision_val, party_seq, isprimarykey, isnullable, remark, filed_type_child, sensitive_level, policyid) values ('TS_LOAD_QY_INCOME_RPT_MO_ZJ_20161128','TS_LOAD_QY_INCOME_RPT_MO_ZJ_20170911','TS_LOAD_QY_INCOME_RPT_MO_ZJ','11','IUSR_CHRG_AMT','智能网前台预存款','DECIMAL','16','2','','','Y','','D1-6','2','PID_all');
insert into column_val (xmlid, col_xmlid, dataname, col_seq, colname, colcnname, datatype, length, precision_val, party_seq, isprimarykey, isnullable, remark, filed_type_child, sensitive_level, policyid) values ('TS_LOAD_QY_INCOME_RPT_MO_ZJ_20161128','TS_LOAD_QY_INCOME_RPT_MO_ZJ_20170912','TS_LOAD_QY_INCOME_RPT_MO_ZJ','12','IBOSS_CHRG_AMT','IBOSS前台预存','DECIMAL','16','2','','','Y','','D1-6','2','');
insert into column_val (xmlid, col_xmlid, dataname, col_seq, colname, colcnname, datatype, length, precision_val, party_seq, isprimarykey, isnullable, remark, filed_type_child, sensitive_level, policyid) values ('TS_LOAD_QY_INCOME_RPT_MO_ZJ_20161128','TS_LOAD_QY_INCOME_RPT_MO_ZJ_20170913','TS_LOAD_QY_INCOME_RPT_MO_ZJ','13','BOSS_DG_PRECHRG','BOSS动感地带预存','DECIMAL','16','2','','','Y','','D1-6','2','');
insert into column_val (xmlid, col_xmlid, dataname, col_seq, colname, colcnname, datatype, length, precision_val, party_seq, isprimarykey, isnullable, remark, filed_type_child, sensitive_level, policyid) values ('TS_LOAD_QY_INCOME_RPT_MO_ZJ_20161128','TS_LOAD_QY_INCOME_RPT_MO_ZJ_20170914','TS_LOAD_QY_INCOME_RPT_MO_ZJ','14','BOSS_SZX_PRECHRG','BOSS神州行预存','DECIMAL','16','2','','','Y','','D1-6','2','');
insert into column_val (xmlid, col_xmlid, dataname, col_seq, colname, colcnname, datatype, length, precision_val, party_seq, isprimarykey, isnullable, remark, filed_type_child, sensitive_level, policyid) values ('TS_LOAD_QY_INCOME_RPT_MO_ZJ_20161128','TS_LOAD_QY_INCOME_RPT_MO_ZJ_20170915','TS_LOAD_QY_INCOME_RPT_MO_ZJ','15','OCS_DG_PRECHRG','OCS动感地带预存','DECIMAL','16','2','','','Y','','D1-6','2','');
insert into column_val (xmlid, col_xmlid, dataname, col_seq, colname, colcnname, datatype, length, precision_val, party_seq, isprimarykey, isnullable, remark, filed_type_child, sensitive_level, policyid) values ('TS_LOAD_QY_INCOME_RPT_MO_ZJ_20161128','TS_LOAD_QY_INCOME_RPT_MO_ZJ_20170916','TS_LOAD_QY_INCOME_RPT_MO_ZJ','16','OCS_SZX_PRECHRG','OCS神州行预存','DECIMAL','16','2','','','Y','','D1-6','2','');
insert into column_val (xmlid, col_xmlid, dataname, col_seq, colname, colcnname, datatype, length, precision_val, party_seq, isprimarykey, isnullable, remark, filed_type_child, sensitive_level, policyid) values ('TS_LOAD_QY_INCOME_RPT_MO_ZJ_20161128','TS_LOAD_QY_INCOME_RPT_MO_ZJ_20170917','TS_LOAD_QY_INCOME_RPT_MO_ZJ','17','SCP_DG_PRECHRG','SCP动感地带预存','DECIMAL','16','2','','','Y','','D1-6','2','');
insert into column_val (xmlid, col_xmlid, dataname, col_seq, colname, colcnname, datatype, length, precision_val, party_seq, isprimarykey, isnullable, remark, filed_type_child, sensitive_level, policyid) values ('TS_LOAD_QY_INCOME_RPT_MO_ZJ_20161128','TS_LOAD_QY_INCOME_RPT_MO_ZJ_20170918','TS_LOAD_QY_INCOME_RPT_MO_ZJ','18','SCP_SZX_PRECHRG','SCP神州行预存','DECIMAL','16','2','','','Y','','D1-6','2','');
insert into column_val (xmlid, col_xmlid, dataname, col_seq, colname, colcnname, datatype, length, precision_val, party_seq, isprimarykey, isnullable, remark, filed_type_child, sensitive_level, policyid) values ('TS_LOAD_QY_INCOME_RPT_MO_ZJ_20161128','TS_LOAD_QY_INCOME_RPT_MO_ZJ_20170919','TS_LOAD_QY_INCOME_RPT_MO_ZJ','19','AIR_CHRG_AMT','空中充值','DECIMAL','16','2','','','Y','','D1-6','2','');
insert into column_val (xmlid, col_xmlid, dataname, col_seq, colname, colcnname, datatype, length, precision_val, party_seq, isprimarykey, isnullable, remark, filed_type_child, sensitive_level, policyid) values ('TS_LOAD_QY_INCOME_RPT_MO_ZJ_20161128','TS_LOAD_QY_INCOME_RPT_MO_ZJ_20170920','TS_LOAD_QY_INCOME_RPT_MO_ZJ','20','SIM_CRD_AMT','SIM卡','DECIMAL','16','2','','','Y','','D1-6','2','PID_14star');
insert into column_val (xmlid, col_xmlid, dataname, col_seq, colname, colcnname, datatype, length, precision_val, party_seq, isprimarykey, isnullable, remark, filed_type_child, sensitive_level, policyid) values ('TS_LOAD_QY_INCOME_RPT_MO_ZJ_20161128','TS_LOAD_QY_INCOME_RPT_MO_ZJ_20170921','TS_LOAD_QY_INCOME_RPT_MO_ZJ','21','BAD_BILL_AMT','坏账回收','DECIMAL','16','2','','','Y','','D1-6','2','');
insert into column_val (xmlid, col_xmlid, dataname, col_seq, colname, colcnname, datatype, length, precision_val, party_seq, isprimarykey, isnullable, remark, filed_type_child, sensitive_level, policyid) values ('TS_LOAD_QY_INCOME_RPT_MO_ZJ_20161128','TS_LOAD_QY_INCOME_RPT_MO_ZJ_20170922','TS_LOAD_QY_INCOME_RPT_MO_ZJ','22','CHNL_AMT','渠道酬金','DECIMAL','16','2','','','Y','','D1-6','2','');
insert into column_val (xmlid, col_xmlid, dataname, col_seq, colname, colcnname, datatype, length, precision_val, party_seq, isprimarykey, isnullable, remark, filed_type_child, sensitive_level, policyid) values ('TS_LOAD_QY_INCOME_RPT_MO_ZJ_20161128','TS_LOAD_QY_INCOME_RPT_MO_ZJ_20170923','TS_LOAD_QY_INCOME_RPT_MO_ZJ','23','TAX_AMT','代扣税','DECIMAL','16','2','','','Y','','D1-6','2','');
insert into column_val (xmlid, col_xmlid, dataname, col_seq, colname, colcnname, datatype, length, precision_val, party_seq, isprimarykey, isnullable, remark, filed_type_child, sensitive_level, policyid) values ('TS_LOAD_QY_INCOME_RPT_MO_ZJ_20161128','TS_LOAD_QY_INCOME_RPT_MO_ZJ_20170924','TS_LOAD_QY_INCOME_RPT_MO_ZJ','24','AREA_BUSI_AMT','跨区业务收费','DECIMAL','16','2','','','Y','','D1-6','2','');
insert into column_val (xmlid, col_xmlid, dataname, col_seq, colname, colcnname, datatype, length, precision_val, party_seq, isprimarykey, isnullable, remark, filed_type_child, sensitive_level, policyid) values ('TS_LOAD_QY_INCOME_RPT_MO_ZJ_20161128','TS_LOAD_QY_INCOME_RPT_MO_ZJ_20170925','TS_LOAD_QY_INCOME_RPT_MO_ZJ','25','SZX_PKGCRD_AMT','SCP套卡销售金额','DECIMAL','16','2','','','Y','','D1-6','2','PID_all');
insert into column_val (xmlid, col_xmlid, dataname, col_seq, colname, colcnname, datatype, length, precision_val, party_seq, isprimarykey, isnullable, remark, filed_type_child, sensitive_level, policyid) values ('TS_LOAD_QY_INCOME_RPT_MO_ZJ_20161128','TS_LOAD_QY_INCOME_RPT_MO_ZJ_20170926','TS_LOAD_QY_INCOME_RPT_MO_ZJ','26','DG_PKGCRD_AMT','OCS套卡销售金额','DECIMAL','16','2','','','Y','','D1-6','2','PID_all');
insert into column_val (xmlid, col_xmlid, dataname, col_seq, colname, colcnname, datatype, length, precision_val, party_seq, isprimarykey, isnullable, remark, filed_type_child, sensitive_level, policyid) values ('TS_LOAD_QY_INCOME_RPT_MO_ZJ_20161128','TS_LOAD_QY_INCOME_RPT_MO_ZJ_20170927','TS_LOAD_QY_INCOME_RPT_MO_ZJ','27','DATA_SOURCE','数据来源','STRING','','','','','Y','','D1-6','2','');
insert into column_val (xmlid, col_xmlid, dataname, col_seq, colname, colcnname, datatype, length, precision_val, party_seq, isprimarykey, isnullable, remark, filed_type_child, sensitive_level, policyid) values ('TS_LOAD_QY_INCOME_RPT_MO_ZJ_20161128','TS_LOAD_QY_INCOME_RPT_MO_ZJ_20170928','TS_LOAD_QY_INCOME_RPT_MO_ZJ','28','month','月份','INT','','','1','','N','','','','');

insert into tablefile (xmlid, dbname, dataname, datacnname, state, cycletype, topiccode, extend_cfg, rightlevel, creater, curdutyer, eff_date, state_date, team_code, open_state, remark) values ('TS_LOAD_QY_INCOME_RPT_MO_SG_20161128','BD_B','TS_LOAD_QY_INCOME_RPT_MO_SG','STAGE_营收款汇总月报接口表','NEW','month','LAYERI_IFINAC','{"EXTERNAL":"y","LOCATION":"/tenant/BIGDATA/JCFW/JRCL/BD_B/STAGE/TS_LOAD_QY_INCOME_RPT_MO/branch=SG","FILEFORMAT":"TEXTFILE","DELIMITER":"@#$"}','其他','谢英俊','谢英俊', TIMESTAMP '2016-08-24 12:00:00', TIMESTAMP '2016-08-24 12:00:00','f2999fd5-c34e-402e-9b28-fec9fca13044','','接口层-财务主题域');
insert into column_val (xmlid, col_xmlid, dataname, col_seq, colname, colcnname, datatype, length, precision_val, party_seq, isprimarykey, isnullable, remark, filed_type_child, sensitive_level, policyid) values ('TS_LOAD_QY_INCOME_RPT_MO_SG_20161128','TS_LOAD_QY_INCOME_RPT_MO_SG_2017091','TS_LOAD_QY_INCOME_RPT_MO_SG','1','TM_INTRVL_CD','日期','INT','','','','','N','','D1-6','2','');
insert into column_val (xmlid, col_xmlid, dataname, col_seq, colname, colcnname, datatype, length, precision_val, party_seq, isprimarykey, isnullable, remark, filed_type_child, sensitive_level, policyid) values ('TS_LOAD_QY_INCOME_RPT_MO_SG_20161128','TS_LOAD_QY_INCOME_RPT_MO_SG_2017092','TS_LOAD_QY_INCOME_RPT_MO_SG','2','CMCC_BRANCH_CD','市公司标识','STRING','','','','','N','','D1-6','2','');
insert into column_val (xmlid, col_xmlid, dataname, col_seq, colname, colcnname, datatype, length, precision_val, party_seq, isprimarykey, isnullable, remark, filed_type_child, sensitive_level, policyid) values ('TS_LOAD_QY_INCOME_RPT_MO_SG_20161128','TS_LOAD_QY_INCOME_RPT_MO_SG_2017093','TS_LOAD_QY_INCOME_RPT_MO_SG','3','CHRG_CRD_AMT','充值卡销售金额','DECIMAL','16','2','','','Y','','D1-6','2','PID_all');
insert into column_val (xmlid, col_xmlid, dataname, col_seq, colname, colcnname, datatype, length, precision_val, party_seq, isprimarykey, isnullable, remark, filed_type_child, sensitive_level, policyid) values ('TS_LOAD_QY_INCOME_RPT_MO_SG_20161128','TS_LOAD_QY_INCOME_RPT_MO_SG_2017094','TS_LOAD_QY_INCOME_RPT_MO_SG','4','PKG_CRD_AMT','BOSS套卡销售金额','DECIMAL','16','2','','','Y','','D1-6','2','PID_all');
insert into column_val (xmlid, col_xmlid, dataname, col_seq, colname, colcnname, datatype, length, precision_val, party_seq, isprimarykey, isnullable, remark, filed_type_child, sensitive_level, policyid) values ('TS_LOAD_QY_INCOME_RPT_MO_SG_20161128','TS_LOAD_QY_INCOME_RPT_MO_SG_2017095','TS_LOAD_QY_INCOME_RPT_MO_SG','5','GOTONE_PRECHRG_AMT','全球通+TD预存款','DECIMAL','16','2','','','Y','','D1-6','2','PID_all');
insert into column_val (xmlid, col_xmlid, dataname, col_seq, colname, colcnname, datatype, length, precision_val, party_seq, isprimarykey, isnullable, remark, filed_type_child, sensitive_level, policyid) values ('TS_LOAD_QY_INCOME_RPT_MO_SG_20161128','TS_LOAD_QY_INCOME_RPT_MO_SG_2017096','TS_LOAD_QY_INCOME_RPT_MO_SG','6','IUSR_PRECHRG_AMT','智能网前台现金充值','DECIMAL','16','2','','','Y','','D1-6','2','');
insert into column_val (xmlid, col_xmlid, dataname, col_seq, colname, colcnname, datatype, length, precision_val, party_seq, isprimarykey, isnullable, remark, filed_type_child, sensitive_level, policyid) values ('TS_LOAD_QY_INCOME_RPT_MO_SG_20161128','TS_LOAD_QY_INCOME_RPT_MO_SG_2017097','TS_LOAD_QY_INCOME_RPT_MO_SG','7','OTH_AMT','杂费','DECIMAL','16','2','','','Y','','D1-6','2','');
insert into column_val (xmlid, col_xmlid, dataname, col_seq, colname, colcnname, datatype, length, precision_val, party_seq, isprimarykey, isnullable, remark, filed_type_child, sensitive_level, policyid) values ('TS_LOAD_QY_INCOME_RPT_MO_SG_20161128','TS_LOAD_QY_INCOME_RPT_MO_SG_2017098','TS_LOAD_QY_INCOME_RPT_MO_SG','8','SELL_AMT','实物销售','DECIMAL','16','2','','','Y','','D1-6','2','');
insert into column_val (xmlid, col_xmlid, dataname, col_seq, colname, colcnname, datatype, length, precision_val, party_seq, isprimarykey, isnullable, remark, filed_type_child, sensitive_level, policyid) values ('TS_LOAD_QY_INCOME_RPT_MO_SG_20161128','TS_LOAD_QY_INCOME_RPT_MO_SG_2017099','TS_LOAD_QY_INCOME_RPT_MO_SG','9','NEW_AMT','新增其他','DECIMAL','16','2','','','Y','','D1-6','2','');
insert into column_val (xmlid, col_xmlid, dataname, col_seq, colname, colcnname, datatype, length, precision_val, party_seq, isprimarykey, isnullable, remark, filed_type_child, sensitive_level, policyid) values ('TS_LOAD_QY_INCOME_RPT_MO_SG_20161128','TS_LOAD_QY_INCOME_RPT_MO_SG_20170910','TS_LOAD_QY_INCOME_RPT_MO_SG','10','TOT_AMT','营业日报营收款总额','DECIMAL','16','2','','','Y','','D1-6','2','');
insert into column_val (xmlid, col_xmlid, dataname, col_seq, colname, colcnname, datatype, length, precision_val, party_seq, isprimarykey, isnullable, remark, filed_type_child, sensitive_level, policyid) values ('TS_LOAD_QY_INCOME_RPT_MO_SG_20161128','TS_LOAD_QY_INCOME_RPT_MO_SG_20170911','TS_LOAD_QY_INCOME_RPT_MO_SG','11','IUSR_CHRG_AMT','智能网前台预存款','DECIMAL','16','2','','','Y','','D1-6','2','PID_all');
insert into column_val (xmlid, col_xmlid, dataname, col_seq, colname, colcnname, datatype, length, precision_val, party_seq, isprimarykey, isnullable, remark, filed_type_child, sensitive_level, policyid) values ('TS_LOAD_QY_INCOME_RPT_MO_SG_20161128','TS_LOAD_QY_INCOME_RPT_MO_SG_20170912','TS_LOAD_QY_INCOME_RPT_MO_SG','12','IBOSS_CHRG_AMT','IBOSS前台预存','DECIMAL','16','2','','','Y','','D1-6','2','');
insert into column_val (xmlid, col_xmlid, dataname, col_seq, colname, colcnname, datatype, length, precision_val, party_seq, isprimarykey, isnullable, remark, filed_type_child, sensitive_level, policyid) values ('TS_LOAD_QY_INCOME_RPT_MO_SG_20161128','TS_LOAD_QY_INCOME_RPT_MO_SG_20170913','TS_LOAD_QY_INCOME_RPT_MO_SG','13','BOSS_DG_PRECHRG','BOSS动感地带预存','DECIMAL','16','2','','','Y','','D1-6','2','');
insert into column_val (xmlid, col_xmlid, dataname, col_seq, colname, colcnname, datatype, length, precision_val, party_seq, isprimarykey, isnullable, remark, filed_type_child, sensitive_level, policyid) values ('TS_LOAD_QY_INCOME_RPT_MO_SG_20161128','TS_LOAD_QY_INCOME_RPT_MO_SG_20170914','TS_LOAD_QY_INCOME_RPT_MO_SG','14','BOSS_SZX_PRECHRG','BOSS神州行预存','DECIMAL','16','2','','','Y','','D1-6','2','');
insert into column_val (xmlid, col_xmlid, dataname, col_seq, colname, colcnname, datatype, length, precision_val, party_seq, isprimarykey, isnullable, remark, filed_type_child, sensitive_level, policyid) values ('TS_LOAD_QY_INCOME_RPT_MO_SG_20161128','TS_LOAD_QY_INCOME_RPT_MO_SG_20170915','TS_LOAD_QY_INCOME_RPT_MO_SG','15','OCS_DG_PRECHRG','OCS动感地带预存','DECIMAL','16','2','','','Y','','D1-6','2','');
insert into column_val (xmlid, col_xmlid, dataname, col_seq, colname, colcnname, datatype, length, precision_val, party_seq, isprimarykey, isnullable, remark, filed_type_child, sensitive_level, policyid) values ('TS_LOAD_QY_INCOME_RPT_MO_SG_20161128','TS_LOAD_QY_INCOME_RPT_MO_SG_20170916','TS_LOAD_QY_INCOME_RPT_MO_SG','16','OCS_SZX_PRECHRG','OCS神州行预存','DECIMAL','16','2','','','Y','','D1-6','2','');
insert into column_val (xmlid, col_xmlid, dataname, col_seq, colname, colcnname, datatype, length, precision_val, party_seq, isprimarykey, isnullable, remark, filed_type_child, sensitive_level, policyid) values ('TS_LOAD_QY_INCOME_RPT_MO_SG_20161128','TS_LOAD_QY_INCOME_RPT_MO_SG_20170917','TS_LOAD_QY_INCOME_RPT_MO_SG','17','SCP_DG_PRECHRG','SCP动感地带预存','DECIMAL','16','2','','','Y','','D1-6','2','');
insert into column_val (xmlid, col_xmlid, dataname, col_seq, colname, colcnname, datatype, length, precision_val, party_seq, isprimarykey, isnullable, remark, filed_type_child, sensitive_level, policyid) values ('TS_LOAD_QY_INCOME_RPT_MO_SG_20161128','TS_LOAD_QY_INCOME_RPT_MO_SG_20170918','TS_LOAD_QY_INCOME_RPT_MO_SG','18','SCP_SZX_PRECHRG','SCP神州行预存','DECIMAL','16','2','','','Y','','D1-6','2','');
insert into column_val (xmlid, col_xmlid, dataname, col_seq, colname, colcnname, datatype, length, precision_val, party_seq, isprimarykey, isnullable, remark, filed_type_child, sensitive_level, policyid) values ('TS_LOAD_QY_INCOME_RPT_MO_SG_20161128','TS_LOAD_QY_INCOME_RPT_MO_SG_20170919','TS_LOAD_QY_INCOME_RPT_MO_SG','19','AIR_CHRG_AMT','空中充值','DECIMAL','16','2','','','Y','','D1-6','2','');
insert into column_val (xmlid, col_xmlid, dataname, col_seq, colname, colcnname, datatype, length, precision_val, party_seq, isprimarykey, isnullable, remark, filed_type_child, sensitive_level, policyid) values ('TS_LOAD_QY_INCOME_RPT_MO_SG_20161128','TS_LOAD_QY_INCOME_RPT_MO_SG_20170920','TS_LOAD_QY_INCOME_RPT_MO_SG','20','SIM_CRD_AMT','SIM卡','DECIMAL','16','2','','','Y','','D1-6','2','PID_14star');
insert into column_val (xmlid, col_xmlid, dataname, col_seq, colname, colcnname, datatype, length, precision_val, party_seq, isprimarykey, isnullable, remark, filed_type_child, sensitive_level, policyid) values ('TS_LOAD_QY_INCOME_RPT_MO_SG_20161128','TS_LOAD_QY_INCOME_RPT_MO_SG_20170921','TS_LOAD_QY_INCOME_RPT_MO_SG','21','BAD_BILL_AMT','坏账回收','DECIMAL','16','2','','','Y','','D1-6','2','');
insert into column_val (xmlid, col_xmlid, dataname, col_seq, colname, colcnname, datatype, length, precision_val, party_seq, isprimarykey, isnullable, remark, filed_type_child, sensitive_level, policyid) values ('TS_LOAD_QY_INCOME_RPT_MO_SG_20161128','TS_LOAD_QY_INCOME_RPT_MO_SG_20170922','TS_LOAD_QY_INCOME_RPT_MO_SG','22','CHNL_AMT','渠道酬金','DECIMAL','16','2','','','Y','','D1-6','2','');
insert into column_val (xmlid, col_xmlid, dataname, col_seq, colname, colcnname, datatype, length, precision_val, party_seq, isprimarykey, isnullable, remark, filed_type_child, sensitive_level, policyid) values ('TS_LOAD_QY_INCOME_RPT_MO_SG_20161128','TS_LOAD_QY_INCOME_RPT_MO_SG_20170923','TS_LOAD_QY_INCOME_RPT_MO_SG','23','TAX_AMT','代扣税','DECIMAL','16','2','','','Y','','D1-6','2','');
insert into column_val (xmlid, col_xmlid, dataname, col_seq, colname, colcnname, datatype, length, precision_val, party_seq, isprimarykey, isnullable, remark, filed_type_child, sensitive_level, policyid) values ('TS_LOAD_QY_INCOME_RPT_MO_SG_20161128','TS_LOAD_QY_INCOME_RPT_MO_SG_20170924','TS_LOAD_QY_INCOME_RPT_MO_SG','24','AREA_BUSI_AMT','跨区业务收费','DECIMAL','16','2','','','Y','','D1-6','2','');
insert into column_val (xmlid, col_xmlid, dataname, col_seq, colname, colcnname, datatype, length, precision_val, party_seq, isprimarykey, isnullable, remark, filed_type_child, sensitive_level, policyid) values ('TS_LOAD_QY_INCOME_RPT_MO_SG_20161128','TS_LOAD_QY_INCOME_RPT_MO_SG_20170925','TS_LOAD_QY_INCOME_RPT_MO_SG','25','SZX_PKGCRD_AMT','SCP套卡销售金额','DECIMAL','16','2','','','Y','','D1-6','2','PID_all');
insert into column_val (xmlid, col_xmlid, dataname, col_seq, colname, colcnname, datatype, length, precision_val, party_seq, isprimarykey, isnullable, remark, filed_type_child, sensitive_level, policyid) values ('TS_LOAD_QY_INCOME_RPT_MO_SG_20161128','TS_LOAD_QY_INCOME_RPT_MO_SG_20170926','TS_LOAD_QY_INCOME_RPT_MO_SG','26','DG_PKGCRD_AMT','OCS套卡销售金额','DECIMAL','16','2','','','Y','','D1-6','2','PID_all');
insert into column_val (xmlid, col_xmlid, dataname, col_seq, colname, colcnname, datatype, length, precision_val, party_seq, isprimarykey, isnullable, remark, filed_type_child, sensitive_level, policyid) values ('TS_LOAD_QY_INCOME_RPT_MO_SG_20161128','TS_LOAD_QY_INCOME_RPT_MO_SG_20170927','TS_LOAD_QY_INCOME_RPT_MO_SG','27','DATA_SOURCE','数据来源','STRING','','','','','Y','','D1-6','2','');
insert into column_val (xmlid, col_xmlid, dataname, col_seq, colname, colcnname, datatype, length, precision_val, party_seq, isprimarykey, isnullable, remark, filed_type_child, sensitive_level, policyid) values ('TS_LOAD_QY_INCOME_RPT_MO_SG_20161128','TS_LOAD_QY_INCOME_RPT_MO_SG_20170928','TS_LOAD_QY_INCOME_RPT_MO_SG','28','month','月份','INT','','','1','','N','','','','');

insert into tablefile (xmlid, dbname, dataname, datacnname, state, cycletype, topiccode, extend_cfg, rightlevel, creater, curdutyer, eff_date, state_date, team_code, open_state, remark) values ('TS_LOAD_QY_INCOME_RPT_MO_HY_20161128','BD_B','TS_LOAD_QY_INCOME_RPT_MO_HY','STAGE_营收款汇总月报接口表','NEW','month','LAYERI_IFINAC','{"EXTERNAL":"y","LOCATION":"/tenant/BIGDATA/JCFW/JRCL/BD_B/STAGE/TS_LOAD_QY_INCOME_RPT_MO/branch=HY","FILEFORMAT":"TEXTFILE","DELIMITER":"@#$"}','其他','谢英俊','谢英俊', TIMESTAMP '2016-08-24 12:00:00', TIMESTAMP '2016-08-24 12:00:00','f2999fd5-c34e-402e-9b28-fec9fca13044','','接口层-财务主题域');
insert into column_val (xmlid, col_xmlid, dataname, col_seq, colname, colcnname, datatype, length, precision_val, party_seq, isprimarykey, isnullable, remark, filed_type_child, sensitive_level, policyid) values ('TS_LOAD_QY_INCOME_RPT_MO_HY_20161128','TS_LOAD_QY_INCOME_RPT_MO_HY_2017091','TS_LOAD_QY_INCOME_RPT_MO_HY','1','TM_INTRVL_CD','日期','INT','','','','','N','','D1-6','2','');
insert into column_val (xmlid, col_xmlid, dataname, col_seq, colname, colcnname, datatype, length, precision_val, party_seq, isprimarykey, isnullable, remark, filed_type_child, sensitive_level, policyid) values ('TS_LOAD_QY_INCOME_RPT_MO_HY_20161128','TS_LOAD_QY_INCOME_RPT_MO_HY_2017092','TS_LOAD_QY_INCOME_RPT_MO_HY','2','CMCC_BRANCH_CD','市公司标识','STRING','','','','','N','','D1-6','2','');
insert into column_val (xmlid, col_xmlid, dataname, col_seq, colname, colcnname, datatype, length, precision_val, party_seq, isprimarykey, isnullable, remark, filed_type_child, sensitive_level, policyid) values ('TS_LOAD_QY_INCOME_RPT_MO_HY_20161128','TS_LOAD_QY_INCOME_RPT_MO_HY_2017093','TS_LOAD_QY_INCOME_RPT_MO_HY','3','CHRG_CRD_AMT','充值卡销售金额','DECIMAL','16','2','','','Y','','D1-6','2','PID_all');
insert into column_val (xmlid, col_xmlid, dataname, col_seq, colname, colcnname, datatype, length, precision_val, party_seq, isprimarykey, isnullable, remark, filed_type_child, sensitive_level, policyid) values ('TS_LOAD_QY_INCOME_RPT_MO_HY_20161128','TS_LOAD_QY_INCOME_RPT_MO_HY_2017094','TS_LOAD_QY_INCOME_RPT_MO_HY','4','PKG_CRD_AMT','BOSS套卡销售金额','DECIMAL','16','2','','','Y','','D1-6','2','PID_all');
insert into column_val (xmlid, col_xmlid, dataname, col_seq, colname, colcnname, datatype, length, precision_val, party_seq, isprimarykey, isnullable, remark, filed_type_child, sensitive_level, policyid) values ('TS_LOAD_QY_INCOME_RPT_MO_HY_20161128','TS_LOAD_QY_INCOME_RPT_MO_HY_2017095','TS_LOAD_QY_INCOME_RPT_MO_HY','5','GOTONE_PRECHRG_AMT','全球通+TD预存款','DECIMAL','16','2','','','Y','','D1-6','2','PID_all');
insert into column_val (xmlid, col_xmlid, dataname, col_seq, colname, colcnname, datatype, length, precision_val, party_seq, isprimarykey, isnullable, remark, filed_type_child, sensitive_level, policyid) values ('TS_LOAD_QY_INCOME_RPT_MO_HY_20161128','TS_LOAD_QY_INCOME_RPT_MO_HY_2017096','TS_LOAD_QY_INCOME_RPT_MO_HY','6','IUSR_PRECHRG_AMT','智能网前台现金充值','DECIMAL','16','2','','','Y','','D1-6','2','');
insert into column_val (xmlid, col_xmlid, dataname, col_seq, colname, colcnname, datatype, length, precision_val, party_seq, isprimarykey, isnullable, remark, filed_type_child, sensitive_level, policyid) values ('TS_LOAD_QY_INCOME_RPT_MO_HY_20161128','TS_LOAD_QY_INCOME_RPT_MO_HY_2017097','TS_LOAD_QY_INCOME_RPT_MO_HY','7','OTH_AMT','杂费','DECIMAL','16','2','','','Y','','D1-6','2','');
insert into column_val (xmlid, col_xmlid, dataname, col_seq, colname, colcnname, datatype, length, precision_val, party_seq, isprimarykey, isnullable, remark, filed_type_child, sensitive_level, policyid) values ('TS_LOAD_QY_INCOME_RPT_MO_HY_20161128','TS_LOAD_QY_INCOME_RPT_MO_HY_2017098','TS_LOAD_QY_INCOME_RPT_MO_HY','8','SELL_AMT','实物销售','DECIMAL','16','2','','','Y','','D1-6','2','');
insert into column_val (xmlid, col_xmlid, dataname, col_seq, colname, colcnname, datatype, length, precision_val, party_seq, isprimarykey, isnullable, remark, filed_type_child, sensitive_level, policyid) values ('TS_LOAD_QY_INCOME_RPT_MO_HY_20161128','TS_LOAD_QY_INCOME_RPT_MO_HY_2017099','TS_LOAD_QY_INCOME_RPT_MO_HY','9','NEW_AMT','新增其他','DECIMAL','16','2','','','Y','','D1-6','2','');
insert into column_val (xmlid, col_xmlid, dataname, col_seq, colname, colcnname, datatype, length, precision_val, party_seq, isprimarykey, isnullable, remark, filed_type_child, sensitive_level, policyid) values ('TS_LOAD_QY_INCOME_RPT_MO_HY_20161128','TS_LOAD_QY_INCOME_RPT_MO_HY_20170910','TS_LOAD_QY_INCOME_RPT_MO_HY','10','TOT_AMT','营业日报营收款总额','DECIMAL','16','2','','','Y','','D1-6','2','');
insert into column_val (xmlid, col_xmlid, dataname, col_seq, colname, colcnname, datatype, length, precision_val, party_seq, isprimarykey, isnullable, remark, filed_type_child, sensitive_level, policyid) values ('TS_LOAD_QY_INCOME_RPT_MO_HY_20161128','TS_LOAD_QY_INCOME_RPT_MO_HY_20170911','TS_LOAD_QY_INCOME_RPT_MO_HY','11','IUSR_CHRG_AMT','智能网前台预存款','DECIMAL','16','2','','','Y','','D1-6','2','PID_all');
insert into column_val (xmlid, col_xmlid, dataname, col_seq, colname, colcnname, datatype, length, precision_val, party_seq, isprimarykey, isnullable, remark, filed_type_child, sensitive_level, policyid) values ('TS_LOAD_QY_INCOME_RPT_MO_HY_20161128','TS_LOAD_QY_INCOME_RPT_MO_HY_20170912','TS_LOAD_QY_INCOME_RPT_MO_HY','12','IBOSS_CHRG_AMT','IBOSS前台预存','DECIMAL','16','2','','','Y','','D1-6','2','');
insert into column_val (xmlid, col_xmlid, dataname, col_seq, colname, colcnname, datatype, length, precision_val, party_seq, isprimarykey, isnullable, remark, filed_type_child, sensitive_level, policyid) values ('TS_LOAD_QY_INCOME_RPT_MO_HY_20161128','TS_LOAD_QY_INCOME_RPT_MO_HY_20170913','TS_LOAD_QY_INCOME_RPT_MO_HY','13','BOSS_DG_PRECHRG','BOSS动感地带预存','DECIMAL','16','2','','','Y','','D1-6','2','');
insert into column_val (xmlid, col_xmlid, dataname, col_seq, colname, colcnname, datatype, length, precision_val, party_seq, isprimarykey, isnullable, remark, filed_type_child, sensitive_level, policyid) values ('TS_LOAD_QY_INCOME_RPT_MO_HY_20161128','TS_LOAD_QY_INCOME_RPT_MO_HY_20170914','TS_LOAD_QY_INCOME_RPT_MO_HY','14','BOSS_SZX_PRECHRG','BOSS神州行预存','DECIMAL','16','2','','','Y','','D1-6','2','');
insert into column_val (xmlid, col_xmlid, dataname, col_seq, colname, colcnname, datatype, length, precision_val, party_seq, isprimarykey, isnullable, remark, filed_type_child, sensitive_level, policyid) values ('TS_LOAD_QY_INCOME_RPT_MO_HY_20161128','TS_LOAD_QY_INCOME_RPT_MO_HY_20170915','TS_LOAD_QY_INCOME_RPT_MO_HY','15','OCS_DG_PRECHRG','OCS动感地带预存','DECIMAL','16','2','','','Y','','D1-6','2','');
insert into column_val (xmlid, col_xmlid, dataname, col_seq, colname, colcnname, datatype, length, precision_val, party_seq, isprimarykey, isnullable, remark, filed_type_child, sensitive_level, policyid) values ('TS_LOAD_QY_INCOME_RPT_MO_HY_20161128','TS_LOAD_QY_INCOME_RPT_MO_HY_20170916','TS_LOAD_QY_INCOME_RPT_MO_HY','16','OCS_SZX_PRECHRG','OCS神州行预存','DECIMAL','16','2','','','Y','','D1-6','2','');
insert into column_val (xmlid, col_xmlid, dataname, col_seq, colname, colcnname, datatype, length, precision_val, party_seq, isprimarykey, isnullable, remark, filed_type_child, sensitive_level, policyid) values ('TS_LOAD_QY_INCOME_RPT_MO_HY_20161128','TS_LOAD_QY_INCOME_RPT_MO_HY_20170917','TS_LOAD_QY_INCOME_RPT_MO_HY','17','SCP_DG_PRECHRG','SCP动感地带预存','DECIMAL','16','2','','','Y','','D1-6','2','');
insert into column_val (xmlid, col_xmlid, dataname, col_seq, colname, colcnname, datatype, length, precision_val, party_seq, isprimarykey, isnullable, remark, filed_type_child, sensitive_level, policyid) values ('TS_LOAD_QY_INCOME_RPT_MO_HY_20161128','TS_LOAD_QY_INCOME_RPT_MO_HY_20170918','TS_LOAD_QY_INCOME_RPT_MO_HY','18','SCP_SZX_PRECHRG','SCP神州行预存','DECIMAL','16','2','','','Y','','D1-6','2','');
insert into column_val (xmlid, col_xmlid, dataname, col_seq, colname, colcnname, datatype, length, precision_val, party_seq, isprimarykey, isnullable, remark, filed_type_child, sensitive_level, policyid) values ('TS_LOAD_QY_INCOME_RPT_MO_HY_20161128','TS_LOAD_QY_INCOME_RPT_MO_HY_20170919','TS_LOAD_QY_INCOME_RPT_MO_HY','19','AIR_CHRG_AMT','空中充值','DECIMAL','16','2','','','Y','','D1-6','2','');
insert into column_val (xmlid, col_xmlid, dataname, col_seq, colname, colcnname, datatype, length, precision_val, party_seq, isprimarykey, isnullable, remark, filed_type_child, sensitive_level, policyid) values ('TS_LOAD_QY_INCOME_RPT_MO_HY_20161128','TS_LOAD_QY_INCOME_RPT_MO_HY_20170920','TS_LOAD_QY_INCOME_RPT_MO_HY','20','SIM_CRD_AMT','SIM卡','DECIMAL','16','2','','','Y','','D1-6','2','PID_14star');
insert into column_val (xmlid, col_xmlid, dataname, col_seq, colname, colcnname, datatype, length, precision_val, party_seq, isprimarykey, isnullable, remark, filed_type_child, sensitive_level, policyid) values ('TS_LOAD_QY_INCOME_RPT_MO_HY_20161128','TS_LOAD_QY_INCOME_RPT_MO_HY_20170921','TS_LOAD_QY_INCOME_RPT_MO_HY','21','BAD_BILL_AMT','坏账回收','DECIMAL','16','2','','','Y','','D1-6','2','');
insert into column_val (xmlid, col_xmlid, dataname, col_seq, colname, colcnname, datatype, length, precision_val, party_seq, isprimarykey, isnullable, remark, filed_type_child, sensitive_level, policyid) values ('TS_LOAD_QY_INCOME_RPT_MO_HY_20161128','TS_LOAD_QY_INCOME_RPT_MO_HY_20170922','TS_LOAD_QY_INCOME_RPT_MO_HY','22','CHNL_AMT','渠道酬金','DECIMAL','16','2','','','Y','','D1-6','2','');
insert into column_val (xmlid, col_xmlid, dataname, col_seq, colname, colcnname, datatype, length, precision_val, party_seq, isprimarykey, isnullable, remark, filed_type_child, sensitive_level, policyid) values ('TS_LOAD_QY_INCOME_RPT_MO_HY_20161128','TS_LOAD_QY_INCOME_RPT_MO_HY_20170923','TS_LOAD_QY_INCOME_RPT_MO_HY','23','TAX_AMT','代扣税','DECIMAL','16','2','','','Y','','D1-6','2','');
insert into column_val (xmlid, col_xmlid, dataname, col_seq, colname, colcnname, datatype, length, precision_val, party_seq, isprimarykey, isnullable, remark, filed_type_child, sensitive_level, policyid) values ('TS_LOAD_QY_INCOME_RPT_MO_HY_20161128','TS_LOAD_QY_INCOME_RPT_MO_HY_20170924','TS_LOAD_QY_INCOME_RPT_MO_HY','24','AREA_BUSI_AMT','跨区业务收费','DECIMAL','16','2','','','Y','','D1-6','2','');
insert into column_val (xmlid, col_xmlid, dataname, col_seq, colname, colcnname, datatype, length, precision_val, party_seq, isprimarykey, isnullable, remark, filed_type_child, sensitive_level, policyid) values ('TS_LOAD_QY_INCOME_RPT_MO_HY_20161128','TS_LOAD_QY_INCOME_RPT_MO_HY_20170925','TS_LOAD_QY_INCOME_RPT_MO_HY','25','SZX_PKGCRD_AMT','SCP套卡销售金额','DECIMAL','16','2','','','Y','','D1-6','2','PID_all');
insert into column_val (xmlid, col_xmlid, dataname, col_seq, colname, colcnname, datatype, length, precision_val, party_seq, isprimarykey, isnullable, remark, filed_type_child, sensitive_level, policyid) values ('TS_LOAD_QY_INCOME_RPT_MO_HY_20161128','TS_LOAD_QY_INCOME_RPT_MO_HY_20170926','TS_LOAD_QY_INCOME_RPT_MO_HY','26','DG_PKGCRD_AMT','OCS套卡销售金额','DECIMAL','16','2','','','Y','','D1-6','2','PID_all');
insert into column_val (xmlid, col_xmlid, dataname, col_seq, colname, colcnname, datatype, length, precision_val, party_seq, isprimarykey, isnullable, remark, filed_type_child, sensitive_level, policyid) values ('TS_LOAD_QY_INCOME_RPT_MO_HY_20161128','TS_LOAD_QY_INCOME_RPT_MO_HY_20170927','TS_LOAD_QY_INCOME_RPT_MO_HY','27','DATA_SOURCE','数据来源','STRING','','','','','Y','','D1-6','2','');
insert into column_val (xmlid, col_xmlid, dataname, col_seq, colname, colcnname, datatype, length, precision_val, party_seq, isprimarykey, isnullable, remark, filed_type_child, sensitive_level, policyid) values ('TS_LOAD_QY_INCOME_RPT_MO_HY_20161128','TS_LOAD_QY_INCOME_RPT_MO_HY_20170928','TS_LOAD_QY_INCOME_RPT_MO_HY','28','month','月份','INT','','','1','','N','','','','');

insert into tablefile (xmlid, dbname, dataname, datacnname, state, cycletype, topiccode, extend_cfg, rightlevel, creater, curdutyer, eff_date, state_date, team_code, open_state, remark) values ('TS_LOAD_QY_INCOME_RPT_MO_MZ_20161128','BD_B','TS_LOAD_QY_INCOME_RPT_MO_MZ','STAGE_营收款汇总月报接口表','NEW','month','LAYERI_IFINAC','{"EXTERNAL":"y","LOCATION":"/tenant/BIGDATA/JCFW/JRCL/BD_B/STAGE/TS_LOAD_QY_INCOME_RPT_MO/branch=MZ","FILEFORMAT":"TEXTFILE","DELIMITER":"@#$"}','其他','谢英俊','谢英俊', TIMESTAMP '2016-08-24 12:00:00', TIMESTAMP '2016-08-24 12:00:00','f2999fd5-c34e-402e-9b28-fec9fca13044','','接口层-财务主题域');
insert into column_val (xmlid, col_xmlid, dataname, col_seq, colname, colcnname, datatype, length, precision_val, party_seq, isprimarykey, isnullable, remark, filed_type_child, sensitive_level, policyid) values ('TS_LOAD_QY_INCOME_RPT_MO_MZ_20161128','TS_LOAD_QY_INCOME_RPT_MO_MZ_2017091','TS_LOAD_QY_INCOME_RPT_MO_MZ','1','TM_INTRVL_CD','日期','INT','','','','','N','','D1-6','2','');
insert into column_val (xmlid, col_xmlid, dataname, col_seq, colname, colcnname, datatype, length, precision_val, party_seq, isprimarykey, isnullable, remark, filed_type_child, sensitive_level, policyid) values ('TS_LOAD_QY_INCOME_RPT_MO_MZ_20161128','TS_LOAD_QY_INCOME_RPT_MO_MZ_2017092','TS_LOAD_QY_INCOME_RPT_MO_MZ','2','CMCC_BRANCH_CD','市公司标识','STRING','','','','','N','','D1-6','2','');
insert into column_val (xmlid, col_xmlid, dataname, col_seq, colname, colcnname, datatype, length, precision_val, party_seq, isprimarykey, isnullable, remark, filed_type_child, sensitive_level, policyid) values ('TS_LOAD_QY_INCOME_RPT_MO_MZ_20161128','TS_LOAD_QY_INCOME_RPT_MO_MZ_2017093','TS_LOAD_QY_INCOME_RPT_MO_MZ','3','CHRG_CRD_AMT','充值卡销售金额','DECIMAL','16','2','','','Y','','D1-6','2','PID_all');
insert into column_val (xmlid, col_xmlid, dataname, col_seq, colname, colcnname, datatype, length, precision_val, party_seq, isprimarykey, isnullable, remark, filed_type_child, sensitive_level, policyid) values ('TS_LOAD_QY_INCOME_RPT_MO_MZ_20161128','TS_LOAD_QY_INCOME_RPT_MO_MZ_2017094','TS_LOAD_QY_INCOME_RPT_MO_MZ','4','PKG_CRD_AMT','BOSS套卡销售金额','DECIMAL','16','2','','','Y','','D1-6','2','PID_all');
insert into column_val (xmlid, col_xmlid, dataname, col_seq, colname, colcnname, datatype, length, precision_val, party_seq, isprimarykey, isnullable, remark, filed_type_child, sensitive_level, policyid) values ('TS_LOAD_QY_INCOME_RPT_MO_MZ_20161128','TS_LOAD_QY_INCOME_RPT_MO_MZ_2017095','TS_LOAD_QY_INCOME_RPT_MO_MZ','5','GOTONE_PRECHRG_AMT','全球通+TD预存款','DECIMAL','16','2','','','Y','','D1-6','2','PID_all');
insert into column_val (xmlid, col_xmlid, dataname, col_seq, colname, colcnname, datatype, length, precision_val, party_seq, isprimarykey, isnullable, remark, filed_type_child, sensitive_level, policyid) values ('TS_LOAD_QY_INCOME_RPT_MO_MZ_20161128','TS_LOAD_QY_INCOME_RPT_MO_MZ_2017096','TS_LOAD_QY_INCOME_RPT_MO_MZ','6','IUSR_PRECHRG_AMT','智能网前台现金充值','DECIMAL','16','2','','','Y','','D1-6','2','');
insert into column_val (xmlid, col_xmlid, dataname, col_seq, colname, colcnname, datatype, length, precision_val, party_seq, isprimarykey, isnullable, remark, filed_type_child, sensitive_level, policyid) values ('TS_LOAD_QY_INCOME_RPT_MO_MZ_20161128','TS_LOAD_QY_INCOME_RPT_MO_MZ_2017097','TS_LOAD_QY_INCOME_RPT_MO_MZ','7','OTH_AMT','杂费','DECIMAL','16','2','','','Y','','D1-6','2','');
insert into column_val (xmlid, col_xmlid, dataname, col_seq, colname, colcnname, datatype, length, precision_val, party_seq, isprimarykey, isnullable, remark, filed_type_child, sensitive_level, policyid) values ('TS_LOAD_QY_INCOME_RPT_MO_MZ_20161128','TS_LOAD_QY_INCOME_RPT_MO_MZ_2017098','TS_LOAD_QY_INCOME_RPT_MO_MZ','8','SELL_AMT','实物销售','DECIMAL','16','2','','','Y','','D1-6','2','');
insert into column_val (xmlid, col_xmlid, dataname, col_seq, colname, colcnname, datatype, length, precision_val, party_seq, isprimarykey, isnullable, remark, filed_type_child, sensitive_level, policyid) values ('TS_LOAD_QY_INCOME_RPT_MO_MZ_20161128','TS_LOAD_QY_INCOME_RPT_MO_MZ_2017099','TS_LOAD_QY_INCOME_RPT_MO_MZ','9','NEW_AMT','新增其他','DECIMAL','16','2','','','Y','','D1-6','2','');
insert into column_val (xmlid, col_xmlid, dataname, col_seq, colname, colcnname, datatype, length, precision_val, party_seq, isprimarykey, isnullable, remark, filed_type_child, sensitive_level, policyid) values ('TS_LOAD_QY_INCOME_RPT_MO_MZ_20161128','TS_LOAD_QY_INCOME_RPT_MO_MZ_20170910','TS_LOAD_QY_INCOME_RPT_MO_MZ','10','TOT_AMT','营业日报营收款总额','DECIMAL','16','2','','','Y','','D1-6','2','');
insert into column_val (xmlid, col_xmlid, dataname, col_seq, colname, colcnname, datatype, length, precision_val, party_seq, isprimarykey, isnullable, remark, filed_type_child, sensitive_level, policyid) values ('TS_LOAD_QY_INCOME_RPT_MO_MZ_20161128','TS_LOAD_QY_INCOME_RPT_MO_MZ_20170911','TS_LOAD_QY_INCOME_RPT_MO_MZ','11','IUSR_CHRG_AMT','智能网前台预存款','DECIMAL','16','2','','','Y','','D1-6','2','PID_all');
insert into column_val (xmlid, col_xmlid, dataname, col_seq, colname, colcnname, datatype, length, precision_val, party_seq, isprimarykey, isnullable, remark, filed_type_child, sensitive_level, policyid) values ('TS_LOAD_QY_INCOME_RPT_MO_MZ_20161128','TS_LOAD_QY_INCOME_RPT_MO_MZ_20170912','TS_LOAD_QY_INCOME_RPT_MO_MZ','12','IBOSS_CHRG_AMT','IBOSS前台预存','DECIMAL','16','2','','','Y','','D1-6','2','');
insert into column_val (xmlid, col_xmlid, dataname, col_seq, colname, colcnname, datatype, length, precision_val, party_seq, isprimarykey, isnullable, remark, filed_type_child, sensitive_level, policyid) values ('TS_LOAD_QY_INCOME_RPT_MO_MZ_20161128','TS_LOAD_QY_INCOME_RPT_MO_MZ_20170913','TS_LOAD_QY_INCOME_RPT_MO_MZ','13','BOSS_DG_PRECHRG','BOSS动感地带预存','DECIMAL','16','2','','','Y','','D1-6','2','');
insert into column_val (xmlid, col_xmlid, dataname, col_seq, colname, colcnname, datatype, length, precision_val, party_seq, isprimarykey, isnullable, remark, filed_type_child, sensitive_level, policyid) values ('TS_LOAD_QY_INCOME_RPT_MO_MZ_20161128','TS_LOAD_QY_INCOME_RPT_MO_MZ_20170914','TS_LOAD_QY_INCOME_RPT_MO_MZ','14','BOSS_SZX_PRECHRG','BOSS神州行预存','DECIMAL','16','2','','','Y','','D1-6','2','');
insert into column_val (xmlid, col_xmlid, dataname, col_seq, colname, colcnname, datatype, length, precision_val, party_seq, isprimarykey, isnullable, remark, filed_type_child, sensitive_level, policyid) values ('TS_LOAD_QY_INCOME_RPT_MO_MZ_20161128','TS_LOAD_QY_INCOME_RPT_MO_MZ_20170915','TS_LOAD_QY_INCOME_RPT_MO_MZ','15','OCS_DG_PRECHRG','OCS动感地带预存','DECIMAL','16','2','','','Y','','D1-6','2','');
insert into column_val (xmlid, col_xmlid, dataname, col_seq, colname, colcnname, datatype, length, precision_val, party_seq, isprimarykey, isnullable, remark, filed_type_child, sensitive_level, policyid) values ('TS_LOAD_QY_INCOME_RPT_MO_MZ_20161128','TS_LOAD_QY_INCOME_RPT_MO_MZ_20170916','TS_LOAD_QY_INCOME_RPT_MO_MZ','16','OCS_SZX_PRECHRG','OCS神州行预存','DECIMAL','16','2','','','Y','','D1-6','2','');
insert into column_val (xmlid, col_xmlid, dataname, col_seq, colname, colcnname, datatype, length, precision_val, party_seq, isprimarykey, isnullable, remark, filed_type_child, sensitive_level, policyid) values ('TS_LOAD_QY_INCOME_RPT_MO_MZ_20161128','TS_LOAD_QY_INCOME_RPT_MO_MZ_20170917','TS_LOAD_QY_INCOME_RPT_MO_MZ','17','SCP_DG_PRECHRG','SCP动感地带预存','DECIMAL','16','2','','','Y','','D1-6','2','');
insert into column_val (xmlid, col_xmlid, dataname, col_seq, colname, colcnname, datatype, length, precision_val, party_seq, isprimarykey, isnullable, remark, filed_type_child, sensitive_level, policyid) values ('TS_LOAD_QY_INCOME_RPT_MO_MZ_20161128','TS_LOAD_QY_INCOME_RPT_MO_MZ_20170918','TS_LOAD_QY_INCOME_RPT_MO_MZ','18','SCP_SZX_PRECHRG','SCP神州行预存','DECIMAL','16','2','','','Y','','D1-6','2','');
insert into column_val (xmlid, col_xmlid, dataname, col_seq, colname, colcnname, datatype, length, precision_val, party_seq, isprimarykey, isnullable, remark, filed_type_child, sensitive_level, policyid) values ('TS_LOAD_QY_INCOME_RPT_MO_MZ_20161128','TS_LOAD_QY_INCOME_RPT_MO_MZ_20170919','TS_LOAD_QY_INCOME_RPT_MO_MZ','19','AIR_CHRG_AMT','空中充值','DECIMAL','16','2','','','Y','','D1-6','2','');
insert into column_val (xmlid, col_xmlid, dataname, col_seq, colname, colcnname, datatype, length, precision_val, party_seq, isprimarykey, isnullable, remark, filed_type_child, sensitive_level, policyid) values ('TS_LOAD_QY_INCOME_RPT_MO_MZ_20161128','TS_LOAD_QY_INCOME_RPT_MO_MZ_20170920','TS_LOAD_QY_INCOME_RPT_MO_MZ','20','SIM_CRD_AMT','SIM卡','DECIMAL','16','2','','','Y','','D1-6','2','PID_14star');
insert into column_val (xmlid, col_xmlid, dataname, col_seq, colname, colcnname, datatype, length, precision_val, party_seq, isprimarykey, isnullable, remark, filed_type_child, sensitive_level, policyid) values ('TS_LOAD_QY_INCOME_RPT_MO_MZ_20161128','TS_LOAD_QY_INCOME_RPT_MO_MZ_20170921','TS_LOAD_QY_INCOME_RPT_MO_MZ','21','BAD_BILL_AMT','坏账回收','DECIMAL','16','2','','','Y','','D1-6','2','');
insert into column_val (xmlid, col_xmlid, dataname, col_seq, colname, colcnname, datatype, length, precision_val, party_seq, isprimarykey, isnullable, remark, filed_type_child, sensitive_level, policyid) values ('TS_LOAD_QY_INCOME_RPT_MO_MZ_20161128','TS_LOAD_QY_INCOME_RPT_MO_MZ_20170922','TS_LOAD_QY_INCOME_RPT_MO_MZ','22','CHNL_AMT','渠道酬金','DECIMAL','16','2','','','Y','','D1-6','2','');
insert into column_val (xmlid, col_xmlid, dataname, col_seq, colname, colcnname, datatype, length, precision_val, party_seq, isprimarykey, isnullable, remark, filed_type_child, sensitive_level, policyid) values ('TS_LOAD_QY_INCOME_RPT_MO_MZ_20161128','TS_LOAD_QY_INCOME_RPT_MO_MZ_20170923','TS_LOAD_QY_INCOME_RPT_MO_MZ','23','TAX_AMT','代扣税','DECIMAL','16','2','','','Y','','D1-6','2','');
insert into column_val (xmlid, col_xmlid, dataname, col_seq, colname, colcnname, datatype, length, precision_val, party_seq, isprimarykey, isnullable, remark, filed_type_child, sensitive_level, policyid) values ('TS_LOAD_QY_INCOME_RPT_MO_MZ_20161128','TS_LOAD_QY_INCOME_RPT_MO_MZ_20170924','TS_LOAD_QY_INCOME_RPT_MO_MZ','24','AREA_BUSI_AMT','跨区业务收费','DECIMAL','16','2','','','Y','','D1-6','2','');
insert into column_val (xmlid, col_xmlid, dataname, col_seq, colname, colcnname, datatype, length, precision_val, party_seq, isprimarykey, isnullable, remark, filed_type_child, sensitive_level, policyid) values ('TS_LOAD_QY_INCOME_RPT_MO_MZ_20161128','TS_LOAD_QY_INCOME_RPT_MO_MZ_20170925','TS_LOAD_QY_INCOME_RPT_MO_MZ','25','SZX_PKGCRD_AMT','SCP套卡销售金额','DECIMAL','16','2','','','Y','','D1-6','2','PID_all');
insert into column_val (xmlid, col_xmlid, dataname, col_seq, colname, colcnname, datatype, length, precision_val, party_seq, isprimarykey, isnullable, remark, filed_type_child, sensitive_level, policyid) values ('TS_LOAD_QY_INCOME_RPT_MO_MZ_20161128','TS_LOAD_QY_INCOME_RPT_MO_MZ_20170926','TS_LOAD_QY_INCOME_RPT_MO_MZ','26','DG_PKGCRD_AMT','OCS套卡销售金额','DECIMAL','16','2','','','Y','','D1-6','2','PID_all');
insert into column_val (xmlid, col_xmlid, dataname, col_seq, colname, colcnname, datatype, length, precision_val, party_seq, isprimarykey, isnullable, remark, filed_type_child, sensitive_level, policyid) values ('TS_LOAD_QY_INCOME_RPT_MO_MZ_20161128','TS_LOAD_QY_INCOME_RPT_MO_MZ_20170927','TS_LOAD_QY_INCOME_RPT_MO_MZ','27','DATA_SOURCE','数据来源','STRING','','','','','Y','','D1-6','2','');
insert into column_val (xmlid, col_xmlid, dataname, col_seq, colname, colcnname, datatype, length, precision_val, party_seq, isprimarykey, isnullable, remark, filed_type_child, sensitive_level, policyid) values ('TS_LOAD_QY_INCOME_RPT_MO_MZ_20161128','TS_LOAD_QY_INCOME_RPT_MO_MZ_20170928','TS_LOAD_QY_INCOME_RPT_MO_MZ','28','month','月份','INT','','','1','','N','','','','');

insert into tablefile (xmlid, dbname, dataname, datacnname, state, cycletype, topiccode, extend_cfg, rightlevel, creater, curdutyer, eff_date, state_date, team_code, open_state, remark) values ('TS_LOAD_QY_INCOME_RPT_MO_SW_20161128','BD_B','TS_LOAD_QY_INCOME_RPT_MO_SW','STAGE_营收款汇总月报接口表','NEW','month','LAYERI_IFINAC','{"EXTERNAL":"y","LOCATION":"/tenant/BIGDATA/JCFW/JRCL/BD_B/STAGE/TS_LOAD_QY_INCOME_RPT_MO/branch=SW","FILEFORMAT":"TEXTFILE","DELIMITER":"@#$"}','其他','谢英俊','谢英俊', TIMESTAMP '2016-08-24 12:00:00', TIMESTAMP '2016-08-24 12:00:00','f2999fd5-c34e-402e-9b28-fec9fca13044','','接口层-财务主题域');
insert into column_val (xmlid, col_xmlid, dataname, col_seq, colname, colcnname, datatype, length, precision_val, party_seq, isprimarykey, isnullable, remark, filed_type_child, sensitive_level, policyid) values ('TS_LOAD_QY_INCOME_RPT_MO_SW_20161128','TS_LOAD_QY_INCOME_RPT_MO_SW_2017091','TS_LOAD_QY_INCOME_RPT_MO_SW','1','TM_INTRVL_CD','日期','INT','','','','','N','','D1-6','2','');
insert into column_val (xmlid, col_xmlid, dataname, col_seq, colname, colcnname, datatype, length, precision_val, party_seq, isprimarykey, isnullable, remark, filed_type_child, sensitive_level, policyid) values ('TS_LOAD_QY_INCOME_RPT_MO_SW_20161128','TS_LOAD_QY_INCOME_RPT_MO_SW_2017092','TS_LOAD_QY_INCOME_RPT_MO_SW','2','CMCC_BRANCH_CD','市公司标识','STRING','','','','','N','','D1-6','2','');
insert into column_val (xmlid, col_xmlid, dataname, col_seq, colname, colcnname, datatype, length, precision_val, party_seq, isprimarykey, isnullable, remark, filed_type_child, sensitive_level, policyid) values ('TS_LOAD_QY_INCOME_RPT_MO_SW_20161128','TS_LOAD_QY_INCOME_RPT_MO_SW_2017093','TS_LOAD_QY_INCOME_RPT_MO_SW','3','CHRG_CRD_AMT','充值卡销售金额','DECIMAL','16','2','','','Y','','D1-6','2','PID_all');
insert into column_val (xmlid, col_xmlid, dataname, col_seq, colname, colcnname, datatype, length, precision_val, party_seq, isprimarykey, isnullable, remark, filed_type_child, sensitive_level, policyid) values ('TS_LOAD_QY_INCOME_RPT_MO_SW_20161128','TS_LOAD_QY_INCOME_RPT_MO_SW_2017094','TS_LOAD_QY_INCOME_RPT_MO_SW','4','PKG_CRD_AMT','BOSS套卡销售金额','DECIMAL','16','2','','','Y','','D1-6','2','PID_all');
insert into column_val (xmlid, col_xmlid, dataname, col_seq, colname, colcnname, datatype, length, precision_val, party_seq, isprimarykey, isnullable, remark, filed_type_child, sensitive_level, policyid) values ('TS_LOAD_QY_INCOME_RPT_MO_SW_20161128','TS_LOAD_QY_INCOME_RPT_MO_SW_2017095','TS_LOAD_QY_INCOME_RPT_MO_SW','5','GOTONE_PRECHRG_AMT','全球通+TD预存款','DECIMAL','16','2','','','Y','','D1-6','2','PID_all');
insert into column_val (xmlid, col_xmlid, dataname, col_seq, colname, colcnname, datatype, length, precision_val, party_seq, isprimarykey, isnullable, remark, filed_type_child, sensitive_level, policyid) values ('TS_LOAD_QY_INCOME_RPT_MO_SW_20161128','TS_LOAD_QY_INCOME_RPT_MO_SW_2017096','TS_LOAD_QY_INCOME_RPT_MO_SW','6','IUSR_PRECHRG_AMT','智能网前台现金充值','DECIMAL','16','2','','','Y','','D1-6','2','');
insert into column_val (xmlid, col_xmlid, dataname, col_seq, colname, colcnname, datatype, length, precision_val, party_seq, isprimarykey, isnullable, remark, filed_type_child, sensitive_level, policyid) values ('TS_LOAD_QY_INCOME_RPT_MO_SW_20161128','TS_LOAD_QY_INCOME_RPT_MO_SW_2017097','TS_LOAD_QY_INCOME_RPT_MO_SW','7','OTH_AMT','杂费','DECIMAL','16','2','','','Y','','D1-6','2','');
insert into column_val (xmlid, col_xmlid, dataname, col_seq, colname, colcnname, datatype, length, precision_val, party_seq, isprimarykey, isnullable, remark, filed_type_child, sensitive_level, policyid) values ('TS_LOAD_QY_INCOME_RPT_MO_SW_20161128','TS_LOAD_QY_INCOME_RPT_MO_SW_2017098','TS_LOAD_QY_INCOME_RPT_MO_SW','8','SELL_AMT','实物销售','DECIMAL','16','2','','','Y','','D1-6','2','');
insert into column_val (xmlid, col_xmlid, dataname, col_seq, colname, colcnname, datatype, length, precision_val, party_seq, isprimarykey, isnullable, remark, filed_type_child, sensitive_level, policyid) values ('TS_LOAD_QY_INCOME_RPT_MO_SW_20161128','TS_LOAD_QY_INCOME_RPT_MO_SW_2017099','TS_LOAD_QY_INCOME_RPT_MO_SW','9','NEW_AMT','新增其他','DECIMAL','16','2','','','Y','','D1-6','2','');
insert into column_val (xmlid, col_xmlid, dataname, col_seq, colname, colcnname, datatype, length, precision_val, party_seq, isprimarykey, isnullable, remark, filed_type_child, sensitive_level, policyid) values ('TS_LOAD_QY_INCOME_RPT_MO_SW_20161128','TS_LOAD_QY_INCOME_RPT_MO_SW_20170910','TS_LOAD_QY_INCOME_RPT_MO_SW','10','TOT_AMT','营业日报营收款总额','DECIMAL','16','2','','','Y','','D1-6','2','');
insert into column_val (xmlid, col_xmlid, dataname, col_seq, colname, colcnname, datatype, length, precision_val, party_seq, isprimarykey, isnullable, remark, filed_type_child, sensitive_level, policyid) values ('TS_LOAD_QY_INCOME_RPT_MO_SW_20161128','TS_LOAD_QY_INCOME_RPT_MO_SW_20170911','TS_LOAD_QY_INCOME_RPT_MO_SW','11','IUSR_CHRG_AMT','智能网前台预存款','DECIMAL','16','2','','','Y','','D1-6','2','PID_all');
insert into column_val (xmlid, col_xmlid, dataname, col_seq, colname, colcnname, datatype, length, precision_val, party_seq, isprimarykey, isnullable, remark, filed_type_child, sensitive_level, policyid) values ('TS_LOAD_QY_INCOME_RPT_MO_SW_20161128','TS_LOAD_QY_INCOME_RPT_MO_SW_20170912','TS_LOAD_QY_INCOME_RPT_MO_SW','12','IBOSS_CHRG_AMT','IBOSS前台预存','DECIMAL','16','2','','','Y','','D1-6','2','');
insert into column_val (xmlid, col_xmlid, dataname, col_seq, colname, colcnname, datatype, length, precision_val, party_seq, isprimarykey, isnullable, remark, filed_type_child, sensitive_level, policyid) values ('TS_LOAD_QY_INCOME_RPT_MO_SW_20161128','TS_LOAD_QY_INCOME_RPT_MO_SW_20170913','TS_LOAD_QY_INCOME_RPT_MO_SW','13','BOSS_DG_PRECHRG','BOSS动感地带预存','DECIMAL','16','2','','','Y','','D1-6','2','');
insert into column_val (xmlid, col_xmlid, dataname, col_seq, colname, colcnname, datatype, length, precision_val, party_seq, isprimarykey, isnullable, remark, filed_type_child, sensitive_level, policyid) values ('TS_LOAD_QY_INCOME_RPT_MO_SW_20161128','TS_LOAD_QY_INCOME_RPT_MO_SW_20170914','TS_LOAD_QY_INCOME_RPT_MO_SW','14','BOSS_SZX_PRECHRG','BOSS神州行预存','DECIMAL','16','2','','','Y','','D1-6','2','');
insert into column_val (xmlid, col_xmlid, dataname, col_seq, colname, colcnname, datatype, length, precision_val, party_seq, isprimarykey, isnullable, remark, filed_type_child, sensitive_level, policyid) values ('TS_LOAD_QY_INCOME_RPT_MO_SW_20161128','TS_LOAD_QY_INCOME_RPT_MO_SW_20170915','TS_LOAD_QY_INCOME_RPT_MO_SW','15','OCS_DG_PRECHRG','OCS动感地带预存','DECIMAL','16','2','','','Y','','D1-6','2','');
insert into column_val (xmlid, col_xmlid, dataname, col_seq, colname, colcnname, datatype, length, precision_val, party_seq, isprimarykey, isnullable, remark, filed_type_child, sensitive_level, policyid) values ('TS_LOAD_QY_INCOME_RPT_MO_SW_20161128','TS_LOAD_QY_INCOME_RPT_MO_SW_20170916','TS_LOAD_QY_INCOME_RPT_MO_SW','16','OCS_SZX_PRECHRG','OCS神州行预存','DECIMAL','16','2','','','Y','','D1-6','2','');
insert into column_val (xmlid, col_xmlid, dataname, col_seq, colname, colcnname, datatype, length, precision_val, party_seq, isprimarykey, isnullable, remark, filed_type_child, sensitive_level, policyid) values ('TS_LOAD_QY_INCOME_RPT_MO_SW_20161128','TS_LOAD_QY_INCOME_RPT_MO_SW_20170917','TS_LOAD_QY_INCOME_RPT_MO_SW','17','SCP_DG_PRECHRG','SCP动感地带预存','DECIMAL','16','2','','','Y','','D1-6','2','');
insert into column_val (xmlid, col_xmlid, dataname, col_seq, colname, colcnname, datatype, length, precision_val, party_seq, isprimarykey, isnullable, remark, filed_type_child, sensitive_level, policyid) values ('TS_LOAD_QY_INCOME_RPT_MO_SW_20161128','TS_LOAD_QY_INCOME_RPT_MO_SW_20170918','TS_LOAD_QY_INCOME_RPT_MO_SW','18','SCP_SZX_PRECHRG','SCP神州行预存','DECIMAL','16','2','','','Y','','D1-6','2','');
insert into column_val (xmlid, col_xmlid, dataname, col_seq, colname, colcnname, datatype, length, precision_val, party_seq, isprimarykey, isnullable, remark, filed_type_child, sensitive_level, policyid) values ('TS_LOAD_QY_INCOME_RPT_MO_SW_20161128','TS_LOAD_QY_INCOME_RPT_MO_SW_20170919','TS_LOAD_QY_INCOME_RPT_MO_SW','19','AIR_CHRG_AMT','空中充值','DECIMAL','16','2','','','Y','','D1-6','2','');
insert into column_val (xmlid, col_xmlid, dataname, col_seq, colname, colcnname, datatype, length, precision_val, party_seq, isprimarykey, isnullable, remark, filed_type_child, sensitive_level, policyid) values ('TS_LOAD_QY_INCOME_RPT_MO_SW_20161128','TS_LOAD_QY_INCOME_RPT_MO_SW_20170920','TS_LOAD_QY_INCOME_RPT_MO_SW','20','SIM_CRD_AMT','SIM卡','DECIMAL','16','2','','','Y','','D1-6','2','PID_14star');
insert into column_val (xmlid, col_xmlid, dataname, col_seq, colname, colcnname, datatype, length, precision_val, party_seq, isprimarykey, isnullable, remark, filed_type_child, sensitive_level, policyid) values ('TS_LOAD_QY_INCOME_RPT_MO_SW_20161128','TS_LOAD_QY_INCOME_RPT_MO_SW_20170921','TS_LOAD_QY_INCOME_RPT_MO_SW','21','BAD_BILL_AMT','坏账回收','DECIMAL','16','2','','','Y','','D1-6','2','');
insert into column_val (xmlid, col_xmlid, dataname, col_seq, colname, colcnname, datatype, length, precision_val, party_seq, isprimarykey, isnullable, remark, filed_type_child, sensitive_level, policyid) values ('TS_LOAD_QY_INCOME_RPT_MO_SW_20161128','TS_LOAD_QY_INCOME_RPT_MO_SW_20170922','TS_LOAD_QY_INCOME_RPT_MO_SW','22','CHNL_AMT','渠道酬金','DECIMAL','16','2','','','Y','','D1-6','2','');
insert into column_val (xmlid, col_xmlid, dataname, col_seq, colname, colcnname, datatype, length, precision_val, party_seq, isprimarykey, isnullable, remark, filed_type_child, sensitive_level, policyid) values ('TS_LOAD_QY_INCOME_RPT_MO_SW_20161128','TS_LOAD_QY_INCOME_RPT_MO_SW_20170923','TS_LOAD_QY_INCOME_RPT_MO_SW','23','TAX_AMT','代扣税','DECIMAL','16','2','','','Y','','D1-6','2','');
insert into column_val (xmlid, col_xmlid, dataname, col_seq, colname, colcnname, datatype, length, precision_val, party_seq, isprimarykey, isnullable, remark, filed_type_child, sensitive_level, policyid) values ('TS_LOAD_QY_INCOME_RPT_MO_SW_20161128','TS_LOAD_QY_INCOME_RPT_MO_SW_20170924','TS_LOAD_QY_INCOME_RPT_MO_SW','24','AREA_BUSI_AMT','跨区业务收费','DECIMAL','16','2','','','Y','','D1-6','2','');
insert into column_val (xmlid, col_xmlid, dataname, col_seq, colname, colcnname, datatype, length, precision_val, party_seq, isprimarykey, isnullable, remark, filed_type_child, sensitive_level, policyid) values ('TS_LOAD_QY_INCOME_RPT_MO_SW_20161128','TS_LOAD_QY_INCOME_RPT_MO_SW_20170925','TS_LOAD_QY_INCOME_RPT_MO_SW','25','SZX_PKGCRD_AMT','SCP套卡销售金额','DECIMAL','16','2','','','Y','','D1-6','2','PID_all');
insert into column_val (xmlid, col_xmlid, dataname, col_seq, colname, colcnname, datatype, length, precision_val, party_seq, isprimarykey, isnullable, remark, filed_type_child, sensitive_level, policyid) values ('TS_LOAD_QY_INCOME_RPT_MO_SW_20161128','TS_LOAD_QY_INCOME_RPT_MO_SW_20170926','TS_LOAD_QY_INCOME_RPT_MO_SW','26','DG_PKGCRD_AMT','OCS套卡销售金额','DECIMAL','16','2','','','Y','','D1-6','2','PID_all');
insert into column_val (xmlid, col_xmlid, dataname, col_seq, colname, colcnname, datatype, length, precision_val, party_seq, isprimarykey, isnullable, remark, filed_type_child, sensitive_level, policyid) values ('TS_LOAD_QY_INCOME_RPT_MO_SW_20161128','TS_LOAD_QY_INCOME_RPT_MO_SW_20170927','TS_LOAD_QY_INCOME_RPT_MO_SW','27','DATA_SOURCE','数据来源','STRING','','','','','Y','','D1-6','2','');
insert into column_val (xmlid, col_xmlid, dataname, col_seq, colname, colcnname, datatype, length, precision_val, party_seq, isprimarykey, isnullable, remark, filed_type_child, sensitive_level, policyid) values ('TS_LOAD_QY_INCOME_RPT_MO_SW_20161128','TS_LOAD_QY_INCOME_RPT_MO_SW_20170928','TS_LOAD_QY_INCOME_RPT_MO_SW','28','month','月份','INT','','','1','','N','','','','');

insert into tablefile (xmlid, dbname, dataname, datacnname, state, cycletype, topiccode, extend_cfg, rightlevel, creater, curdutyer, eff_date, state_date, team_code, open_state, remark) values ('TS_LOAD_QY_INCOME_RPT_MO_YJ_20161128','BD_B','TS_LOAD_QY_INCOME_RPT_MO_YJ','STAGE_营收款汇总月报接口表','NEW','month','LAYERI_IFINAC','{"EXTERNAL":"y","LOCATION":"/tenant/BIGDATA/JCFW/JRCL/BD_B/STAGE/TS_LOAD_QY_INCOME_RPT_MO/branch=YJ","FILEFORMAT":"TEXTFILE","DELIMITER":"@#$"}','其他','谢英俊','谢英俊', TIMESTAMP '2016-08-24 12:00:00', TIMESTAMP '2016-08-24 12:00:00','f2999fd5-c34e-402e-9b28-fec9fca13044','','接口层-财务主题域');
insert into column_val (xmlid, col_xmlid, dataname, col_seq, colname, colcnname, datatype, length, precision_val, party_seq, isprimarykey, isnullable, remark, filed_type_child, sensitive_level, policyid) values ('TS_LOAD_QY_INCOME_RPT_MO_YJ_20161128','TS_LOAD_QY_INCOME_RPT_MO_YJ_2017091','TS_LOAD_QY_INCOME_RPT_MO_YJ','1','TM_INTRVL_CD','日期','INT','','','','','N','','D1-6','2','');
insert into column_val (xmlid, col_xmlid, dataname, col_seq, colname, colcnname, datatype, length, precision_val, party_seq, isprimarykey, isnullable, remark, filed_type_child, sensitive_level, policyid) values ('TS_LOAD_QY_INCOME_RPT_MO_YJ_20161128','TS_LOAD_QY_INCOME_RPT_MO_YJ_2017092','TS_LOAD_QY_INCOME_RPT_MO_YJ','2','CMCC_BRANCH_CD','市公司标识','STRING','','','','','N','','D1-6','2','');
insert into column_val (xmlid, col_xmlid, dataname, col_seq, colname, colcnname, datatype, length, precision_val, party_seq, isprimarykey, isnullable, remark, filed_type_child, sensitive_level, policyid) values ('TS_LOAD_QY_INCOME_RPT_MO_YJ_20161128','TS_LOAD_QY_INCOME_RPT_MO_YJ_2017093','TS_LOAD_QY_INCOME_RPT_MO_YJ','3','CHRG_CRD_AMT','充值卡销售金额','DECIMAL','16','2','','','Y','','D1-6','2','PID_all');
insert into column_val (xmlid, col_xmlid, dataname, col_seq, colname, colcnname, datatype, length, precision_val, party_seq, isprimarykey, isnullable, remark, filed_type_child, sensitive_level, policyid) values ('TS_LOAD_QY_INCOME_RPT_MO_YJ_20161128','TS_LOAD_QY_INCOME_RPT_MO_YJ_2017094','TS_LOAD_QY_INCOME_RPT_MO_YJ','4','PKG_CRD_AMT','BOSS套卡销售金额','DECIMAL','16','2','','','Y','','D1-6','2','PID_all');
insert into column_val (xmlid, col_xmlid, dataname, col_seq, colname, colcnname, datatype, length, precision_val, party_seq, isprimarykey, isnullable, remark, filed_type_child, sensitive_level, policyid) values ('TS_LOAD_QY_INCOME_RPT_MO_YJ_20161128','TS_LOAD_QY_INCOME_RPT_MO_YJ_2017095','TS_LOAD_QY_INCOME_RPT_MO_YJ','5','GOTONE_PRECHRG_AMT','全球通+TD预存款','DECIMAL','16','2','','','Y','','D1-6','2','PID_all');
insert into column_val (xmlid, col_xmlid, dataname, col_seq, colname, colcnname, datatype, length, precision_val, party_seq, isprimarykey, isnullable, remark, filed_type_child, sensitive_level, policyid) values ('TS_LOAD_QY_INCOME_RPT_MO_YJ_20161128','TS_LOAD_QY_INCOME_RPT_MO_YJ_2017096','TS_LOAD_QY_INCOME_RPT_MO_YJ','6','IUSR_PRECHRG_AMT','智能网前台现金充值','DECIMAL','16','2','','','Y','','D1-6','2','');
insert into column_val (xmlid, col_xmlid, dataname, col_seq, colname, colcnname, datatype, length, precision_val, party_seq, isprimarykey, isnullable, remark, filed_type_child, sensitive_level, policyid) values ('TS_LOAD_QY_INCOME_RPT_MO_YJ_20161128','TS_LOAD_QY_INCOME_RPT_MO_YJ_2017097','TS_LOAD_QY_INCOME_RPT_MO_YJ','7','OTH_AMT','杂费','DECIMAL','16','2','','','Y','','D1-6','2','');
insert into column_val (xmlid, col_xmlid, dataname, col_seq, colname, colcnname, datatype, length, precision_val, party_seq, isprimarykey, isnullable, remark, filed_type_child, sensitive_level, policyid) values ('TS_LOAD_QY_INCOME_RPT_MO_YJ_20161128','TS_LOAD_QY_INCOME_RPT_MO_YJ_2017098','TS_LOAD_QY_INCOME_RPT_MO_YJ','8','SELL_AMT','实物销售','DECIMAL','16','2','','','Y','','D1-6','2','');
insert into column_val (xmlid, col_xmlid, dataname, col_seq, colname, colcnname, datatype, length, precision_val, party_seq, isprimarykey, isnullable, remark, filed_type_child, sensitive_level, policyid) values ('TS_LOAD_QY_INCOME_RPT_MO_YJ_20161128','TS_LOAD_QY_INCOME_RPT_MO_YJ_2017099','TS_LOAD_QY_INCOME_RPT_MO_YJ','9','NEW_AMT','新增其他','DECIMAL','16','2','','','Y','','D1-6','2','');
insert into column_val (xmlid, col_xmlid, dataname, col_seq, colname, colcnname, datatype, length, precision_val, party_seq, isprimarykey, isnullable, remark, filed_type_child, sensitive_level, policyid) values ('TS_LOAD_QY_INCOME_RPT_MO_YJ_20161128','TS_LOAD_QY_INCOME_RPT_MO_YJ_20170910','TS_LOAD_QY_INCOME_RPT_MO_YJ','10','TOT_AMT','营业日报营收款总额','DECIMAL','16','2','','','Y','','D1-6','2','');
insert into column_val (xmlid, col_xmlid, dataname, col_seq, colname, colcnname, datatype, length, precision_val, party_seq, isprimarykey, isnullable, remark, filed_type_child, sensitive_level, policyid) values ('TS_LOAD_QY_INCOME_RPT_MO_YJ_20161128','TS_LOAD_QY_INCOME_RPT_MO_YJ_20170911','TS_LOAD_QY_INCOME_RPT_MO_YJ','11','IUSR_CHRG_AMT','智能网前台预存款','DECIMAL','16','2','','','Y','','D1-6','2','PID_all');
insert into column_val (xmlid, col_xmlid, dataname, col_seq, colname, colcnname, datatype, length, precision_val, party_seq, isprimarykey, isnullable, remark, filed_type_child, sensitive_level, policyid) values ('TS_LOAD_QY_INCOME_RPT_MO_YJ_20161128','TS_LOAD_QY_INCOME_RPT_MO_YJ_20170912','TS_LOAD_QY_INCOME_RPT_MO_YJ','12','IBOSS_CHRG_AMT','IBOSS前台预存','DECIMAL','16','2','','','Y','','D1-6','2','');
insert into column_val (xmlid, col_xmlid, dataname, col_seq, colname, colcnname, datatype, length, precision_val, party_seq, isprimarykey, isnullable, remark, filed_type_child, sensitive_level, policyid) values ('TS_LOAD_QY_INCOME_RPT_MO_YJ_20161128','TS_LOAD_QY_INCOME_RPT_MO_YJ_20170913','TS_LOAD_QY_INCOME_RPT_MO_YJ','13','BOSS_DG_PRECHRG','BOSS动感地带预存','DECIMAL','16','2','','','Y','','D1-6','2','');
insert into column_val (xmlid, col_xmlid, dataname, col_seq, colname, colcnname, datatype, length, precision_val, party_seq, isprimarykey, isnullable, remark, filed_type_child, sensitive_level, policyid) values ('TS_LOAD_QY_INCOME_RPT_MO_YJ_20161128','TS_LOAD_QY_INCOME_RPT_MO_YJ_20170914','TS_LOAD_QY_INCOME_RPT_MO_YJ','14','BOSS_SZX_PRECHRG','BOSS神州行预存','DECIMAL','16','2','','','Y','','D1-6','2','');
insert into column_val (xmlid, col_xmlid, dataname, col_seq, colname, colcnname, datatype, length, precision_val, party_seq, isprimarykey, isnullable, remark, filed_type_child, sensitive_level, policyid) values ('TS_LOAD_QY_INCOME_RPT_MO_YJ_20161128','TS_LOAD_QY_INCOME_RPT_MO_YJ_20170915','TS_LOAD_QY_INCOME_RPT_MO_YJ','15','OCS_DG_PRECHRG','OCS动感地带预存','DECIMAL','16','2','','','Y','','D1-6','2','');
insert into column_val (xmlid, col_xmlid, dataname, col_seq, colname, colcnname, datatype, length, precision_val, party_seq, isprimarykey, isnullable, remark, filed_type_child, sensitive_level, policyid) values ('TS_LOAD_QY_INCOME_RPT_MO_YJ_20161128','TS_LOAD_QY_INCOME_RPT_MO_YJ_20170916','TS_LOAD_QY_INCOME_RPT_MO_YJ','16','OCS_SZX_PRECHRG','OCS神州行预存','DECIMAL','16','2','','','Y','','D1-6','2','');
insert into column_val (xmlid, col_xmlid, dataname, col_seq, colname, colcnname, datatype, length, precision_val, party_seq, isprimarykey, isnullable, remark, filed_type_child, sensitive_level, policyid) values ('TS_LOAD_QY_INCOME_RPT_MO_YJ_20161128','TS_LOAD_QY_INCOME_RPT_MO_YJ_20170917','TS_LOAD_QY_INCOME_RPT_MO_YJ','17','SCP_DG_PRECHRG','SCP动感地带预存','DECIMAL','16','2','','','Y','','D1-6','2','');
insert into column_val (xmlid, col_xmlid, dataname, col_seq, colname, colcnname, datatype, length, precision_val, party_seq, isprimarykey, isnullable, remark, filed_type_child, sensitive_level, policyid) values ('TS_LOAD_QY_INCOME_RPT_MO_YJ_20161128','TS_LOAD_QY_INCOME_RPT_MO_YJ_20170918','TS_LOAD_QY_INCOME_RPT_MO_YJ','18','SCP_SZX_PRECHRG','SCP神州行预存','DECIMAL','16','2','','','Y','','D1-6','2','');
insert into column_val (xmlid, col_xmlid, dataname, col_seq, colname, colcnname, datatype, length, precision_val, party_seq, isprimarykey, isnullable, remark, filed_type_child, sensitive_level, policyid) values ('TS_LOAD_QY_INCOME_RPT_MO_YJ_20161128','TS_LOAD_QY_INCOME_RPT_MO_YJ_20170919','TS_LOAD_QY_INCOME_RPT_MO_YJ','19','AIR_CHRG_AMT','空中充值','DECIMAL','16','2','','','Y','','D1-6','2','');
insert into column_val (xmlid, col_xmlid, dataname, col_seq, colname, colcnname, datatype, length, precision_val, party_seq, isprimarykey, isnullable, remark, filed_type_child, sensitive_level, policyid) values ('TS_LOAD_QY_INCOME_RPT_MO_YJ_20161128','TS_LOAD_QY_INCOME_RPT_MO_YJ_20170920','TS_LOAD_QY_INCOME_RPT_MO_YJ','20','SIM_CRD_AMT','SIM卡','DECIMAL','16','2','','','Y','','D1-6','2','PID_14star');
insert into column_val (xmlid, col_xmlid, dataname, col_seq, colname, colcnname, datatype, length, precision_val, party_seq, isprimarykey, isnullable, remark, filed_type_child, sensitive_level, policyid) values ('TS_LOAD_QY_INCOME_RPT_MO_YJ_20161128','TS_LOAD_QY_INCOME_RPT_MO_YJ_20170921','TS_LOAD_QY_INCOME_RPT_MO_YJ','21','BAD_BILL_AMT','坏账回收','DECIMAL','16','2','','','Y','','D1-6','2','');
insert into column_val (xmlid, col_xmlid, dataname, col_seq, colname, colcnname, datatype, length, precision_val, party_seq, isprimarykey, isnullable, remark, filed_type_child, sensitive_level, policyid) values ('TS_LOAD_QY_INCOME_RPT_MO_YJ_20161128','TS_LOAD_QY_INCOME_RPT_MO_YJ_20170922','TS_LOAD_QY_INCOME_RPT_MO_YJ','22','CHNL_AMT','渠道酬金','DECIMAL','16','2','','','Y','','D1-6','2','');
insert into column_val (xmlid, col_xmlid, dataname, col_seq, colname, colcnname, datatype, length, precision_val, party_seq, isprimarykey, isnullable, remark, filed_type_child, sensitive_level, policyid) values ('TS_LOAD_QY_INCOME_RPT_MO_YJ_20161128','TS_LOAD_QY_INCOME_RPT_MO_YJ_20170923','TS_LOAD_QY_INCOME_RPT_MO_YJ','23','TAX_AMT','代扣税','DECIMAL','16','2','','','Y','','D1-6','2','');
insert into column_val (xmlid, col_xmlid, dataname, col_seq, colname, colcnname, datatype, length, precision_val, party_seq, isprimarykey, isnullable, remark, filed_type_child, sensitive_level, policyid) values ('TS_LOAD_QY_INCOME_RPT_MO_YJ_20161128','TS_LOAD_QY_INCOME_RPT_MO_YJ_20170924','TS_LOAD_QY_INCOME_RPT_MO_YJ','24','AREA_BUSI_AMT','跨区业务收费','DECIMAL','16','2','','','Y','','D1-6','2','');
insert into column_val (xmlid, col_xmlid, dataname, col_seq, colname, colcnname, datatype, length, precision_val, party_seq, isprimarykey, isnullable, remark, filed_type_child, sensitive_level, policyid) values ('TS_LOAD_QY_INCOME_RPT_MO_YJ_20161128','TS_LOAD_QY_INCOME_RPT_MO_YJ_20170925','TS_LOAD_QY_INCOME_RPT_MO_YJ','25','SZX_PKGCRD_AMT','SCP套卡销售金额','DECIMAL','16','2','','','Y','','D1-6','2','PID_all');
insert into column_val (xmlid, col_xmlid, dataname, col_seq, colname, colcnname, datatype, length, precision_val, party_seq, isprimarykey, isnullable, remark, filed_type_child, sensitive_level, policyid) values ('TS_LOAD_QY_INCOME_RPT_MO_YJ_20161128','TS_LOAD_QY_INCOME_RPT_MO_YJ_20170926','TS_LOAD_QY_INCOME_RPT_MO_YJ','26','DG_PKGCRD_AMT','OCS套卡销售金额','DECIMAL','16','2','','','Y','','D1-6','2','PID_all');
insert into column_val (xmlid, col_xmlid, dataname, col_seq, colname, colcnname, datatype, length, precision_val, party_seq, isprimarykey, isnullable, remark, filed_type_child, sensitive_level, policyid) values ('TS_LOAD_QY_INCOME_RPT_MO_YJ_20161128','TS_LOAD_QY_INCOME_RPT_MO_YJ_20170927','TS_LOAD_QY_INCOME_RPT_MO_YJ','27','DATA_SOURCE','数据来源','STRING','','','','','Y','','D1-6','2','');
insert into column_val (xmlid, col_xmlid, dataname, col_seq, colname, colcnname, datatype, length, precision_val, party_seq, isprimarykey, isnullable, remark, filed_type_child, sensitive_level, policyid) values ('TS_LOAD_QY_INCOME_RPT_MO_YJ_20161128','TS_LOAD_QY_INCOME_RPT_MO_YJ_20170928','TS_LOAD_QY_INCOME_RPT_MO_YJ','28','month','月份','INT','','','1','','N','','','','');

insert into tablefile (xmlid, dbname, dataname, datacnname, state, cycletype, topiccode, extend_cfg, rightlevel, creater, curdutyer, eff_date, state_date, team_code, open_state, remark) values ('TS_LOAD_QY_INCOME_RPT_MO_MM_20161128','BD_B','TS_LOAD_QY_INCOME_RPT_MO_MM','STAGE_营收款汇总月报接口表','NEW','month','LAYERI_IFINAC','{"EXTERNAL":"y","LOCATION":"/tenant/BIGDATA/JCFW/JRCL/BD_B/STAGE/TS_LOAD_QY_INCOME_RPT_MO/branch=MM","FILEFORMAT":"TEXTFILE","DELIMITER":"@#$"}','其他','谢英俊','谢英俊', TIMESTAMP '2016-08-24 12:00:00', TIMESTAMP '2016-08-24 12:00:00','f2999fd5-c34e-402e-9b28-fec9fca13044','','接口层-财务主题域');
insert into column_val (xmlid, col_xmlid, dataname, col_seq, colname, colcnname, datatype, length, precision_val, party_seq, isprimarykey, isnullable, remark, filed_type_child, sensitive_level, policyid) values ('TS_LOAD_QY_INCOME_RPT_MO_MM_20161128','TS_LOAD_QY_INCOME_RPT_MO_MM_2017091','TS_LOAD_QY_INCOME_RPT_MO_MM','1','TM_INTRVL_CD','日期','INT','','','','','N','','D1-6','2','');
insert into column_val (xmlid, col_xmlid, dataname, col_seq, colname, colcnname, datatype, length, precision_val, party_seq, isprimarykey, isnullable, remark, filed_type_child, sensitive_level, policyid) values ('TS_LOAD_QY_INCOME_RPT_MO_MM_20161128','TS_LOAD_QY_INCOME_RPT_MO_MM_2017092','TS_LOAD_QY_INCOME_RPT_MO_MM','2','CMCC_BRANCH_CD','市公司标识','STRING','','','','','N','','D1-6','2','');
insert into column_val (xmlid, col_xmlid, dataname, col_seq, colname, colcnname, datatype, length, precision_val, party_seq, isprimarykey, isnullable, remark, filed_type_child, sensitive_level, policyid) values ('TS_LOAD_QY_INCOME_RPT_MO_MM_20161128','TS_LOAD_QY_INCOME_RPT_MO_MM_2017093','TS_LOAD_QY_INCOME_RPT_MO_MM','3','CHRG_CRD_AMT','充值卡销售金额','DECIMAL','16','2','','','Y','','D1-6','2','PID_all');
insert into column_val (xmlid, col_xmlid, dataname, col_seq, colname, colcnname, datatype, length, precision_val, party_seq, isprimarykey, isnullable, remark, filed_type_child, sensitive_level, policyid) values ('TS_LOAD_QY_INCOME_RPT_MO_MM_20161128','TS_LOAD_QY_INCOME_RPT_MO_MM_2017094','TS_LOAD_QY_INCOME_RPT_MO_MM','4','PKG_CRD_AMT','BOSS套卡销售金额','DECIMAL','16','2','','','Y','','D1-6','2','PID_all');
insert into column_val (xmlid, col_xmlid, dataname, col_seq, colname, colcnname, datatype, length, precision_val, party_seq, isprimarykey, isnullable, remark, filed_type_child, sensitive_level, policyid) values ('TS_LOAD_QY_INCOME_RPT_MO_MM_20161128','TS_LOAD_QY_INCOME_RPT_MO_MM_2017095','TS_LOAD_QY_INCOME_RPT_MO_MM','5','GOTONE_PRECHRG_AMT','全球通+TD预存款','DECIMAL','16','2','','','Y','','D1-6','2','PID_all');
insert into column_val (xmlid, col_xmlid, dataname, col_seq, colname, colcnname, datatype, length, precision_val, party_seq, isprimarykey, isnullable, remark, filed_type_child, sensitive_level, policyid) values ('TS_LOAD_QY_INCOME_RPT_MO_MM_20161128','TS_LOAD_QY_INCOME_RPT_MO_MM_2017096','TS_LOAD_QY_INCOME_RPT_MO_MM','6','IUSR_PRECHRG_AMT','智能网前台现金充值','DECIMAL','16','2','','','Y','','D1-6','2','');
insert into column_val (xmlid, col_xmlid, dataname, col_seq, colname, colcnname, datatype, length, precision_val, party_seq, isprimarykey, isnullable, remark, filed_type_child, sensitive_level, policyid) values ('TS_LOAD_QY_INCOME_RPT_MO_MM_20161128','TS_LOAD_QY_INCOME_RPT_MO_MM_2017097','TS_LOAD_QY_INCOME_RPT_MO_MM','7','OTH_AMT','杂费','DECIMAL','16','2','','','Y','','D1-6','2','');
insert into column_val (xmlid, col_xmlid, dataname, col_seq, colname, colcnname, datatype, length, precision_val, party_seq, isprimarykey, isnullable, remark, filed_type_child, sensitive_level, policyid) values ('TS_LOAD_QY_INCOME_RPT_MO_MM_20161128','TS_LOAD_QY_INCOME_RPT_MO_MM_2017098','TS_LOAD_QY_INCOME_RPT_MO_MM','8','SELL_AMT','实物销售','DECIMAL','16','2','','','Y','','D1-6','2','');
insert into column_val (xmlid, col_xmlid, dataname, col_seq, colname, colcnname, datatype, length, precision_val, party_seq, isprimarykey, isnullable, remark, filed_type_child, sensitive_level, policyid) values ('TS_LOAD_QY_INCOME_RPT_MO_MM_20161128','TS_LOAD_QY_INCOME_RPT_MO_MM_2017099','TS_LOAD_QY_INCOME_RPT_MO_MM','9','NEW_AMT','新增其他','DECIMAL','16','2','','','Y','','D1-6','2','');
insert into column_val (xmlid, col_xmlid, dataname, col_seq, colname, colcnname, datatype, length, precision_val, party_seq, isprimarykey, isnullable, remark, filed_type_child, sensitive_level, policyid) values ('TS_LOAD_QY_INCOME_RPT_MO_MM_20161128','TS_LOAD_QY_INCOME_RPT_MO_MM_20170910','TS_LOAD_QY_INCOME_RPT_MO_MM','10','TOT_AMT','营业日报营收款总额','DECIMAL','16','2','','','Y','','D1-6','2','');
insert into column_val (xmlid, col_xmlid, dataname, col_seq, colname, colcnname, datatype, length, precision_val, party_seq, isprimarykey, isnullable, remark, filed_type_child, sensitive_level, policyid) values ('TS_LOAD_QY_INCOME_RPT_MO_MM_20161128','TS_LOAD_QY_INCOME_RPT_MO_MM_20170911','TS_LOAD_QY_INCOME_RPT_MO_MM','11','IUSR_CHRG_AMT','智能网前台预存款','DECIMAL','16','2','','','Y','','D1-6','2','PID_all');
insert into column_val (xmlid, col_xmlid, dataname, col_seq, colname, colcnname, datatype, length, precision_val, party_seq, isprimarykey, isnullable, remark, filed_type_child, sensitive_level, policyid) values ('TS_LOAD_QY_INCOME_RPT_MO_MM_20161128','TS_LOAD_QY_INCOME_RPT_MO_MM_20170912','TS_LOAD_QY_INCOME_RPT_MO_MM','12','IBOSS_CHRG_AMT','IBOSS前台预存','DECIMAL','16','2','','','Y','','D1-6','2','');
insert into column_val (xmlid, col_xmlid, dataname, col_seq, colname, colcnname, datatype, length, precision_val, party_seq, isprimarykey, isnullable, remark, filed_type_child, sensitive_level, policyid) values ('TS_LOAD_QY_INCOME_RPT_MO_MM_20161128','TS_LOAD_QY_INCOME_RPT_MO_MM_20170913','TS_LOAD_QY_INCOME_RPT_MO_MM','13','BOSS_DG_PRECHRG','BOSS动感地带预存','DECIMAL','16','2','','','Y','','D1-6','2','');
insert into column_val (xmlid, col_xmlid, dataname, col_seq, colname, colcnname, datatype, length, precision_val, party_seq, isprimarykey, isnullable, remark, filed_type_child, sensitive_level, policyid) values ('TS_LOAD_QY_INCOME_RPT_MO_MM_20161128','TS_LOAD_QY_INCOME_RPT_MO_MM_20170914','TS_LOAD_QY_INCOME_RPT_MO_MM','14','BOSS_SZX_PRECHRG','BOSS神州行预存','DECIMAL','16','2','','','Y','','D1-6','2','');
insert into column_val (xmlid, col_xmlid, dataname, col_seq, colname, colcnname, datatype, length, precision_val, party_seq, isprimarykey, isnullable, remark, filed_type_child, sensitive_level, policyid) values ('TS_LOAD_QY_INCOME_RPT_MO_MM_20161128','TS_LOAD_QY_INCOME_RPT_MO_MM_20170915','TS_LOAD_QY_INCOME_RPT_MO_MM','15','OCS_DG_PRECHRG','OCS动感地带预存','DECIMAL','16','2','','','Y','','D1-6','2','');
insert into column_val (xmlid, col_xmlid, dataname, col_seq, colname, colcnname, datatype, length, precision_val, party_seq, isprimarykey, isnullable, remark, filed_type_child, sensitive_level, policyid) values ('TS_LOAD_QY_INCOME_RPT_MO_MM_20161128','TS_LOAD_QY_INCOME_RPT_MO_MM_20170916','TS_LOAD_QY_INCOME_RPT_MO_MM','16','OCS_SZX_PRECHRG','OCS神州行预存','DECIMAL','16','2','','','Y','','D1-6','2','');
insert into column_val (xmlid, col_xmlid, dataname, col_seq, colname, colcnname, datatype, length, precision_val, party_seq, isprimarykey, isnullable, remark, filed_type_child, sensitive_level, policyid) values ('TS_LOAD_QY_INCOME_RPT_MO_MM_20161128','TS_LOAD_QY_INCOME_RPT_MO_MM_20170917','TS_LOAD_QY_INCOME_RPT_MO_MM','17','SCP_DG_PRECHRG','SCP动感地带预存','DECIMAL','16','2','','','Y','','D1-6','2','');
insert into column_val (xmlid, col_xmlid, dataname, col_seq, colname, colcnname, datatype, length, precision_val, party_seq, isprimarykey, isnullable, remark, filed_type_child, sensitive_level, policyid) values ('TS_LOAD_QY_INCOME_RPT_MO_MM_20161128','TS_LOAD_QY_INCOME_RPT_MO_MM_20170918','TS_LOAD_QY_INCOME_RPT_MO_MM','18','SCP_SZX_PRECHRG','SCP神州行预存','DECIMAL','16','2','','','Y','','D1-6','2','');
insert into column_val (xmlid, col_xmlid, dataname, col_seq, colname, colcnname, datatype, length, precision_val, party_seq, isprimarykey, isnullable, remark, filed_type_child, sensitive_level, policyid) values ('TS_LOAD_QY_INCOME_RPT_MO_MM_20161128','TS_LOAD_QY_INCOME_RPT_MO_MM_20170919','TS_LOAD_QY_INCOME_RPT_MO_MM','19','AIR_CHRG_AMT','空中充值','DECIMAL','16','2','','','Y','','D1-6','2','');
insert into column_val (xmlid, col_xmlid, dataname, col_seq, colname, colcnname, datatype, length, precision_val, party_seq, isprimarykey, isnullable, remark, filed_type_child, sensitive_level, policyid) values ('TS_LOAD_QY_INCOME_RPT_MO_MM_20161128','TS_LOAD_QY_INCOME_RPT_MO_MM_20170920','TS_LOAD_QY_INCOME_RPT_MO_MM','20','SIM_CRD_AMT','SIM卡','DECIMAL','16','2','','','Y','','D1-6','2','PID_14star');
insert into column_val (xmlid, col_xmlid, dataname, col_seq, colname, colcnname, datatype, length, precision_val, party_seq, isprimarykey, isnullable, remark, filed_type_child, sensitive_level, policyid) values ('TS_LOAD_QY_INCOME_RPT_MO_MM_20161128','TS_LOAD_QY_INCOME_RPT_MO_MM_20170921','TS_LOAD_QY_INCOME_RPT_MO_MM','21','BAD_BILL_AMT','坏账回收','DECIMAL','16','2','','','Y','','D1-6','2','');
insert into column_val (xmlid, col_xmlid, dataname, col_seq, colname, colcnname, datatype, length, precision_val, party_seq, isprimarykey, isnullable, remark, filed_type_child, sensitive_level, policyid) values ('TS_LOAD_QY_INCOME_RPT_MO_MM_20161128','TS_LOAD_QY_INCOME_RPT_MO_MM_20170922','TS_LOAD_QY_INCOME_RPT_MO_MM','22','CHNL_AMT','渠道酬金','DECIMAL','16','2','','','Y','','D1-6','2','');
insert into column_val (xmlid, col_xmlid, dataname, col_seq, colname, colcnname, datatype, length, precision_val, party_seq, isprimarykey, isnullable, remark, filed_type_child, sensitive_level, policyid) values ('TS_LOAD_QY_INCOME_RPT_MO_MM_20161128','TS_LOAD_QY_INCOME_RPT_MO_MM_20170923','TS_LOAD_QY_INCOME_RPT_MO_MM','23','TAX_AMT','代扣税','DECIMAL','16','2','','','Y','','D1-6','2','');
insert into column_val (xmlid, col_xmlid, dataname, col_seq, colname, colcnname, datatype, length, precision_val, party_seq, isprimarykey, isnullable, remark, filed_type_child, sensitive_level, policyid) values ('TS_LOAD_QY_INCOME_RPT_MO_MM_20161128','TS_LOAD_QY_INCOME_RPT_MO_MM_20170924','TS_LOAD_QY_INCOME_RPT_MO_MM','24','AREA_BUSI_AMT','跨区业务收费','DECIMAL','16','2','','','Y','','D1-6','2','');
insert into column_val (xmlid, col_xmlid, dataname, col_seq, colname, colcnname, datatype, length, precision_val, party_seq, isprimarykey, isnullable, remark, filed_type_child, sensitive_level, policyid) values ('TS_LOAD_QY_INCOME_RPT_MO_MM_20161128','TS_LOAD_QY_INCOME_RPT_MO_MM_20170925','TS_LOAD_QY_INCOME_RPT_MO_MM','25','SZX_PKGCRD_AMT','SCP套卡销售金额','DECIMAL','16','2','','','Y','','D1-6','2','PID_all');
insert into column_val (xmlid, col_xmlid, dataname, col_seq, colname, colcnname, datatype, length, precision_val, party_seq, isprimarykey, isnullable, remark, filed_type_child, sensitive_level, policyid) values ('TS_LOAD_QY_INCOME_RPT_MO_MM_20161128','TS_LOAD_QY_INCOME_RPT_MO_MM_20170926','TS_LOAD_QY_INCOME_RPT_MO_MM','26','DG_PKGCRD_AMT','OCS套卡销售金额','DECIMAL','16','2','','','Y','','D1-6','2','PID_all');
insert into column_val (xmlid, col_xmlid, dataname, col_seq, colname, colcnname, datatype, length, precision_val, party_seq, isprimarykey, isnullable, remark, filed_type_child, sensitive_level, policyid) values ('TS_LOAD_QY_INCOME_RPT_MO_MM_20161128','TS_LOAD_QY_INCOME_RPT_MO_MM_20170927','TS_LOAD_QY_INCOME_RPT_MO_MM','27','DATA_SOURCE','数据来源','STRING','','','','','Y','','D1-6','2','');
insert into column_val (xmlid, col_xmlid, dataname, col_seq, colname, colcnname, datatype, length, precision_val, party_seq, isprimarykey, isnullable, remark, filed_type_child, sensitive_level, policyid) values ('TS_LOAD_QY_INCOME_RPT_MO_MM_20161128','TS_LOAD_QY_INCOME_RPT_MO_MM_20170928','TS_LOAD_QY_INCOME_RPT_MO_MM','28','month','月份','INT','','','1','','N','','','','');

insert into tablefile (xmlid, dbname, dataname, datacnname, state, cycletype, topiccode, extend_cfg, rightlevel, creater, curdutyer, eff_date, state_date, team_code, open_state, remark) values ('TS_LOAD_QY_INCOME_RPT_MO_ZQ_20161128','BD_B','TS_LOAD_QY_INCOME_RPT_MO_ZQ','STAGE_营收款汇总月报接口表','NEW','month','LAYERI_IFINAC','{"EXTERNAL":"y","LOCATION":"/tenant/BIGDATA/JCFW/JRCL/BD_B/STAGE/TS_LOAD_QY_INCOME_RPT_MO/branch=ZQ","FILEFORMAT":"TEXTFILE","DELIMITER":"@#$"}','其他','谢英俊','谢英俊', TIMESTAMP '2016-08-24 12:00:00', TIMESTAMP '2016-08-24 12:00:00','f2999fd5-c34e-402e-9b28-fec9fca13044','','接口层-财务主题域');
insert into column_val (xmlid, col_xmlid, dataname, col_seq, colname, colcnname, datatype, length, precision_val, party_seq, isprimarykey, isnullable, remark, filed_type_child, sensitive_level, policyid) values ('TS_LOAD_QY_INCOME_RPT_MO_ZQ_20161128','TS_LOAD_QY_INCOME_RPT_MO_ZQ_2017091','TS_LOAD_QY_INCOME_RPT_MO_ZQ','1','TM_INTRVL_CD','日期','INT','','','','','N','','D1-6','2','');
insert into column_val (xmlid, col_xmlid, dataname, col_seq, colname, colcnname, datatype, length, precision_val, party_seq, isprimarykey, isnullable, remark, filed_type_child, sensitive_level, policyid) values ('TS_LOAD_QY_INCOME_RPT_MO_ZQ_20161128','TS_LOAD_QY_INCOME_RPT_MO_ZQ_2017092','TS_LOAD_QY_INCOME_RPT_MO_ZQ','2','CMCC_BRANCH_CD','市公司标识','STRING','','','','','N','','D1-6','2','');
insert into column_val (xmlid, col_xmlid, dataname, col_seq, colname, colcnname, datatype, length, precision_val, party_seq, isprimarykey, isnullable, remark, filed_type_child, sensitive_level, policyid) values ('TS_LOAD_QY_INCOME_RPT_MO_ZQ_20161128','TS_LOAD_QY_INCOME_RPT_MO_ZQ_2017093','TS_LOAD_QY_INCOME_RPT_MO_ZQ','3','CHRG_CRD_AMT','充值卡销售金额','DECIMAL','16','2','','','Y','','D1-6','2','PID_all');
insert into column_val (xmlid, col_xmlid, dataname, col_seq, colname, colcnname, datatype, length, precision_val, party_seq, isprimarykey, isnullable, remark, filed_type_child, sensitive_level, policyid) values ('TS_LOAD_QY_INCOME_RPT_MO_ZQ_20161128','TS_LOAD_QY_INCOME_RPT_MO_ZQ_2017094','TS_LOAD_QY_INCOME_RPT_MO_ZQ','4','PKG_CRD_AMT','BOSS套卡销售金额','DECIMAL','16','2','','','Y','','D1-6','2','PID_all');
insert into column_val (xmlid, col_xmlid, dataname, col_seq, colname, colcnname, datatype, length, precision_val, party_seq, isprimarykey, isnullable, remark, filed_type_child, sensitive_level, policyid) values ('TS_LOAD_QY_INCOME_RPT_MO_ZQ_20161128','TS_LOAD_QY_INCOME_RPT_MO_ZQ_2017095','TS_LOAD_QY_INCOME_RPT_MO_ZQ','5','GOTONE_PRECHRG_AMT','全球通+TD预存款','DECIMAL','16','2','','','Y','','D1-6','2','PID_all');
insert into column_val (xmlid, col_xmlid, dataname, col_seq, colname, colcnname, datatype, length, precision_val, party_seq, isprimarykey, isnullable, remark, filed_type_child, sensitive_level, policyid) values ('TS_LOAD_QY_INCOME_RPT_MO_ZQ_20161128','TS_LOAD_QY_INCOME_RPT_MO_ZQ_2017096','TS_LOAD_QY_INCOME_RPT_MO_ZQ','6','IUSR_PRECHRG_AMT','智能网前台现金充值','DECIMAL','16','2','','','Y','','D1-6','2','');
insert into column_val (xmlid, col_xmlid, dataname, col_seq, colname, colcnname, datatype, length, precision_val, party_seq, isprimarykey, isnullable, remark, filed_type_child, sensitive_level, policyid) values ('TS_LOAD_QY_INCOME_RPT_MO_ZQ_20161128','TS_LOAD_QY_INCOME_RPT_MO_ZQ_2017097','TS_LOAD_QY_INCOME_RPT_MO_ZQ','7','OTH_AMT','杂费','DECIMAL','16','2','','','Y','','D1-6','2','');
insert into column_val (xmlid, col_xmlid, dataname, col_seq, colname, colcnname, datatype, length, precision_val, party_seq, isprimarykey, isnullable, remark, filed_type_child, sensitive_level, policyid) values ('TS_LOAD_QY_INCOME_RPT_MO_ZQ_20161128','TS_LOAD_QY_INCOME_RPT_MO_ZQ_2017098','TS_LOAD_QY_INCOME_RPT_MO_ZQ','8','SELL_AMT','实物销售','DECIMAL','16','2','','','Y','','D1-6','2','');
insert into column_val (xmlid, col_xmlid, dataname, col_seq, colname, colcnname, datatype, length, precision_val, party_seq, isprimarykey, isnullable, remark, filed_type_child, sensitive_level, policyid) values ('TS_LOAD_QY_INCOME_RPT_MO_ZQ_20161128','TS_LOAD_QY_INCOME_RPT_MO_ZQ_2017099','TS_LOAD_QY_INCOME_RPT_MO_ZQ','9','NEW_AMT','新增其他','DECIMAL','16','2','','','Y','','D1-6','2','');
insert into column_val (xmlid, col_xmlid, dataname, col_seq, colname, colcnname, datatype, length, precision_val, party_seq, isprimarykey, isnullable, remark, filed_type_child, sensitive_level, policyid) values ('TS_LOAD_QY_INCOME_RPT_MO_ZQ_20161128','TS_LOAD_QY_INCOME_RPT_MO_ZQ_20170910','TS_LOAD_QY_INCOME_RPT_MO_ZQ','10','TOT_AMT','营业日报营收款总额','DECIMAL','16','2','','','Y','','D1-6','2','');
insert into column_val (xmlid, col_xmlid, dataname, col_seq, colname, colcnname, datatype, length, precision_val, party_seq, isprimarykey, isnullable, remark, filed_type_child, sensitive_level, policyid) values ('TS_LOAD_QY_INCOME_RPT_MO_ZQ_20161128','TS_LOAD_QY_INCOME_RPT_MO_ZQ_20170911','TS_LOAD_QY_INCOME_RPT_MO_ZQ','11','IUSR_CHRG_AMT','智能网前台预存款','DECIMAL','16','2','','','Y','','D1-6','2','PID_all');
insert into column_val (xmlid, col_xmlid, dataname, col_seq, colname, colcnname, datatype, length, precision_val, party_seq, isprimarykey, isnullable, remark, filed_type_child, sensitive_level, policyid) values ('TS_LOAD_QY_INCOME_RPT_MO_ZQ_20161128','TS_LOAD_QY_INCOME_RPT_MO_ZQ_20170912','TS_LOAD_QY_INCOME_RPT_MO_ZQ','12','IBOSS_CHRG_AMT','IBOSS前台预存','DECIMAL','16','2','','','Y','','D1-6','2','');
insert into column_val (xmlid, col_xmlid, dataname, col_seq, colname, colcnname, datatype, length, precision_val, party_seq, isprimarykey, isnullable, remark, filed_type_child, sensitive_level, policyid) values ('TS_LOAD_QY_INCOME_RPT_MO_ZQ_20161128','TS_LOAD_QY_INCOME_RPT_MO_ZQ_20170913','TS_LOAD_QY_INCOME_RPT_MO_ZQ','13','BOSS_DG_PRECHRG','BOSS动感地带预存','DECIMAL','16','2','','','Y','','D1-6','2','');
insert into column_val (xmlid, col_xmlid, dataname, col_seq, colname, colcnname, datatype, length, precision_val, party_seq, isprimarykey, isnullable, remark, filed_type_child, sensitive_level, policyid) values ('TS_LOAD_QY_INCOME_RPT_MO_ZQ_20161128','TS_LOAD_QY_INCOME_RPT_MO_ZQ_20170914','TS_LOAD_QY_INCOME_RPT_MO_ZQ','14','BOSS_SZX_PRECHRG','BOSS神州行预存','DECIMAL','16','2','','','Y','','D1-6','2','');
insert into column_val (xmlid, col_xmlid, dataname, col_seq, colname, colcnname, datatype, length, precision_val, party_seq, isprimarykey, isnullable, remark, filed_type_child, sensitive_level, policyid) values ('TS_LOAD_QY_INCOME_RPT_MO_ZQ_20161128','TS_LOAD_QY_INCOME_RPT_MO_ZQ_20170915','TS_LOAD_QY_INCOME_RPT_MO_ZQ','15','OCS_DG_PRECHRG','OCS动感地带预存','DECIMAL','16','2','','','Y','','D1-6','2','');
insert into column_val (xmlid, col_xmlid, dataname, col_seq, colname, colcnname, datatype, length, precision_val, party_seq, isprimarykey, isnullable, remark, filed_type_child, sensitive_level, policyid) values ('TS_LOAD_QY_INCOME_RPT_MO_ZQ_20161128','TS_LOAD_QY_INCOME_RPT_MO_ZQ_20170916','TS_LOAD_QY_INCOME_RPT_MO_ZQ','16','OCS_SZX_PRECHRG','OCS神州行预存','DECIMAL','16','2','','','Y','','D1-6','2','');
insert into column_val (xmlid, col_xmlid, dataname, col_seq, colname, colcnname, datatype, length, precision_val, party_seq, isprimarykey, isnullable, remark, filed_type_child, sensitive_level, policyid) values ('TS_LOAD_QY_INCOME_RPT_MO_ZQ_20161128','TS_LOAD_QY_INCOME_RPT_MO_ZQ_20170917','TS_LOAD_QY_INCOME_RPT_MO_ZQ','17','SCP_DG_PRECHRG','SCP动感地带预存','DECIMAL','16','2','','','Y','','D1-6','2','');
insert into column_val (xmlid, col_xmlid, dataname, col_seq, colname, colcnname, datatype, length, precision_val, party_seq, isprimarykey, isnullable, remark, filed_type_child, sensitive_level, policyid) values ('TS_LOAD_QY_INCOME_RPT_MO_ZQ_20161128','TS_LOAD_QY_INCOME_RPT_MO_ZQ_20170918','TS_LOAD_QY_INCOME_RPT_MO_ZQ','18','SCP_SZX_PRECHRG','SCP神州行预存','DECIMAL','16','2','','','Y','','D1-6','2','');
insert into column_val (xmlid, col_xmlid, dataname, col_seq, colname, colcnname, datatype, length, precision_val, party_seq, isprimarykey, isnullable, remark, filed_type_child, sensitive_level, policyid) values ('TS_LOAD_QY_INCOME_RPT_MO_ZQ_20161128','TS_LOAD_QY_INCOME_RPT_MO_ZQ_20170919','TS_LOAD_QY_INCOME_RPT_MO_ZQ','19','AIR_CHRG_AMT','空中充值','DECIMAL','16','2','','','Y','','D1-6','2','');
insert into column_val (xmlid, col_xmlid, dataname, col_seq, colname, colcnname, datatype, length, precision_val, party_seq, isprimarykey, isnullable, remark, filed_type_child, sensitive_level, policyid) values ('TS_LOAD_QY_INCOME_RPT_MO_ZQ_20161128','TS_LOAD_QY_INCOME_RPT_MO_ZQ_20170920','TS_LOAD_QY_INCOME_RPT_MO_ZQ','20','SIM_CRD_AMT','SIM卡','DECIMAL','16','2','','','Y','','D1-6','2','PID_14star');
insert into column_val (xmlid, col_xmlid, dataname, col_seq, colname, colcnname, datatype, length, precision_val, party_seq, isprimarykey, isnullable, remark, filed_type_child, sensitive_level, policyid) values ('TS_LOAD_QY_INCOME_RPT_MO_ZQ_20161128','TS_LOAD_QY_INCOME_RPT_MO_ZQ_20170921','TS_LOAD_QY_INCOME_RPT_MO_ZQ','21','BAD_BILL_AMT','坏账回收','DECIMAL','16','2','','','Y','','D1-6','2','');
insert into column_val (xmlid, col_xmlid, dataname, col_seq, colname, colcnname, datatype, length, precision_val, party_seq, isprimarykey, isnullable, remark, filed_type_child, sensitive_level, policyid) values ('TS_LOAD_QY_INCOME_RPT_MO_ZQ_20161128','TS_LOAD_QY_INCOME_RPT_MO_ZQ_20170922','TS_LOAD_QY_INCOME_RPT_MO_ZQ','22','CHNL_AMT','渠道酬金','DECIMAL','16','2','','','Y','','D1-6','2','');
insert into column_val (xmlid, col_xmlid, dataname, col_seq, colname, colcnname, datatype, length, precision_val, party_seq, isprimarykey, isnullable, remark, filed_type_child, sensitive_level, policyid) values ('TS_LOAD_QY_INCOME_RPT_MO_ZQ_20161128','TS_LOAD_QY_INCOME_RPT_MO_ZQ_20170923','TS_LOAD_QY_INCOME_RPT_MO_ZQ','23','TAX_AMT','代扣税','DECIMAL','16','2','','','Y','','D1-6','2','');
insert into column_val (xmlid, col_xmlid, dataname, col_seq, colname, colcnname, datatype, length, precision_val, party_seq, isprimarykey, isnullable, remark, filed_type_child, sensitive_level, policyid) values ('TS_LOAD_QY_INCOME_RPT_MO_ZQ_20161128','TS_LOAD_QY_INCOME_RPT_MO_ZQ_20170924','TS_LOAD_QY_INCOME_RPT_MO_ZQ','24','AREA_BUSI_AMT','跨区业务收费','DECIMAL','16','2','','','Y','','D1-6','2','');
insert into column_val (xmlid, col_xmlid, dataname, col_seq, colname, colcnname, datatype, length, precision_val, party_seq, isprimarykey, isnullable, remark, filed_type_child, sensitive_level, policyid) values ('TS_LOAD_QY_INCOME_RPT_MO_ZQ_20161128','TS_LOAD_QY_INCOME_RPT_MO_ZQ_20170925','TS_LOAD_QY_INCOME_RPT_MO_ZQ','25','SZX_PKGCRD_AMT','SCP套卡销售金额','DECIMAL','16','2','','','Y','','D1-6','2','PID_all');
insert into column_val (xmlid, col_xmlid, dataname, col_seq, colname, colcnname, datatype, length, precision_val, party_seq, isprimarykey, isnullable, remark, filed_type_child, sensitive_level, policyid) values ('TS_LOAD_QY_INCOME_RPT_MO_ZQ_20161128','TS_LOAD_QY_INCOME_RPT_MO_ZQ_20170926','TS_LOAD_QY_INCOME_RPT_MO_ZQ','26','DG_PKGCRD_AMT','OCS套卡销售金额','DECIMAL','16','2','','','Y','','D1-6','2','PID_all');
insert into column_val (xmlid, col_xmlid, dataname, col_seq, colname, colcnname, datatype, length, precision_val, party_seq, isprimarykey, isnullable, remark, filed_type_child, sensitive_level, policyid) values ('TS_LOAD_QY_INCOME_RPT_MO_ZQ_20161128','TS_LOAD_QY_INCOME_RPT_MO_ZQ_20170927','TS_LOAD_QY_INCOME_RPT_MO_ZQ','27','DATA_SOURCE','数据来源','STRING','','','','','Y','','D1-6','2','');
insert into column_val (xmlid, col_xmlid, dataname, col_seq, colname, colcnname, datatype, length, precision_val, party_seq, isprimarykey, isnullable, remark, filed_type_child, sensitive_level, policyid) values ('TS_LOAD_QY_INCOME_RPT_MO_ZQ_20161128','TS_LOAD_QY_INCOME_RPT_MO_ZQ_20170928','TS_LOAD_QY_INCOME_RPT_MO_ZQ','28','month','月份','INT','','','1','','N','','','','');

insert into tablefile (xmlid, dbname, dataname, datacnname, state, cycletype, topiccode, extend_cfg, rightlevel, creater, curdutyer, eff_date, state_date, team_code, open_state, remark) values ('TS_LOAD_QY_INCOME_RPT_MO_QY_20161128','BD_B','TS_LOAD_QY_INCOME_RPT_MO_QY','STAGE_营收款汇总月报接口表','NEW','month','LAYERI_IFINAC','{"EXTERNAL":"y","LOCATION":"/tenant/BIGDATA/JCFW/JRCL/BD_B/STAGE/TS_LOAD_QY_INCOME_RPT_MO/branch=QY","FILEFORMAT":"TEXTFILE","DELIMITER":"@#$"}','其他','谢英俊','谢英俊', TIMESTAMP '2016-08-24 12:00:00', TIMESTAMP '2016-08-24 12:00:00','f2999fd5-c34e-402e-9b28-fec9fca13044','','接口层-财务主题域');
insert into column_val (xmlid, col_xmlid, dataname, col_seq, colname, colcnname, datatype, length, precision_val, party_seq, isprimarykey, isnullable, remark, filed_type_child, sensitive_level, policyid) values ('TS_LOAD_QY_INCOME_RPT_MO_QY_20161128','TS_LOAD_QY_INCOME_RPT_MO_QY_2017091','TS_LOAD_QY_INCOME_RPT_MO_QY','1','TM_INTRVL_CD','日期','INT','','','','','N','','D1-6','2','');
insert into column_val (xmlid, col_xmlid, dataname, col_seq, colname, colcnname, datatype, length, precision_val, party_seq, isprimarykey, isnullable, remark, filed_type_child, sensitive_level, policyid) values ('TS_LOAD_QY_INCOME_RPT_MO_QY_20161128','TS_LOAD_QY_INCOME_RPT_MO_QY_2017092','TS_LOAD_QY_INCOME_RPT_MO_QY','2','CMCC_BRANCH_CD','市公司标识','STRING','','','','','N','','D1-6','2','');
insert into column_val (xmlid, col_xmlid, dataname, col_seq, colname, colcnname, datatype, length, precision_val, party_seq, isprimarykey, isnullable, remark, filed_type_child, sensitive_level, policyid) values ('TS_LOAD_QY_INCOME_RPT_MO_QY_20161128','TS_LOAD_QY_INCOME_RPT_MO_QY_2017093','TS_LOAD_QY_INCOME_RPT_MO_QY','3','CHRG_CRD_AMT','充值卡销售金额','DECIMAL','16','2','','','Y','','D1-6','2','PID_all');
insert into column_val (xmlid, col_xmlid, dataname, col_seq, colname, colcnname, datatype, length, precision_val, party_seq, isprimarykey, isnullable, remark, filed_type_child, sensitive_level, policyid) values ('TS_LOAD_QY_INCOME_RPT_MO_QY_20161128','TS_LOAD_QY_INCOME_RPT_MO_QY_2017094','TS_LOAD_QY_INCOME_RPT_MO_QY','4','PKG_CRD_AMT','BOSS套卡销售金额','DECIMAL','16','2','','','Y','','D1-6','2','PID_all');
insert into column_val (xmlid, col_xmlid, dataname, col_seq, colname, colcnname, datatype, length, precision_val, party_seq, isprimarykey, isnullable, remark, filed_type_child, sensitive_level, policyid) values ('TS_LOAD_QY_INCOME_RPT_MO_QY_20161128','TS_LOAD_QY_INCOME_RPT_MO_QY_2017095','TS_LOAD_QY_INCOME_RPT_MO_QY','5','GOTONE_PRECHRG_AMT','全球通+TD预存款','DECIMAL','16','2','','','Y','','D1-6','2','PID_all');
insert into column_val (xmlid, col_xmlid, dataname, col_seq, colname, colcnname, datatype, length, precision_val, party_seq, isprimarykey, isnullable, remark, filed_type_child, sensitive_level, policyid) values ('TS_LOAD_QY_INCOME_RPT_MO_QY_20161128','TS_LOAD_QY_INCOME_RPT_MO_QY_2017096','TS_LOAD_QY_INCOME_RPT_MO_QY','6','IUSR_PRECHRG_AMT','智能网前台现金充值','DECIMAL','16','2','','','Y','','D1-6','2','');
insert into column_val (xmlid, col_xmlid, dataname, col_seq, colname, colcnname, datatype, length, precision_val, party_seq, isprimarykey, isnullable, remark, filed_type_child, sensitive_level, policyid) values ('TS_LOAD_QY_INCOME_RPT_MO_QY_20161128','TS_LOAD_QY_INCOME_RPT_MO_QY_2017097','TS_LOAD_QY_INCOME_RPT_MO_QY','7','OTH_AMT','杂费','DECIMAL','16','2','','','Y','','D1-6','2','');
insert into column_val (xmlid, col_xmlid, dataname, col_seq, colname, colcnname, datatype, length, precision_val, party_seq, isprimarykey, isnullable, remark, filed_type_child, sensitive_level, policyid) values ('TS_LOAD_QY_INCOME_RPT_MO_QY_20161128','TS_LOAD_QY_INCOME_RPT_MO_QY_2017098','TS_LOAD_QY_INCOME_RPT_MO_QY','8','SELL_AMT','实物销售','DECIMAL','16','2','','','Y','','D1-6','2','');
insert into column_val (xmlid, col_xmlid, dataname, col_seq, colname, colcnname, datatype, length, precision_val, party_seq, isprimarykey, isnullable, remark, filed_type_child, sensitive_level, policyid) values ('TS_LOAD_QY_INCOME_RPT_MO_QY_20161128','TS_LOAD_QY_INCOME_RPT_MO_QY_2017099','TS_LOAD_QY_INCOME_RPT_MO_QY','9','NEW_AMT','新增其他','DECIMAL','16','2','','','Y','','D1-6','2','');
insert into column_val (xmlid, col_xmlid, dataname, col_seq, colname, colcnname, datatype, length, precision_val, party_seq, isprimarykey, isnullable, remark, filed_type_child, sensitive_level, policyid) values ('TS_LOAD_QY_INCOME_RPT_MO_QY_20161128','TS_LOAD_QY_INCOME_RPT_MO_QY_20170910','TS_LOAD_QY_INCOME_RPT_MO_QY','10','TOT_AMT','营业日报营收款总额','DECIMAL','16','2','','','Y','','D1-6','2','');
insert into column_val (xmlid, col_xmlid, dataname, col_seq, colname, colcnname, datatype, length, precision_val, party_seq, isprimarykey, isnullable, remark, filed_type_child, sensitive_level, policyid) values ('TS_LOAD_QY_INCOME_RPT_MO_QY_20161128','TS_LOAD_QY_INCOME_RPT_MO_QY_20170911','TS_LOAD_QY_INCOME_RPT_MO_QY','11','IUSR_CHRG_AMT','智能网前台预存款','DECIMAL','16','2','','','Y','','D1-6','2','PID_all');
insert into column_val (xmlid, col_xmlid, dataname, col_seq, colname, colcnname, datatype, length, precision_val, party_seq, isprimarykey, isnullable, remark, filed_type_child, sensitive_level, policyid) values ('TS_LOAD_QY_INCOME_RPT_MO_QY_20161128','TS_LOAD_QY_INCOME_RPT_MO_QY_20170912','TS_LOAD_QY_INCOME_RPT_MO_QY','12','IBOSS_CHRG_AMT','IBOSS前台预存','DECIMAL','16','2','','','Y','','D1-6','2','');
insert into column_val (xmlid, col_xmlid, dataname, col_seq, colname, colcnname, datatype, length, precision_val, party_seq, isprimarykey, isnullable, remark, filed_type_child, sensitive_level, policyid) values ('TS_LOAD_QY_INCOME_RPT_MO_QY_20161128','TS_LOAD_QY_INCOME_RPT_MO_QY_20170913','TS_LOAD_QY_INCOME_RPT_MO_QY','13','BOSS_DG_PRECHRG','BOSS动感地带预存','DECIMAL','16','2','','','Y','','D1-6','2','');
insert into column_val (xmlid, col_xmlid, dataname, col_seq, colname, colcnname, datatype, length, precision_val, party_seq, isprimarykey, isnullable, remark, filed_type_child, sensitive_level, policyid) values ('TS_LOAD_QY_INCOME_RPT_MO_QY_20161128','TS_LOAD_QY_INCOME_RPT_MO_QY_20170914','TS_LOAD_QY_INCOME_RPT_MO_QY','14','BOSS_SZX_PRECHRG','BOSS神州行预存','DECIMAL','16','2','','','Y','','D1-6','2','');
insert into column_val (xmlid, col_xmlid, dataname, col_seq, colname, colcnname, datatype, length, precision_val, party_seq, isprimarykey, isnullable, remark, filed_type_child, sensitive_level, policyid) values ('TS_LOAD_QY_INCOME_RPT_MO_QY_20161128','TS_LOAD_QY_INCOME_RPT_MO_QY_20170915','TS_LOAD_QY_INCOME_RPT_MO_QY','15','OCS_DG_PRECHRG','OCS动感地带预存','DECIMAL','16','2','','','Y','','D1-6','2','');
insert into column_val (xmlid, col_xmlid, dataname, col_seq, colname, colcnname, datatype, length, precision_val, party_seq, isprimarykey, isnullable, remark, filed_type_child, sensitive_level, policyid) values ('TS_LOAD_QY_INCOME_RPT_MO_QY_20161128','TS_LOAD_QY_INCOME_RPT_MO_QY_20170916','TS_LOAD_QY_INCOME_RPT_MO_QY','16','OCS_SZX_PRECHRG','OCS神州行预存','DECIMAL','16','2','','','Y','','D1-6','2','');
insert into column_val (xmlid, col_xmlid, dataname, col_seq, colname, colcnname, datatype, length, precision_val, party_seq, isprimarykey, isnullable, remark, filed_type_child, sensitive_level, policyid) values ('TS_LOAD_QY_INCOME_RPT_MO_QY_20161128','TS_LOAD_QY_INCOME_RPT_MO_QY_20170917','TS_LOAD_QY_INCOME_RPT_MO_QY','17','SCP_DG_PRECHRG','SCP动感地带预存','DECIMAL','16','2','','','Y','','D1-6','2','');
insert into column_val (xmlid, col_xmlid, dataname, col_seq, colname, colcnname, datatype, length, precision_val, party_seq, isprimarykey, isnullable, remark, filed_type_child, sensitive_level, policyid) values ('TS_LOAD_QY_INCOME_RPT_MO_QY_20161128','TS_LOAD_QY_INCOME_RPT_MO_QY_20170918','TS_LOAD_QY_INCOME_RPT_MO_QY','18','SCP_SZX_PRECHRG','SCP神州行预存','DECIMAL','16','2','','','Y','','D1-6','2','');
insert into column_val (xmlid, col_xmlid, dataname, col_seq, colname, colcnname, datatype, length, precision_val, party_seq, isprimarykey, isnullable, remark, filed_type_child, sensitive_level, policyid) values ('TS_LOAD_QY_INCOME_RPT_MO_QY_20161128','TS_LOAD_QY_INCOME_RPT_MO_QY_20170919','TS_LOAD_QY_INCOME_RPT_MO_QY','19','AIR_CHRG_AMT','空中充值','DECIMAL','16','2','','','Y','','D1-6','2','');
insert into column_val (xmlid, col_xmlid, dataname, col_seq, colname, colcnname, datatype, length, precision_val, party_seq, isprimarykey, isnullable, remark, filed_type_child, sensitive_level, policyid) values ('TS_LOAD_QY_INCOME_RPT_MO_QY_20161128','TS_LOAD_QY_INCOME_RPT_MO_QY_20170920','TS_LOAD_QY_INCOME_RPT_MO_QY','20','SIM_CRD_AMT','SIM卡','DECIMAL','16','2','','','Y','','D1-6','2','PID_14star');
insert into column_val (xmlid, col_xmlid, dataname, col_seq, colname, colcnname, datatype, length, precision_val, party_seq, isprimarykey, isnullable, remark, filed_type_child, sensitive_level, policyid) values ('TS_LOAD_QY_INCOME_RPT_MO_QY_20161128','TS_LOAD_QY_INCOME_RPT_MO_QY_20170921','TS_LOAD_QY_INCOME_RPT_MO_QY','21','BAD_BILL_AMT','坏账回收','DECIMAL','16','2','','','Y','','D1-6','2','');
insert into column_val (xmlid, col_xmlid, dataname, col_seq, colname, colcnname, datatype, length, precision_val, party_seq, isprimarykey, isnullable, remark, filed_type_child, sensitive_level, policyid) values ('TS_LOAD_QY_INCOME_RPT_MO_QY_20161128','TS_LOAD_QY_INCOME_RPT_MO_QY_20170922','TS_LOAD_QY_INCOME_RPT_MO_QY','22','CHNL_AMT','渠道酬金','DECIMAL','16','2','','','Y','','D1-6','2','');
insert into column_val (xmlid, col_xmlid, dataname, col_seq, colname, colcnname, datatype, length, precision_val, party_seq, isprimarykey, isnullable, remark, filed_type_child, sensitive_level, policyid) values ('TS_LOAD_QY_INCOME_RPT_MO_QY_20161128','TS_LOAD_QY_INCOME_RPT_MO_QY_20170923','TS_LOAD_QY_INCOME_RPT_MO_QY','23','TAX_AMT','代扣税','DECIMAL','16','2','','','Y','','D1-6','2','');
insert into column_val (xmlid, col_xmlid, dataname, col_seq, colname, colcnname, datatype, length, precision_val, party_seq, isprimarykey, isnullable, remark, filed_type_child, sensitive_level, policyid) values ('TS_LOAD_QY_INCOME_RPT_MO_QY_20161128','TS_LOAD_QY_INCOME_RPT_MO_QY_20170924','TS_LOAD_QY_INCOME_RPT_MO_QY','24','AREA_BUSI_AMT','跨区业务收费','DECIMAL','16','2','','','Y','','D1-6','2','');
insert into column_val (xmlid, col_xmlid, dataname, col_seq, colname, colcnname, datatype, length, precision_val, party_seq, isprimarykey, isnullable, remark, filed_type_child, sensitive_level, policyid) values ('TS_LOAD_QY_INCOME_RPT_MO_QY_20161128','TS_LOAD_QY_INCOME_RPT_MO_QY_20170925','TS_LOAD_QY_INCOME_RPT_MO_QY','25','SZX_PKGCRD_AMT','SCP套卡销售金额','DECIMAL','16','2','','','Y','','D1-6','2','PID_all');
insert into column_val (xmlid, col_xmlid, dataname, col_seq, colname, colcnname, datatype, length, precision_val, party_seq, isprimarykey, isnullable, remark, filed_type_child, sensitive_level, policyid) values ('TS_LOAD_QY_INCOME_RPT_MO_QY_20161128','TS_LOAD_QY_INCOME_RPT_MO_QY_20170926','TS_LOAD_QY_INCOME_RPT_MO_QY','26','DG_PKGCRD_AMT','OCS套卡销售金额','DECIMAL','16','2','','','Y','','D1-6','2','PID_all');
insert into column_val (xmlid, col_xmlid, dataname, col_seq, colname, colcnname, datatype, length, precision_val, party_seq, isprimarykey, isnullable, remark, filed_type_child, sensitive_level, policyid) values ('TS_LOAD_QY_INCOME_RPT_MO_QY_20161128','TS_LOAD_QY_INCOME_RPT_MO_QY_20170927','TS_LOAD_QY_INCOME_RPT_MO_QY','27','DATA_SOURCE','数据来源','STRING','','','','','Y','','D1-6','2','');
insert into column_val (xmlid, col_xmlid, dataname, col_seq, colname, colcnname, datatype, length, precision_val, party_seq, isprimarykey, isnullable, remark, filed_type_child, sensitive_level, policyid) values ('TS_LOAD_QY_INCOME_RPT_MO_QY_20161128','TS_LOAD_QY_INCOME_RPT_MO_QY_20170928','TS_LOAD_QY_INCOME_RPT_MO_QY','28','month','月份','INT','','','1','','N','','','','');

insert into tablefile (xmlid, dbname, dataname, datacnname, state, cycletype, topiccode, extend_cfg, rightlevel, creater, curdutyer, eff_date, state_date, team_code, open_state, remark) values ('TS_LOAD_QY_INCOME_RPT_MO_CZ_20161128','BD_B','TS_LOAD_QY_INCOME_RPT_MO_CZ','STAGE_营收款汇总月报接口表','NEW','month','LAYERI_IFINAC','{"EXTERNAL":"y","LOCATION":"/tenant/BIGDATA/JCFW/JRCL/BD_B/STAGE/TS_LOAD_QY_INCOME_RPT_MO/branch=CZ","FILEFORMAT":"TEXTFILE","DELIMITER":"@#$"}','其他','谢英俊','谢英俊', TIMESTAMP '2016-08-24 12:00:00', TIMESTAMP '2016-08-24 12:00:00','f2999fd5-c34e-402e-9b28-fec9fca13044','','接口层-财务主题域');
insert into column_val (xmlid, col_xmlid, dataname, col_seq, colname, colcnname, datatype, length, precision_val, party_seq, isprimarykey, isnullable, remark, filed_type_child, sensitive_level, policyid) values ('TS_LOAD_QY_INCOME_RPT_MO_CZ_20161128','TS_LOAD_QY_INCOME_RPT_MO_CZ_2017091','TS_LOAD_QY_INCOME_RPT_MO_CZ','1','TM_INTRVL_CD','日期','INT','','','','','N','','D1-6','2','');
insert into column_val (xmlid, col_xmlid, dataname, col_seq, colname, colcnname, datatype, length, precision_val, party_seq, isprimarykey, isnullable, remark, filed_type_child, sensitive_level, policyid) values ('TS_LOAD_QY_INCOME_RPT_MO_CZ_20161128','TS_LOAD_QY_INCOME_RPT_MO_CZ_2017092','TS_LOAD_QY_INCOME_RPT_MO_CZ','2','CMCC_BRANCH_CD','市公司标识','STRING','','','','','N','','D1-6','2','');
insert into column_val (xmlid, col_xmlid, dataname, col_seq, colname, colcnname, datatype, length, precision_val, party_seq, isprimarykey, isnullable, remark, filed_type_child, sensitive_level, policyid) values ('TS_LOAD_QY_INCOME_RPT_MO_CZ_20161128','TS_LOAD_QY_INCOME_RPT_MO_CZ_2017093','TS_LOAD_QY_INCOME_RPT_MO_CZ','3','CHRG_CRD_AMT','充值卡销售金额','DECIMAL','16','2','','','Y','','D1-6','2','PID_all');
insert into column_val (xmlid, col_xmlid, dataname, col_seq, colname, colcnname, datatype, length, precision_val, party_seq, isprimarykey, isnullable, remark, filed_type_child, sensitive_level, policyid) values ('TS_LOAD_QY_INCOME_RPT_MO_CZ_20161128','TS_LOAD_QY_INCOME_RPT_MO_CZ_2017094','TS_LOAD_QY_INCOME_RPT_MO_CZ','4','PKG_CRD_AMT','BOSS套卡销售金额','DECIMAL','16','2','','','Y','','D1-6','2','PID_all');
insert into column_val (xmlid, col_xmlid, dataname, col_seq, colname, colcnname, datatype, length, precision_val, party_seq, isprimarykey, isnullable, remark, filed_type_child, sensitive_level, policyid) values ('TS_LOAD_QY_INCOME_RPT_MO_CZ_20161128','TS_LOAD_QY_INCOME_RPT_MO_CZ_2017095','TS_LOAD_QY_INCOME_RPT_MO_CZ','5','GOTONE_PRECHRG_AMT','全球通+TD预存款','DECIMAL','16','2','','','Y','','D1-6','2','PID_all');
insert into column_val (xmlid, col_xmlid, dataname, col_seq, colname, colcnname, datatype, length, precision_val, party_seq, isprimarykey, isnullable, remark, filed_type_child, sensitive_level, policyid) values ('TS_LOAD_QY_INCOME_RPT_MO_CZ_20161128','TS_LOAD_QY_INCOME_RPT_MO_CZ_2017096','TS_LOAD_QY_INCOME_RPT_MO_CZ','6','IUSR_PRECHRG_AMT','智能网前台现金充值','DECIMAL','16','2','','','Y','','D1-6','2','');
insert into column_val (xmlid, col_xmlid, dataname, col_seq, colname, colcnname, datatype, length, precision_val, party_seq, isprimarykey, isnullable, remark, filed_type_child, sensitive_level, policyid) values ('TS_LOAD_QY_INCOME_RPT_MO_CZ_20161128','TS_LOAD_QY_INCOME_RPT_MO_CZ_2017097','TS_LOAD_QY_INCOME_RPT_MO_CZ','7','OTH_AMT','杂费','DECIMAL','16','2','','','Y','','D1-6','2','');
insert into column_val (xmlid, col_xmlid, dataname, col_seq, colname, colcnname, datatype, length, precision_val, party_seq, isprimarykey, isnullable, remark, filed_type_child, sensitive_level, policyid) values ('TS_LOAD_QY_INCOME_RPT_MO_CZ_20161128','TS_LOAD_QY_INCOME_RPT_MO_CZ_2017098','TS_LOAD_QY_INCOME_RPT_MO_CZ','8','SELL_AMT','实物销售','DECIMAL','16','2','','','Y','','D1-6','2','');
insert into column_val (xmlid, col_xmlid, dataname, col_seq, colname, colcnname, datatype, length, precision_val, party_seq, isprimarykey, isnullable, remark, filed_type_child, sensitive_level, policyid) values ('TS_LOAD_QY_INCOME_RPT_MO_CZ_20161128','TS_LOAD_QY_INCOME_RPT_MO_CZ_2017099','TS_LOAD_QY_INCOME_RPT_MO_CZ','9','NEW_AMT','新增其他','DECIMAL','16','2','','','Y','','D1-6','2','');
insert into column_val (xmlid, col_xmlid, dataname, col_seq, colname, colcnname, datatype, length, precision_val, party_seq, isprimarykey, isnullable, remark, filed_type_child, sensitive_level, policyid) values ('TS_LOAD_QY_INCOME_RPT_MO_CZ_20161128','TS_LOAD_QY_INCOME_RPT_MO_CZ_20170910','TS_LOAD_QY_INCOME_RPT_MO_CZ','10','TOT_AMT','营业日报营收款总额','DECIMAL','16','2','','','Y','','D1-6','2','');
insert into column_val (xmlid, col_xmlid, dataname, col_seq, colname, colcnname, datatype, length, precision_val, party_seq, isprimarykey, isnullable, remark, filed_type_child, sensitive_level, policyid) values ('TS_LOAD_QY_INCOME_RPT_MO_CZ_20161128','TS_LOAD_QY_INCOME_RPT_MO_CZ_20170911','TS_LOAD_QY_INCOME_RPT_MO_CZ','11','IUSR_CHRG_AMT','智能网前台预存款','DECIMAL','16','2','','','Y','','D1-6','2','PID_all');
insert into column_val (xmlid, col_xmlid, dataname, col_seq, colname, colcnname, datatype, length, precision_val, party_seq, isprimarykey, isnullable, remark, filed_type_child, sensitive_level, policyid) values ('TS_LOAD_QY_INCOME_RPT_MO_CZ_20161128','TS_LOAD_QY_INCOME_RPT_MO_CZ_20170912','TS_LOAD_QY_INCOME_RPT_MO_CZ','12','IBOSS_CHRG_AMT','IBOSS前台预存','DECIMAL','16','2','','','Y','','D1-6','2','');
insert into column_val (xmlid, col_xmlid, dataname, col_seq, colname, colcnname, datatype, length, precision_val, party_seq, isprimarykey, isnullable, remark, filed_type_child, sensitive_level, policyid) values ('TS_LOAD_QY_INCOME_RPT_MO_CZ_20161128','TS_LOAD_QY_INCOME_RPT_MO_CZ_20170913','TS_LOAD_QY_INCOME_RPT_MO_CZ','13','BOSS_DG_PRECHRG','BOSS动感地带预存','DECIMAL','16','2','','','Y','','D1-6','2','');
insert into column_val (xmlid, col_xmlid, dataname, col_seq, colname, colcnname, datatype, length, precision_val, party_seq, isprimarykey, isnullable, remark, filed_type_child, sensitive_level, policyid) values ('TS_LOAD_QY_INCOME_RPT_MO_CZ_20161128','TS_LOAD_QY_INCOME_RPT_MO_CZ_20170914','TS_LOAD_QY_INCOME_RPT_MO_CZ','14','BOSS_SZX_PRECHRG','BOSS神州行预存','DECIMAL','16','2','','','Y','','D1-6','2','');
insert into column_val (xmlid, col_xmlid, dataname, col_seq, colname, colcnname, datatype, length, precision_val, party_seq, isprimarykey, isnullable, remark, filed_type_child, sensitive_level, policyid) values ('TS_LOAD_QY_INCOME_RPT_MO_CZ_20161128','TS_LOAD_QY_INCOME_RPT_MO_CZ_20170915','TS_LOAD_QY_INCOME_RPT_MO_CZ','15','OCS_DG_PRECHRG','OCS动感地带预存','DECIMAL','16','2','','','Y','','D1-6','2','');
insert into column_val (xmlid, col_xmlid, dataname, col_seq, colname, colcnname, datatype, length, precision_val, party_seq, isprimarykey, isnullable, remark, filed_type_child, sensitive_level, policyid) values ('TS_LOAD_QY_INCOME_RPT_MO_CZ_20161128','TS_LOAD_QY_INCOME_RPT_MO_CZ_20170916','TS_LOAD_QY_INCOME_RPT_MO_CZ','16','OCS_SZX_PRECHRG','OCS神州行预存','DECIMAL','16','2','','','Y','','D1-6','2','');
insert into column_val (xmlid, col_xmlid, dataname, col_seq, colname, colcnname, datatype, length, precision_val, party_seq, isprimarykey, isnullable, remark, filed_type_child, sensitive_level, policyid) values ('TS_LOAD_QY_INCOME_RPT_MO_CZ_20161128','TS_LOAD_QY_INCOME_RPT_MO_CZ_20170917','TS_LOAD_QY_INCOME_RPT_MO_CZ','17','SCP_DG_PRECHRG','SCP动感地带预存','DECIMAL','16','2','','','Y','','D1-6','2','');
insert into column_val (xmlid, col_xmlid, dataname, col_seq, colname, colcnname, datatype, length, precision_val, party_seq, isprimarykey, isnullable, remark, filed_type_child, sensitive_level, policyid) values ('TS_LOAD_QY_INCOME_RPT_MO_CZ_20161128','TS_LOAD_QY_INCOME_RPT_MO_CZ_20170918','TS_LOAD_QY_INCOME_RPT_MO_CZ','18','SCP_SZX_PRECHRG','SCP神州行预存','DECIMAL','16','2','','','Y','','D1-6','2','');
insert into column_val (xmlid, col_xmlid, dataname, col_seq, colname, colcnname, datatype, length, precision_val, party_seq, isprimarykey, isnullable, remark, filed_type_child, sensitive_level, policyid) values ('TS_LOAD_QY_INCOME_RPT_MO_CZ_20161128','TS_LOAD_QY_INCOME_RPT_MO_CZ_20170919','TS_LOAD_QY_INCOME_RPT_MO_CZ','19','AIR_CHRG_AMT','空中充值','DECIMAL','16','2','','','Y','','D1-6','2','');
insert into column_val (xmlid, col_xmlid, dataname, col_seq, colname, colcnname, datatype, length, precision_val, party_seq, isprimarykey, isnullable, remark, filed_type_child, sensitive_level, policyid) values ('TS_LOAD_QY_INCOME_RPT_MO_CZ_20161128','TS_LOAD_QY_INCOME_RPT_MO_CZ_20170920','TS_LOAD_QY_INCOME_RPT_MO_CZ','20','SIM_CRD_AMT','SIM卡','DECIMAL','16','2','','','Y','','D1-6','2','PID_14star');
insert into column_val (xmlid, col_xmlid, dataname, col_seq, colname, colcnname, datatype, length, precision_val, party_seq, isprimarykey, isnullable, remark, filed_type_child, sensitive_level, policyid) values ('TS_LOAD_QY_INCOME_RPT_MO_CZ_20161128','TS_LOAD_QY_INCOME_RPT_MO_CZ_20170921','TS_LOAD_QY_INCOME_RPT_MO_CZ','21','BAD_BILL_AMT','坏账回收','DECIMAL','16','2','','','Y','','D1-6','2','');
insert into column_val (xmlid, col_xmlid, dataname, col_seq, colname, colcnname, datatype, length, precision_val, party_seq, isprimarykey, isnullable, remark, filed_type_child, sensitive_level, policyid) values ('TS_LOAD_QY_INCOME_RPT_MO_CZ_20161128','TS_LOAD_QY_INCOME_RPT_MO_CZ_20170922','TS_LOAD_QY_INCOME_RPT_MO_CZ','22','CHNL_AMT','渠道酬金','DECIMAL','16','2','','','Y','','D1-6','2','');
insert into column_val (xmlid, col_xmlid, dataname, col_seq, colname, colcnname, datatype, length, precision_val, party_seq, isprimarykey, isnullable, remark, filed_type_child, sensitive_level, policyid) values ('TS_LOAD_QY_INCOME_RPT_MO_CZ_20161128','TS_LOAD_QY_INCOME_RPT_MO_CZ_20170923','TS_LOAD_QY_INCOME_RPT_MO_CZ','23','TAX_AMT','代扣税','DECIMAL','16','2','','','Y','','D1-6','2','');
insert into column_val (xmlid, col_xmlid, dataname, col_seq, colname, colcnname, datatype, length, precision_val, party_seq, isprimarykey, isnullable, remark, filed_type_child, sensitive_level, policyid) values ('TS_LOAD_QY_INCOME_RPT_MO_CZ_20161128','TS_LOAD_QY_INCOME_RPT_MO_CZ_20170924','TS_LOAD_QY_INCOME_RPT_MO_CZ','24','AREA_BUSI_AMT','跨区业务收费','DECIMAL','16','2','','','Y','','D1-6','2','');
insert into column_val (xmlid, col_xmlid, dataname, col_seq, colname, colcnname, datatype, length, precision_val, party_seq, isprimarykey, isnullable, remark, filed_type_child, sensitive_level, policyid) values ('TS_LOAD_QY_INCOME_RPT_MO_CZ_20161128','TS_LOAD_QY_INCOME_RPT_MO_CZ_20170925','TS_LOAD_QY_INCOME_RPT_MO_CZ','25','SZX_PKGCRD_AMT','SCP套卡销售金额','DECIMAL','16','2','','','Y','','D1-6','2','PID_all');
insert into column_val (xmlid, col_xmlid, dataname, col_seq, colname, colcnname, datatype, length, precision_val, party_seq, isprimarykey, isnullable, remark, filed_type_child, sensitive_level, policyid) values ('TS_LOAD_QY_INCOME_RPT_MO_CZ_20161128','TS_LOAD_QY_INCOME_RPT_MO_CZ_20170926','TS_LOAD_QY_INCOME_RPT_MO_CZ','26','DG_PKGCRD_AMT','OCS套卡销售金额','DECIMAL','16','2','','','Y','','D1-6','2','PID_all');
insert into column_val (xmlid, col_xmlid, dataname, col_seq, colname, colcnname, datatype, length, precision_val, party_seq, isprimarykey, isnullable, remark, filed_type_child, sensitive_level, policyid) values ('TS_LOAD_QY_INCOME_RPT_MO_CZ_20161128','TS_LOAD_QY_INCOME_RPT_MO_CZ_20170927','TS_LOAD_QY_INCOME_RPT_MO_CZ','27','DATA_SOURCE','数据来源','STRING','','','','','Y','','D1-6','2','');
insert into column_val (xmlid, col_xmlid, dataname, col_seq, colname, colcnname, datatype, length, precision_val, party_seq, isprimarykey, isnullable, remark, filed_type_child, sensitive_level, policyid) values ('TS_LOAD_QY_INCOME_RPT_MO_CZ_20161128','TS_LOAD_QY_INCOME_RPT_MO_CZ_20170928','TS_LOAD_QY_INCOME_RPT_MO_CZ','28','month','月份','INT','','','1','','N','','','','');

insert into tablefile (xmlid, dbname, dataname, datacnname, state, cycletype, topiccode, extend_cfg, rightlevel, creater, curdutyer, eff_date, state_date, team_code, open_state, remark) values ('TS_LOAD_QY_INCOME_RPT_MO_JY_20161128','BD_B','TS_LOAD_QY_INCOME_RPT_MO_JY','STAGE_营收款汇总月报接口表','NEW','month','LAYERI_IFINAC','{"EXTERNAL":"y","LOCATION":"/tenant/BIGDATA/JCFW/JRCL/BD_B/STAGE/TS_LOAD_QY_INCOME_RPT_MO/branch=JY","FILEFORMAT":"TEXTFILE","DELIMITER":"@#$"}','其他','谢英俊','谢英俊', TIMESTAMP '2016-08-24 12:00:00', TIMESTAMP '2016-08-24 12:00:00','f2999fd5-c34e-402e-9b28-fec9fca13044','','接口层-财务主题域');
insert into column_val (xmlid, col_xmlid, dataname, col_seq, colname, colcnname, datatype, length, precision_val, party_seq, isprimarykey, isnullable, remark, filed_type_child, sensitive_level, policyid) values ('TS_LOAD_QY_INCOME_RPT_MO_JY_20161128','TS_LOAD_QY_INCOME_RPT_MO_JY_2017091','TS_LOAD_QY_INCOME_RPT_MO_JY','1','TM_INTRVL_CD','日期','INT','','','','','N','','D1-6','2','');
insert into column_val (xmlid, col_xmlid, dataname, col_seq, colname, colcnname, datatype, length, precision_val, party_seq, isprimarykey, isnullable, remark, filed_type_child, sensitive_level, policyid) values ('TS_LOAD_QY_INCOME_RPT_MO_JY_20161128','TS_LOAD_QY_INCOME_RPT_MO_JY_2017092','TS_LOAD_QY_INCOME_RPT_MO_JY','2','CMCC_BRANCH_CD','市公司标识','STRING','','','','','N','','D1-6','2','');
insert into column_val (xmlid, col_xmlid, dataname, col_seq, colname, colcnname, datatype, length, precision_val, party_seq, isprimarykey, isnullable, remark, filed_type_child, sensitive_level, policyid) values ('TS_LOAD_QY_INCOME_RPT_MO_JY_20161128','TS_LOAD_QY_INCOME_RPT_MO_JY_2017093','TS_LOAD_QY_INCOME_RPT_MO_JY','3','CHRG_CRD_AMT','充值卡销售金额','DECIMAL','16','2','','','Y','','D1-6','2','PID_all');
insert into column_val (xmlid, col_xmlid, dataname, col_seq, colname, colcnname, datatype, length, precision_val, party_seq, isprimarykey, isnullable, remark, filed_type_child, sensitive_level, policyid) values ('TS_LOAD_QY_INCOME_RPT_MO_JY_20161128','TS_LOAD_QY_INCOME_RPT_MO_JY_2017094','TS_LOAD_QY_INCOME_RPT_MO_JY','4','PKG_CRD_AMT','BOSS套卡销售金额','DECIMAL','16','2','','','Y','','D1-6','2','PID_all');
insert into column_val (xmlid, col_xmlid, dataname, col_seq, colname, colcnname, datatype, length, precision_val, party_seq, isprimarykey, isnullable, remark, filed_type_child, sensitive_level, policyid) values ('TS_LOAD_QY_INCOME_RPT_MO_JY_20161128','TS_LOAD_QY_INCOME_RPT_MO_JY_2017095','TS_LOAD_QY_INCOME_RPT_MO_JY','5','GOTONE_PRECHRG_AMT','全球通+TD预存款','DECIMAL','16','2','','','Y','','D1-6','2','PID_all');
insert into column_val (xmlid, col_xmlid, dataname, col_seq, colname, colcnname, datatype, length, precision_val, party_seq, isprimarykey, isnullable, remark, filed_type_child, sensitive_level, policyid) values ('TS_LOAD_QY_INCOME_RPT_MO_JY_20161128','TS_LOAD_QY_INCOME_RPT_MO_JY_2017096','TS_LOAD_QY_INCOME_RPT_MO_JY','6','IUSR_PRECHRG_AMT','智能网前台现金充值','DECIMAL','16','2','','','Y','','D1-6','2','');
insert into column_val (xmlid, col_xmlid, dataname, col_seq, colname, colcnname, datatype, length, precision_val, party_seq, isprimarykey, isnullable, remark, filed_type_child, sensitive_level, policyid) values ('TS_LOAD_QY_INCOME_RPT_MO_JY_20161128','TS_LOAD_QY_INCOME_RPT_MO_JY_2017097','TS_LOAD_QY_INCOME_RPT_MO_JY','7','OTH_AMT','杂费','DECIMAL','16','2','','','Y','','D1-6','2','');
insert into column_val (xmlid, col_xmlid, dataname, col_seq, colname, colcnname, datatype, length, precision_val, party_seq, isprimarykey, isnullable, remark, filed_type_child, sensitive_level, policyid) values ('TS_LOAD_QY_INCOME_RPT_MO_JY_20161128','TS_LOAD_QY_INCOME_RPT_MO_JY_2017098','TS_LOAD_QY_INCOME_RPT_MO_JY','8','SELL_AMT','实物销售','DECIMAL','16','2','','','Y','','D1-6','2','');
insert into column_val (xmlid, col_xmlid, dataname, col_seq, colname, colcnname, datatype, length, precision_val, party_seq, isprimarykey, isnullable, remark, filed_type_child, sensitive_level, policyid) values ('TS_LOAD_QY_INCOME_RPT_MO_JY_20161128','TS_LOAD_QY_INCOME_RPT_MO_JY_2017099','TS_LOAD_QY_INCOME_RPT_MO_JY','9','NEW_AMT','新增其他','DECIMAL','16','2','','','Y','','D1-6','2','');
insert into column_val (xmlid, col_xmlid, dataname, col_seq, colname, colcnname, datatype, length, precision_val, party_seq, isprimarykey, isnullable, remark, filed_type_child, sensitive_level, policyid) values ('TS_LOAD_QY_INCOME_RPT_MO_JY_20161128','TS_LOAD_QY_INCOME_RPT_MO_JY_20170910','TS_LOAD_QY_INCOME_RPT_MO_JY','10','TOT_AMT','营业日报营收款总额','DECIMAL','16','2','','','Y','','D1-6','2','');
insert into column_val (xmlid, col_xmlid, dataname, col_seq, colname, colcnname, datatype, length, precision_val, party_seq, isprimarykey, isnullable, remark, filed_type_child, sensitive_level, policyid) values ('TS_LOAD_QY_INCOME_RPT_MO_JY_20161128','TS_LOAD_QY_INCOME_RPT_MO_JY_20170911','TS_LOAD_QY_INCOME_RPT_MO_JY','11','IUSR_CHRG_AMT','智能网前台预存款','DECIMAL','16','2','','','Y','','D1-6','2','PID_all');
insert into column_val (xmlid, col_xmlid, dataname, col_seq, colname, colcnname, datatype, length, precision_val, party_seq, isprimarykey, isnullable, remark, filed_type_child, sensitive_level, policyid) values ('TS_LOAD_QY_INCOME_RPT_MO_JY_20161128','TS_LOAD_QY_INCOME_RPT_MO_JY_20170912','TS_LOAD_QY_INCOME_RPT_MO_JY','12','IBOSS_CHRG_AMT','IBOSS前台预存','DECIMAL','16','2','','','Y','','D1-6','2','');
insert into column_val (xmlid, col_xmlid, dataname, col_seq, colname, colcnname, datatype, length, precision_val, party_seq, isprimarykey, isnullable, remark, filed_type_child, sensitive_level, policyid) values ('TS_LOAD_QY_INCOME_RPT_MO_JY_20161128','TS_LOAD_QY_INCOME_RPT_MO_JY_20170913','TS_LOAD_QY_INCOME_RPT_MO_JY','13','BOSS_DG_PRECHRG','BOSS动感地带预存','DECIMAL','16','2','','','Y','','D1-6','2','');
insert into column_val (xmlid, col_xmlid, dataname, col_seq, colname, colcnname, datatype, length, precision_val, party_seq, isprimarykey, isnullable, remark, filed_type_child, sensitive_level, policyid) values ('TS_LOAD_QY_INCOME_RPT_MO_JY_20161128','TS_LOAD_QY_INCOME_RPT_MO_JY_20170914','TS_LOAD_QY_INCOME_RPT_MO_JY','14','BOSS_SZX_PRECHRG','BOSS神州行预存','DECIMAL','16','2','','','Y','','D1-6','2','');
insert into column_val (xmlid, col_xmlid, dataname, col_seq, colname, colcnname, datatype, length, precision_val, party_seq, isprimarykey, isnullable, remark, filed_type_child, sensitive_level, policyid) values ('TS_LOAD_QY_INCOME_RPT_MO_JY_20161128','TS_LOAD_QY_INCOME_RPT_MO_JY_20170915','TS_LOAD_QY_INCOME_RPT_MO_JY','15','OCS_DG_PRECHRG','OCS动感地带预存','DECIMAL','16','2','','','Y','','D1-6','2','');
insert into column_val (xmlid, col_xmlid, dataname, col_seq, colname, colcnname, datatype, length, precision_val, party_seq, isprimarykey, isnullable, remark, filed_type_child, sensitive_level, policyid) values ('TS_LOAD_QY_INCOME_RPT_MO_JY_20161128','TS_LOAD_QY_INCOME_RPT_MO_JY_20170916','TS_LOAD_QY_INCOME_RPT_MO_JY','16','OCS_SZX_PRECHRG','OCS神州行预存','DECIMAL','16','2','','','Y','','D1-6','2','');
insert into column_val (xmlid, col_xmlid, dataname, col_seq, colname, colcnname, datatype, length, precision_val, party_seq, isprimarykey, isnullable, remark, filed_type_child, sensitive_level, policyid) values ('TS_LOAD_QY_INCOME_RPT_MO_JY_20161128','TS_LOAD_QY_INCOME_RPT_MO_JY_20170917','TS_LOAD_QY_INCOME_RPT_MO_JY','17','SCP_DG_PRECHRG','SCP动感地带预存','DECIMAL','16','2','','','Y','','D1-6','2','');
insert into column_val (xmlid, col_xmlid, dataname, col_seq, colname, colcnname, datatype, length, precision_val, party_seq, isprimarykey, isnullable, remark, filed_type_child, sensitive_level, policyid) values ('TS_LOAD_QY_INCOME_RPT_MO_JY_20161128','TS_LOAD_QY_INCOME_RPT_MO_JY_20170918','TS_LOAD_QY_INCOME_RPT_MO_JY','18','SCP_SZX_PRECHRG','SCP神州行预存','DECIMAL','16','2','','','Y','','D1-6','2','');
insert into column_val (xmlid, col_xmlid, dataname, col_seq, colname, colcnname, datatype, length, precision_val, party_seq, isprimarykey, isnullable, remark, filed_type_child, sensitive_level, policyid) values ('TS_LOAD_QY_INCOME_RPT_MO_JY_20161128','TS_LOAD_QY_INCOME_RPT_MO_JY_20170919','TS_LOAD_QY_INCOME_RPT_MO_JY','19','AIR_CHRG_AMT','空中充值','DECIMAL','16','2','','','Y','','D1-6','2','');
insert into column_val (xmlid, col_xmlid, dataname, col_seq, colname, colcnname, datatype, length, precision_val, party_seq, isprimarykey, isnullable, remark, filed_type_child, sensitive_level, policyid) values ('TS_LOAD_QY_INCOME_RPT_MO_JY_20161128','TS_LOAD_QY_INCOME_RPT_MO_JY_20170920','TS_LOAD_QY_INCOME_RPT_MO_JY','20','SIM_CRD_AMT','SIM卡','DECIMAL','16','2','','','Y','','D1-6','2','PID_14star');
insert into column_val (xmlid, col_xmlid, dataname, col_seq, colname, colcnname, datatype, length, precision_val, party_seq, isprimarykey, isnullable, remark, filed_type_child, sensitive_level, policyid) values ('TS_LOAD_QY_INCOME_RPT_MO_JY_20161128','TS_LOAD_QY_INCOME_RPT_MO_JY_20170921','TS_LOAD_QY_INCOME_RPT_MO_JY','21','BAD_BILL_AMT','坏账回收','DECIMAL','16','2','','','Y','','D1-6','2','');
insert into column_val (xmlid, col_xmlid, dataname, col_seq, colname, colcnname, datatype, length, precision_val, party_seq, isprimarykey, isnullable, remark, filed_type_child, sensitive_level, policyid) values ('TS_LOAD_QY_INCOME_RPT_MO_JY_20161128','TS_LOAD_QY_INCOME_RPT_MO_JY_20170922','TS_LOAD_QY_INCOME_RPT_MO_JY','22','CHNL_AMT','渠道酬金','DECIMAL','16','2','','','Y','','D1-6','2','');
insert into column_val (xmlid, col_xmlid, dataname, col_seq, colname, colcnname, datatype, length, precision_val, party_seq, isprimarykey, isnullable, remark, filed_type_child, sensitive_level, policyid) values ('TS_LOAD_QY_INCOME_RPT_MO_JY_20161128','TS_LOAD_QY_INCOME_RPT_MO_JY_20170923','TS_LOAD_QY_INCOME_RPT_MO_JY','23','TAX_AMT','代扣税','DECIMAL','16','2','','','Y','','D1-6','2','');
insert into column_val (xmlid, col_xmlid, dataname, col_seq, colname, colcnname, datatype, length, precision_val, party_seq, isprimarykey, isnullable, remark, filed_type_child, sensitive_level, policyid) values ('TS_LOAD_QY_INCOME_RPT_MO_JY_20161128','TS_LOAD_QY_INCOME_RPT_MO_JY_20170924','TS_LOAD_QY_INCOME_RPT_MO_JY','24','AREA_BUSI_AMT','跨区业务收费','DECIMAL','16','2','','','Y','','D1-6','2','');
insert into column_val (xmlid, col_xmlid, dataname, col_seq, colname, colcnname, datatype, length, precision_val, party_seq, isprimarykey, isnullable, remark, filed_type_child, sensitive_level, policyid) values ('TS_LOAD_QY_INCOME_RPT_MO_JY_20161128','TS_LOAD_QY_INCOME_RPT_MO_JY_20170925','TS_LOAD_QY_INCOME_RPT_MO_JY','25','SZX_PKGCRD_AMT','SCP套卡销售金额','DECIMAL','16','2','','','Y','','D1-6','2','PID_all');
insert into column_val (xmlid, col_xmlid, dataname, col_seq, colname, colcnname, datatype, length, precision_val, party_seq, isprimarykey, isnullable, remark, filed_type_child, sensitive_level, policyid) values ('TS_LOAD_QY_INCOME_RPT_MO_JY_20161128','TS_LOAD_QY_INCOME_RPT_MO_JY_20170926','TS_LOAD_QY_INCOME_RPT_MO_JY','26','DG_PKGCRD_AMT','OCS套卡销售金额','DECIMAL','16','2','','','Y','','D1-6','2','PID_all');
insert into column_val (xmlid, col_xmlid, dataname, col_seq, colname, colcnname, datatype, length, precision_val, party_seq, isprimarykey, isnullable, remark, filed_type_child, sensitive_level, policyid) values ('TS_LOAD_QY_INCOME_RPT_MO_JY_20161128','TS_LOAD_QY_INCOME_RPT_MO_JY_20170927','TS_LOAD_QY_INCOME_RPT_MO_JY','27','DATA_SOURCE','数据来源','STRING','','','','','Y','','D1-6','2','');
insert into column_val (xmlid, col_xmlid, dataname, col_seq, colname, colcnname, datatype, length, precision_val, party_seq, isprimarykey, isnullable, remark, filed_type_child, sensitive_level, policyid) values ('TS_LOAD_QY_INCOME_RPT_MO_JY_20161128','TS_LOAD_QY_INCOME_RPT_MO_JY_20170928','TS_LOAD_QY_INCOME_RPT_MO_JY','28','month','月份','INT','','','1','','N','','','','');

insert into tablefile (xmlid, dbname, dataname, datacnname, state, cycletype, topiccode, extend_cfg, rightlevel, creater, curdutyer, eff_date, state_date, team_code, open_state, remark) values ('TS_LOAD_QY_INCOME_RPT_MO_YF_20161128','BD_B','TS_LOAD_QY_INCOME_RPT_MO_YF','STAGE_营收款汇总月报接口表','NEW','month','LAYERI_IFINAC','{"EXTERNAL":"y","LOCATION":"/tenant/BIGDATA/JCFW/JRCL/BD_B/STAGE/TS_LOAD_QY_INCOME_RPT_MO/branch=YF","FILEFORMAT":"TEXTFILE","DELIMITER":"@#$"}','其他','谢英俊','谢英俊', TIMESTAMP '2016-08-24 12:00:00', TIMESTAMP '2016-08-24 12:00:00','f2999fd5-c34e-402e-9b28-fec9fca13044','','接口层-财务主题域');
insert into column_val (xmlid, col_xmlid, dataname, col_seq, colname, colcnname, datatype, length, precision_val, party_seq, isprimarykey, isnullable, remark, filed_type_child, sensitive_level, policyid) values ('TS_LOAD_QY_INCOME_RPT_MO_YF_20161128','TS_LOAD_QY_INCOME_RPT_MO_YF_2017091','TS_LOAD_QY_INCOME_RPT_MO_YF','1','TM_INTRVL_CD','日期','INT','','','','','N','','D1-6','2','');
insert into column_val (xmlid, col_xmlid, dataname, col_seq, colname, colcnname, datatype, length, precision_val, party_seq, isprimarykey, isnullable, remark, filed_type_child, sensitive_level, policyid) values ('TS_LOAD_QY_INCOME_RPT_MO_YF_20161128','TS_LOAD_QY_INCOME_RPT_MO_YF_2017092','TS_LOAD_QY_INCOME_RPT_MO_YF','2','CMCC_BRANCH_CD','市公司标识','STRING','','','','','N','','D1-6','2','');
insert into column_val (xmlid, col_xmlid, dataname, col_seq, colname, colcnname, datatype, length, precision_val, party_seq, isprimarykey, isnullable, remark, filed_type_child, sensitive_level, policyid) values ('TS_LOAD_QY_INCOME_RPT_MO_YF_20161128','TS_LOAD_QY_INCOME_RPT_MO_YF_2017093','TS_LOAD_QY_INCOME_RPT_MO_YF','3','CHRG_CRD_AMT','充值卡销售金额','DECIMAL','16','2','','','Y','','D1-6','2','PID_all');
insert into column_val (xmlid, col_xmlid, dataname, col_seq, colname, colcnname, datatype, length, precision_val, party_seq, isprimarykey, isnullable, remark, filed_type_child, sensitive_level, policyid) values ('TS_LOAD_QY_INCOME_RPT_MO_YF_20161128','TS_LOAD_QY_INCOME_RPT_MO_YF_2017094','TS_LOAD_QY_INCOME_RPT_MO_YF','4','PKG_CRD_AMT','BOSS套卡销售金额','DECIMAL','16','2','','','Y','','D1-6','2','PID_all');
insert into column_val (xmlid, col_xmlid, dataname, col_seq, colname, colcnname, datatype, length, precision_val, party_seq, isprimarykey, isnullable, remark, filed_type_child, sensitive_level, policyid) values ('TS_LOAD_QY_INCOME_RPT_MO_YF_20161128','TS_LOAD_QY_INCOME_RPT_MO_YF_2017095','TS_LOAD_QY_INCOME_RPT_MO_YF','5','GOTONE_PRECHRG_AMT','全球通+TD预存款','DECIMAL','16','2','','','Y','','D1-6','2','PID_all');
insert into column_val (xmlid, col_xmlid, dataname, col_seq, colname, colcnname, datatype, length, precision_val, party_seq, isprimarykey, isnullable, remark, filed_type_child, sensitive_level, policyid) values ('TS_LOAD_QY_INCOME_RPT_MO_YF_20161128','TS_LOAD_QY_INCOME_RPT_MO_YF_2017096','TS_LOAD_QY_INCOME_RPT_MO_YF','6','IUSR_PRECHRG_AMT','智能网前台现金充值','DECIMAL','16','2','','','Y','','D1-6','2','');
insert into column_val (xmlid, col_xmlid, dataname, col_seq, colname, colcnname, datatype, length, precision_val, party_seq, isprimarykey, isnullable, remark, filed_type_child, sensitive_level, policyid) values ('TS_LOAD_QY_INCOME_RPT_MO_YF_20161128','TS_LOAD_QY_INCOME_RPT_MO_YF_2017097','TS_LOAD_QY_INCOME_RPT_MO_YF','7','OTH_AMT','杂费','DECIMAL','16','2','','','Y','','D1-6','2','');
insert into column_val (xmlid, col_xmlid, dataname, col_seq, colname, colcnname, datatype, length, precision_val, party_seq, isprimarykey, isnullable, remark, filed_type_child, sensitive_level, policyid) values ('TS_LOAD_QY_INCOME_RPT_MO_YF_20161128','TS_LOAD_QY_INCOME_RPT_MO_YF_2017098','TS_LOAD_QY_INCOME_RPT_MO_YF','8','SELL_AMT','实物销售','DECIMAL','16','2','','','Y','','D1-6','2','');
insert into column_val (xmlid, col_xmlid, dataname, col_seq, colname, colcnname, datatype, length, precision_val, party_seq, isprimarykey, isnullable, remark, filed_type_child, sensitive_level, policyid) values ('TS_LOAD_QY_INCOME_RPT_MO_YF_20161128','TS_LOAD_QY_INCOME_RPT_MO_YF_2017099','TS_LOAD_QY_INCOME_RPT_MO_YF','9','NEW_AMT','新增其他','DECIMAL','16','2','','','Y','','D1-6','2','');
insert into column_val (xmlid, col_xmlid, dataname, col_seq, colname, colcnname, datatype, length, precision_val, party_seq, isprimarykey, isnullable, remark, filed_type_child, sensitive_level, policyid) values ('TS_LOAD_QY_INCOME_RPT_MO_YF_20161128','TS_LOAD_QY_INCOME_RPT_MO_YF_20170910','TS_LOAD_QY_INCOME_RPT_MO_YF','10','TOT_AMT','营业日报营收款总额','DECIMAL','16','2','','','Y','','D1-6','2','');
insert into column_val (xmlid, col_xmlid, dataname, col_seq, colname, colcnname, datatype, length, precision_val, party_seq, isprimarykey, isnullable, remark, filed_type_child, sensitive_level, policyid) values ('TS_LOAD_QY_INCOME_RPT_MO_YF_20161128','TS_LOAD_QY_INCOME_RPT_MO_YF_20170911','TS_LOAD_QY_INCOME_RPT_MO_YF','11','IUSR_CHRG_AMT','智能网前台预存款','DECIMAL','16','2','','','Y','','D1-6','2','PID_all');
insert into column_val (xmlid, col_xmlid, dataname, col_seq, colname, colcnname, datatype, length, precision_val, party_seq, isprimarykey, isnullable, remark, filed_type_child, sensitive_level, policyid) values ('TS_LOAD_QY_INCOME_RPT_MO_YF_20161128','TS_LOAD_QY_INCOME_RPT_MO_YF_20170912','TS_LOAD_QY_INCOME_RPT_MO_YF','12','IBOSS_CHRG_AMT','IBOSS前台预存','DECIMAL','16','2','','','Y','','D1-6','2','');
insert into column_val (xmlid, col_xmlid, dataname, col_seq, colname, colcnname, datatype, length, precision_val, party_seq, isprimarykey, isnullable, remark, filed_type_child, sensitive_level, policyid) values ('TS_LOAD_QY_INCOME_RPT_MO_YF_20161128','TS_LOAD_QY_INCOME_RPT_MO_YF_20170913','TS_LOAD_QY_INCOME_RPT_MO_YF','13','BOSS_DG_PRECHRG','BOSS动感地带预存','DECIMAL','16','2','','','Y','','D1-6','2','');
insert into column_val (xmlid, col_xmlid, dataname, col_seq, colname, colcnname, datatype, length, precision_val, party_seq, isprimarykey, isnullable, remark, filed_type_child, sensitive_level, policyid) values ('TS_LOAD_QY_INCOME_RPT_MO_YF_20161128','TS_LOAD_QY_INCOME_RPT_MO_YF_20170914','TS_LOAD_QY_INCOME_RPT_MO_YF','14','BOSS_SZX_PRECHRG','BOSS神州行预存','DECIMAL','16','2','','','Y','','D1-6','2','');
insert into column_val (xmlid, col_xmlid, dataname, col_seq, colname, colcnname, datatype, length, precision_val, party_seq, isprimarykey, isnullable, remark, filed_type_child, sensitive_level, policyid) values ('TS_LOAD_QY_INCOME_RPT_MO_YF_20161128','TS_LOAD_QY_INCOME_RPT_MO_YF_20170915','TS_LOAD_QY_INCOME_RPT_MO_YF','15','OCS_DG_PRECHRG','OCS动感地带预存','DECIMAL','16','2','','','Y','','D1-6','2','');
insert into column_val (xmlid, col_xmlid, dataname, col_seq, colname, colcnname, datatype, length, precision_val, party_seq, isprimarykey, isnullable, remark, filed_type_child, sensitive_level, policyid) values ('TS_LOAD_QY_INCOME_RPT_MO_YF_20161128','TS_LOAD_QY_INCOME_RPT_MO_YF_20170916','TS_LOAD_QY_INCOME_RPT_MO_YF','16','OCS_SZX_PRECHRG','OCS神州行预存','DECIMAL','16','2','','','Y','','D1-6','2','');
insert into column_val (xmlid, col_xmlid, dataname, col_seq, colname, colcnname, datatype, length, precision_val, party_seq, isprimarykey, isnullable, remark, filed_type_child, sensitive_level, policyid) values ('TS_LOAD_QY_INCOME_RPT_MO_YF_20161128','TS_LOAD_QY_INCOME_RPT_MO_YF_20170917','TS_LOAD_QY_INCOME_RPT_MO_YF','17','SCP_DG_PRECHRG','SCP动感地带预存','DECIMAL','16','2','','','Y','','D1-6','2','');
insert into column_val (xmlid, col_xmlid, dataname, col_seq, colname, colcnname, datatype, length, precision_val, party_seq, isprimarykey, isnullable, remark, filed_type_child, sensitive_level, policyid) values ('TS_LOAD_QY_INCOME_RPT_MO_YF_20161128','TS_LOAD_QY_INCOME_RPT_MO_YF_20170918','TS_LOAD_QY_INCOME_RPT_MO_YF','18','SCP_SZX_PRECHRG','SCP神州行预存','DECIMAL','16','2','','','Y','','D1-6','2','');
insert into column_val (xmlid, col_xmlid, dataname, col_seq, colname, colcnname, datatype, length, precision_val, party_seq, isprimarykey, isnullable, remark, filed_type_child, sensitive_level, policyid) values ('TS_LOAD_QY_INCOME_RPT_MO_YF_20161128','TS_LOAD_QY_INCOME_RPT_MO_YF_20170919','TS_LOAD_QY_INCOME_RPT_MO_YF','19','AIR_CHRG_AMT','空中充值','DECIMAL','16','2','','','Y','','D1-6','2','');
insert into column_val (xmlid, col_xmlid, dataname, col_seq, colname, colcnname, datatype, length, precision_val, party_seq, isprimarykey, isnullable, remark, filed_type_child, sensitive_level, policyid) values ('TS_LOAD_QY_INCOME_RPT_MO_YF_20161128','TS_LOAD_QY_INCOME_RPT_MO_YF_20170920','TS_LOAD_QY_INCOME_RPT_MO_YF','20','SIM_CRD_AMT','SIM卡','DECIMAL','16','2','','','Y','','D1-6','2','PID_14star');
insert into column_val (xmlid, col_xmlid, dataname, col_seq, colname, colcnname, datatype, length, precision_val, party_seq, isprimarykey, isnullable, remark, filed_type_child, sensitive_level, policyid) values ('TS_LOAD_QY_INCOME_RPT_MO_YF_20161128','TS_LOAD_QY_INCOME_RPT_MO_YF_20170921','TS_LOAD_QY_INCOME_RPT_MO_YF','21','BAD_BILL_AMT','坏账回收','DECIMAL','16','2','','','Y','','D1-6','2','');
insert into column_val (xmlid, col_xmlid, dataname, col_seq, colname, colcnname, datatype, length, precision_val, party_seq, isprimarykey, isnullable, remark, filed_type_child, sensitive_level, policyid) values ('TS_LOAD_QY_INCOME_RPT_MO_YF_20161128','TS_LOAD_QY_INCOME_RPT_MO_YF_20170922','TS_LOAD_QY_INCOME_RPT_MO_YF','22','CHNL_AMT','渠道酬金','DECIMAL','16','2','','','Y','','D1-6','2','');
insert into column_val (xmlid, col_xmlid, dataname, col_seq, colname, colcnname, datatype, length, precision_val, party_seq, isprimarykey, isnullable, remark, filed_type_child, sensitive_level, policyid) values ('TS_LOAD_QY_INCOME_RPT_MO_YF_20161128','TS_LOAD_QY_INCOME_RPT_MO_YF_20170923','TS_LOAD_QY_INCOME_RPT_MO_YF','23','TAX_AMT','代扣税','DECIMAL','16','2','','','Y','','D1-6','2','');
insert into column_val (xmlid, col_xmlid, dataname, col_seq, colname, colcnname, datatype, length, precision_val, party_seq, isprimarykey, isnullable, remark, filed_type_child, sensitive_level, policyid) values ('TS_LOAD_QY_INCOME_RPT_MO_YF_20161128','TS_LOAD_QY_INCOME_RPT_MO_YF_20170924','TS_LOAD_QY_INCOME_RPT_MO_YF','24','AREA_BUSI_AMT','跨区业务收费','DECIMAL','16','2','','','Y','','D1-6','2','');
insert into column_val (xmlid, col_xmlid, dataname, col_seq, colname, colcnname, datatype, length, precision_val, party_seq, isprimarykey, isnullable, remark, filed_type_child, sensitive_level, policyid) values ('TS_LOAD_QY_INCOME_RPT_MO_YF_20161128','TS_LOAD_QY_INCOME_RPT_MO_YF_20170925','TS_LOAD_QY_INCOME_RPT_MO_YF','25','SZX_PKGCRD_AMT','SCP套卡销售金额','DECIMAL','16','2','','','Y','','D1-6','2','PID_all');
insert into column_val (xmlid, col_xmlid, dataname, col_seq, colname, colcnname, datatype, length, precision_val, party_seq, isprimarykey, isnullable, remark, filed_type_child, sensitive_level, policyid) values ('TS_LOAD_QY_INCOME_RPT_MO_YF_20161128','TS_LOAD_QY_INCOME_RPT_MO_YF_20170926','TS_LOAD_QY_INCOME_RPT_MO_YF','26','DG_PKGCRD_AMT','OCS套卡销售金额','DECIMAL','16','2','','','Y','','D1-6','2','PID_all');
insert into column_val (xmlid, col_xmlid, dataname, col_seq, colname, colcnname, datatype, length, precision_val, party_seq, isprimarykey, isnullable, remark, filed_type_child, sensitive_level, policyid) values ('TS_LOAD_QY_INCOME_RPT_MO_YF_20161128','TS_LOAD_QY_INCOME_RPT_MO_YF_20170927','TS_LOAD_QY_INCOME_RPT_MO_YF','27','DATA_SOURCE','数据来源','STRING','','','','','Y','','D1-6','2','');
insert into column_val (xmlid, col_xmlid, dataname, col_seq, colname, colcnname, datatype, length, precision_val, party_seq, isprimarykey, isnullable, remark, filed_type_child, sensitive_level, policyid) values ('TS_LOAD_QY_INCOME_RPT_MO_YF_20161128','TS_LOAD_QY_INCOME_RPT_MO_YF_20170928','TS_LOAD_QY_INCOME_RPT_MO_YF','28','month','月份','INT','','','1','','N','','','','');

insert into tablefile (xmlid, dbname, dataname, datacnname, state, cycletype, topiccode, extend_cfg, rightlevel, creater, curdutyer, eff_date, state_date, team_code, open_state, remark) values ('TO_E_ESOP_LOG_VISITAIM_M_GZ','BD_B','TO_E_ESOP_LOG_VISITAIM_M_GZ','ODS_ESOP服务日志对应的拜访对象月全量数据','NEW','month','LAYERI_ISERV','{"EXTERNAL":"y","LOCATION":"/tenant/BIGDATA/JCFW/JRCL/BD_B/ODS/TO_E_ESOP_LOG_VISITAIM_M/branch=GZ","FILEFORMAT":"PARQUET","DELIMITER":"&&"}','其他','谢英俊','谢英俊', TIMESTAMP '0009-02-17 12:00:00', TIMESTAMP '0009-02-17 12:00:00','f2999fd5-c34e-402e-9b28-fec9fca13044','','基础层-服务主题域');
insert into column_val (xmlid, col_xmlid, dataname, col_seq, colname, colcnname, datatype, length, precision_val, party_seq, isprimarykey, isnullable, remark, filed_type_child, sensitive_level, policyid) values ('TO_E_ESOP_LOG_VISITAIM_M_GZ','TO_E_ESOP_LOG_VISITAIM_M_GZ_2017091','TO_E_ESOP_LOG_VISITAIM_M_GZ','1','OID','流水号','STRING','','','','1','N','','C1-2','3','');
insert into column_val (xmlid, col_xmlid, dataname, col_seq, colname, colcnname, datatype, length, precision_val, party_seq, isprimarykey, isnullable, remark, filed_type_child, sensitive_level, policyid) values ('TO_E_ESOP_LOG_VISITAIM_M_GZ','TO_E_ESOP_LOG_VISITAIM_M_GZ_2017092','TO_E_ESOP_LOG_VISITAIM_M_GZ','2','LOG_ID','日志编号','STRING','','','','1','N','主键
格式：REGION +OID
例如：757111220094104101292
由于地市字段存在空值，可根据这个字段截取前三位判断地市
','C1-2','3','');
insert into column_val (xmlid, col_xmlid, dataname, col_seq, colname, colcnname, datatype, length, precision_val, party_seq, isprimarykey, isnullable, remark, filed_type_child, sensitive_level, policyid) values ('TO_E_ESOP_LOG_VISITAIM_M_GZ','TO_E_ESOP_LOG_VISITAIM_M_GZ_2017093','TO_E_ESOP_LOG_VISITAIM_M_GZ','3','CMCC_BRANCH_CD','地市编码','STRING','','','','','Y','该字段存在空值
地市region，
999-省公司
200-广州
660-汕尾
662-阳江
663-揭阳
668-茂名
750-江门
751-韶关
752-惠州
753-梅州
754-汕头
755-深圳
756-珠海
757-佛山
758-肇庆
759-湛江
760-中山
762-河源
763-清远
766-云浮
768-潮州
769-东莞
','C1-2','3','');
insert into column_val (xmlid, col_xmlid, dataname, col_seq, colname, colcnname, datatype, length, precision_val, party_seq, isprimarykey, isnullable, remark, filed_type_child, sensitive_level, policyid) values ('TO_E_ESOP_LOG_VISITAIM_M_GZ','TO_E_ESOP_LOG_VISITAIM_M_GZ_2017094','TO_E_ESOP_LOG_VISITAIM_M_GZ','4','CTY_CD','地市','STRING','','','','','Y','','C1-2','3','');
insert into column_val (xmlid, col_xmlid, dataname, col_seq, colname, colcnname, datatype, length, precision_val, party_seq, isprimarykey, isnullable, remark, filed_type_child, sensitive_level, policyid) values ('TO_E_ESOP_LOG_VISITAIM_M_GZ','TO_E_ESOP_LOG_VISITAIM_M_GZ_2017095','TO_E_ESOP_LOG_VISITAIM_M_GZ','5','VISIT_PERSON','拜访人员','STRING','','','','','Y','','C1-2','3','');
insert into column_val (xmlid, col_xmlid, dataname, col_seq, colname, colcnname, datatype, length, precision_val, party_seq, isprimarykey, isnullable, remark, filed_type_child, sensitive_level, policyid) values ('TO_E_ESOP_LOG_VISITAIM_M_GZ','TO_E_ESOP_LOG_VISITAIM_M_GZ_2017096','TO_E_ESOP_LOG_VISITAIM_M_GZ','6','DUTY','职务','STRING','','','','','Y','','C1-2','3','PID_all');
insert into column_val (xmlid, col_xmlid, dataname, col_seq, colname, colcnname, datatype, length, precision_val, party_seq, isprimarykey, isnullable, remark, filed_type_child, sensitive_level, policyid) values ('TO_E_ESOP_LOG_VISITAIM_M_GZ','TO_E_ESOP_LOG_VISITAIM_M_GZ_2017097','TO_E_ESOP_LOG_VISITAIM_M_GZ','7','USR_NBR','联系电话','STRING','','','','','Y','','C1-2','3','PID_all');
insert into column_val (xmlid, col_xmlid, dataname, col_seq, colname, colcnname, datatype, length, precision_val, party_seq, isprimarykey, isnullable, remark, filed_type_child, sensitive_level, policyid) values ('TO_E_ESOP_LOG_VISITAIM_M_GZ','TO_E_ESOP_LOG_VISITAIM_M_GZ_2017098','TO_E_ESOP_LOG_VISITAIM_M_GZ','8','month','月份','INT','','','1','','N','','','','');

insert into tablefile (xmlid, dbname, dataname, datacnname, state, cycletype, topiccode, extend_cfg, rightlevel, creater, curdutyer, eff_date, state_date, team_code, open_state, remark) values ('TO_E_ESOP_LOG_VISITAIM_M_SZ','BD_B','TO_E_ESOP_LOG_VISITAIM_M_SZ','ODS_ESOP服务日志对应的拜访对象月全量数据','NEW','month','LAYERI_ISERV','{"EXTERNAL":"y","LOCATION":"/tenant/BIGDATA/JCFW/JRCL/BD_B/ODS/TO_E_ESOP_LOG_VISITAIM_M/branch=SZ","FILEFORMAT":"PARQUET","DELIMITER":"&&"}','其他','谢英俊','谢英俊', TIMESTAMP '0009-02-17 12:00:00', TIMESTAMP '0009-02-17 12:00:00','f2999fd5-c34e-402e-9b28-fec9fca13044','','基础层-服务主题域');
insert into column_val (xmlid, col_xmlid, dataname, col_seq, colname, colcnname, datatype, length, precision_val, party_seq, isprimarykey, isnullable, remark, filed_type_child, sensitive_level, policyid) values ('TO_E_ESOP_LOG_VISITAIM_M_SZ','TO_E_ESOP_LOG_VISITAIM_M_SZ_2017091','TO_E_ESOP_LOG_VISITAIM_M_SZ','1','OID','流水号','STRING','','','','1','N','','C1-2','3','');
insert into column_val (xmlid, col_xmlid, dataname, col_seq, colname, colcnname, datatype, length, precision_val, party_seq, isprimarykey, isnullable, remark, filed_type_child, sensitive_level, policyid) values ('TO_E_ESOP_LOG_VISITAIM_M_SZ','TO_E_ESOP_LOG_VISITAIM_M_SZ_2017092','TO_E_ESOP_LOG_VISITAIM_M_SZ','2','LOG_ID','日志编号','STRING','','','','1','N','主键
格式：REGION +OID
例如：757111220094104101292
由于地市字段存在空值，可根据这个字段截取前三位判断地市
','C1-2','3','');
insert into column_val (xmlid, col_xmlid, dataname, col_seq, colname, colcnname, datatype, length, precision_val, party_seq, isprimarykey, isnullable, remark, filed_type_child, sensitive_level, policyid) values ('TO_E_ESOP_LOG_VISITAIM_M_SZ','TO_E_ESOP_LOG_VISITAIM_M_SZ_2017093','TO_E_ESOP_LOG_VISITAIM_M_SZ','3','CMCC_BRANCH_CD','地市编码','STRING','','','','','Y','该字段存在空值
地市region，
999-省公司
200-广州
660-汕尾
662-阳江
663-揭阳
668-茂名
750-江门
751-韶关
752-惠州
753-梅州
754-汕头
755-深圳
756-珠海
757-佛山
758-肇庆
759-湛江
760-中山
762-河源
763-清远
766-云浮
768-潮州
769-东莞
','C1-2','3','');
insert into column_val (xmlid, col_xmlid, dataname, col_seq, colname, colcnname, datatype, length, precision_val, party_seq, isprimarykey, isnullable, remark, filed_type_child, sensitive_level, policyid) values ('TO_E_ESOP_LOG_VISITAIM_M_SZ','TO_E_ESOP_LOG_VISITAIM_M_SZ_2017094','TO_E_ESOP_LOG_VISITAIM_M_SZ','4','CTY_CD','地市','STRING','','','','','Y','','C1-2','3','');
insert into column_val (xmlid, col_xmlid, dataname, col_seq, colname, colcnname, datatype, length, precision_val, party_seq, isprimarykey, isnullable, remark, filed_type_child, sensitive_level, policyid) values ('TO_E_ESOP_LOG_VISITAIM_M_SZ','TO_E_ESOP_LOG_VISITAIM_M_SZ_2017095','TO_E_ESOP_LOG_VISITAIM_M_SZ','5','VISIT_PERSON','拜访人员','STRING','','','','','Y','','C1-2','3','');
insert into column_val (xmlid, col_xmlid, dataname, col_seq, colname, colcnname, datatype, length, precision_val, party_seq, isprimarykey, isnullable, remark, filed_type_child, sensitive_level, policyid) values ('TO_E_ESOP_LOG_VISITAIM_M_SZ','TO_E_ESOP_LOG_VISITAIM_M_SZ_2017096','TO_E_ESOP_LOG_VISITAIM_M_SZ','6','DUTY','职务','STRING','','','','','Y','','C1-2','3','PID_all');
insert into column_val (xmlid, col_xmlid, dataname, col_seq, colname, colcnname, datatype, length, precision_val, party_seq, isprimarykey, isnullable, remark, filed_type_child, sensitive_level, policyid) values ('TO_E_ESOP_LOG_VISITAIM_M_SZ','TO_E_ESOP_LOG_VISITAIM_M_SZ_2017097','TO_E_ESOP_LOG_VISITAIM_M_SZ','7','USR_NBR','联系电话','STRING','','','','','Y','','C1-2','3','PID_all');
insert into column_val (xmlid, col_xmlid, dataname, col_seq, colname, colcnname, datatype, length, precision_val, party_seq, isprimarykey, isnullable, remark, filed_type_child, sensitive_level, policyid) values ('TO_E_ESOP_LOG_VISITAIM_M_SZ','TO_E_ESOP_LOG_VISITAIM_M_SZ_2017098','TO_E_ESOP_LOG_VISITAIM_M_SZ','8','month','月份','INT','','','1','','N','','','','');

insert into tablefile (xmlid, dbname, dataname, datacnname, state, cycletype, topiccode, extend_cfg, rightlevel, creater, curdutyer, eff_date, state_date, team_code, open_state, remark) values ('TO_E_ESOP_LOG_VISITAIM_M_DG','BD_B','TO_E_ESOP_LOG_VISITAIM_M_DG','ODS_ESOP服务日志对应的拜访对象月全量数据','NEW','month','LAYERI_ISERV','{"EXTERNAL":"y","LOCATION":"/tenant/BIGDATA/JCFW/JRCL/BD_B/ODS/TO_E_ESOP_LOG_VISITAIM_M/branch=DG","FILEFORMAT":"PARQUET","DELIMITER":"&&"}','其他','谢英俊','谢英俊', TIMESTAMP '0009-02-17 12:00:00', TIMESTAMP '0009-02-17 12:00:00','f2999fd5-c34e-402e-9b28-fec9fca13044','','基础层-服务主题域');
insert into column_val (xmlid, col_xmlid, dataname, col_seq, colname, colcnname, datatype, length, precision_val, party_seq, isprimarykey, isnullable, remark, filed_type_child, sensitive_level, policyid) values ('TO_E_ESOP_LOG_VISITAIM_M_DG','TO_E_ESOP_LOG_VISITAIM_M_DG_2017091','TO_E_ESOP_LOG_VISITAIM_M_DG','1','OID','流水号','STRING','','','','1','N','','C1-2','3','');
insert into column_val (xmlid, col_xmlid, dataname, col_seq, colname, colcnname, datatype, length, precision_val, party_seq, isprimarykey, isnullable, remark, filed_type_child, sensitive_level, policyid) values ('TO_E_ESOP_LOG_VISITAIM_M_DG','TO_E_ESOP_LOG_VISITAIM_M_DG_2017092','TO_E_ESOP_LOG_VISITAIM_M_DG','2','LOG_ID','日志编号','STRING','','','','1','N','主键
格式：REGION +OID
例如：757111220094104101292
由于地市字段存在空值，可根据这个字段截取前三位判断地市
','C1-2','3','');
insert into column_val (xmlid, col_xmlid, dataname, col_seq, colname, colcnname, datatype, length, precision_val, party_seq, isprimarykey, isnullable, remark, filed_type_child, sensitive_level, policyid) values ('TO_E_ESOP_LOG_VISITAIM_M_DG','TO_E_ESOP_LOG_VISITAIM_M_DG_2017093','TO_E_ESOP_LOG_VISITAIM_M_DG','3','CMCC_BRANCH_CD','地市编码','STRING','','','','','Y','该字段存在空值
地市region，
999-省公司
200-广州
660-汕尾
662-阳江
663-揭阳
668-茂名
750-江门
751-韶关
752-惠州
753-梅州
754-汕头
755-深圳
756-珠海
757-佛山
758-肇庆
759-湛江
760-中山
762-河源
763-清远
766-云浮
768-潮州
769-东莞
','C1-2','3','');
insert into column_val (xmlid, col_xmlid, dataname, col_seq, colname, colcnname, datatype, length, precision_val, party_seq, isprimarykey, isnullable, remark, filed_type_child, sensitive_level, policyid) values ('TO_E_ESOP_LOG_VISITAIM_M_DG','TO_E_ESOP_LOG_VISITAIM_M_DG_2017094','TO_E_ESOP_LOG_VISITAIM_M_DG','4','CTY_CD','地市','STRING','','','','','Y','','C1-2','3','');
insert into column_val (xmlid, col_xmlid, dataname, col_seq, colname, colcnname, datatype, length, precision_val, party_seq, isprimarykey, isnullable, remark, filed_type_child, sensitive_level, policyid) values ('TO_E_ESOP_LOG_VISITAIM_M_DG','TO_E_ESOP_LOG_VISITAIM_M_DG_2017095','TO_E_ESOP_LOG_VISITAIM_M_DG','5','VISIT_PERSON','拜访人员','STRING','','','','','Y','','C1-2','3','');
insert into column_val (xmlid, col_xmlid, dataname, col_seq, colname, colcnname, datatype, length, precision_val, party_seq, isprimarykey, isnullable, remark, filed_type_child, sensitive_level, policyid) values ('TO_E_ESOP_LOG_VISITAIM_M_DG','TO_E_ESOP_LOG_VISITAIM_M_DG_2017096','TO_E_ESOP_LOG_VISITAIM_M_DG','6','DUTY','职务','STRING','','','','','Y','','C1-2','3','PID_all');
insert into column_val (xmlid, col_xmlid, dataname, col_seq, colname, colcnname, datatype, length, precision_val, party_seq, isprimarykey, isnullable, remark, filed_type_child, sensitive_level, policyid) values ('TO_E_ESOP_LOG_VISITAIM_M_DG','TO_E_ESOP_LOG_VISITAIM_M_DG_2017097','TO_E_ESOP_LOG_VISITAIM_M_DG','7','USR_NBR','联系电话','STRING','','','','','Y','','C1-2','3','PID_all');
insert into column_val (xmlid, col_xmlid, dataname, col_seq, colname, colcnname, datatype, length, precision_val, party_seq, isprimarykey, isnullable, remark, filed_type_child, sensitive_level, policyid) values ('TO_E_ESOP_LOG_VISITAIM_M_DG','TO_E_ESOP_LOG_VISITAIM_M_DG_2017098','TO_E_ESOP_LOG_VISITAIM_M_DG','8','month','月份','INT','','','1','','N','','','','');

insert into tablefile (xmlid, dbname, dataname, datacnname, state, cycletype, topiccode, extend_cfg, rightlevel, creater, curdutyer, eff_date, state_date, team_code, open_state, remark) values ('TO_E_ESOP_LOG_VISITAIM_M_FS','BD_B','TO_E_ESOP_LOG_VISITAIM_M_FS','ODS_ESOP服务日志对应的拜访对象月全量数据','NEW','month','LAYERI_ISERV','{"EXTERNAL":"y","LOCATION":"/tenant/BIGDATA/JCFW/JRCL/BD_B/ODS/TO_E_ESOP_LOG_VISITAIM_M/branch=FS","FILEFORMAT":"PARQUET","DELIMITER":"&&"}','其他','谢英俊','谢英俊', TIMESTAMP '0009-02-17 12:00:00', TIMESTAMP '0009-02-17 12:00:00','f2999fd5-c34e-402e-9b28-fec9fca13044','','基础层-服务主题域');
insert into column_val (xmlid, col_xmlid, dataname, col_seq, colname, colcnname, datatype, length, precision_val, party_seq, isprimarykey, isnullable, remark, filed_type_child, sensitive_level, policyid) values ('TO_E_ESOP_LOG_VISITAIM_M_FS','TO_E_ESOP_LOG_VISITAIM_M_FS_2017091','TO_E_ESOP_LOG_VISITAIM_M_FS','1','OID','流水号','STRING','','','','1','N','','C1-2','3','');
insert into column_val (xmlid, col_xmlid, dataname, col_seq, colname, colcnname, datatype, length, precision_val, party_seq, isprimarykey, isnullable, remark, filed_type_child, sensitive_level, policyid) values ('TO_E_ESOP_LOG_VISITAIM_M_FS','TO_E_ESOP_LOG_VISITAIM_M_FS_2017092','TO_E_ESOP_LOG_VISITAIM_M_FS','2','LOG_ID','日志编号','STRING','','','','1','N','主键
格式：REGION +OID
例如：757111220094104101292
由于地市字段存在空值，可根据这个字段截取前三位判断地市
','C1-2','3','');
insert into column_val (xmlid, col_xmlid, dataname, col_seq, colname, colcnname, datatype, length, precision_val, party_seq, isprimarykey, isnullable, remark, filed_type_child, sensitive_level, policyid) values ('TO_E_ESOP_LOG_VISITAIM_M_FS','TO_E_ESOP_LOG_VISITAIM_M_FS_2017093','TO_E_ESOP_LOG_VISITAIM_M_FS','3','CMCC_BRANCH_CD','地市编码','STRING','','','','','Y','该字段存在空值
地市region，
999-省公司
200-广州
660-汕尾
662-阳江
663-揭阳
668-茂名
750-江门
751-韶关
752-惠州
753-梅州
754-汕头
755-深圳
756-珠海
757-佛山
758-肇庆
759-湛江
760-中山
762-河源
763-清远
766-云浮
768-潮州
769-东莞
','C1-2','3','');
insert into column_val (xmlid, col_xmlid, dataname, col_seq, colname, colcnname, datatype, length, precision_val, party_seq, isprimarykey, isnullable, remark, filed_type_child, sensitive_level, policyid) values ('TO_E_ESOP_LOG_VISITAIM_M_FS','TO_E_ESOP_LOG_VISITAIM_M_FS_2017094','TO_E_ESOP_LOG_VISITAIM_M_FS','4','CTY_CD','地市','STRING','','','','','Y','','C1-2','3','');
insert into column_val (xmlid, col_xmlid, dataname, col_seq, colname, colcnname, datatype, length, precision_val, party_seq, isprimarykey, isnullable, remark, filed_type_child, sensitive_level, policyid) values ('TO_E_ESOP_LOG_VISITAIM_M_FS','TO_E_ESOP_LOG_VISITAIM_M_FS_2017095','TO_E_ESOP_LOG_VISITAIM_M_FS','5','VISIT_PERSON','拜访人员','STRING','','','','','Y','','C1-2','3','');
insert into column_val (xmlid, col_xmlid, dataname, col_seq, colname, colcnname, datatype, length, precision_val, party_seq, isprimarykey, isnullable, remark, filed_type_child, sensitive_level, policyid) values ('TO_E_ESOP_LOG_VISITAIM_M_FS','TO_E_ESOP_LOG_VISITAIM_M_FS_2017096','TO_E_ESOP_LOG_VISITAIM_M_FS','6','DUTY','职务','STRING','','','','','Y','','C1-2','3','PID_all');
insert into column_val (xmlid, col_xmlid, dataname, col_seq, colname, colcnname, datatype, length, precision_val, party_seq, isprimarykey, isnullable, remark, filed_type_child, sensitive_level, policyid) values ('TO_E_ESOP_LOG_VISITAIM_M_FS','TO_E_ESOP_LOG_VISITAIM_M_FS_2017097','TO_E_ESOP_LOG_VISITAIM_M_FS','7','USR_NBR','联系电话','STRING','','','','','Y','','C1-2','3','PID_all');
insert into column_val (xmlid, col_xmlid, dataname, col_seq, colname, colcnname, datatype, length, precision_val, party_seq, isprimarykey, isnullable, remark, filed_type_child, sensitive_level, policyid) values ('TO_E_ESOP_LOG_VISITAIM_M_FS','TO_E_ESOP_LOG_VISITAIM_M_FS_2017098','TO_E_ESOP_LOG_VISITAIM_M_FS','8','month','月份','INT','','','1','','N','','','','');

insert into tablefile (xmlid, dbname, dataname, datacnname, state, cycletype, topiccode, extend_cfg, rightlevel, creater, curdutyer, eff_date, state_date, team_code, open_state, remark) values ('TO_E_ESOP_LOG_VISITAIM_M_ST','BD_B','TO_E_ESOP_LOG_VISITAIM_M_ST','ODS_ESOP服务日志对应的拜访对象月全量数据','NEW','month','LAYERI_ISERV','{"EXTERNAL":"y","LOCATION":"/tenant/BIGDATA/JCFW/JRCL/BD_B/ODS/TO_E_ESOP_LOG_VISITAIM_M/branch=ST","FILEFORMAT":"PARQUET","DELIMITER":"&&"}','其他','谢英俊','谢英俊', TIMESTAMP '0009-02-17 12:00:00', TIMESTAMP '0009-02-17 12:00:00','f2999fd5-c34e-402e-9b28-fec9fca13044','','基础层-服务主题域');
insert into column_val (xmlid, col_xmlid, dataname, col_seq, colname, colcnname, datatype, length, precision_val, party_seq, isprimarykey, isnullable, remark, filed_type_child, sensitive_level, policyid) values ('TO_E_ESOP_LOG_VISITAIM_M_ST','TO_E_ESOP_LOG_VISITAIM_M_ST_2017091','TO_E_ESOP_LOG_VISITAIM_M_ST','1','OID','流水号','STRING','','','','1','N','','C1-2','3','');
insert into column_val (xmlid, col_xmlid, dataname, col_seq, colname, colcnname, datatype, length, precision_val, party_seq, isprimarykey, isnullable, remark, filed_type_child, sensitive_level, policyid) values ('TO_E_ESOP_LOG_VISITAIM_M_ST','TO_E_ESOP_LOG_VISITAIM_M_ST_2017092','TO_E_ESOP_LOG_VISITAIM_M_ST','2','LOG_ID','日志编号','STRING','','','','1','N','主键
格式：REGION +OID
例如：757111220094104101292
由于地市字段存在空值，可根据这个字段截取前三位判断地市
','C1-2','3','');
insert into column_val (xmlid, col_xmlid, dataname, col_seq, colname, colcnname, datatype, length, precision_val, party_seq, isprimarykey, isnullable, remark, filed_type_child, sensitive_level, policyid) values ('TO_E_ESOP_LOG_VISITAIM_M_ST','TO_E_ESOP_LOG_VISITAIM_M_ST_2017093','TO_E_ESOP_LOG_VISITAIM_M_ST','3','CMCC_BRANCH_CD','地市编码','STRING','','','','','Y','该字段存在空值
地市region，
999-省公司
200-广州
660-汕尾
662-阳江
663-揭阳
668-茂名
750-江门
751-韶关
752-惠州
753-梅州
754-汕头
755-深圳
756-珠海
757-佛山
758-肇庆
759-湛江
760-中山
762-河源
763-清远
766-云浮
768-潮州
769-东莞
','C1-2','3','');
insert into column_val (xmlid, col_xmlid, dataname, col_seq, colname, colcnname, datatype, length, precision_val, party_seq, isprimarykey, isnullable, remark, filed_type_child, sensitive_level, policyid) values ('TO_E_ESOP_LOG_VISITAIM_M_ST','TO_E_ESOP_LOG_VISITAIM_M_ST_2017094','TO_E_ESOP_LOG_VISITAIM_M_ST','4','CTY_CD','地市','STRING','','','','','Y','','C1-2','3','');
insert into column_val (xmlid, col_xmlid, dataname, col_seq, colname, colcnname, datatype, length, precision_val, party_seq, isprimarykey, isnullable, remark, filed_type_child, sensitive_level, policyid) values ('TO_E_ESOP_LOG_VISITAIM_M_ST','TO_E_ESOP_LOG_VISITAIM_M_ST_2017095','TO_E_ESOP_LOG_VISITAIM_M_ST','5','VISIT_PERSON','拜访人员','STRING','','','','','Y','','C1-2','3','');
insert into column_val (xmlid, col_xmlid, dataname, col_seq, colname, colcnname, datatype, length, precision_val, party_seq, isprimarykey, isnullable, remark, filed_type_child, sensitive_level, policyid) values ('TO_E_ESOP_LOG_VISITAIM_M_ST','TO_E_ESOP_LOG_VISITAIM_M_ST_2017096','TO_E_ESOP_LOG_VISITAIM_M_ST','6','DUTY','职务','STRING','','','','','Y','','C1-2','3','PID_all');
insert into column_val (xmlid, col_xmlid, dataname, col_seq, colname, colcnname, datatype, length, precision_val, party_seq, isprimarykey, isnullable, remark, filed_type_child, sensitive_level, policyid) values ('TO_E_ESOP_LOG_VISITAIM_M_ST','TO_E_ESOP_LOG_VISITAIM_M_ST_2017097','TO_E_ESOP_LOG_VISITAIM_M_ST','7','USR_NBR','联系电话','STRING','','','','','Y','','C1-2','3','PID_all');
insert into column_val (xmlid, col_xmlid, dataname, col_seq, colname, colcnname, datatype, length, precision_val, party_seq, isprimarykey, isnullable, remark, filed_type_child, sensitive_level, policyid) values ('TO_E_ESOP_LOG_VISITAIM_M_ST','TO_E_ESOP_LOG_VISITAIM_M_ST_2017098','TO_E_ESOP_LOG_VISITAIM_M_ST','8','month','月份','INT','','','1','','N','','','','');

insert into tablefile (xmlid, dbname, dataname, datacnname, state, cycletype, topiccode, extend_cfg, rightlevel, creater, curdutyer, eff_date, state_date, team_code, open_state, remark) values ('TO_E_ESOP_LOG_VISITAIM_M_ZH','BD_B','TO_E_ESOP_LOG_VISITAIM_M_ZH','ODS_ESOP服务日志对应的拜访对象月全量数据','NEW','month','LAYERI_ISERV','{"EXTERNAL":"y","LOCATION":"/tenant/BIGDATA/JCFW/JRCL/BD_B/ODS/TO_E_ESOP_LOG_VISITAIM_M/branch=ZH","FILEFORMAT":"PARQUET","DELIMITER":"&&"}','其他','谢英俊','谢英俊', TIMESTAMP '0009-02-17 12:00:00', TIMESTAMP '0009-02-17 12:00:00','f2999fd5-c34e-402e-9b28-fec9fca13044','','基础层-服务主题域');
insert into column_val (xmlid, col_xmlid, dataname, col_seq, colname, colcnname, datatype, length, precision_val, party_seq, isprimarykey, isnullable, remark, filed_type_child, sensitive_level, policyid) values ('TO_E_ESOP_LOG_VISITAIM_M_ZH','TO_E_ESOP_LOG_VISITAIM_M_ZH_2017091','TO_E_ESOP_LOG_VISITAIM_M_ZH','1','OID','流水号','STRING','','','','1','N','','C1-2','3','');
insert into column_val (xmlid, col_xmlid, dataname, col_seq, colname, colcnname, datatype, length, precision_val, party_seq, isprimarykey, isnullable, remark, filed_type_child, sensitive_level, policyid) values ('TO_E_ESOP_LOG_VISITAIM_M_ZH','TO_E_ESOP_LOG_VISITAIM_M_ZH_2017092','TO_E_ESOP_LOG_VISITAIM_M_ZH','2','LOG_ID','日志编号','STRING','','','','1','N','主键
格式：REGION +OID
例如：757111220094104101292
由于地市字段存在空值，可根据这个字段截取前三位判断地市
','C1-2','3','');
insert into column_val (xmlid, col_xmlid, dataname, col_seq, colname, colcnname, datatype, length, precision_val, party_seq, isprimarykey, isnullable, remark, filed_type_child, sensitive_level, policyid) values ('TO_E_ESOP_LOG_VISITAIM_M_ZH','TO_E_ESOP_LOG_VISITAIM_M_ZH_2017093','TO_E_ESOP_LOG_VISITAIM_M_ZH','3','CMCC_BRANCH_CD','地市编码','STRING','','','','','Y','该字段存在空值
地市region，
999-省公司
200-广州
660-汕尾
662-阳江
663-揭阳
668-茂名
750-江门
751-韶关
752-惠州
753-梅州
754-汕头
755-深圳
756-珠海
757-佛山
758-肇庆
759-湛江
760-中山
762-河源
763-清远
766-云浮
768-潮州
769-东莞
','C1-2','3','');
insert into column_val (xmlid, col_xmlid, dataname, col_seq, colname, colcnname, datatype, length, precision_val, party_seq, isprimarykey, isnullable, remark, filed_type_child, sensitive_level, policyid) values ('TO_E_ESOP_LOG_VISITAIM_M_ZH','TO_E_ESOP_LOG_VISITAIM_M_ZH_2017094','TO_E_ESOP_LOG_VISITAIM_M_ZH','4','CTY_CD','地市','STRING','','','','','Y','','C1-2','3','');
insert into column_val (xmlid, col_xmlid, dataname, col_seq, colname, colcnname, datatype, length, precision_val, party_seq, isprimarykey, isnullable, remark, filed_type_child, sensitive_level, policyid) values ('TO_E_ESOP_LOG_VISITAIM_M_ZH','TO_E_ESOP_LOG_VISITAIM_M_ZH_2017095','TO_E_ESOP_LOG_VISITAIM_M_ZH','5','VISIT_PERSON','拜访人员','STRING','','','','','Y','','C1-2','3','');
insert into column_val (xmlid, col_xmlid, dataname, col_seq, colname, colcnname, datatype, length, precision_val, party_seq, isprimarykey, isnullable, remark, filed_type_child, sensitive_level, policyid) values ('TO_E_ESOP_LOG_VISITAIM_M_ZH','TO_E_ESOP_LOG_VISITAIM_M_ZH_2017096','TO_E_ESOP_LOG_VISITAIM_M_ZH','6','DUTY','职务','STRING','','','','','Y','','C1-2','3','PID_all');
insert into column_val (xmlid, col_xmlid, dataname, col_seq, colname, colcnname, datatype, length, precision_val, party_seq, isprimarykey, isnullable, remark, filed_type_child, sensitive_level, policyid) values ('TO_E_ESOP_LOG_VISITAIM_M_ZH','TO_E_ESOP_LOG_VISITAIM_M_ZH_2017097','TO_E_ESOP_LOG_VISITAIM_M_ZH','7','USR_NBR','联系电话','STRING','','','','','Y','','C1-2','3','PID_all');
insert into column_val (xmlid, col_xmlid, dataname, col_seq, colname, colcnname, datatype, length, precision_val, party_seq, isprimarykey, isnullable, remark, filed_type_child, sensitive_level, policyid) values ('TO_E_ESOP_LOG_VISITAIM_M_ZH','TO_E_ESOP_LOG_VISITAIM_M_ZH_2017098','TO_E_ESOP_LOG_VISITAIM_M_ZH','8','month','月份','INT','','','1','','N','','','','');

insert into tablefile (xmlid, dbname, dataname, datacnname, state, cycletype, topiccode, extend_cfg, rightlevel, creater, curdutyer, eff_date, state_date, team_code, open_state, remark) values ('TO_E_ESOP_LOG_VISITAIM_M_HZ','BD_B','TO_E_ESOP_LOG_VISITAIM_M_HZ','ODS_ESOP服务日志对应的拜访对象月全量数据','NEW','month','LAYERI_ISERV','{"EXTERNAL":"y","LOCATION":"/tenant/BIGDATA/JCFW/JRCL/BD_B/ODS/TO_E_ESOP_LOG_VISITAIM_M/branch=HZ","FILEFORMAT":"PARQUET","DELIMITER":"&&"}','其他','谢英俊','谢英俊', TIMESTAMP '0009-02-17 12:00:00', TIMESTAMP '0009-02-17 12:00:00','f2999fd5-c34e-402e-9b28-fec9fca13044','','基础层-服务主题域');
insert into column_val (xmlid, col_xmlid, dataname, col_seq, colname, colcnname, datatype, length, precision_val, party_seq, isprimarykey, isnullable, remark, filed_type_child, sensitive_level, policyid) values ('TO_E_ESOP_LOG_VISITAIM_M_HZ','TO_E_ESOP_LOG_VISITAIM_M_HZ_2017091','TO_E_ESOP_LOG_VISITAIM_M_HZ','1','OID','流水号','STRING','','','','1','N','','C1-2','3','');
insert into column_val (xmlid, col_xmlid, dataname, col_seq, colname, colcnname, datatype, length, precision_val, party_seq, isprimarykey, isnullable, remark, filed_type_child, sensitive_level, policyid) values ('TO_E_ESOP_LOG_VISITAIM_M_HZ','TO_E_ESOP_LOG_VISITAIM_M_HZ_2017092','TO_E_ESOP_LOG_VISITAIM_M_HZ','2','LOG_ID','日志编号','STRING','','','','1','N','主键
格式：REGION +OID
例如：757111220094104101292
由于地市字段存在空值，可根据这个字段截取前三位判断地市
','C1-2','3','');
insert into column_val (xmlid, col_xmlid, dataname, col_seq, colname, colcnname, datatype, length, precision_val, party_seq, isprimarykey, isnullable, remark, filed_type_child, sensitive_level, policyid) values ('TO_E_ESOP_LOG_VISITAIM_M_HZ','TO_E_ESOP_LOG_VISITAIM_M_HZ_2017093','TO_E_ESOP_LOG_VISITAIM_M_HZ','3','CMCC_BRANCH_CD','地市编码','STRING','','','','','Y','该字段存在空值
地市region，
999-省公司
200-广州
660-汕尾
662-阳江
663-揭阳
668-茂名
750-江门
751-韶关
752-惠州
753-梅州
754-汕头
755-深圳
756-珠海
757-佛山
758-肇庆
759-湛江
760-中山
762-河源
763-清远
766-云浮
768-潮州
769-东莞
','C1-2','3','');
insert into column_val (xmlid, col_xmlid, dataname, col_seq, colname, colcnname, datatype, length, precision_val, party_seq, isprimarykey, isnullable, remark, filed_type_child, sensitive_level, policyid) values ('TO_E_ESOP_LOG_VISITAIM_M_HZ','TO_E_ESOP_LOG_VISITAIM_M_HZ_2017094','TO_E_ESOP_LOG_VISITAIM_M_HZ','4','CTY_CD','地市','STRING','','','','','Y','','C1-2','3','');
insert into column_val (xmlid, col_xmlid, dataname, col_seq, colname, colcnname, datatype, length, precision_val, party_seq, isprimarykey, isnullable, remark, filed_type_child, sensitive_level, policyid) values ('TO_E_ESOP_LOG_VISITAIM_M_HZ','TO_E_ESOP_LOG_VISITAIM_M_HZ_2017095','TO_E_ESOP_LOG_VISITAIM_M_HZ','5','VISIT_PERSON','拜访人员','STRING','','','','','Y','','C1-2','3','');
insert into column_val (xmlid, col_xmlid, dataname, col_seq, colname, colcnname, datatype, length, precision_val, party_seq, isprimarykey, isnullable, remark, filed_type_child, sensitive_level, policyid) values ('TO_E_ESOP_LOG_VISITAIM_M_HZ','TO_E_ESOP_LOG_VISITAIM_M_HZ_2017096','TO_E_ESOP_LOG_VISITAIM_M_HZ','6','DUTY','职务','STRING','','','','','Y','','C1-2','3','PID_all');
insert into column_val (xmlid, col_xmlid, dataname, col_seq, colname, colcnname, datatype, length, precision_val, party_seq, isprimarykey, isnullable, remark, filed_type_child, sensitive_level, policyid) values ('TO_E_ESOP_LOG_VISITAIM_M_HZ','TO_E_ESOP_LOG_VISITAIM_M_HZ_2017097','TO_E_ESOP_LOG_VISITAIM_M_HZ','7','USR_NBR','联系电话','STRING','','','','','Y','','C1-2','3','PID_all');
insert into column_val (xmlid, col_xmlid, dataname, col_seq, colname, colcnname, datatype, length, precision_val, party_seq, isprimarykey, isnullable, remark, filed_type_child, sensitive_level, policyid) values ('TO_E_ESOP_LOG_VISITAIM_M_HZ','TO_E_ESOP_LOG_VISITAIM_M_HZ_2017098','TO_E_ESOP_LOG_VISITAIM_M_HZ','8','month','月份','INT','','','1','','N','','','','');

insert into tablefile (xmlid, dbname, dataname, datacnname, state, cycletype, topiccode, extend_cfg, rightlevel, creater, curdutyer, eff_date, state_date, team_code, open_state, remark) values ('TO_E_ESOP_LOG_VISITAIM_M_ZS','BD_B','TO_E_ESOP_LOG_VISITAIM_M_ZS','ODS_ESOP服务日志对应的拜访对象月全量数据','NEW','month','LAYERI_ISERV','{"EXTERNAL":"y","LOCATION":"/tenant/BIGDATA/JCFW/JRCL/BD_B/ODS/TO_E_ESOP_LOG_VISITAIM_M/branch=ZS","FILEFORMAT":"PARQUET","DELIMITER":"&&"}','其他','谢英俊','谢英俊', TIMESTAMP '0009-02-17 12:00:00', TIMESTAMP '0009-02-17 12:00:00','f2999fd5-c34e-402e-9b28-fec9fca13044','','基础层-服务主题域');
insert into column_val (xmlid, col_xmlid, dataname, col_seq, colname, colcnname, datatype, length, precision_val, party_seq, isprimarykey, isnullable, remark, filed_type_child, sensitive_level, policyid) values ('TO_E_ESOP_LOG_VISITAIM_M_ZS','TO_E_ESOP_LOG_VISITAIM_M_ZS_2017091','TO_E_ESOP_LOG_VISITAIM_M_ZS','1','OID','流水号','STRING','','','','1','N','','C1-2','3','');
insert into column_val (xmlid, col_xmlid, dataname, col_seq, colname, colcnname, datatype, length, precision_val, party_seq, isprimarykey, isnullable, remark, filed_type_child, sensitive_level, policyid) values ('TO_E_ESOP_LOG_VISITAIM_M_ZS','TO_E_ESOP_LOG_VISITAIM_M_ZS_2017092','TO_E_ESOP_LOG_VISITAIM_M_ZS','2','LOG_ID','日志编号','STRING','','','','1','N','主键
格式：REGION +OID
例如：757111220094104101292
由于地市字段存在空值，可根据这个字段截取前三位判断地市
','C1-2','3','');
insert into column_val (xmlid, col_xmlid, dataname, col_seq, colname, colcnname, datatype, length, precision_val, party_seq, isprimarykey, isnullable, remark, filed_type_child, sensitive_level, policyid) values ('TO_E_ESOP_LOG_VISITAIM_M_ZS','TO_E_ESOP_LOG_VISITAIM_M_ZS_2017093','TO_E_ESOP_LOG_VISITAIM_M_ZS','3','CMCC_BRANCH_CD','地市编码','STRING','','','','','Y','该字段存在空值
地市region，
999-省公司
200-广州
660-汕尾
662-阳江
663-揭阳
668-茂名
750-江门
751-韶关
752-惠州
753-梅州
754-汕头
755-深圳
756-珠海
757-佛山
758-肇庆
759-湛江
760-中山
762-河源
763-清远
766-云浮
768-潮州
769-东莞
','C1-2','3','');
insert into column_val (xmlid, col_xmlid, dataname, col_seq, colname, colcnname, datatype, length, precision_val, party_seq, isprimarykey, isnullable, remark, filed_type_child, sensitive_level, policyid) values ('TO_E_ESOP_LOG_VISITAIM_M_ZS','TO_E_ESOP_LOG_VISITAIM_M_ZS_2017094','TO_E_ESOP_LOG_VISITAIM_M_ZS','4','CTY_CD','地市','STRING','','','','','Y','','C1-2','3','');
insert into column_val (xmlid, col_xmlid, dataname, col_seq, colname, colcnname, datatype, length, precision_val, party_seq, isprimarykey, isnullable, remark, filed_type_child, sensitive_level, policyid) values ('TO_E_ESOP_LOG_VISITAIM_M_ZS','TO_E_ESOP_LOG_VISITAIM_M_ZS_2017095','TO_E_ESOP_LOG_VISITAIM_M_ZS','5','VISIT_PERSON','拜访人员','STRING','','','','','Y','','C1-2','3','');
insert into column_val (xmlid, col_xmlid, dataname, col_seq, colname, colcnname, datatype, length, precision_val, party_seq, isprimarykey, isnullable, remark, filed_type_child, sensitive_level, policyid) values ('TO_E_ESOP_LOG_VISITAIM_M_ZS','TO_E_ESOP_LOG_VISITAIM_M_ZS_2017096','TO_E_ESOP_LOG_VISITAIM_M_ZS','6','DUTY','职务','STRING','','','','','Y','','C1-2','3','PID_all');
insert into column_val (xmlid, col_xmlid, dataname, col_seq, colname, colcnname, datatype, length, precision_val, party_seq, isprimarykey, isnullable, remark, filed_type_child, sensitive_level, policyid) values ('TO_E_ESOP_LOG_VISITAIM_M_ZS','TO_E_ESOP_LOG_VISITAIM_M_ZS_2017097','TO_E_ESOP_LOG_VISITAIM_M_ZS','7','USR_NBR','联系电话','STRING','','','','','Y','','C1-2','3','PID_all');
insert into column_val (xmlid, col_xmlid, dataname, col_seq, colname, colcnname, datatype, length, precision_val, party_seq, isprimarykey, isnullable, remark, filed_type_child, sensitive_level, policyid) values ('TO_E_ESOP_LOG_VISITAIM_M_ZS','TO_E_ESOP_LOG_VISITAIM_M_ZS_2017098','TO_E_ESOP_LOG_VISITAIM_M_ZS','8','month','月份','INT','','','1','','N','','','','');

insert into tablefile (xmlid, dbname, dataname, datacnname, state, cycletype, topiccode, extend_cfg, rightlevel, creater, curdutyer, eff_date, state_date, team_code, open_state, remark) values ('TO_E_ESOP_LOG_VISITAIM_M_JM','BD_B','TO_E_ESOP_LOG_VISITAIM_M_JM','ODS_ESOP服务日志对应的拜访对象月全量数据','NEW','month','LAYERI_ISERV','{"EXTERNAL":"y","LOCATION":"/tenant/BIGDATA/JCFW/JRCL/BD_B/ODS/TO_E_ESOP_LOG_VISITAIM_M/branch=JM","FILEFORMAT":"PARQUET","DELIMITER":"&&"}','其他','谢英俊','谢英俊', TIMESTAMP '0009-02-17 12:00:00', TIMESTAMP '0009-02-17 12:00:00','f2999fd5-c34e-402e-9b28-fec9fca13044','','基础层-服务主题域');
insert into column_val (xmlid, col_xmlid, dataname, col_seq, colname, colcnname, datatype, length, precision_val, party_seq, isprimarykey, isnullable, remark, filed_type_child, sensitive_level, policyid) values ('TO_E_ESOP_LOG_VISITAIM_M_JM','TO_E_ESOP_LOG_VISITAIM_M_JM_2017091','TO_E_ESOP_LOG_VISITAIM_M_JM','1','OID','流水号','STRING','','','','1','N','','C1-2','3','');
insert into column_val (xmlid, col_xmlid, dataname, col_seq, colname, colcnname, datatype, length, precision_val, party_seq, isprimarykey, isnullable, remark, filed_type_child, sensitive_level, policyid) values ('TO_E_ESOP_LOG_VISITAIM_M_JM','TO_E_ESOP_LOG_VISITAIM_M_JM_2017092','TO_E_ESOP_LOG_VISITAIM_M_JM','2','LOG_ID','日志编号','STRING','','','','1','N','主键
格式：REGION +OID
例如：757111220094104101292
由于地市字段存在空值，可根据这个字段截取前三位判断地市
','C1-2','3','');
insert into column_val (xmlid, col_xmlid, dataname, col_seq, colname, colcnname, datatype, length, precision_val, party_seq, isprimarykey, isnullable, remark, filed_type_child, sensitive_level, policyid) values ('TO_E_ESOP_LOG_VISITAIM_M_JM','TO_E_ESOP_LOG_VISITAIM_M_JM_2017093','TO_E_ESOP_LOG_VISITAIM_M_JM','3','CMCC_BRANCH_CD','地市编码','STRING','','','','','Y','该字段存在空值
地市region，
999-省公司
200-广州
660-汕尾
662-阳江
663-揭阳
668-茂名
750-江门
751-韶关
752-惠州
753-梅州
754-汕头
755-深圳
756-珠海
757-佛山
758-肇庆
759-湛江
760-中山
762-河源
763-清远
766-云浮
768-潮州
769-东莞
','C1-2','3','');
insert into column_val (xmlid, col_xmlid, dataname, col_seq, colname, colcnname, datatype, length, precision_val, party_seq, isprimarykey, isnullable, remark, filed_type_child, sensitive_level, policyid) values ('TO_E_ESOP_LOG_VISITAIM_M_JM','TO_E_ESOP_LOG_VISITAIM_M_JM_2017094','TO_E_ESOP_LOG_VISITAIM_M_JM','4','CTY_CD','地市','STRING','','','','','Y','','C1-2','3','');
insert into column_val (xmlid, col_xmlid, dataname, col_seq, colname, colcnname, datatype, length, precision_val, party_seq, isprimarykey, isnullable, remark, filed_type_child, sensitive_level, policyid) values ('TO_E_ESOP_LOG_VISITAIM_M_JM','TO_E_ESOP_LOG_VISITAIM_M_JM_2017095','TO_E_ESOP_LOG_VISITAIM_M_JM','5','VISIT_PERSON','拜访人员','STRING','','','','','Y','','C1-2','3','');
insert into column_val (xmlid, col_xmlid, dataname, col_seq, colname, colcnname, datatype, length, precision_val, party_seq, isprimarykey, isnullable, remark, filed_type_child, sensitive_level, policyid) values ('TO_E_ESOP_LOG_VISITAIM_M_JM','TO_E_ESOP_LOG_VISITAIM_M_JM_2017096','TO_E_ESOP_LOG_VISITAIM_M_JM','6','DUTY','职务','STRING','','','','','Y','','C1-2','3','PID_all');
insert into column_val (xmlid, col_xmlid, dataname, col_seq, colname, colcnname, datatype, length, precision_val, party_seq, isprimarykey, isnullable, remark, filed_type_child, sensitive_level, policyid) values ('TO_E_ESOP_LOG_VISITAIM_M_JM','TO_E_ESOP_LOG_VISITAIM_M_JM_2017097','TO_E_ESOP_LOG_VISITAIM_M_JM','7','USR_NBR','联系电话','STRING','','','','','Y','','C1-2','3','PID_all');
insert into column_val (xmlid, col_xmlid, dataname, col_seq, colname, colcnname, datatype, length, precision_val, party_seq, isprimarykey, isnullable, remark, filed_type_child, sensitive_level, policyid) values ('TO_E_ESOP_LOG_VISITAIM_M_JM','TO_E_ESOP_LOG_VISITAIM_M_JM_2017098','TO_E_ESOP_LOG_VISITAIM_M_JM','8','month','月份','INT','','','1','','N','','','','');

insert into tablefile (xmlid, dbname, dataname, datacnname, state, cycletype, topiccode, extend_cfg, rightlevel, creater, curdutyer, eff_date, state_date, team_code, open_state, remark) values ('TO_E_ESOP_LOG_VISITAIM_M_ZJ','BD_B','TO_E_ESOP_LOG_VISITAIM_M_ZJ','ODS_ESOP服务日志对应的拜访对象月全量数据','NEW','month','LAYERI_ISERV','{"EXTERNAL":"y","LOCATION":"/tenant/BIGDATA/JCFW/JRCL/BD_B/ODS/TO_E_ESOP_LOG_VISITAIM_M/branch=ZJ","FILEFORMAT":"PARQUET","DELIMITER":"&&"}','其他','谢英俊','谢英俊', TIMESTAMP '0009-02-17 12:00:00', TIMESTAMP '0009-02-17 12:00:00','f2999fd5-c34e-402e-9b28-fec9fca13044','','基础层-服务主题域');
insert into column_val (xmlid, col_xmlid, dataname, col_seq, colname, colcnname, datatype, length, precision_val, party_seq, isprimarykey, isnullable, remark, filed_type_child, sensitive_level, policyid) values ('TO_E_ESOP_LOG_VISITAIM_M_ZJ','TO_E_ESOP_LOG_VISITAIM_M_ZJ_2017091','TO_E_ESOP_LOG_VISITAIM_M_ZJ','1','OID','流水号','STRING','','','','1','N','','C1-2','3','');
insert into column_val (xmlid, col_xmlid, dataname, col_seq, colname, colcnname, datatype, length, precision_val, party_seq, isprimarykey, isnullable, remark, filed_type_child, sensitive_level, policyid) values ('TO_E_ESOP_LOG_VISITAIM_M_ZJ','TO_E_ESOP_LOG_VISITAIM_M_ZJ_2017092','TO_E_ESOP_LOG_VISITAIM_M_ZJ','2','LOG_ID','日志编号','STRING','','','','1','N','主键
格式：REGION +OID
例如：757111220094104101292
由于地市字段存在空值，可根据这个字段截取前三位判断地市
','C1-2','3','');
insert into column_val (xmlid, col_xmlid, dataname, col_seq, colname, colcnname, datatype, length, precision_val, party_seq, isprimarykey, isnullable, remark, filed_type_child, sensitive_level, policyid) values ('TO_E_ESOP_LOG_VISITAIM_M_ZJ','TO_E_ESOP_LOG_VISITAIM_M_ZJ_2017093','TO_E_ESOP_LOG_VISITAIM_M_ZJ','3','CMCC_BRANCH_CD','地市编码','STRING','','','','','Y','该字段存在空值
地市region，
999-省公司
200-广州
660-汕尾
662-阳江
663-揭阳
668-茂名
750-江门
751-韶关
752-惠州
753-梅州
754-汕头
755-深圳
756-珠海
757-佛山
758-肇庆
759-湛江
760-中山
762-河源
763-清远
766-云浮
768-潮州
769-东莞
','C1-2','3','');
insert into column_val (xmlid, col_xmlid, dataname, col_seq, colname, colcnname, datatype, length, precision_val, party_seq, isprimarykey, isnullable, remark, filed_type_child, sensitive_level, policyid) values ('TO_E_ESOP_LOG_VISITAIM_M_ZJ','TO_E_ESOP_LOG_VISITAIM_M_ZJ_2017094','TO_E_ESOP_LOG_VISITAIM_M_ZJ','4','CTY_CD','地市','STRING','','','','','Y','','C1-2','3','');
insert into column_val (xmlid, col_xmlid, dataname, col_seq, colname, colcnname, datatype, length, precision_val, party_seq, isprimarykey, isnullable, remark, filed_type_child, sensitive_level, policyid) values ('TO_E_ESOP_LOG_VISITAIM_M_ZJ','TO_E_ESOP_LOG_VISITAIM_M_ZJ_2017095','TO_E_ESOP_LOG_VISITAIM_M_ZJ','5','VISIT_PERSON','拜访人员','STRING','','','','','Y','','C1-2','3','');
insert into column_val (xmlid, col_xmlid, dataname, col_seq, colname, colcnname, datatype, length, precision_val, party_seq, isprimarykey, isnullable, remark, filed_type_child, sensitive_level, policyid) values ('TO_E_ESOP_LOG_VISITAIM_M_ZJ','TO_E_ESOP_LOG_VISITAIM_M_ZJ_2017096','TO_E_ESOP_LOG_VISITAIM_M_ZJ','6','DUTY','职务','STRING','','','','','Y','','C1-2','3','PID_all');
insert into column_val (xmlid, col_xmlid, dataname, col_seq, colname, colcnname, datatype, length, precision_val, party_seq, isprimarykey, isnullable, remark, filed_type_child, sensitive_level, policyid) values ('TO_E_ESOP_LOG_VISITAIM_M_ZJ','TO_E_ESOP_LOG_VISITAIM_M_ZJ_2017097','TO_E_ESOP_LOG_VISITAIM_M_ZJ','7','USR_NBR','联系电话','STRING','','','','','Y','','C1-2','3','PID_all');
insert into column_val (xmlid, col_xmlid, dataname, col_seq, colname, colcnname, datatype, length, precision_val, party_seq, isprimarykey, isnullable, remark, filed_type_child, sensitive_level, policyid) values ('TO_E_ESOP_LOG_VISITAIM_M_ZJ','TO_E_ESOP_LOG_VISITAIM_M_ZJ_2017098','TO_E_ESOP_LOG_VISITAIM_M_ZJ','8','month','月份','INT','','','1','','N','','','','');

insert into tablefile (xmlid, dbname, dataname, datacnname, state, cycletype, topiccode, extend_cfg, rightlevel, creater, curdutyer, eff_date, state_date, team_code, open_state, remark) values ('TO_E_ESOP_LOG_VISITAIM_M_SG','BD_B','TO_E_ESOP_LOG_VISITAIM_M_SG','ODS_ESOP服务日志对应的拜访对象月全量数据','NEW','month','LAYERI_ISERV','{"EXTERNAL":"y","LOCATION":"/tenant/BIGDATA/JCFW/JRCL/BD_B/ODS/TO_E_ESOP_LOG_VISITAIM_M/branch=SG","FILEFORMAT":"PARQUET","DELIMITER":"&&"}','其他','谢英俊','谢英俊', TIMESTAMP '0009-02-17 12:00:00', TIMESTAMP '0009-02-17 12:00:00','f2999fd5-c34e-402e-9b28-fec9fca13044','','基础层-服务主题域');
insert into column_val (xmlid, col_xmlid, dataname, col_seq, colname, colcnname, datatype, length, precision_val, party_seq, isprimarykey, isnullable, remark, filed_type_child, sensitive_level, policyid) values ('TO_E_ESOP_LOG_VISITAIM_M_SG','TO_E_ESOP_LOG_VISITAIM_M_SG_2017091','TO_E_ESOP_LOG_VISITAIM_M_SG','1','OID','流水号','STRING','','','','1','N','','C1-2','3','');
insert into column_val (xmlid, col_xmlid, dataname, col_seq, colname, colcnname, datatype, length, precision_val, party_seq, isprimarykey, isnullable, remark, filed_type_child, sensitive_level, policyid) values ('TO_E_ESOP_LOG_VISITAIM_M_SG','TO_E_ESOP_LOG_VISITAIM_M_SG_2017092','TO_E_ESOP_LOG_VISITAIM_M_SG','2','LOG_ID','日志编号','STRING','','','','1','N','主键
格式：REGION +OID
例如：757111220094104101292
由于地市字段存在空值，可根据这个字段截取前三位判断地市
','C1-2','3','');
insert into column_val (xmlid, col_xmlid, dataname, col_seq, colname, colcnname, datatype, length, precision_val, party_seq, isprimarykey, isnullable, remark, filed_type_child, sensitive_level, policyid) values ('TO_E_ESOP_LOG_VISITAIM_M_SG','TO_E_ESOP_LOG_VISITAIM_M_SG_2017093','TO_E_ESOP_LOG_VISITAIM_M_SG','3','CMCC_BRANCH_CD','地市编码','STRING','','','','','Y','该字段存在空值
地市region，
999-省公司
200-广州
660-汕尾
662-阳江
663-揭阳
668-茂名
750-江门
751-韶关
752-惠州
753-梅州
754-汕头
755-深圳
756-珠海
757-佛山
758-肇庆
759-湛江
760-中山
762-河源
763-清远
766-云浮
768-潮州
769-东莞
','C1-2','3','');
insert into column_val (xmlid, col_xmlid, dataname, col_seq, colname, colcnname, datatype, length, precision_val, party_seq, isprimarykey, isnullable, remark, filed_type_child, sensitive_level, policyid) values ('TO_E_ESOP_LOG_VISITAIM_M_SG','TO_E_ESOP_LOG_VISITAIM_M_SG_2017094','TO_E_ESOP_LOG_VISITAIM_M_SG','4','CTY_CD','地市','STRING','','','','','Y','','C1-2','3','');
insert into column_val (xmlid, col_xmlid, dataname, col_seq, colname, colcnname, datatype, length, precision_val, party_seq, isprimarykey, isnullable, remark, filed_type_child, sensitive_level, policyid) values ('TO_E_ESOP_LOG_VISITAIM_M_SG','TO_E_ESOP_LOG_VISITAIM_M_SG_2017095','TO_E_ESOP_LOG_VISITAIM_M_SG','5','VISIT_PERSON','拜访人员','STRING','','','','','Y','','C1-2','3','');
insert into column_val (xmlid, col_xmlid, dataname, col_seq, colname, colcnname, datatype, length, precision_val, party_seq, isprimarykey, isnullable, remark, filed_type_child, sensitive_level, policyid) values ('TO_E_ESOP_LOG_VISITAIM_M_SG','TO_E_ESOP_LOG_VISITAIM_M_SG_2017096','TO_E_ESOP_LOG_VISITAIM_M_SG','6','DUTY','职务','STRING','','','','','Y','','C1-2','3','PID_all');
insert into column_val (xmlid, col_xmlid, dataname, col_seq, colname, colcnname, datatype, length, precision_val, party_seq, isprimarykey, isnullable, remark, filed_type_child, sensitive_level, policyid) values ('TO_E_ESOP_LOG_VISITAIM_M_SG','TO_E_ESOP_LOG_VISITAIM_M_SG_2017097','TO_E_ESOP_LOG_VISITAIM_M_SG','7','USR_NBR','联系电话','STRING','','','','','Y','','C1-2','3','PID_all');
insert into column_val (xmlid, col_xmlid, dataname, col_seq, colname, colcnname, datatype, length, precision_val, party_seq, isprimarykey, isnullable, remark, filed_type_child, sensitive_level, policyid) values ('TO_E_ESOP_LOG_VISITAIM_M_SG','TO_E_ESOP_LOG_VISITAIM_M_SG_2017098','TO_E_ESOP_LOG_VISITAIM_M_SG','8','month','月份','INT','','','1','','N','','','','');

insert into tablefile (xmlid, dbname, dataname, datacnname, state, cycletype, topiccode, extend_cfg, rightlevel, creater, curdutyer, eff_date, state_date, team_code, open_state, remark) values ('TO_E_ESOP_LOG_VISITAIM_M_HY','BD_B','TO_E_ESOP_LOG_VISITAIM_M_HY','ODS_ESOP服务日志对应的拜访对象月全量数据','NEW','month','LAYERI_ISERV','{"EXTERNAL":"y","LOCATION":"/tenant/BIGDATA/JCFW/JRCL/BD_B/ODS/TO_E_ESOP_LOG_VISITAIM_M/branch=HY","FILEFORMAT":"PARQUET","DELIMITER":"&&"}','其他','谢英俊','谢英俊', TIMESTAMP '0009-02-17 12:00:00', TIMESTAMP '0009-02-17 12:00:00','f2999fd5-c34e-402e-9b28-fec9fca13044','','基础层-服务主题域');
insert into column_val (xmlid, col_xmlid, dataname, col_seq, colname, colcnname, datatype, length, precision_val, party_seq, isprimarykey, isnullable, remark, filed_type_child, sensitive_level, policyid) values ('TO_E_ESOP_LOG_VISITAIM_M_HY','TO_E_ESOP_LOG_VISITAIM_M_HY_2017091','TO_E_ESOP_LOG_VISITAIM_M_HY','1','OID','流水号','STRING','','','','1','N','','C1-2','3','');
insert into column_val (xmlid, col_xmlid, dataname, col_seq, colname, colcnname, datatype, length, precision_val, party_seq, isprimarykey, isnullable, remark, filed_type_child, sensitive_level, policyid) values ('TO_E_ESOP_LOG_VISITAIM_M_HY','TO_E_ESOP_LOG_VISITAIM_M_HY_2017092','TO_E_ESOP_LOG_VISITAIM_M_HY','2','LOG_ID','日志编号','STRING','','','','1','N','主键
格式：REGION +OID
例如：757111220094104101292
由于地市字段存在空值，可根据这个字段截取前三位判断地市
','C1-2','3','');
insert into column_val (xmlid, col_xmlid, dataname, col_seq, colname, colcnname, datatype, length, precision_val, party_seq, isprimarykey, isnullable, remark, filed_type_child, sensitive_level, policyid) values ('TO_E_ESOP_LOG_VISITAIM_M_HY','TO_E_ESOP_LOG_VISITAIM_M_HY_2017093','TO_E_ESOP_LOG_VISITAIM_M_HY','3','CMCC_BRANCH_CD','地市编码','STRING','','','','','Y','该字段存在空值
地市region，
999-省公司
200-广州
660-汕尾
662-阳江
663-揭阳
668-茂名
750-江门
751-韶关
752-惠州
753-梅州
754-汕头
755-深圳
756-珠海
757-佛山
758-肇庆
759-湛江
760-中山
762-河源
763-清远
766-云浮
768-潮州
769-东莞
','C1-2','3','');
insert into column_val (xmlid, col_xmlid, dataname, col_seq, colname, colcnname, datatype, length, precision_val, party_seq, isprimarykey, isnullable, remark, filed_type_child, sensitive_level, policyid) values ('TO_E_ESOP_LOG_VISITAIM_M_HY','TO_E_ESOP_LOG_VISITAIM_M_HY_2017094','TO_E_ESOP_LOG_VISITAIM_M_HY','4','CTY_CD','地市','STRING','','','','','Y','','C1-2','3','');
insert into column_val (xmlid, col_xmlid, dataname, col_seq, colname, colcnname, datatype, length, precision_val, party_seq, isprimarykey, isnullable, remark, filed_type_child, sensitive_level, policyid) values ('TO_E_ESOP_LOG_VISITAIM_M_HY','TO_E_ESOP_LOG_VISITAIM_M_HY_2017095','TO_E_ESOP_LOG_VISITAIM_M_HY','5','VISIT_PERSON','拜访人员','STRING','','','','','Y','','C1-2','3','');
insert into column_val (xmlid, col_xmlid, dataname, col_seq, colname, colcnname, datatype, length, precision_val, party_seq, isprimarykey, isnullable, remark, filed_type_child, sensitive_level, policyid) values ('TO_E_ESOP_LOG_VISITAIM_M_HY','TO_E_ESOP_LOG_VISITAIM_M_HY_2017096','TO_E_ESOP_LOG_VISITAIM_M_HY','6','DUTY','职务','STRING','','','','','Y','','C1-2','3','PID_all');
insert into column_val (xmlid, col_xmlid, dataname, col_seq, colname, colcnname, datatype, length, precision_val, party_seq, isprimarykey, isnullable, remark, filed_type_child, sensitive_level, policyid) values ('TO_E_ESOP_LOG_VISITAIM_M_HY','TO_E_ESOP_LOG_VISITAIM_M_HY_2017097','TO_E_ESOP_LOG_VISITAIM_M_HY','7','USR_NBR','联系电话','STRING','','','','','Y','','C1-2','3','PID_all');
insert into column_val (xmlid, col_xmlid, dataname, col_seq, colname, colcnname, datatype, length, precision_val, party_seq, isprimarykey, isnullable, remark, filed_type_child, sensitive_level, policyid) values ('TO_E_ESOP_LOG_VISITAIM_M_HY','TO_E_ESOP_LOG_VISITAIM_M_HY_2017098','TO_E_ESOP_LOG_VISITAIM_M_HY','8','month','月份','INT','','','1','','N','','','','');

insert into tablefile (xmlid, dbname, dataname, datacnname, state, cycletype, topiccode, extend_cfg, rightlevel, creater, curdutyer, eff_date, state_date, team_code, open_state, remark) values ('TO_E_ESOP_LOG_VISITAIM_M_MZ','BD_B','TO_E_ESOP_LOG_VISITAIM_M_MZ','ODS_ESOP服务日志对应的拜访对象月全量数据','NEW','month','LAYERI_ISERV','{"EXTERNAL":"y","LOCATION":"/tenant/BIGDATA/JCFW/JRCL/BD_B/ODS/TO_E_ESOP_LOG_VISITAIM_M/branch=MZ","FILEFORMAT":"PARQUET","DELIMITER":"&&"}','其他','谢英俊','谢英俊', TIMESTAMP '0009-02-17 12:00:00', TIMESTAMP '0009-02-17 12:00:00','f2999fd5-c34e-402e-9b28-fec9fca13044','','基础层-服务主题域');
insert into column_val (xmlid, col_xmlid, dataname, col_seq, colname, colcnname, datatype, length, precision_val, party_seq, isprimarykey, isnullable, remark, filed_type_child, sensitive_level, policyid) values ('TO_E_ESOP_LOG_VISITAIM_M_MZ','TO_E_ESOP_LOG_VISITAIM_M_MZ_2017091','TO_E_ESOP_LOG_VISITAIM_M_MZ','1','OID','流水号','STRING','','','','1','N','','C1-2','3','');
insert into column_val (xmlid, col_xmlid, dataname, col_seq, colname, colcnname, datatype, length, precision_val, party_seq, isprimarykey, isnullable, remark, filed_type_child, sensitive_level, policyid) values ('TO_E_ESOP_LOG_VISITAIM_M_MZ','TO_E_ESOP_LOG_VISITAIM_M_MZ_2017092','TO_E_ESOP_LOG_VISITAIM_M_MZ','2','LOG_ID','日志编号','STRING','','','','1','N','主键
格式：REGION +OID
例如：757111220094104101292
由于地市字段存在空值，可根据这个字段截取前三位判断地市
','C1-2','3','');
insert into column_val (xmlid, col_xmlid, dataname, col_seq, colname, colcnname, datatype, length, precision_val, party_seq, isprimarykey, isnullable, remark, filed_type_child, sensitive_level, policyid) values ('TO_E_ESOP_LOG_VISITAIM_M_MZ','TO_E_ESOP_LOG_VISITAIM_M_MZ_2017093','TO_E_ESOP_LOG_VISITAIM_M_MZ','3','CMCC_BRANCH_CD','地市编码','STRING','','','','','Y','该字段存在空值
地市region，
999-省公司
200-广州
660-汕尾
662-阳江
663-揭阳
668-茂名
750-江门
751-韶关
752-惠州
753-梅州
754-汕头
755-深圳
756-珠海
757-佛山
758-肇庆
759-湛江
760-中山
762-河源
763-清远
766-云浮
768-潮州
769-东莞
','C1-2','3','');
insert into column_val (xmlid, col_xmlid, dataname, col_seq, colname, colcnname, datatype, length, precision_val, party_seq, isprimarykey, isnullable, remark, filed_type_child, sensitive_level, policyid) values ('TO_E_ESOP_LOG_VISITAIM_M_MZ','TO_E_ESOP_LOG_VISITAIM_M_MZ_2017094','TO_E_ESOP_LOG_VISITAIM_M_MZ','4','CTY_CD','地市','STRING','','','','','Y','','C1-2','3','');
insert into column_val (xmlid, col_xmlid, dataname, col_seq, colname, colcnname, datatype, length, precision_val, party_seq, isprimarykey, isnullable, remark, filed_type_child, sensitive_level, policyid) values ('TO_E_ESOP_LOG_VISITAIM_M_MZ','TO_E_ESOP_LOG_VISITAIM_M_MZ_2017095','TO_E_ESOP_LOG_VISITAIM_M_MZ','5','VISIT_PERSON','拜访人员','STRING','','','','','Y','','C1-2','3','');
insert into column_val (xmlid, col_xmlid, dataname, col_seq, colname, colcnname, datatype, length, precision_val, party_seq, isprimarykey, isnullable, remark, filed_type_child, sensitive_level, policyid) values ('TO_E_ESOP_LOG_VISITAIM_M_MZ','TO_E_ESOP_LOG_VISITAIM_M_MZ_2017096','TO_E_ESOP_LOG_VISITAIM_M_MZ','6','DUTY','职务','STRING','','','','','Y','','C1-2','3','PID_all');
insert into column_val (xmlid, col_xmlid, dataname, col_seq, colname, colcnname, datatype, length, precision_val, party_seq, isprimarykey, isnullable, remark, filed_type_child, sensitive_level, policyid) values ('TO_E_ESOP_LOG_VISITAIM_M_MZ','TO_E_ESOP_LOG_VISITAIM_M_MZ_2017097','TO_E_ESOP_LOG_VISITAIM_M_MZ','7','USR_NBR','联系电话','STRING','','','','','Y','','C1-2','3','PID_all');
insert into column_val (xmlid, col_xmlid, dataname, col_seq, colname, colcnname, datatype, length, precision_val, party_seq, isprimarykey, isnullable, remark, filed_type_child, sensitive_level, policyid) values ('TO_E_ESOP_LOG_VISITAIM_M_MZ','TO_E_ESOP_LOG_VISITAIM_M_MZ_2017098','TO_E_ESOP_LOG_VISITAIM_M_MZ','8','month','月份','INT','','','1','','N','','','','');

insert into tablefile (xmlid, dbname, dataname, datacnname, state, cycletype, topiccode, extend_cfg, rightlevel, creater, curdutyer, eff_date, state_date, team_code, open_state, remark) values ('TO_E_ESOP_LOG_VISITAIM_M_SW','BD_B','TO_E_ESOP_LOG_VISITAIM_M_SW','ODS_ESOP服务日志对应的拜访对象月全量数据','NEW','month','LAYERI_ISERV','{"EXTERNAL":"y","LOCATION":"/tenant/BIGDATA/JCFW/JRCL/BD_B/ODS/TO_E_ESOP_LOG_VISITAIM_M/branch=SW","FILEFORMAT":"PARQUET","DELIMITER":"&&"}','其他','谢英俊','谢英俊', TIMESTAMP '0009-02-17 12:00:00', TIMESTAMP '0009-02-17 12:00:00','f2999fd5-c34e-402e-9b28-fec9fca13044','','基础层-服务主题域');
insert into column_val (xmlid, col_xmlid, dataname, col_seq, colname, colcnname, datatype, length, precision_val, party_seq, isprimarykey, isnullable, remark, filed_type_child, sensitive_level, policyid) values ('TO_E_ESOP_LOG_VISITAIM_M_SW','TO_E_ESOP_LOG_VISITAIM_M_SW_2017091','TO_E_ESOP_LOG_VISITAIM_M_SW','1','OID','流水号','STRING','','','','1','N','','C1-2','3','');
insert into column_val (xmlid, col_xmlid, dataname, col_seq, colname, colcnname, datatype, length, precision_val, party_seq, isprimarykey, isnullable, remark, filed_type_child, sensitive_level, policyid) values ('TO_E_ESOP_LOG_VISITAIM_M_SW','TO_E_ESOP_LOG_VISITAIM_M_SW_2017092','TO_E_ESOP_LOG_VISITAIM_M_SW','2','LOG_ID','日志编号','STRING','','','','1','N','主键
格式：REGION +OID
例如：757111220094104101292
由于地市字段存在空值，可根据这个字段截取前三位判断地市
','C1-2','3','');
insert into column_val (xmlid, col_xmlid, dataname, col_seq, colname, colcnname, datatype, length, precision_val, party_seq, isprimarykey, isnullable, remark, filed_type_child, sensitive_level, policyid) values ('TO_E_ESOP_LOG_VISITAIM_M_SW','TO_E_ESOP_LOG_VISITAIM_M_SW_2017093','TO_E_ESOP_LOG_VISITAIM_M_SW','3','CMCC_BRANCH_CD','地市编码','STRING','','','','','Y','该字段存在空值
地市region，
999-省公司
200-广州
660-汕尾
662-阳江
663-揭阳
668-茂名
750-江门
751-韶关
752-惠州
753-梅州
754-汕头
755-深圳
756-珠海
757-佛山
758-肇庆
759-湛江
760-中山
762-河源
763-清远
766-云浮
768-潮州
769-东莞
','C1-2','3','');
insert into column_val (xmlid, col_xmlid, dataname, col_seq, colname, colcnname, datatype, length, precision_val, party_seq, isprimarykey, isnullable, remark, filed_type_child, sensitive_level, policyid) values ('TO_E_ESOP_LOG_VISITAIM_M_SW','TO_E_ESOP_LOG_VISITAIM_M_SW_2017094','TO_E_ESOP_LOG_VISITAIM_M_SW','4','CTY_CD','地市','STRING','','','','','Y','','C1-2','3','');
insert into column_val (xmlid, col_xmlid, dataname, col_seq, colname, colcnname, datatype, length, precision_val, party_seq, isprimarykey, isnullable, remark, filed_type_child, sensitive_level, policyid) values ('TO_E_ESOP_LOG_VISITAIM_M_SW','TO_E_ESOP_LOG_VISITAIM_M_SW_2017095','TO_E_ESOP_LOG_VISITAIM_M_SW','5','VISIT_PERSON','拜访人员','STRING','','','','','Y','','C1-2','3','');
insert into column_val (xmlid, col_xmlid, dataname, col_seq, colname, colcnname, datatype, length, precision_val, party_seq, isprimarykey, isnullable, remark, filed_type_child, sensitive_level, policyid) values ('TO_E_ESOP_LOG_VISITAIM_M_SW','TO_E_ESOP_LOG_VISITAIM_M_SW_2017096','TO_E_ESOP_LOG_VISITAIM_M_SW','6','DUTY','职务','STRING','','','','','Y','','C1-2','3','PID_all');
insert into column_val (xmlid, col_xmlid, dataname, col_seq, colname, colcnname, datatype, length, precision_val, party_seq, isprimarykey, isnullable, remark, filed_type_child, sensitive_level, policyid) values ('TO_E_ESOP_LOG_VISITAIM_M_SW','TO_E_ESOP_LOG_VISITAIM_M_SW_2017097','TO_E_ESOP_LOG_VISITAIM_M_SW','7','USR_NBR','联系电话','STRING','','','','','Y','','C1-2','3','PID_all');
insert into column_val (xmlid, col_xmlid, dataname, col_seq, colname, colcnname, datatype, length, precision_val, party_seq, isprimarykey, isnullable, remark, filed_type_child, sensitive_level, policyid) values ('TO_E_ESOP_LOG_VISITAIM_M_SW','TO_E_ESOP_LOG_VISITAIM_M_SW_2017098','TO_E_ESOP_LOG_VISITAIM_M_SW','8','month','月份','INT','','','1','','N','','','','');

insert into tablefile (xmlid, dbname, dataname, datacnname, state, cycletype, topiccode, extend_cfg, rightlevel, creater, curdutyer, eff_date, state_date, team_code, open_state, remark) values ('TO_E_ESOP_LOG_VISITAIM_M_YJ','BD_B','TO_E_ESOP_LOG_VISITAIM_M_YJ','ODS_ESOP服务日志对应的拜访对象月全量数据','NEW','month','LAYERI_ISERV','{"EXTERNAL":"y","LOCATION":"/tenant/BIGDATA/JCFW/JRCL/BD_B/ODS/TO_E_ESOP_LOG_VISITAIM_M/branch=YJ","FILEFORMAT":"PARQUET","DELIMITER":"&&"}','其他','谢英俊','谢英俊', TIMESTAMP '0009-02-17 12:00:00', TIMESTAMP '0009-02-17 12:00:00','f2999fd5-c34e-402e-9b28-fec9fca13044','','基础层-服务主题域');
insert into column_val (xmlid, col_xmlid, dataname, col_seq, colname, colcnname, datatype, length, precision_val, party_seq, isprimarykey, isnullable, remark, filed_type_child, sensitive_level, policyid) values ('TO_E_ESOP_LOG_VISITAIM_M_YJ','TO_E_ESOP_LOG_VISITAIM_M_YJ_2017091','TO_E_ESOP_LOG_VISITAIM_M_YJ','1','OID','流水号','STRING','','','','1','N','','C1-2','3','');
insert into column_val (xmlid, col_xmlid, dataname, col_seq, colname, colcnname, datatype, length, precision_val, party_seq, isprimarykey, isnullable, remark, filed_type_child, sensitive_level, policyid) values ('TO_E_ESOP_LOG_VISITAIM_M_YJ','TO_E_ESOP_LOG_VISITAIM_M_YJ_2017092','TO_E_ESOP_LOG_VISITAIM_M_YJ','2','LOG_ID','日志编号','STRING','','','','1','N','主键
格式：REGION +OID
例如：757111220094104101292
由于地市字段存在空值，可根据这个字段截取前三位判断地市
','C1-2','3','');
insert into column_val (xmlid, col_xmlid, dataname, col_seq, colname, colcnname, datatype, length, precision_val, party_seq, isprimarykey, isnullable, remark, filed_type_child, sensitive_level, policyid) values ('TO_E_ESOP_LOG_VISITAIM_M_YJ','TO_E_ESOP_LOG_VISITAIM_M_YJ_2017093','TO_E_ESOP_LOG_VISITAIM_M_YJ','3','CMCC_BRANCH_CD','地市编码','STRING','','','','','Y','该字段存在空值
地市region，
999-省公司
200-广州
660-汕尾
662-阳江
663-揭阳
668-茂名
750-江门
751-韶关
752-惠州
753-梅州
754-汕头
755-深圳
756-珠海
757-佛山
758-肇庆
759-湛江
760-中山
762-河源
763-清远
766-云浮
768-潮州
769-东莞
','C1-2','3','');
insert into column_val (xmlid, col_xmlid, dataname, col_seq, colname, colcnname, datatype, length, precision_val, party_seq, isprimarykey, isnullable, remark, filed_type_child, sensitive_level, policyid) values ('TO_E_ESOP_LOG_VISITAIM_M_YJ','TO_E_ESOP_LOG_VISITAIM_M_YJ_2017094','TO_E_ESOP_LOG_VISITAIM_M_YJ','4','CTY_CD','地市','STRING','','','','','Y','','C1-2','3','');
insert into column_val (xmlid, col_xmlid, dataname, col_seq, colname, colcnname, datatype, length, precision_val, party_seq, isprimarykey, isnullable, remark, filed_type_child, sensitive_level, policyid) values ('TO_E_ESOP_LOG_VISITAIM_M_YJ','TO_E_ESOP_LOG_VISITAIM_M_YJ_2017095','TO_E_ESOP_LOG_VISITAIM_M_YJ','5','VISIT_PERSON','拜访人员','STRING','','','','','Y','','C1-2','3','');
insert into column_val (xmlid, col_xmlid, dataname, col_seq, colname, colcnname, datatype, length, precision_val, party_seq, isprimarykey, isnullable, remark, filed_type_child, sensitive_level, policyid) values ('TO_E_ESOP_LOG_VISITAIM_M_YJ','TO_E_ESOP_LOG_VISITAIM_M_YJ_2017096','TO_E_ESOP_LOG_VISITAIM_M_YJ','6','DUTY','职务','STRING','','','','','Y','','C1-2','3','PID_all');
insert into column_val (xmlid, col_xmlid, dataname, col_seq, colname, colcnname, datatype, length, precision_val, party_seq, isprimarykey, isnullable, remark, filed_type_child, sensitive_level, policyid) values ('TO_E_ESOP_LOG_VISITAIM_M_YJ','TO_E_ESOP_LOG_VISITAIM_M_YJ_2017097','TO_E_ESOP_LOG_VISITAIM_M_YJ','7','USR_NBR','联系电话','STRING','','','','','Y','','C1-2','3','PID_all');
insert into column_val (xmlid, col_xmlid, dataname, col_seq, colname, colcnname, datatype, length, precision_val, party_seq, isprimarykey, isnullable, remark, filed_type_child, sensitive_level, policyid) values ('TO_E_ESOP_LOG_VISITAIM_M_YJ','TO_E_ESOP_LOG_VISITAIM_M_YJ_2017098','TO_E_ESOP_LOG_VISITAIM_M_YJ','8','month','月份','INT','','','1','','N','','','','');

insert into tablefile (xmlid, dbname, dataname, datacnname, state, cycletype, topiccode, extend_cfg, rightlevel, creater, curdutyer, eff_date, state_date, team_code, open_state, remark) values ('TO_E_ESOP_LOG_VISITAIM_M_MM','BD_B','TO_E_ESOP_LOG_VISITAIM_M_MM','ODS_ESOP服务日志对应的拜访对象月全量数据','NEW','month','LAYERI_ISERV','{"EXTERNAL":"y","LOCATION":"/tenant/BIGDATA/JCFW/JRCL/BD_B/ODS/TO_E_ESOP_LOG_VISITAIM_M/branch=MM","FILEFORMAT":"PARQUET","DELIMITER":"&&"}','其他','谢英俊','谢英俊', TIMESTAMP '0009-02-17 12:00:00', TIMESTAMP '0009-02-17 12:00:00','f2999fd5-c34e-402e-9b28-fec9fca13044','','基础层-服务主题域');
insert into column_val (xmlid, col_xmlid, dataname, col_seq, colname, colcnname, datatype, length, precision_val, party_seq, isprimarykey, isnullable, remark, filed_type_child, sensitive_level, policyid) values ('TO_E_ESOP_LOG_VISITAIM_M_MM','TO_E_ESOP_LOG_VISITAIM_M_MM_2017091','TO_E_ESOP_LOG_VISITAIM_M_MM','1','OID','流水号','STRING','','','','1','N','','C1-2','3','');
insert into column_val (xmlid, col_xmlid, dataname, col_seq, colname, colcnname, datatype, length, precision_val, party_seq, isprimarykey, isnullable, remark, filed_type_child, sensitive_level, policyid) values ('TO_E_ESOP_LOG_VISITAIM_M_MM','TO_E_ESOP_LOG_VISITAIM_M_MM_2017092','TO_E_ESOP_LOG_VISITAIM_M_MM','2','LOG_ID','日志编号','STRING','','','','1','N','主键
格式：REGION +OID
例如：757111220094104101292
由于地市字段存在空值，可根据这个字段截取前三位判断地市
','C1-2','3','');
insert into column_val (xmlid, col_xmlid, dataname, col_seq, colname, colcnname, datatype, length, precision_val, party_seq, isprimarykey, isnullable, remark, filed_type_child, sensitive_level, policyid) values ('TO_E_ESOP_LOG_VISITAIM_M_MM','TO_E_ESOP_LOG_VISITAIM_M_MM_2017093','TO_E_ESOP_LOG_VISITAIM_M_MM','3','CMCC_BRANCH_CD','地市编码','STRING','','','','','Y','该字段存在空值
地市region，
999-省公司
200-广州
660-汕尾
662-阳江
663-揭阳
668-茂名
750-江门
751-韶关
752-惠州
753-梅州
754-汕头
755-深圳
756-珠海
757-佛山
758-肇庆
759-湛江
760-中山
762-河源
763-清远
766-云浮
768-潮州
769-东莞
','C1-2','3','');
insert into column_val (xmlid, col_xmlid, dataname, col_seq, colname, colcnname, datatype, length, precision_val, party_seq, isprimarykey, isnullable, remark, filed_type_child, sensitive_level, policyid) values ('TO_E_ESOP_LOG_VISITAIM_M_MM','TO_E_ESOP_LOG_VISITAIM_M_MM_2017094','TO_E_ESOP_LOG_VISITAIM_M_MM','4','CTY_CD','地市','STRING','','','','','Y','','C1-2','3','');
insert into column_val (xmlid, col_xmlid, dataname, col_seq, colname, colcnname, datatype, length, precision_val, party_seq, isprimarykey, isnullable, remark, filed_type_child, sensitive_level, policyid) values ('TO_E_ESOP_LOG_VISITAIM_M_MM','TO_E_ESOP_LOG_VISITAIM_M_MM_2017095','TO_E_ESOP_LOG_VISITAIM_M_MM','5','VISIT_PERSON','拜访人员','STRING','','','','','Y','','C1-2','3','');
insert into column_val (xmlid, col_xmlid, dataname, col_seq, colname, colcnname, datatype, length, precision_val, party_seq, isprimarykey, isnullable, remark, filed_type_child, sensitive_level, policyid) values ('TO_E_ESOP_LOG_VISITAIM_M_MM','TO_E_ESOP_LOG_VISITAIM_M_MM_2017096','TO_E_ESOP_LOG_VISITAIM_M_MM','6','DUTY','职务','STRING','','','','','Y','','C1-2','3','PID_all');
insert into column_val (xmlid, col_xmlid, dataname, col_seq, colname, colcnname, datatype, length, precision_val, party_seq, isprimarykey, isnullable, remark, filed_type_child, sensitive_level, policyid) values ('TO_E_ESOP_LOG_VISITAIM_M_MM','TO_E_ESOP_LOG_VISITAIM_M_MM_2017097','TO_E_ESOP_LOG_VISITAIM_M_MM','7','USR_NBR','联系电话','STRING','','','','','Y','','C1-2','3','PID_all');
insert into column_val (xmlid, col_xmlid, dataname, col_seq, colname, colcnname, datatype, length, precision_val, party_seq, isprimarykey, isnullable, remark, filed_type_child, sensitive_level, policyid) values ('TO_E_ESOP_LOG_VISITAIM_M_MM','TO_E_ESOP_LOG_VISITAIM_M_MM_2017098','TO_E_ESOP_LOG_VISITAIM_M_MM','8','month','月份','INT','','','1','','N','','','','');

insert into tablefile (xmlid, dbname, dataname, datacnname, state, cycletype, topiccode, extend_cfg, rightlevel, creater, curdutyer, eff_date, state_date, team_code, open_state, remark) values ('TO_E_ESOP_LOG_VISITAIM_M_ZQ','BD_B','TO_E_ESOP_LOG_VISITAIM_M_ZQ','ODS_ESOP服务日志对应的拜访对象月全量数据','NEW','month','LAYERI_ISERV','{"EXTERNAL":"y","LOCATION":"/tenant/BIGDATA/JCFW/JRCL/BD_B/ODS/TO_E_ESOP_LOG_VISITAIM_M/branch=ZQ","FILEFORMAT":"PARQUET","DELIMITER":"&&"}','其他','谢英俊','谢英俊', TIMESTAMP '0009-02-17 12:00:00', TIMESTAMP '0009-02-17 12:00:00','f2999fd5-c34e-402e-9b28-fec9fca13044','','基础层-服务主题域');
insert into column_val (xmlid, col_xmlid, dataname, col_seq, colname, colcnname, datatype, length, precision_val, party_seq, isprimarykey, isnullable, remark, filed_type_child, sensitive_level, policyid) values ('TO_E_ESOP_LOG_VISITAIM_M_ZQ','TO_E_ESOP_LOG_VISITAIM_M_ZQ_2017091','TO_E_ESOP_LOG_VISITAIM_M_ZQ','1','OID','流水号','STRING','','','','1','N','','C1-2','3','');
insert into column_val (xmlid, col_xmlid, dataname, col_seq, colname, colcnname, datatype, length, precision_val, party_seq, isprimarykey, isnullable, remark, filed_type_child, sensitive_level, policyid) values ('TO_E_ESOP_LOG_VISITAIM_M_ZQ','TO_E_ESOP_LOG_VISITAIM_M_ZQ_2017092','TO_E_ESOP_LOG_VISITAIM_M_ZQ','2','LOG_ID','日志编号','STRING','','','','1','N','主键
格式：REGION +OID
例如：757111220094104101292
由于地市字段存在空值，可根据这个字段截取前三位判断地市
','C1-2','3','');
insert into column_val (xmlid, col_xmlid, dataname, col_seq, colname, colcnname, datatype, length, precision_val, party_seq, isprimarykey, isnullable, remark, filed_type_child, sensitive_level, policyid) values ('TO_E_ESOP_LOG_VISITAIM_M_ZQ','TO_E_ESOP_LOG_VISITAIM_M_ZQ_2017093','TO_E_ESOP_LOG_VISITAIM_M_ZQ','3','CMCC_BRANCH_CD','地市编码','STRING','','','','','Y','该字段存在空值
地市region，
999-省公司
200-广州
660-汕尾
662-阳江
663-揭阳
668-茂名
750-江门
751-韶关
752-惠州
753-梅州
754-汕头
755-深圳
756-珠海
757-佛山
758-肇庆
759-湛江
760-中山
762-河源
763-清远
766-云浮
768-潮州
769-东莞
','C1-2','3','');
insert into column_val (xmlid, col_xmlid, dataname, col_seq, colname, colcnname, datatype, length, precision_val, party_seq, isprimarykey, isnullable, remark, filed_type_child, sensitive_level, policyid) values ('TO_E_ESOP_LOG_VISITAIM_M_ZQ','TO_E_ESOP_LOG_VISITAIM_M_ZQ_2017094','TO_E_ESOP_LOG_VISITAIM_M_ZQ','4','CTY_CD','地市','STRING','','','','','Y','','C1-2','3','');
insert into column_val (xmlid, col_xmlid, dataname, col_seq, colname, colcnname, datatype, length, precision_val, party_seq, isprimarykey, isnullable, remark, filed_type_child, sensitive_level, policyid) values ('TO_E_ESOP_LOG_VISITAIM_M_ZQ','TO_E_ESOP_LOG_VISITAIM_M_ZQ_2017095','TO_E_ESOP_LOG_VISITAIM_M_ZQ','5','VISIT_PERSON','拜访人员','STRING','','','','','Y','','C1-2','3','');
insert into column_val (xmlid, col_xmlid, dataname, col_seq, colname, colcnname, datatype, length, precision_val, party_seq, isprimarykey, isnullable, remark, filed_type_child, sensitive_level, policyid) values ('TO_E_ESOP_LOG_VISITAIM_M_ZQ','TO_E_ESOP_LOG_VISITAIM_M_ZQ_2017096','TO_E_ESOP_LOG_VISITAIM_M_ZQ','6','DUTY','职务','STRING','','','','','Y','','C1-2','3','PID_all');
insert into column_val (xmlid, col_xmlid, dataname, col_seq, colname, colcnname, datatype, length, precision_val, party_seq, isprimarykey, isnullable, remark, filed_type_child, sensitive_level, policyid) values ('TO_E_ESOP_LOG_VISITAIM_M_ZQ','TO_E_ESOP_LOG_VISITAIM_M_ZQ_2017097','TO_E_ESOP_LOG_VISITAIM_M_ZQ','7','USR_NBR','联系电话','STRING','','','','','Y','','C1-2','3','PID_all');
insert into column_val (xmlid, col_xmlid, dataname, col_seq, colname, colcnname, datatype, length, precision_val, party_seq, isprimarykey, isnullable, remark, filed_type_child, sensitive_level, policyid) values ('TO_E_ESOP_LOG_VISITAIM_M_ZQ','TO_E_ESOP_LOG_VISITAIM_M_ZQ_2017098','TO_E_ESOP_LOG_VISITAIM_M_ZQ','8','month','月份','INT','','','1','','N','','','','');

insert into tablefile (xmlid, dbname, dataname, datacnname, state, cycletype, topiccode, extend_cfg, rightlevel, creater, curdutyer, eff_date, state_date, team_code, open_state, remark) values ('TO_E_ESOP_LOG_VISITAIM_M_QY','BD_B','TO_E_ESOP_LOG_VISITAIM_M_QY','ODS_ESOP服务日志对应的拜访对象月全量数据','NEW','month','LAYERI_ISERV','{"EXTERNAL":"y","LOCATION":"/tenant/BIGDATA/JCFW/JRCL/BD_B/ODS/TO_E_ESOP_LOG_VISITAIM_M/branch=QY","FILEFORMAT":"PARQUET","DELIMITER":"&&"}','其他','谢英俊','谢英俊', TIMESTAMP '0009-02-17 12:00:00', TIMESTAMP '0009-02-17 12:00:00','f2999fd5-c34e-402e-9b28-fec9fca13044','','基础层-服务主题域');
insert into column_val (xmlid, col_xmlid, dataname, col_seq, colname, colcnname, datatype, length, precision_val, party_seq, isprimarykey, isnullable, remark, filed_type_child, sensitive_level, policyid) values ('TO_E_ESOP_LOG_VISITAIM_M_QY','TO_E_ESOP_LOG_VISITAIM_M_QY_2017091','TO_E_ESOP_LOG_VISITAIM_M_QY','1','OID','流水号','STRING','','','','1','N','','C1-2','3','');
insert into column_val (xmlid, col_xmlid, dataname, col_seq, colname, colcnname, datatype, length, precision_val, party_seq, isprimarykey, isnullable, remark, filed_type_child, sensitive_level, policyid) values ('TO_E_ESOP_LOG_VISITAIM_M_QY','TO_E_ESOP_LOG_VISITAIM_M_QY_2017092','TO_E_ESOP_LOG_VISITAIM_M_QY','2','LOG_ID','日志编号','STRING','','','','1','N','主键
格式：REGION +OID
例如：757111220094104101292
由于地市字段存在空值，可根据这个字段截取前三位判断地市
','C1-2','3','');
insert into column_val (xmlid, col_xmlid, dataname, col_seq, colname, colcnname, datatype, length, precision_val, party_seq, isprimarykey, isnullable, remark, filed_type_child, sensitive_level, policyid) values ('TO_E_ESOP_LOG_VISITAIM_M_QY','TO_E_ESOP_LOG_VISITAIM_M_QY_2017093','TO_E_ESOP_LOG_VISITAIM_M_QY','3','CMCC_BRANCH_CD','地市编码','STRING','','','','','Y','该字段存在空值
地市region，
999-省公司
200-广州
660-汕尾
662-阳江
663-揭阳
668-茂名
750-江门
751-韶关
752-惠州
753-梅州
754-汕头
755-深圳
756-珠海
757-佛山
758-肇庆
759-湛江
760-中山
762-河源
763-清远
766-云浮
768-潮州
769-东莞
','C1-2','3','');
insert into column_val (xmlid, col_xmlid, dataname, col_seq, colname, colcnname, datatype, length, precision_val, party_seq, isprimarykey, isnullable, remark, filed_type_child, sensitive_level, policyid) values ('TO_E_ESOP_LOG_VISITAIM_M_QY','TO_E_ESOP_LOG_VISITAIM_M_QY_2017094','TO_E_ESOP_LOG_VISITAIM_M_QY','4','CTY_CD','地市','STRING','','','','','Y','','C1-2','3','');
insert into column_val (xmlid, col_xmlid, dataname, col_seq, colname, colcnname, datatype, length, precision_val, party_seq, isprimarykey, isnullable, remark, filed_type_child, sensitive_level, policyid) values ('TO_E_ESOP_LOG_VISITAIM_M_QY','TO_E_ESOP_LOG_VISITAIM_M_QY_2017095','TO_E_ESOP_LOG_VISITAIM_M_QY','5','VISIT_PERSON','拜访人员','STRING','','','','','Y','','C1-2','3','');
insert into column_val (xmlid, col_xmlid, dataname, col_seq, colname, colcnname, datatype, length, precision_val, party_seq, isprimarykey, isnullable, remark, filed_type_child, sensitive_level, policyid) values ('TO_E_ESOP_LOG_VISITAIM_M_QY','TO_E_ESOP_LOG_VISITAIM_M_QY_2017096','TO_E_ESOP_LOG_VISITAIM_M_QY','6','DUTY','职务','STRING','','','','','Y','','C1-2','3','PID_all');
insert into column_val (xmlid, col_xmlid, dataname, col_seq, colname, colcnname, datatype, length, precision_val, party_seq, isprimarykey, isnullable, remark, filed_type_child, sensitive_level, policyid) values ('TO_E_ESOP_LOG_VISITAIM_M_QY','TO_E_ESOP_LOG_VISITAIM_M_QY_2017097','TO_E_ESOP_LOG_VISITAIM_M_QY','7','USR_NBR','联系电话','STRING','','','','','Y','','C1-2','3','PID_all');
insert into column_val (xmlid, col_xmlid, dataname, col_seq, colname, colcnname, datatype, length, precision_val, party_seq, isprimarykey, isnullable, remark, filed_type_child, sensitive_level, policyid) values ('TO_E_ESOP_LOG_VISITAIM_M_QY','TO_E_ESOP_LOG_VISITAIM_M_QY_2017098','TO_E_ESOP_LOG_VISITAIM_M_QY','8','month','月份','INT','','','1','','N','','','','');

insert into tablefile (xmlid, dbname, dataname, datacnname, state, cycletype, topiccode, extend_cfg, rightlevel, creater, curdutyer, eff_date, state_date, team_code, open_state, remark) values ('TO_E_ESOP_LOG_VISITAIM_M_CZ','BD_B','TO_E_ESOP_LOG_VISITAIM_M_CZ','ODS_ESOP服务日志对应的拜访对象月全量数据','NEW','month','LAYERI_ISERV','{"EXTERNAL":"y","LOCATION":"/tenant/BIGDATA/JCFW/JRCL/BD_B/ODS/TO_E_ESOP_LOG_VISITAIM_M/branch=CZ","FILEFORMAT":"PARQUET","DELIMITER":"&&"}','其他','谢英俊','谢英俊', TIMESTAMP '0009-02-17 12:00:00', TIMESTAMP '0009-02-17 12:00:00','f2999fd5-c34e-402e-9b28-fec9fca13044','','基础层-服务主题域');
insert into column_val (xmlid, col_xmlid, dataname, col_seq, colname, colcnname, datatype, length, precision_val, party_seq, isprimarykey, isnullable, remark, filed_type_child, sensitive_level, policyid) values ('TO_E_ESOP_LOG_VISITAIM_M_CZ','TO_E_ESOP_LOG_VISITAIM_M_CZ_2017091','TO_E_ESOP_LOG_VISITAIM_M_CZ','1','OID','流水号','STRING','','','','1','N','','C1-2','3','');
insert into column_val (xmlid, col_xmlid, dataname, col_seq, colname, colcnname, datatype, length, precision_val, party_seq, isprimarykey, isnullable, remark, filed_type_child, sensitive_level, policyid) values ('TO_E_ESOP_LOG_VISITAIM_M_CZ','TO_E_ESOP_LOG_VISITAIM_M_CZ_2017092','TO_E_ESOP_LOG_VISITAIM_M_CZ','2','LOG_ID','日志编号','STRING','','','','1','N','主键
格式：REGION +OID
例如：757111220094104101292
由于地市字段存在空值，可根据这个字段截取前三位判断地市
','C1-2','3','');
insert into column_val (xmlid, col_xmlid, dataname, col_seq, colname, colcnname, datatype, length, precision_val, party_seq, isprimarykey, isnullable, remark, filed_type_child, sensitive_level, policyid) values ('TO_E_ESOP_LOG_VISITAIM_M_CZ','TO_E_ESOP_LOG_VISITAIM_M_CZ_2017093','TO_E_ESOP_LOG_VISITAIM_M_CZ','3','CMCC_BRANCH_CD','地市编码','STRING','','','','','Y','该字段存在空值
地市region，
999-省公司
200-广州
660-汕尾
662-阳江
663-揭阳
668-茂名
750-江门
751-韶关
752-惠州
753-梅州
754-汕头
755-深圳
756-珠海
757-佛山
758-肇庆
759-湛江
760-中山
762-河源
763-清远
766-云浮
768-潮州
769-东莞
','C1-2','3','');
insert into column_val (xmlid, col_xmlid, dataname, col_seq, colname, colcnname, datatype, length, precision_val, party_seq, isprimarykey, isnullable, remark, filed_type_child, sensitive_level, policyid) values ('TO_E_ESOP_LOG_VISITAIM_M_CZ','TO_E_ESOP_LOG_VISITAIM_M_CZ_2017094','TO_E_ESOP_LOG_VISITAIM_M_CZ','4','CTY_CD','地市','STRING','','','','','Y','','C1-2','3','');
insert into column_val (xmlid, col_xmlid, dataname, col_seq, colname, colcnname, datatype, length, precision_val, party_seq, isprimarykey, isnullable, remark, filed_type_child, sensitive_level, policyid) values ('TO_E_ESOP_LOG_VISITAIM_M_CZ','TO_E_ESOP_LOG_VISITAIM_M_CZ_2017095','TO_E_ESOP_LOG_VISITAIM_M_CZ','5','VISIT_PERSON','拜访人员','STRING','','','','','Y','','C1-2','3','');
insert into column_val (xmlid, col_xmlid, dataname, col_seq, colname, colcnname, datatype, length, precision_val, party_seq, isprimarykey, isnullable, remark, filed_type_child, sensitive_level, policyid) values ('TO_E_ESOP_LOG_VISITAIM_M_CZ','TO_E_ESOP_LOG_VISITAIM_M_CZ_2017096','TO_E_ESOP_LOG_VISITAIM_M_CZ','6','DUTY','职务','STRING','','','','','Y','','C1-2','3','PID_all');
insert into column_val (xmlid, col_xmlid, dataname, col_seq, colname, colcnname, datatype, length, precision_val, party_seq, isprimarykey, isnullable, remark, filed_type_child, sensitive_level, policyid) values ('TO_E_ESOP_LOG_VISITAIM_M_CZ','TO_E_ESOP_LOG_VISITAIM_M_CZ_2017097','TO_E_ESOP_LOG_VISITAIM_M_CZ','7','USR_NBR','联系电话','STRING','','','','','Y','','C1-2','3','PID_all');
insert into column_val (xmlid, col_xmlid, dataname, col_seq, colname, colcnname, datatype, length, precision_val, party_seq, isprimarykey, isnullable, remark, filed_type_child, sensitive_level, policyid) values ('TO_E_ESOP_LOG_VISITAIM_M_CZ','TO_E_ESOP_LOG_VISITAIM_M_CZ_2017098','TO_E_ESOP_LOG_VISITAIM_M_CZ','8','month','月份','INT','','','1','','N','','','','');

insert into tablefile (xmlid, dbname, dataname, datacnname, state, cycletype, topiccode, extend_cfg, rightlevel, creater, curdutyer, eff_date, state_date, team_code, open_state, remark) values ('TO_E_ESOP_LOG_VISITAIM_M_JY','BD_B','TO_E_ESOP_LOG_VISITAIM_M_JY','ODS_ESOP服务日志对应的拜访对象月全量数据','NEW','month','LAYERI_ISERV','{"EXTERNAL":"y","LOCATION":"/tenant/BIGDATA/JCFW/JRCL/BD_B/ODS/TO_E_ESOP_LOG_VISITAIM_M/branch=JY","FILEFORMAT":"PARQUET","DELIMITER":"&&"}','其他','谢英俊','谢英俊', TIMESTAMP '0009-02-17 12:00:00', TIMESTAMP '0009-02-17 12:00:00','f2999fd5-c34e-402e-9b28-fec9fca13044','','基础层-服务主题域');
insert into column_val (xmlid, col_xmlid, dataname, col_seq, colname, colcnname, datatype, length, precision_val, party_seq, isprimarykey, isnullable, remark, filed_type_child, sensitive_level, policyid) values ('TO_E_ESOP_LOG_VISITAIM_M_JY','TO_E_ESOP_LOG_VISITAIM_M_JY_2017091','TO_E_ESOP_LOG_VISITAIM_M_JY','1','OID','流水号','STRING','','','','1','N','','C1-2','3','');
insert into column_val (xmlid, col_xmlid, dataname, col_seq, colname, colcnname, datatype, length, precision_val, party_seq, isprimarykey, isnullable, remark, filed_type_child, sensitive_level, policyid) values ('TO_E_ESOP_LOG_VISITAIM_M_JY','TO_E_ESOP_LOG_VISITAIM_M_JY_2017092','TO_E_ESOP_LOG_VISITAIM_M_JY','2','LOG_ID','日志编号','STRING','','','','1','N','主键
格式：REGION +OID
例如：757111220094104101292
由于地市字段存在空值，可根据这个字段截取前三位判断地市
','C1-2','3','');
insert into column_val (xmlid, col_xmlid, dataname, col_seq, colname, colcnname, datatype, length, precision_val, party_seq, isprimarykey, isnullable, remark, filed_type_child, sensitive_level, policyid) values ('TO_E_ESOP_LOG_VISITAIM_M_JY','TO_E_ESOP_LOG_VISITAIM_M_JY_2017093','TO_E_ESOP_LOG_VISITAIM_M_JY','3','CMCC_BRANCH_CD','地市编码','STRING','','','','','Y','该字段存在空值
地市region，
999-省公司
200-广州
660-汕尾
662-阳江
663-揭阳
668-茂名
750-江门
751-韶关
752-惠州
753-梅州
754-汕头
755-深圳
756-珠海
757-佛山
758-肇庆
759-湛江
760-中山
762-河源
763-清远
766-云浮
768-潮州
769-东莞
','C1-2','3','');
insert into column_val (xmlid, col_xmlid, dataname, col_seq, colname, colcnname, datatype, length, precision_val, party_seq, isprimarykey, isnullable, remark, filed_type_child, sensitive_level, policyid) values ('TO_E_ESOP_LOG_VISITAIM_M_JY','TO_E_ESOP_LOG_VISITAIM_M_JY_2017094','TO_E_ESOP_LOG_VISITAIM_M_JY','4','CTY_CD','地市','STRING','','','','','Y','','C1-2','3','');
insert into column_val (xmlid, col_xmlid, dataname, col_seq, colname, colcnname, datatype, length, precision_val, party_seq, isprimarykey, isnullable, remark, filed_type_child, sensitive_level, policyid) values ('TO_E_ESOP_LOG_VISITAIM_M_JY','TO_E_ESOP_LOG_VISITAIM_M_JY_2017095','TO_E_ESOP_LOG_VISITAIM_M_JY','5','VISIT_PERSON','拜访人员','STRING','','','','','Y','','C1-2','3','');
insert into column_val (xmlid, col_xmlid, dataname, col_seq, colname, colcnname, datatype, length, precision_val, party_seq, isprimarykey, isnullable, remark, filed_type_child, sensitive_level, policyid) values ('TO_E_ESOP_LOG_VISITAIM_M_JY','TO_E_ESOP_LOG_VISITAIM_M_JY_2017096','TO_E_ESOP_LOG_VISITAIM_M_JY','6','DUTY','职务','STRING','','','','','Y','','C1-2','3','PID_all');
insert into column_val (xmlid, col_xmlid, dataname, col_seq, colname, colcnname, datatype, length, precision_val, party_seq, isprimarykey, isnullable, remark, filed_type_child, sensitive_level, policyid) values ('TO_E_ESOP_LOG_VISITAIM_M_JY','TO_E_ESOP_LOG_VISITAIM_M_JY_2017097','TO_E_ESOP_LOG_VISITAIM_M_JY','7','USR_NBR','联系电话','STRING','','','','','Y','','C1-2','3','PID_all');
insert into column_val (xmlid, col_xmlid, dataname, col_seq, colname, colcnname, datatype, length, precision_val, party_seq, isprimarykey, isnullable, remark, filed_type_child, sensitive_level, policyid) values ('TO_E_ESOP_LOG_VISITAIM_M_JY','TO_E_ESOP_LOG_VISITAIM_M_JY_2017098','TO_E_ESOP_LOG_VISITAIM_M_JY','8','month','月份','INT','','','1','','N','','','','');

insert into tablefile (xmlid, dbname, dataname, datacnname, state, cycletype, topiccode, extend_cfg, rightlevel, creater, curdutyer, eff_date, state_date, team_code, open_state, remark) values ('TO_E_ESOP_LOG_VISITAIM_M_YF','BD_B','TO_E_ESOP_LOG_VISITAIM_M_YF','ODS_ESOP服务日志对应的拜访对象月全量数据','NEW','month','LAYERI_ISERV','{"EXTERNAL":"y","LOCATION":"/tenant/BIGDATA/JCFW/JRCL/BD_B/ODS/TO_E_ESOP_LOG_VISITAIM_M/branch=YF","FILEFORMAT":"PARQUET","DELIMITER":"&&"}','其他','谢英俊','谢英俊', TIMESTAMP '0009-02-17 12:00:00', TIMESTAMP '0009-02-17 12:00:00','f2999fd5-c34e-402e-9b28-fec9fca13044','','基础层-服务主题域');
insert into column_val (xmlid, col_xmlid, dataname, col_seq, colname, colcnname, datatype, length, precision_val, party_seq, isprimarykey, isnullable, remark, filed_type_child, sensitive_level, policyid) values ('TO_E_ESOP_LOG_VISITAIM_M_YF','TO_E_ESOP_LOG_VISITAIM_M_YF_2017091','TO_E_ESOP_LOG_VISITAIM_M_YF','1','OID','流水号','STRING','','','','1','N','','C1-2','3','');
insert into column_val (xmlid, col_xmlid, dataname, col_seq, colname, colcnname, datatype, length, precision_val, party_seq, isprimarykey, isnullable, remark, filed_type_child, sensitive_level, policyid) values ('TO_E_ESOP_LOG_VISITAIM_M_YF','TO_E_ESOP_LOG_VISITAIM_M_YF_2017092','TO_E_ESOP_LOG_VISITAIM_M_YF','2','LOG_ID','日志编号','STRING','','','','1','N','主键
格式：REGION +OID
例如：757111220094104101292
由于地市字段存在空值，可根据这个字段截取前三位判断地市
','C1-2','3','');
insert into column_val (xmlid, col_xmlid, dataname, col_seq, colname, colcnname, datatype, length, precision_val, party_seq, isprimarykey, isnullable, remark, filed_type_child, sensitive_level, policyid) values ('TO_E_ESOP_LOG_VISITAIM_M_YF','TO_E_ESOP_LOG_VISITAIM_M_YF_2017093','TO_E_ESOP_LOG_VISITAIM_M_YF','3','CMCC_BRANCH_CD','地市编码','STRING','','','','','Y','该字段存在空值
地市region，
999-省公司
200-广州
660-汕尾
662-阳江
663-揭阳
668-茂名
750-江门
751-韶关
752-惠州
753-梅州
754-汕头
755-深圳
756-珠海
757-佛山
758-肇庆
759-湛江
760-中山
762-河源
763-清远
766-云浮
768-潮州
769-东莞
','C1-2','3','');
insert into column_val (xmlid, col_xmlid, dataname, col_seq, colname, colcnname, datatype, length, precision_val, party_seq, isprimarykey, isnullable, remark, filed_type_child, sensitive_level, policyid) values ('TO_E_ESOP_LOG_VISITAIM_M_YF','TO_E_ESOP_LOG_VISITAIM_M_YF_2017094','TO_E_ESOP_LOG_VISITAIM_M_YF','4','CTY_CD','地市','STRING','','','','','Y','','C1-2','3','');
insert into column_val (xmlid, col_xmlid, dataname, col_seq, colname, colcnname, datatype, length, precision_val, party_seq, isprimarykey, isnullable, remark, filed_type_child, sensitive_level, policyid) values ('TO_E_ESOP_LOG_VISITAIM_M_YF','TO_E_ESOP_LOG_VISITAIM_M_YF_2017095','TO_E_ESOP_LOG_VISITAIM_M_YF','5','VISIT_PERSON','拜访人员','STRING','','','','','Y','','C1-2','3','');
insert into column_val (xmlid, col_xmlid, dataname, col_seq, colname, colcnname, datatype, length, precision_val, party_seq, isprimarykey, isnullable, remark, filed_type_child, sensitive_level, policyid) values ('TO_E_ESOP_LOG_VISITAIM_M_YF','TO_E_ESOP_LOG_VISITAIM_M_YF_2017096','TO_E_ESOP_LOG_VISITAIM_M_YF','6','DUTY','职务','STRING','','','','','Y','','C1-2','3','PID_all');
insert into column_val (xmlid, col_xmlid, dataname, col_seq, colname, colcnname, datatype, length, precision_val, party_seq, isprimarykey, isnullable, remark, filed_type_child, sensitive_level, policyid) values ('TO_E_ESOP_LOG_VISITAIM_M_YF','TO_E_ESOP_LOG_VISITAIM_M_YF_2017097','TO_E_ESOP_LOG_VISITAIM_M_YF','7','USR_NBR','联系电话','STRING','','','','','Y','','C1-2','3','PID_all');
insert into column_val (xmlid, col_xmlid, dataname, col_seq, colname, colcnname, datatype, length, precision_val, party_seq, isprimarykey, isnullable, remark, filed_type_child, sensitive_level, policyid) values ('TO_E_ESOP_LOG_VISITAIM_M_YF','TO_E_ESOP_LOG_VISITAIM_M_YF_2017098','TO_E_ESOP_LOG_VISITAIM_M_YF','8','month','月份','INT','','','1','','N','','','','');



